-0.05241183936595917 0.1929251253604889 -0.07748572528362274 0.028670046478509903 -0.07229133695363998 -0.11019661277532578 -0.07720258831977844 -0.05167628452181816 0.051002103835344315 -0.15528930723667145 0.19873611629009247 -0.13941659033298492 -0.028506025671958923 0.057103365659713745 0.11943909525871277 0.014561028219759464 -0.10222369432449341 0.1642504185438156 -0.047878675162792206 0.07397349923849106 0.08589095622301102 -0.0983084961771965 0.28577691316604614 -0.028373058885335922 0.08249354362487793 -0.03205201402306557 0.10240193456411362 0.06195801869034767 -0.01096813753247261 0.1489654928445816 0.014888908714056015 0.07437743246555328 -0.13712486624717712 -0.02056107483804226 0.055090367794036865 0.09410308301448822 -0.006660570856183767 -0.023976555094122887 -0.008676818571984768 -0.06424972414970398 0.020058648660779 -0.12804128229618073 0.20513053238391876 0.102625772356987 -0.025432473048567772 -0.12059005349874496 -0.12079284340143204 0.10247371345758438 -0.03806275501847267 0.019524605944752693 -0.012460111640393734 0.02026386931538582 0.07334837317466736 0.04424949362874031 -0.0697551965713501 0.06872757524251938 -0.005073877051472664 0.019541747868061066 0.15119077265262604 -0.0030210057739168406 -0.04008406028151512 0.0031076062005013227 0.057660140097141266 0.06232753023505211 0.13188436627388 -0.11774727702140808 -0.07770910859107971 -0.05351332202553749 -0.07118866592645645 -0.00957572367042303 0.07004497945308685 -0.039175473153591156 -0.1214747503399849 0.08378543704748154 0.2652336359024048 0.08655081689357758 -0.08336321264505386 -0.09809547662734985 0.13371804356575012 0.1418941766023636 -0.1044488176703453 0.019648101180791855 -0.057433709502220154 -0.07397864758968353 -0.07919567823410034 0.011353773064911366 0.13832250237464905 -0.05505957826972008 0.29969102144241333 0.06176625192165375 -0.0007324448670260608 -0.11746857315301895 -0.042485952377319336 0.1302008181810379 -0.031703345477581024 -0.057302337139844894 -0.14629898965358734 0.047008316963911057 0.0337890088558197 0.1456007957458496
-0.12771692872047424 -0.03859959915280342 0.11886657774448395 0.043422430753707886 0.11713261902332306 -0.1649961620569229 -0.027390560135245323 0.10609719902276993 -0.16524335741996765 -0.035717155784368515 0.11671554297208786 0.011501043103635311 -0.1548670381307602 0.050059106200933456 -0.13904613256454468 0.058726515620946884 0.1052483320236206 -0.047777414321899414 0.07170332968235016 0.060297444462776184 0.002883095992729068 0.04022933170199394 0.06901238113641739 0.02962370216846466 -0.002299559535458684 -0.15917588770389557 -0.009476752020418644 0.13254833221435547 0.11058755964040756 -0.057166095823049545 0.03052358515560627 0.12174639850854874 -0.12835422158241272 -0.09258092939853668 -0.07245125621557236 -0.22139860689640045 0.04516157880425453 -0.051156967878341675 -0.09081071615219116 0.13603970408439636 0.008326733484864235 0.07196798920631409 -0.0042264447547495365 0.07466412335634232 0.10502980649471283 -0.02787201851606369 -0.1129150241613388 -0.022246472537517548 -0.006966336630284786 -0.05477822571992874 0.09021696448326111 0.106586754322052 0.002590745687484741 -0.10211542993783951 0.06473048031330109 0.006021229084581137 -0.019128000363707542 -0.17367981374263763 0.05680299177765846 0.05754011496901512 0.12870822846889496 0.07853701710700989 0.01637679897248745 -0.11842162162065506 -0.058119434863328934 0.004780385177582502 -0.15609008073806763 0.11093547940254211 0.16277232766151428 0.09382107853889465 -0.09690042585134506 0.12429005652666092 -0.0509260855615139 0.016452517360448837 0.14650417864322662 -0.05785468965768814 0.04480191320180893 -0.09648517519235611 -0.10174831748008728 0.0043774317018687725 -0.04055098816752434 -0.02606121078133583 -0.08525609970092773 0.11212888360023499 0.21673919260501862 0.3206119239330292 0.119649738073349 -0.019696302711963654 0.08231882005929947 0.146914541721344 -0.08570748567581177 -0.004464193247258663 0.14651235938072205 -0.03641960769891739 -0.07636941969394684 0.17292053997516632 0.023567721247673035 -0.004351346753537655 -0.008181131444871426 -0.17014169692993164
0.1678398698568344 0.07911501824855804 -0.02279755100607872 -0.0029755444265902042 0.013345223851501942 0.013837357051670551 0.11455880850553513 -0.017333336174488068 0.02902459353208542 -0.08229582011699677 0.03404465690255165 -0.0972699373960495 0.22176043689250946 0.06687093526124954 -0.14828971028327942 0.0030638922471553087 0.0037790886126458645 0.13615860044956207 -0.05680927261710167 0.05003473907709122 -0.22307676076889038 -0.09722650796175003 -0.0143871009349823 0.12307551503181458 0.008292481303215027 -0.07021313160657883 0.06485193222761154 0.06905560195446014 -0.10710792988538742 -0.23898108303546906 -0.13624058663845062 0.09948988258838654 -0.10991055518388748 0.06635347008705139 0.055101364850997925 -0.18946513533592224 -0.026986362412571907 -0.06553792208433151 0.0012433790834620595 -0.13283509016036987 -0.07642260938882828 -0.22805416584014893 0.06518309563398361 0.07417409121990204 0.006408249028027058 -0.0924624353647232 -0.013481296598911285 -0.020662730559706688 -0.01822698302567005 0.050038550049066544 0.0016363238682970405 0.10707516223192215 0.08928471803665161 0.003008986357599497 0.11159038543701172 -0.14105384051799774 -0.0036338495556265116 -0.049931734800338745 -0.11894610524177551 0.017038533464074135 -0.008308659307658672 -0.06095818057656288 0.14219529926776886 0.04891861602663994 -0.009607154875993729 -0.13592147827148438 0.03869106248021126 -0.10000137984752655 -0.07593763619661331 -0.023070741444826126 -0.19902020692825317 0.10254877805709839 0.11806454509496689 -0.1008361279964447 -0.04027681425213814 0.032378096133470535 0.04839727655053139 -0.09270341694355011 0.021226728335022926 -0.13955377042293549 -0.07328728586435318 0.04618465155363083 0.02039189822971821 -0.21826717257499695 0.03142843768000603 0.05002565309405327 0.1042039543390274 0.1481248438358307 -0.04206433519721031 -0.17935311794281006 0.15156397223472595 0.03486727550625801 0.18928387761116028 0.14059166610240936 0.14651598036289215 0.027067596092820168 0.09022790938615799 -0.02552041970193386 -0.09318207204341888 -0.07252225279808044
0.11451737582683563 -0.13897627592086792 0.0834181010723114 -0.08409884572029114 0.07793772965669632 -0.06264784932136536 0.24034926295280457 -0.061200130730867386 -0.06791564077138901 -0.027710556983947754 0.06489403545856476 0.04537619650363922 -0.2497153878211975 -0.12393417954444885 0.057866934686899185 0.14544454216957092 -0.03181483969092369 0.03385159373283386 -0.04932819679379463 -0.00547633646056056 -0.13072657585144043 -0.19219978153705597 0.07610590755939484 -0.04465467482805252 -0.1594867706298828 -0.146717831492424 0.036939382553100586 0.02601955458521843 -0.06457003206014633 0.03132795915007591 -0.02820032648742199 0.016629084944725037 -0.02920359931886196 0.1012839823961258 0.1043124571442604 -0.005639438517391682 0.1522086262702942 0.05828319117426872 -0.08570092916488647 0.21019534766674042 -0.15015527606010437 0.010599940083920956 -0.03698446601629257 0.104356549680233 -0.09017116576433182 -0.01998359151184559 -0.06310756504535675 0.06663937866687775 -0.2127416431903839 -0.05225398391485214 0.02941914089024067 0.014156343415379524 0.06614793092012405 -0.07914532721042633 0.10056023299694061 -0.040567703545093536 0.24794833362102509 0.019411776214838028 -0.04498286545276642 -0.0041342987678945065 -0.09457943588495255 -0.14640294015407562 0.02666674181818962 0.13643327355384827 -0.005897057242691517 0.06005668640136719 0.10885527729988098 -0.10974691808223724 -0.07237831503152847 -0.05058159679174423 0.16141758859157562 0.0068818349391222 -0.12710069119930267 0.06851810961961746 -0.051768265664577484 0.13695043325424194 0.025670213624835014 0.08424437046051025 0.1523991823196411 -0.0459473542869091 -0.004549881909042597 0.09833376109600067 -0.1178869903087616 0.11613903939723969 -0.07444304972887039 -0.02738202176988125 -0.09241099655628204 0.09696432948112488 0.035849787294864655 -0.02398732118308544 -0.09057861566543579 0.011580689810216427 0.005144361872226 -0.20670613646507263 0.09951397776603699 0.05978142470121384 0.0033432452473789454 0.15796475112438202 0.049072083085775375 -0.13240061700344086
-0.0874311774969101 -0.033909402787685394 0.06900591403245926 -0.011051561683416367 0.1016838476061821 0.04928221553564072 -0.1626739799976349 -0.07210143655538559 -0.15443287789821625 0.01267522107809782 0.06020570546388626 -0.03925873339176178 0.029533792287111282 0.11188975721597672 0.09643597900867462 -0.10873573273420334 0.18893040716648102 0.0812009796500206 0.07622498273849487 -0.05197993293404579 -0.06465958058834076 -0.10608673840761185 0.06768074631690979 0.04447822645306587 -0.14861774444580078 -0.08601445704698563 0.06300525367259979 -0.04629901424050331 0.1822163611650467 -0.05166661739349365 -0.020028773695230484 0.05355357378721237 -0.06965886801481247 0.1648128777742386 0.1598578244447708 0.005086927209049463 -0.02618151716887951 -0.15042702853679657 0.044953592121601105 -0.03783973306417465 -0.07266470789909363 -0.13170240819454193 -0.1120796799659729 -0.17788028717041016 -0.028610141947865486 0.12995204329490662 -0.06050434708595276 -0.015280063264071941 0.0006704481202177703 0.07265118509531021 -0.06525669991970062 0.03663362190127373 0.09680505096912384 0.05082918703556061 -0.012932740151882172 0.01220172829926014 0.06776342540979385 0.24766986072063446 0.09213954210281372 0.18164195120334625 0.01205303892493248 -0.05100249499082565 0.12573155760765076 -0.08295901119709015 -0.03844260051846504 -0.03129031881690025 0.07327042520046234 0.1219085305929184 0.0642271488904953 0.053555041551589966 0.1435907483100891 -0.13137003779411316 0.005869828164577484 0.07609658688306808 0.09954358637332916 -0.12169698625802994 0.07175040990114212 -0.134634867310524 -0.03548913076519966 -0.15517839789390564 0.04370664432644844 -0.13423120975494385 0.07625413686037064 -0.11851859092712402 0.0921490266919136 -0.047009166330099106 -0.13911837339401245 0.1330590397119522 0.05423615127801895 -0.0273598600178957 0.047728780657052994 -0.1385136991739273 -0.16092942655086517 -0.19594964385032654 -0.014649910852313042 -0.07474567741155624 -0.07530252635478973 -0.2283392697572708 0.047424353659152985 -0.11089465767145157
0.08937394618988037 -0.2184668481349945 0.03579685464501381 0.12070959806442261 0.1325547993183136 0.10221404582262039 0.01293187215924263 0.15654440224170685 -0.11123813688755035 -0.10452767461538315 -0.041964806616306305 0.04861371964216232 -0.1376829594373703 0.07881699502468109 0.09255694597959518 -0.08985079824924469 -0.13468608260154724 0.14669637382030487 -0.008115408942103386 0.15588593482971191 0.02179579995572567 -0.04549244046211243 0.07566245645284653 -0.1029757559299469 -0.00907402765005827 -0.03033415414392948 0.0999845415353775 0.11869087815284729 -0.019400933757424355 0.0017003272660076618 0.07044842839241028 -0.17680108547210693 0.028011823073029518 0.14694108068943024 -0.053199172019958496 0.004403053782880306 -0.0064999074675142765 0.013957393355667591 0.04461845010519028 -0.18036161363124847 0.0907529965043068 -0.120035320520401 -0.2080945372581482 -0.12086696922779083 0.08644968271255493 0.1151251420378685 -0.1052776649594307 0.09229429066181183 0.013087969273328781 -0.15391016006469727 -0.021820714697241783 0.2270520180463791 0.06320571154356003 -0.03541296347975731 0.010097491554915905 0.030734524130821228 -0.03495683893561363 -0.11613472551107407 -0.06276935338973999 0.0791269838809967 0.002080824226140976 0.04967470467090607 -0.10026173293590546 -0.08073021471500397 -0.00405016727745533 -0.1362573355436325 -0.003319560782983899 -0.001572135486640036 0.03432659059762955 -0.16101676225662231 0.09196516126394272 -0.062361251562833786 -0.13750699162483215 -0.22553928196430206 0.05369379743933678 0.11947011202573776 -0.006648470647633076 0.07993234694004059 -0.13460375368595123 0.2634170949459076 0.13865990936756134 0.05078667774796486 -0.038396384567022324 -0.03229469433426857 -0.05768219381570816 -0.0972558781504631 0.08814385533332825 0.0025354716926813126 -0.13061372935771942 -0.053316060453653336 0.14148719608783722 -0.02614341303706169 0.056988317519426346 0.08371888101100922 -0.09460948407649994 -0.0036824154667556286 -0.00829126127064228 -0.0006271934835240245 -0.034851837903261185 -0.10000071674585342
-0.02831941284239292 -0.08641942590475082 0.08307597041130066 0.12001138180494308 0.050218842923641205 -0.008355315774679184 -0.025703981518745422 -0.14077988266944885 0.1983613520860672 0.10062053799629211 -0.015301704406738281 0.057298652827739716 -0.025708479806780815 0.09353192895650864 -0.0655168741941452 -0.15083615481853485 0.09519001841545105 0.2168847918510437 -0.1279967874288559 -0.10285711288452148 0.05694083869457245 -0.03483409434556961 0.026213521137833595 0.029963664710521698 -0.061860572546720505 0.012665961869060993 0.01847711205482483 0.062324248254299164 0.0661017969250679 -0.08518960326910019 0.05980708822607994 -0.05678144469857216 -0.04780910909175873 -0.20841102302074432 -0.11663079261779785 0.027032330632209778 -0.03409731760621071 -0.06744726002216339 0.15698766708374023 0.127016082406044 0.05358124151825905 0.06674782931804657 0.12532302737236023 0.09548705816268921 0.10838554799556732 -0.1772194653749466 -0.020714910700917244 0.0932576134800911 -0.25763610005378723 -0.07443568110466003 0.004104699473828077 0.1844879388809204 0.0003454997204244137 -0.05976937711238861 0.03719249740242958 -0.14932097494602203 -0.20272913575172424 -0.07488430291414261 -0.010203585028648376 -0.12799400091171265 -0.013477303087711334 0.031683966517448425 -0.010213833302259445 0.0038709347136318684 0.0390843003988266 -0.06923491507768631 0.045769065618515015 0.0003322834672871977 -0.05928679555654526 -0.001977491658180952 -0.03152377903461456 -0.21346594393253326 0.13050024211406708 0.07186292856931686 -0.14429350197315216 -0.06650880724191666 -0.062205228954553604 0.10455209761857986 0.07851592451334 0.09257276356220245 -0.14829425513744354 0.003259709570556879 -0.03544120863080025 -0.09671884775161743 0.04507195204496384 -0.16003945469856262 -0.026446251198649406 0.03070269152522087 -0.042541567236185074 0.0015979232266545296 0.03360840678215027 0.028646590188145638 -0.06264988332986832 -0.1867671012878418 -0.12452597171068192 0.17379054427146912 -0.11793503165245056 -0.15333153307437897 0.14510022103786469 -0.09670361876487732
0.01688573881983757 -0.14168696105480194 -0.18313001096248627 0.08128084242343903 -0.024854427203536034 -0.2452223151922226 0.034255970269441605 0.1933327168226242 0.11053556948900223 -0.013464379124343395 0.08638597279787064 -0.026766372844576836 0.000981089542619884 -0.09243608266115189 -0.09325006604194641 -0.1285528540611267 0.1969200074672699 0.04164503142237663 -0.03734507039189339 -0.039382606744766235 0.07982771098613739 -0.014394115656614304 0.03650975972414017 -0.026448141783475876 0.0018735862104222178 0.11083168536424637 0.1867622435092926 -0.18651878833770752 -0.1428404301404953 -0.07122543454170227 -0.04678887501358986 -0.08464451134204865 0.09844808280467987 -0.004553413484245539 0.1604854315519333 -0.015236624516546726 0.08530216664075851 -0.15219712257385254 8.218916627811268e-05 -0.0986521914601326 0.03152889013290405 0.2614072561264038 0.01701183430850506 -0.11508460342884064 0.10489895194768906 0.018581055104732513 0.1671486794948578 0.08312857896089554 0.06451420485973358 -0.11424553394317627 0.04504957050085068 0.05408493056893349 0.18239811062812805 0.03279340639710426 -0.022751394659280777 0.0418749637901783 0.13168030977249146 0.05538162216544151 -0.0895637646317482 -0.03182316571474075 0.0057205562479794025 0.08288224041461945 0.18083511292934418 0.0039248340763151646 -0.08029294013977051 0.14663593471050262 0.1211773157119751 0.0006659665959887207 -0.022523492574691772 -0.04638170078396797 -0.07099789381027222 0.07594583928585052 -0.013877577148377895 0.08552447706460953 0.09432365000247955 0.008603718131780624 0.13275246322155 -0.0953274667263031 0.09447447210550308 0.07189870625734329 0.0425596684217453 -0.06764975935220718 -0.20604360103607178 0.051659002900123596 -0.04279607906937599 -0.013591752387583256 0.02280242368578911 -0.014186589047312737 0.11047334969043732 -0.15719684958457947 0.04528174549341202 0.038213565945625305 0.01584153063595295 -0.031000547111034393 -0.1560784876346588 0.1456727385520935 0.03578244149684906 -0.07982152700424194 -0.113616943359375 0.09382571280002594
0.029101276770234108 -0.09188557416200638 -0.025960473343729973 -0.10908401757478714 0.04338981583714485 0.12066259980201721 -0.02714906446635723 -0.17099836468696594 0.0439184233546257 -0.15098732709884644 -0.041635870933532715 0.15500542521476746 -0.09417378902435303 -0.00058285694103688 -0.15204477310180664 -0.05056338012218475 -0.057595085352659225 -0.020608972758054733 -0.15801174938678741 -0.023698188364505768 -0.13353410363197327 -0.03891589120030403 0.05085599422454834 0.08013112097978592 0.09133274853229523 0.044042810797691345 0.04144171252846718 0.12643837928771973 0.07575724273920059 0.020486583933234215 -0.058260727673769 -0.05313073471188545 0.04010574147105217 0.08967477083206177 0.02002708800137043 0.012377806007862091 -0.05967390537261963 0.14341884851455688 0.014463324099779129 0.05081659555435181 -0.051001887768507004 0.07939762622117996 0.015265433117747307 -0.10119003057479858 0.1075465977191925 0.1508665680885315 0.10441268235445023 0.10232694447040558 -0.04548904672265053 0.020658524706959724 -0.025348998606204987 0.07027165591716766 0.10952813178300858 0.14432509243488312 -0.18311302363872528 0.0582868866622448 0.02811853028833866 -0.007775326259434223 0.08436883985996246 0.10367819666862488 -0.0974740982055664 -0.15169119834899902 0.03864717110991478 -0.04553351551294327 0.05425664037466049 0.2711218297481537 -0.16755157709121704 -0.09208574146032333 0.047920435667037964 -0.010107727721333504 -0.22275574505329132 -0.024885132908821106 -0.09703808277845383 -0.02939402312040329 -0.07784650474786758 0.14005650579929352 -0.14643611013889313 -0.10282185673713684 0.1228717565536499 -0.12144649028778076 -0.012469002045691013 -0.18624132871627808 0.06181325390934944 -0.07738125324249268 0.15554720163345337 0.10973076522350311 0.03706974908709526 -0.18374644219875336 -0.06228814646601677 -0.02245815098285675 0.03702757507562637 0.0537257045507431 -0.12166883051395416 0.12551487982273102 -0.03254210203886032 0.1409607082605362 -0.24148300290107727 0.05928041413426399 0.005067314021289349 -0.049048930406570435
-0.00922858715057373 -0.015257062390446663 -0.019217653200030327 -0.04302424192428589 0.00011148236808367074 0.1535554677248001 0.02264389395713806 0.06657823920249939 -0.11154729127883911 -0.09003877639770508 -0.026394018903374672 -0.18708385527133942 0.005424758419394493 0.045741353183984756 -0.09459186345338821 0.013043793849647045 0.09129942208528519 0.030908502638339996 0.13662737607955933 0.07780234515666962 0.09381280839443207 0.06749996542930603 -0.01003378164023161 0.06068562716245651 -0.05648775026202202 -0.029338132590055466 0.07998444885015488 -0.061669930815696716 -0.135270357131958 -0.10042156279087067 -0.21288226544857025 -0.037075601518154144 -0.04298146814107895 -0.15322206914424896 -0.07963058352470398 0.23906508088111877 0.12983588874340057 -0.09172425419092178 -0.05268131569027901 0.06274975836277008 0.09297078847885132 -0.03634992986917496 -0.1866731494665146 0.03520847111940384 -0.008180258795619011 0.18719449639320374 -0.06534206122159958 -0.09622399508953094 -0.05934125930070877 -0.04234633967280388 0.060131240636110306 0.1681579053401947 -0.08215790241956711 0.018298987299203873 0.013008801266551018 -0.14903464913368225 -0.06547537446022034 0.10455858707427979 0.05485302582383156 -0.0016453561838716269 0.13335886597633362 -0.030479498207569122 -0.16877080500125885 0.24363362789154053 0.045861680060625076 0.05122831091284752 -0.12527219951152802 -0.04272435978055 -0.2594726085662842 -0.027225859463214874 -0.06243736669421196 0.20379048585891724 -0.2005540430545807 0.1849355399608612 0.04904337599873543 -0.15446637570858002 -0.045088835060596466 -0.05444655194878578 0.018228597939014435 -0.06767527759075165 -0.018052341416478157 -0.0019380334997549653 -0.08930900692939758 -0.17608565092086792 0.004926345776766539 -0.08641821891069412 0.004467528313398361 -0.1373477429151535 -0.13104183971881866 0.06685390323400497 -0.05206919461488724 -0.002714770846068859 -0.07981204986572266 -0.030593955889344215 -0.01120946928858757 0.042020536959171295 -0.06140711158514023 0.038735512644052505 -0.054885249584913254 0.0123557448387146
-0.17299462854862213 -0.07935554534196854 0.012010418809950352 -0.19045892357826233 -0.12376154959201813 -0.015960026532411575 0.025894587859511375 0.16450951993465424 -0.11721634864807129 -0.12910951673984528 0.02445242367684841 -0.07902726531028748 -0.03052225150167942 -0.08024080842733383 -0.14758607745170593 -0.06917473673820496 -0.2910315990447998 -0.0028882238548249006 -0.059426505118608475 -0.16621935367584229 -0.002099068369716406 -0.06913711130619049 -0.008554130792617798 0.21533066034317017 -0.014086989685893059 -0.014215372502803802 -0.15573635697364807 -0.12718994915485382 -0.11562792211771011 0.07054769992828369 -0.13712911307811737 0.12110874801874161 -0.04210583120584488 0.1400701403617859 -0.02147701382637024 -0.13281182944774628 0.1746606081724167 -0.011981908231973648 0.062438126653432846 0.03760736808180809 -0.043193671852350235 -0.12198042124509811 -0.04040605202317238 0.10426732897758484 0.03525296971201897 0.0555562824010849 0.19884373247623444 0.03471691533923149 0.06548042595386505 0.057255085557699203 -0.019328288733959198 0.15101127326488495 0.08326271921396255 0.03294429928064346 0.04088672250509262 -0.028635716065764427 -0.26858842372894287 -0.0509585440158844 -0.03781683370471001 -0.021251501515507698 0.13102513551712036 0.015992924571037292 -0.07603361457586288 0.03438649699091911 0.00963720865547657 0.11602207273244858 0.03558183088898659 0.0009573231800459325 0.05421298369765282 0.04675675183534622 0.17336370050907135 -0.09371863305568695 0.0382709875702858 0.06519244611263275 -0.0369437001645565 -0.020231811329722404 -0.11773986369371414 0.12400355190038681 0.13836660981178284 0.038518186658620834 0.07547831535339355 0.009552602656185627 0.04992333799600601 0.11882859468460083 -0.07796010375022888 0.020598504692316055 -0.0022884015925228596 0.09317310154438019 0.1038123220205307 0.06568929553031921 0.07727500051259995 -0.019994772970676422 -0.04825209453701973 0.09121160954236984 -0.12497247010469437 -0.009978282265365124 0.014083333313465118 -0.24109943211078644 -0.01571701280772686 -0.03078727051615715
0.12155672907829285 -0.042693670839071274 0.15377822518348694 0.13503313064575195 0.020529495552182198 -0.023556899279356003 -0.004812769591808319 -0.05311412364244461 -0.2258879691362381 0.13049428164958954 -0.015251780860126019 -0.07356898486614227 0.10802700370550156 -0.1283406913280487 0.08204813301563263 0.04512890800833702 -0.1481175422668457 0.026352176442742348 0.09212563186883926 -0.07515191286802292 0.05589641258120537 0.024489715695381165 0.03497171029448509 -0.045520223677158356 0.00279119866900146 0.01989644765853882 -0.0005863943952135742 -0.031204359605908394 -0.08838603645563126 0.07011859118938446 0.008889780379831791 -0.029281962662935257 -0.1299974024295807 0.041221726685762405 0.14103364944458008 -0.02589992620050907 -0.03588106855750084 0.19893166422843933 -0.08868198096752167 -0.01351634506136179 0.06191065534949303 0.07178851962089539 0.11441437900066376 -0.1461321860551834 0.23049630224704742 0.07705280929803848 0.03589164838194847 0.10843585431575775 -0.06989510357379913 0.10038915276527405 0.10912162065505981 0.03906525298953056 -0.03374636918306351 -0.09088262170553207 0.0925806537270546 -0.10497155040502548 -0.07271162420511246 -0.16236694157123566 -0.01695471815764904 -0.095567986369133 0.0478719025850296 0.054719872772693634 0.05884135514497757 -0.09251496940851212 -0.1487000286579132 0.057742562144994736 -0.24932649731636047 -0.08512954413890839 -0.033559780567884445 -0.12610888481140137 -0.08703654259443283 -0.2423238456249237 -0.16298304498195648 0.1623261719942093 0.04473941773176193 -0.022882506251335144 0.07905342429876328 -0.10240762680768967 -0.03363893926143646 -0.06896860152482986 -0.030964408069849014 -0.10693304985761642 0.0005601238226518035 -0.11049223691225052 -0.0473310761153698 -0.0863010585308075 -0.23982183635234833 0.08414465188980103 0.08728744089603424 0.058424439281225204 -0.018577367067337036 0.16392932832241058 0.05469154566526413 0.05228026583790779 0.16016948223114014 -0.02529325895011425 0.06386600434780121 -0.06828252971172333 -0.024163248017430305 0.11898894608020782
-0.14599232375621796 0.14675337076187134 -0.04056251049041748 0.15014754235744476 0.037438176572322845 -0.002426519989967346 0.11065076291561127 0.03743978217244148 0.17841660976409912 0.10758413374423981 0.07972351461648941 0.22740456461906433 -0.0662894994020462 0.17187687754631042 -0.07428533583879471 0.08101406693458557 -0.06814507395029068 -0.06579019129276276 -0.012084134854376316 -0.07948450744152069 0.03429529815912247 0.0019974419847130775 0.0033813007175922394 0.01806442067027092 -0.08569404482841492 -0.04215499386191368 0.18480196595191956 -0.004725928418338299 0.12229130417108536 0.14659245312213898 -0.1314230114221573 -0.2093980312347412 0.02553083375096321 0.19686029851436615 -0.024371463805437088 -0.0976487249135971 -0.05884566903114319 -0.05978994444012642 -0.09797270596027374 -0.020575640723109245 -0.09436962008476257 0.009503023698925972 -0.0507642887532711 0.2013634592294693 -0.02133866585791111 0.06535635888576508 0.10281824320554733 0.08616127073764801 0.021714085713028908 -0.13254839181900024 -0.04641112685203552 -0.10615520924329758 -0.03459418565034866 -0.0016630958998575807 0.029431050643324852 -0.02368408441543579 -0.1097753494977951 -0.174811452627182 -0.07728412747383118 -0.07712961733341217 0.026505937799811363 -0.07025199383497238 -0.09812764078378677 -0.030734961852431297 0.1381538361310959 0.02417178265750408 0.007715144660323858 -0.0446368083357811 -0.06879100203514099 -0.07690434157848358 0.11597452312707901 0.00582862226292491 -0.061760108917951584 0.07197152823209763 -0.055461954325437546 -0.12065178900957108 -0.015609407797455788 -0.2969589829444885 0.022225091233849525 -0.04379691556096077 0.190114825963974 -0.1302122175693512 0.004860984161496162 -0.15473943948745728 0.06915400922298431 -0.10026698559522629 0.08202670514583588 -0.014878647401928902 0.013274828903377056 -0.011090550571680069 -0.15662045776844025 -0.0921013131737709 0.18566733598709106 -0.07373659312725067 0.08861524611711502 -0.09823562204837799 0.05365452542901039 -0.09268376976251602 -0.031815532594919205 0.03086899220943451
-0.0692882239818573 -0.01700448989868164 0.04296780750155449 0.21775458753108978 -0.02765241451561451 -0.029483681544661522 -0.04347146674990654 -0.08486273884773254 0.034600887447595596 0.04081915318965912 -0.15124282240867615 -0.026716936379671097 0.03577980026602745 0.10725582391023636 0.06416227668523788 0.01738162338733673 -0.09057238698005676 0.020693128928542137 0.03882381319999695 0.04507956653833389 -0.04266540706157684 0.1646876335144043 0.10227061808109283 0.017182275652885437 -0.24339982867240906 0.008252139203250408 -0.2145794928073883 -0.02635377272963524 0.07167719304561615 -0.00941839162260294 0.004694498144090176 0.0640086829662323 0.08775880187749863 0.003838546806946397 0.31194382905960083 -0.09189541637897491 -0.07989466935396194 0.0683356299996376 -0.08120747655630112 0.09298180788755417 0.11420818418264389 0.06550954282283783 -0.1683424562215805 0.019748566672205925 0.02099371887743473 0.007461729925125837 -0.07321550697088242 0.021578649058938026 -0.024478618055582047 0.08097898960113525 0.02361372858285904 -0.061787016689777374 0.2600027918815613 0.027655810117721558 0.04290323331952095 -0.17037248611450195 -0.004039012361317873 0.07263284921646118 -0.15999890863895416 -0.023007063195109367 -0.0885525494813919 0.16464863717556 -0.06193434074521065 0.0501115508377552 0.04373270645737648 -0.13446694612503052 0.026282865554094315 0.030030841007828712 -0.04493049159646034 0.0374281071126461 -0.008909627795219421 0.08540567755699158 0.0031752057839185 0.08043797314167023 -0.030606813728809357 -0.09942066669464111 -0.14303509891033173 -0.07224773615598679 0.21287909150123596 0.0772804394364357 0.18806365132331848 -0.05605236068367958 0.1273031085729599 -0.035297539085149765 -0.14654934406280518 0.18952679634094238 0.06043296307325363 -0.11053479462862015 0.020470047369599342 -0.036086518317461014 0.112955741584301 0.03554781153798103 -0.05466669052839279 0.07826636731624603 -0.07956469804048538 0.12841691076755524 0.06698212027549744 0.1702101230621338 0.10036291927099228 -0.035770293325185776
0.002838496584445238 0.05274273827672005 0.031333353370428085 -0.0384385921061039 0.02026279829442501 0.034237682819366455 -0.10963480919599533 0.10095326602458954 -0.0225178524851799 -0.12098842859268188 0.01827131025493145 0.0496596097946167 -0.07620379328727722 -0.12362758815288544 0.14124570786952972 0.05937037616968155 0.11881688982248306 0.011414740234613419 0.17196892201900482 0.1239711344242096 -0.1004091426730156 -0.0025537009350955486 -0.04064330831170082 0.28187471628189087 0.009454161860048771 0.059656772762537 -0.029313674196600914 0.14201779663562775 0.04151561111211777 0.14174050092697144 0.0032644604798406363 -0.014845050871372223 -0.12239070236682892 -0.02637072093784809 -0.0533733144402504 0.09500851482152939 0.04275182634592056 -0.12297610193490982 0.2756560146808624 0.071054607629776 -0.04271634668111801 0.18155695497989655 -0.08982989192008972 0.1220950186252594 0.05655480548739433 -0.05001065880060196 -0.1824064403772354 0.04520278051495552 0.10613687336444855 0.07798100262880325 0.013419212773442268 -0.13576483726501465 0.08870559185743332 -0.0635109543800354 -0.07643412798643112 0.015456988476216793 -0.00021853501675650477 -0.12078604102134705 -0.006787932477891445 0.026854630559682846 -0.0930207297205925 0.01670713722705841 0.052191585302352905 -0.030736250802874565 0.060775719583034515 -0.03567999228835106 0.10128450393676758 -0.014480135403573513 -0.08645917475223541 -0.291395902633667 -0.026616932824254036 -0.06434960663318634 0.019967328757047653 -0.04556683823466301 -0.11641423404216766 -0.12139999866485596 -0.05966344475746155 -0.005559009034186602 0.00855297315865755 -0.19354376196861267 -0.03978077322244644 -0.05572883412241936 -0.015304293483495712 0.031994663178920746 -0.1505209356546402 -0.08991330862045288 -0.16287417709827423 -0.15745776891708374 0.1380978375673294 -0.009843156673014164 0.06299666315317154 -0.005068663507699966 0.10504618287086487 0.1321757286787033 -0.060333676636219025 0.08785630762577057 0.09204119443893433 -0.06486073136329651 -0.20644477009773254 -0.11930958926677704
0.10067777335643768 0.03939720615744591 -0.0629410445690155 -0.12037381529808044 0.046068232506513596 -0.21382887661457062 0.10898539423942566 -0.05791490152478218 -0.03799903392791748 0.012880991213023663 -0.03795948997139931 -0.032380711287260056 0.10471561551094055 0.19528581202030182 -0.1852995753288269 0.19531358778476715 -0.007098423317074776 0.030062640085816383 -0.08935186266899109 0.09807133674621582 0.011934418231248856 -0.00010566695709712803 0.0027885870076715946 0.027801208198070526 -0.004253847524523735 -0.14676019549369812 -0.038100648671388626 0.12928201258182526 -0.09062738716602325 0.13984516263008118 0.021877840161323547 0.051127538084983826 -0.008178052492439747 -0.05886229872703552 -0.06985540688037872 0.13965611159801483 0.08842716366052628 0.013043773360550404 -0.057650819420814514 -0.12884606420993805 -0.04604510962963104 -0.013533065095543861 0.05359868332743645 -0.1877448409795761 -0.054111819714307785 -0.015644609928131104 0.08445727080106735 0.07928340137004852 -0.19689804315567017 -0.03543595224618912 -0.005108887795358896 0.0519351027905941 0.1989518105983734 0.0061669121496379375 0.05327923968434334 0.11560329794883728 -0.07226583361625671 0.04946357011795044 -0.09196609258651733 -0.011398945935070515 -0.0596952959895134 0.08654958009719849 0.09730017185211182 -0.22948750853538513 0.22737421095371246 -0.01675032079219818 -0.05581090226769447 0.13809111714363098 -0.11591609567403793 0.1270652860403061 0.07966790348291397 0.0962383970618248 -0.04384806379675865 -0.012382139451801777 -0.11301872134208679 -0.07215651124715805 -0.07350192964076996 -0.0004501760413404554 -0.1882893592119217 -0.1090821698307991 0.03122376650571823 -0.14936615526676178 0.010233000852167606 0.07782941311597824 -0.0575108677148819 -0.12577034533023834 -0.21346981823444366 0.00032369783730246127 -0.07345715165138245 0.1034526452422142 -0.015835082158446312 -0.08115992695093155 0.0009726874413900077 0.04385482147336006 -0.20218108594417572 0.029594436287879944 0.16584114730358124 0.07598885893821716 0.02689451165497303 0.05704765394330025
-0.13594885170459747 -0.014148080721497536 0.1762106865644455 0.11995566636323929 0.20676206052303314 -0.08089020848274231 -0.11127455532550812 -0.08784481137990952 -0.04641564562916756 -0.10657998919487 -0.10654109716415405 0.04459313303232193 0.08107063174247742 -0.08679477125406265 -0.00045641520409844816 0.05908770114183426 -0.2009200155735016 0.020031949505209923 -0.0371745303273201 0.06722277402877808 -0.043959908187389374 0.08242225646972656 0.022839507088065147 -0.029076123610138893 0.21996890008449554 -0.005109327845275402 0.19952446222305298 -0.0068310401402413845 0.02440846711397171 -0.10846535861492157 0.06225065141916275 -0.17813678085803986 0.04220070317387581 -0.051237840205430984 0.015957018360495567 -0.04061397537589073 0.06777136027812958 0.046193379908800125 0.09725777804851532 -0.1486835479736328 0.01934904232621193 -0.12479426711797714 -0.0017459980444982648 -0.1158595159649849 -0.120956189930439 -0.09556058794260025 0.12723276019096375 -0.11419650167226791 -0.10678169876337051 0.1418588012456894 -0.009152545593678951 -0.23355378210544586 0.2135341465473175 0.008305594325065613 -0.13272109627723694 -0.12618154287338257 -0.017085755243897438 -0.14066147804260254 -0.0026457880157977343 -0.040761854499578476 -0.03857753425836563 -0.10033400356769562 -0.08342191576957703 0.21383333206176758 -0.049116965383291245 0.09715460985898972 -0.10700689256191254 0.16071277856826782 -0.03617669641971588 -0.032666053622961044 0.1544465273618698 0.17472268640995026 0.10230739414691925 0.06406720727682114 -0.0036338912323117256 -0.024774085730314255 0.07990985363721848 -0.022198034450411797 -0.013712450861930847 -0.005114017520099878 -0.08163685351610184 0.009698384441435337 -0.12759219110012054 0.08407794684171677 -0.020227700471878052 -0.03573615476489067 0.03930147737264633 0.009719735011458397 0.03150764852762222 0.09386926889419556 0.039585214108228683 -0.0801786333322525 -0.10612008720636368 -0.07972119748592377 0.07439848780632019 0.1428990513086319 0.06533359736204147 -0.09403626620769501 -0.08305686712265015 -0.0878995880484581
0.08506199717521667 -0.1250416487455368 -0.07346485555171967 0.10062997043132782 -0.00599321024492383 -0.06252628564834595 -0.06826245784759521 -0.11055518686771393 0.0871073454618454 0.0870695412158966 -0.1654074639081955 -0.21608828008174896 -0.007671975065022707 -0.03011244907975197 -0.1426481306552887 0.05840465798974037 0.09900718182325363 0.08201854676008224 -0.0918971598148346 -0.024704378098249435 0.03377838432788849 -0.12150003015995026 -0.11222416162490845 0.016557378694415092 0.0026557459495961666 0.06341202557086945 -0.12259399890899658 0.1944238543510437 0.08293715864419937 0.05081337317824364 0.11838540434837341 -0.22468315064907074 -0.0728837177157402 0.034687262028455734 0.1434539258480072 -0.09390129148960114 0.1650436520576477 -0.07090182602405548 0.0040210154838860035 -0.12264624983072281 -0.05402665212750435 0.011644592508673668 -0.05591956526041031 0.07125503569841385 0.03792012110352516 0.01568922959268093 0.2186528742313385 -0.08004652708768845 0.11398398131132126 0.009785190224647522 0.1194167509675026 -0.14585882425308228 -0.04143061488866806 -0.1641000658273697 -0.007416723761707544 0.026196302846074104 0.13046829402446747 -0.016459770500659943 0.12611493468284607 0.21939648687839508 0.10228807479143143 0.02974948287010193 -0.07364251464605331 0.05609964579343796 0.06409517675638199 0.028748955577611923 -0.0823737159371376 -0.2677808701992035 -0.0059261866845190525 0.09099260717630386 0.1242978572845459 -0.07023896276950836 -0.029092170298099518 0.05034368112683296 0.12952488660812378 -0.21207574009895325 -0.10786110162734985 0.13392795622348785 -0.036280903965234756 -0.021267911419272423 -0.0973048135638237 0.00018256300245411694 -0.04965296760201454 -0.04454503580927849 -0.04204193875193596 0.006015323102474213 0.016797196120023727 0.020863467827439308 -0.03004308231174946 -0.028481846675276756 -0.0025687888264656067 -0.10746169835329056 0.13702990114688873 0.1393258273601532 -0.017702387645840645 -0.00950737576931715 -0.05554880574345589 0.027625655755400658 0.1474057137966156 -0.09759777039289474
-0.1476745903491974 -0.04319284111261368 -0.006143244914710522 0.05815223231911659 0.03605871647596359 0.12188854068517685 0.13593690097332 0.012823300436139107 -0.06852003186941147 0.06822028756141663 -0.2087087482213974 0.14300736784934998 -0.00534286443144083 0.10858834534883499 -0.10291511565446854 -0.0875726118683815 0.08923553675413132 0.03596631810069084 -0.044048845767974854 -0.022497840225696564 0.04468751698732376 -0.15507814288139343 0.005736115388572216 0.11350636929273605 -0.049099989235401154 0.2827606201171875 -0.05050433799624443 0.02016737125813961 0.08251450955867767 0.23838278651237488 -0.029237302020192146 0.16000300645828247 -0.01146053895354271 -0.0602969154715538 0.10191643983125687 -0.0477033331990242 0.08783088624477386 -0.0786428451538086 -0.10663067549467087 -0.02301822416484356 -0.08722979575395584 -0.009354022331535816 0.09180685132741928 -0.015373291447758675 -0.12325122207403183 0.02930046245455742 -0.1318814605474472 -0.028262536972761154 -0.13268613815307617 0.0686650276184082 0.07707569003105164 -0.07839562743902206 0.17206119000911713 -0.05784408003091812 0.09791821986436844 0.125544011592865 -0.07177029550075531 0.01004819106310606 0.019555209204554558 0.02858828939497471 0.05640970543026924 0.03796638920903206 0.02527587302029133 0.03138181194663048 0.03465014323592186 0.019816000014543533 -0.08056977391242981 0.03987663611769676 -0.0611911341547966 -0.13940799236297607 -0.050344113260507584 -0.14660057425498962 0.01689106971025467 0.1348302960395813 0.14198780059814453 0.07751576602458954 -0.02299436181783676 -0.023010849952697754 -0.1782737523317337 -0.008850314654409885 -0.027103647589683533 0.2290303260087967 -0.050511766225099564 0.12885111570358276 0.08996368199586868 -0.057099636644124985 0.2104550451040268 -0.019233079627156258 -0.16199447214603424 -0.11995924264192581 0.027249474078416824 0.06480482220649719 -0.16234517097473145 0.02794010192155838 0.11661612242460251 0.016713235527276993 0.08718642592430115 0.010887597687542439 -0.20921987295150757 0.09735602140426636
0.04665007069706917 -0.04218980669975281 -0.04041292145848274 -0.02039656601846218 -0.05589313805103302 -0.13606508076190948 0.03200611099600792 -0.06419233977794647 -0.04809070751070976 -0.015116390772163868 0.07324979454278946 0.04146219417452812 -0.13700194656848907 -0.01183153036981821 0.036714792251586914 0.08934023231267929 -0.09332484751939774 0.02187519520521164 0.06902556121349335 -0.06599864363670349 0.13194666802883148 -0.06619445979595184 -0.009027057327330112 0.06564990431070328 0.10745640099048615 -0.09251826256513596 0.0021669084671884775 0.06780596077442169 -0.08097144961357117 -0.02213742956519127 0.13793891668319702 0.02258845418691635 0.07492983341217041 0.011136285960674286 0.03755151107907295 -0.26633283495903015 0.11510669440031052 -0.01248868741095066 -0.10483796149492264 0.11921372264623642 0.16969138383865356 0.09218080341815948 -0.17855045199394226 -0.15922881662845612 -0.008339249528944492 -0.06581459194421768 0.0867953971028328 -0.19096405804157257 0.11099990457296371 -0.030700601637363434 0.08977477252483368 0.027536168694496155 -0.011332418769598007 0.01482002716511488 0.021970171481370926 0.22557754814624786 -0.17665596306324005 0.05567282810807228 0.08078453689813614 0.0036824627313762903 -0.15821009874343872 -0.0823683813214302 -0.11698165535926819 -0.032734278589487076 0.14456287026405334 -0.2156795710325241 0.05116933956742287 0.03489576652646065 0.06611847877502441 -0.1530105620622635 -0.141398623585701 0.028219960629940033 0.012649963609874249 0.12324319034814835 -0.20741626620292664 -0.056217752397060394 -0.012551671825349331 0.014001976698637009 -0.02076871693134308 -0.02896854467689991 -0.0694994255900383 0.10222507268190384 -0.07339451462030411 -0.2520606815814972 0.078956238925457 -0.0007958986680023372 -0.04240674152970314 0.02546592243015766 0.0743803158402443 -0.12366068363189697 0.08586997538805008 -0.17356601357460022 -0.16075477004051208 -0.06185955926775932 0.1399228423833847 0.047294460237026215 -0.046987853944301605 0.014434841461479664 -0.05074962601065636 0.14854730665683746
-0.07205474376678467 -0.07674253731966019 -0.08836527913808823 -0.0017126250313594937 -0.011866556480526924 0.0922754555940628 -0.055450454354286194 -0.10257493704557419 0.027073806151747704 -0.17213553190231323 0.13528099656105042 0.030522126704454422 -0.1229543536901474 0.006614542566239834 -0.15635345876216888 -0.007952802814543247 0.10782797634601593 -0.013177569024264812 -0.021178266033530235 -0.025936389341950417 0.0646628886461258 0.1582910269498825 -0.09912176430225372 0.03342457488179207 0.16109198331832886 0.06542053073644638 0.18593700230121613 0.06519357860088348 0.1167769506573677 -0.0635131374001503 0.19625532627105713 0.08959243446588516 0.04479293152689934 -0.007264412008225918 0.2767338454723358 0.06857080012559891 -0.014964671805500984 0.21538542211055756 0.03892415761947632 0.08493471890687943 0.009874420240521431 -0.10107655078172684 -0.06532096117734909 0.08958588540554047 -0.007936176843941212 0.029211103916168213 -0.07376684248447418 -0.03682924062013626 -0.1960504651069641 -0.15504251420497894 -0.05445072427392006 -0.0854719877243042 -0.09331764280796051 -0.05175044387578964 0.14416465163230896 -0.16625986993312836 -0.06383790820837021 0.060942862182855606 -0.09081562608480453 -0.08274869620800018 0.02802440896630287 0.06998539716005325 -0.031096572056412697 0.014795538038015366 0.03008650429546833 0.14189858734607697 0.1736500859260559 0.04193130508065224 0.1822039633989334 0.04529927670955658 -0.03297334164381027 0.054697513580322266 -0.1621655374765396 0.15629702806472778 -0.0025240518152713776 0.06214288994669914 -0.03599540889263153 0.016899187117815018 -0.20671290159225464 -0.0935787484049797 -0.0024444954469799995 0.07511533051729202 0.0368385836482048 0.0028117254842072725 -0.09092377871274948 -0.057538218796253204 -0.07553087174892426 0.1145196333527565 0.11590027064085007 -0.05449202284216881 0.15102405846118927 -0.06474489718675613 0.11650995165109634 0.1966143399477005 -0.057356659322977066 -0.10227953642606735 -0.0011343453079462051 -0.0403682217001915 -0.019499579444527626 0.05612872168421745
-0.12299078702926636 -0.008744785562157631 0.1289830505847931 0.14493636786937714 -0.06203940510749817 -0.0631704032421112 0.01107582077383995 0.020742664113640785 -0.12110019475221634 -0.11627659201622009 -0.2453685849905014 -0.04045542702078819 0.05348179116845131 0.11913174390792847 -0.07568835467100143 -0.1721518337726593 0.0418156161904335 -0.020694386214017868 0.11717600375413895 -0.1619051843881607 -0.017028994858264923 -0.11776958405971527 -0.023565134033560753 -0.17994053661823273 -0.036939602345228195 0.012019501067698002 0.10480045527219772 0.0821521058678627 -0.010237795300781727 0.13128140568733215 -0.011409853585064411 0.11399578303098679 -0.038395956158638 0.11188577115535736 0.07623854279518127 -0.04454197362065315 -0.028554532676935196 -0.017415938898921013 0.0020144390873610973 0.22084008157253265 0.09208530187606812 0.00390610215254128 0.2508954405784607 -0.03453627973794937 -0.11444301158189774 0.064813993871212 0.0632379874587059 -0.0658288523554802 0.06647370010614395 -0.16806571185588837 -0.00022561120567843318 0.050063587725162506 -0.14823302626609802 0.1443224400281906 -0.11724070459604263 -0.047008216381073 0.09908420592546463 -0.01943245157599449 0.12059161067008972 -0.14570198953151703 -0.17485712468624115 -0.1112707331776619 0.0217440128326416 -0.02311159111559391 0.004633033648133278 -0.09365730732679367 0.0683404728770256 -0.17035824060440063 -0.12756870687007904 0.01764657162129879 -0.05094663426280022 0.14626330137252808 0.09530875831842422 0.017590537667274475 -0.027406208217144012 0.009548087604343891 0.09237003326416016 0.06358658522367477 -0.06720733642578125 0.06779537349939346 0.12570156157016754 -0.013064727187156677 -0.02649262733757496 0.01434524916112423 -0.0014633869286626577 -0.08231032639741898 -0.1442069709300995 -0.005141586065292358 0.01168007031083107 0.14152458310127258 -0.0036712551955133677 -0.10690012574195862 -0.0001314302789978683 0.2471870630979538 -0.052887849509716034 0.08095494657754898 0.0655181035399437 -0.03182483837008476 -0.059187669306993484 -0.1823721081018448
0.09164945781230927 -0.03146705776453018 0.04597051441669464 -0.08482986688613892 0.1685265153646469 -0.22220425307750702 -0.06071848422288895 -0.06328747421503067 0.03009018301963806 -0.24291767179965973 0.10552134364843369 0.05228124186396599 -0.10563836246728897 0.14956454932689667 0.049345798790454865 0.009514658711850643 -0.045240618288517 0.06042054668068886 0.05136977508664131 -0.025886734947562218 0.003915727604180574 0.06026897951960564 -0.18760617077350616 0.042342159897089005 -0.02624802105128765 0.08297713845968246 -0.0004572620091494173 -0.04062893986701965 0.05066961795091629 0.17460359632968903 0.19640816748142242 0.07235291600227356 0.0862695649266243 0.049754202365875244 -0.12200238555669785 0.11915706843137741 -0.18669021129608154 0.11947393417358398 -0.004447693936526775 0.051037367433309555 -0.029821010306477547 -0.03715672343969345 0.09604890644550323 -0.0008669436792843044 0.015165197663009167 0.03405207768082619 0.08240033686161041 -0.06840323656797409 0.2454352080821991 -0.041390057653188705 0.08710591495037079 0.1445014476776123 0.09995650500059128 -0.05707381293177605 0.16283924877643585 -0.11350880563259125 0.20450177788734436 -0.0637083351612091 0.03558016195893288 0.018728958442807198 0.24665790796279907 0.06441287696361542 -0.023254910483956337 0.1842288374900818 -0.020484741777181625 -0.0495351105928421 -0.006790763698518276 -0.05655910074710846 -0.06459787487983704 0.04611608758568764 -0.11974144726991653 -0.11852537840604782 0.057372912764549255 0.04311689734458923 -0.013304123654961586 -0.007927339524030685 0.018953721970319748 0.024190258234739304 0.11268408596515656 -0.05814996361732483 -0.02095600962638855 -0.15970982611179352 0.07969120889902115 -0.022708114236593246 0.011226577684283257 -0.08682600408792496 0.15798936784267426 0.0576912946999073 -0.07337551563978195 0.010693488642573357 0.02456749603152275 -0.14412738382816315 -0.13032907247543335 -0.0886116549372673 -5.516738383448683e-05 -0.002485667821019888 0.2187896966934204 0.055845048278570175 -0.08886872231960297 0.05031135678291321
-0.10368289798498154 -0.004112813156098127 -0.05972331017255783 -0.07815206795930862 -0.05264851823449135 0.08591373264789581 -0.02600776217877865 -0.152889683842659 0.1321822851896286 -0.231875479221344 -0.03569982573390007 -0.1481146216392517 0.15485034883022308 -0.012674590572714806 0.013102513737976551 -0.049140814691782 0.047141287475824356 -0.048855461180210114 -0.15714119374752045 -0.052806101739406586 -0.09489794075489044 0.08649773895740509 0.005436566658318043 -0.037977658212184906 0.1630135029554367 0.013631219044327736 -0.040669988840818405 0.04267938807606697 0.01175390463322401 -0.09124212712049484 -0.07141590863466263 0.0924270749092102 -0.09627099335193634 -0.03957315906882286 -0.05742829665541649 0.05362246185541153 0.030475830659270287 -0.2074204981327057 -0.1665049046278 0.17900583148002625 0.11492543667554855 -0.05550317466259003 0.09620346128940582 -0.10205867886543274 0.1152343899011612 0.024785542860627174 0.049914270639419556 0.02062055841088295 0.09239330887794495 -0.24311864376068115 0.16647373139858246 -0.07662733644247055 0.08187621086835861 -0.04034799337387085 -0.004124800208956003 0.007810700684785843 0.16436414420604706 -0.12162233144044876 0.02280479297041893 0.07035481184720993 -0.13647514581680298 0.05027938261628151 -0.07523727416992188 0.04214131459593773 0.07009095698595047 -0.02213318832218647 -0.08459044992923737 0.16594620048999786 0.11807600408792496 -0.14280037581920624 0.17327812314033508 -0.11310980468988419 -0.12320601940155029 -0.0272503849118948 -0.017192702740430832 0.009160785004496574 -0.13526085019111633 0.04718189314007759 -0.0376785509288311 0.013592035509645939 0.20832499861717224 0.04382174462080002 0.044791966676712036 -0.10456996411085129 0.02056681551039219 -0.02713847905397415 -0.01766505278646946 0.02722018212080002 0.07825402170419693 -0.051261622458696365 -0.037337612360715866 0.22139067947864532 0.05277496948838234 -0.1943463534116745 0.0627647265791893 -0.007406042888760567 0.20406655967235565 -0.01809515431523323 -0.011298112571239471 -0.02873925305902958
-0.013369071297347546 0.06049375981092453 0.1635885238647461 0.13128161430358887 0.06560087203979492 -0.10064949840307236 0.015210872516036034 0.09055831283330917 0.06447196751832962 0.01668972335755825 0.033767618238925934 -0.0019123459933325648 -0.004824322648346424 0.04982052743434906 -0.19585692882537842 -0.05679406225681305 -0.011079729534685612 0.19286026060581207 -0.086179219186306 0.06663631647825241 -0.005943840369582176 -0.012069669552147388 0.057983338832855225 -0.13274157047271729 0.08141887933015823 -0.03203854709863663 -0.14967109262943268 -0.3102560341358185 0.08978353440761566 -0.006572671700268984 0.240906223654747 -0.024683821946382523 -0.11462153494358063 0.22663182020187378 -0.03320878744125366 0.15660220384597778 0.09282339364290237 -0.034477390348911285 0.08524519205093384 0.014523654244840145 0.11401332169771194 -0.07967481762170792 0.02880372665822506 0.10971245914697647 -0.09888363629579544 0.04819642752408981 0.03695543855428696 -0.10589012503623962 0.01244664192199707 0.10792025923728943 0.013418578542768955 0.08401937037706375 0.09557675570249557 0.01127699576318264 0.013284060172736645 0.004578731954097748 -0.03846802935004234 0.14406448602676392 0.11789253354072571 0.05359802767634392 0.08752317726612091 -0.11201848834753036 0.06898510456085205 0.060045287013053894 0.06101631000638008 0.05969507619738579 0.00032698718132451177 0.07953033596277237 0.08893821388483047 -0.20003323256969452 -0.07762233167886734 -0.057593394070863724 -0.044399112462997437 -0.0002454045752529055 -0.19035504758358002 -0.03296048194169998 0.12806399166584015 0.00570359593257308 -0.013406278565526009 -0.08600250631570816 0.10076171904802322 0.17973609268665314 0.027910325676202774 -0.0006011191289871931 0.08666062355041504 0.058558426797389984 -0.1226317510008812 -0.22350098192691803 0.030231665819883347 -0.025257259607315063 -0.09309903532266617 0.13814687728881836 0.19496577978134155 0.05334187299013138 -0.030876992270350456 -0.024856122210621834 0.020564323291182518 0.12341930717229843 0.09944865107536316 0.0721825584769249
-0.04545706883072853 0.043868619948625565 0.23422947525978088 -0.05255642533302307 -0.09959900379180908 -0.015476202592253685 0.07554607093334198 0.10356607288122177 0.05771331116557121 0.10445743054151535 0.03470031917095184 -0.023022538051009178 0.19452637434005737 -0.052181392908096313 0.025286661460995674 -0.19060418009757996 -0.03571441024541855 0.13208560645580292 0.05711795389652252 -0.03374553099274635 0.10231395810842514 -0.12937918305397034 0.012463883496820927 0.113868847489357 0.04820100590586662 -0.01947978138923645 0.020406372845172882 -0.011284722946584225 0.11337720602750778 -0.11232534795999527 -0.04630438610911369 0.04545529931783676 0.21063590049743652 0.0796099528670311 -0.01832435093820095 0.033130962401628494 0.09637195616960526 0.13672097027301788 0.06770174950361252 -0.023481808602809906 0.014797384850680828 0.024671781808137894 -0.061426978558301926 0.001987498253583908 0.010517062619328499 0.11932531744241714 -0.04662061110138893 0.107667937874794 -0.12964169681072235 -0.001084467163309455 0.14727573096752167 -0.09616377204656601 -0.09167184680700302 0.09128038585186005 0.14752064645290375 0.08185753226280212 0.3289148509502411 -0.07575087994337082 0.017542174085974693 0.013133592903614044 0.070204958319664 0.034837301820516586 -0.10604303330183029 -0.14311856031417847 0.15187841653823853 0.08707843720912933 -0.14306779205799103 0.19882872700691223 -0.0703168660402298 0.06180606409907341 -0.082612045109272 -0.020912695676088333 0.10269839316606522 0.0017712394474074244 -0.08857165277004242 -0.09214019030332565 -0.03397003188729286 0.11100603640079498 0.00965137593448162 0.012193973176181316 0.039839982986450195 0.017042042687535286 0.046517714858055115 -0.08423487842082977 -0.06867535412311554 -0.0688568577170372 0.13503891229629517 0.09184087812900543 0.17871062457561493 0.05737157538533211 0.0575341060757637 -0.12539273500442505 0.11429071426391602 -0.04136909544467926 -0.01660456694662571 0.04924825206398964 -0.15975217521190643 0.18197941780090332 -0.18069243431091309 -0.03376182168722153
-0.03614124283194542 -0.3220095634460449 0.09375256299972534 0.08769865334033966 -0.0010470747947692871 -0.11118309944868088 -0.005160931963473558 -0.044915664941072464 0.16719950735569 -0.09009464085102081 0.07757266610860825 -0.03682896867394447 -0.02845240756869316 -0.12321683764457703 -0.0839235782623291 -0.07531067728996277 0.02616182155907154 0.13162165880203247 0.11040640622377396 -0.03869975730776787 -0.02741125598549843 0.21933448314666748 0.09351646155118942 0.04063566029071808 -0.007785948459059 -0.058558396995067596 -0.23324093222618103 0.0766531229019165 -0.0799923986196518 0.02863389626145363 -0.10901439934968948 -0.06911737471818924 0.04002906382083893 -0.011845936998724937 -0.15342813730239868 -0.07822564989328384 0.22974063456058502 0.08156483620405197 0.15897928178310394 -0.13256923854351044 -0.11120633780956268 -0.09548544883728027 0.08593568205833435 -0.007544282823801041 -0.09796975553035736 0.019770506769418716 -0.15814585983753204 -0.0029755164869129658 -0.049445245414972305 -0.03926486149430275 -0.010101101361215115 -0.08104921132326126 -0.1546706259250641 0.07951311767101288 -0.039239026606082916 0.09872187674045563 0.0581677071750164 0.027438178658485413 -0.08922337740659714 -0.19149525463581085 -0.08390779793262482 0.12033838778734207 0.10059653967618942 0.05030959099531174 0.09022455662488937 0.016710631549358368 -0.005078339483588934 -0.17644697427749634 -0.00028710838523693383 -0.011008607223629951 -0.0012129278620705009 -0.008105337619781494 -0.0887456014752388 0.01969606988132 0.03469694033265114 -0.08164328336715698 0.11619458347558975 -0.08193189650774002 -0.07495535165071487 0.01743186078965664 0.09647230803966522 -0.08422431349754333 0.14399509131908417 -0.01609618403017521 0.21226294338703156 0.05639880523085594 0.02334366738796234 -0.081108458340168 0.057067472487688065 -0.030995937064290047 0.10244754701852798 -6.9187801273074e-05 -0.17925840616226196 -0.058074887841939926 0.11172953993082047 -0.16227105259895325 0.12805494666099548 0.008544793352484703 0.017828701063990593 0.0015269673895090818
0.1690250188112259 0.04760168865323067 0.13953864574432373 0.06253163516521454 -0.04673350602388382 -0.12391163408756256 0.113410584628582 0.1212964877486229 -0.06497838348150253 0.05756169557571411 -0.024204296991229057 0.1289755403995514 -0.00919912289828062 0.08076230436563492 -0.018682604655623436 0.0794382095336914 0.035063065588474274 0.14928193390369415 0.05650531128048897 -0.1572503000497818 -0.04565228521823883 0.2975434958934784 -0.07264973223209381 -0.023768393322825432 0.0458732545375824 0.12430998682975769 0.06219347193837166 0.16901274025440216 0.12480995059013367 -0.06111646443605423 -0.17523454129695892 0.16250820457935333 -0.10987445712089539 -0.04085196927189827 -0.03479308262467384 0.05029731243848801 -0.09396626800298691 0.013777980580925941 -0.15509861707687378 -0.1341974437236786 -0.01126434188336134 0.04017527773976326 -0.03167276084423065 -0.0618327334523201 -0.18564045429229736 0.029997028410434723 -0.08434749394655228 -0.12272989749908447 0.012889629229903221 -0.01141322311013937 0.10985037684440613 0.0018891481449827552 -0.014051034115254879 0.1376517415046692 -0.23316094279289246 0.11266154795885086 -0.0928317978978157 -0.08738590776920319 0.03233267739415169 0.04510968551039696 0.170509934425354 0.01723218522965908 0.04778868332505226 -0.01292650680989027 0.05749708414077759 0.18572141230106354 0.12171529978513718 0.016385192051529884 0.0726117491722107 0.041535791009664536 0.14814548194408417 -0.10442676395177841 -0.029993481934070587 0.07959602773189545 0.037773456424474716 0.08913726359605789 -0.03514622896909714 0.14229483902454376 0.2466481477022171 0.059093181043863297 -0.04716646298766136 0.0625130832195282 -0.09495820850133896 -0.16816289722919464 -0.061671528965234756 0.03401082009077072 -0.12586815655231476 -0.042753562331199646 0.009032073430716991 -0.07981810718774796 0.12467212975025177 -0.023150062188506126 0.08948135375976562 -0.03372858092188835 0.0022286302410066128 -0.0257579293102026 0.043238565325737 0.039839595556259155 0.026082824915647507 -0.09081301838159561
0.01617114059627056 -0.021003613248467445 0.1518688052892685 0.016263792291283607 -0.009462929330766201 0.06004772707819939 0.10961996763944626 -0.002740902127698064 -0.10133626312017441 -0.10983282327651978 0.12938982248306274 -0.17748212814331055 -0.17778542637825012 -0.025553379207849503 -0.015763651579618454 0.09231279790401459 -0.02834288589656353 -0.10114486515522003 -0.02480565384030342 -0.1488368958234787 -0.13051244616508484 0.03397506847977638 0.08600573986768723 -0.059031784534454346 -0.10844075679779053 0.1234748512506485 -0.012060255743563175 -0.11176024377346039 0.048322245478630066 -0.2743760347366333 0.08934899419546127 0.0632229819893837 0.0067067453637719154 -0.08647190034389496 0.01230813842266798 -0.11370286345481873 -0.21247324347496033 0.023937812075018883 0.09941848367452621 0.03162457048892975 -0.07055419683456421 0.06448575854301453 0.1247175857424736 -0.05245392769575119 -0.010810555890202522 -0.05473830923438072 0.21383677423000336 0.17151249945163727 -0.07083093374967575 0.07846144586801529 0.10488300770521164 -0.17008183896541595 -0.045635052025318146 -0.04281540960073471 0.11349663883447647 0.08894994854927063 -0.042570099234580994 0.0073836310766637325 0.15177007019519806 0.01548037026077509 0.17829521000385284 0.15143831074237823 0.14396309852600098 -0.04346543550491333 0.1333010494709015 -0.04344242438673973 0.09402765333652496 -0.0023597613908350468 -0.09936466068029404 -0.07981014251708984 0.10144908726215363 0.10706359893083572 -0.08141878247261047 -0.20529389381408691 -0.03271223604679108 -0.10400433093309402 -0.07880473881959915 -0.08005325496196747 -0.0629289522767067 0.017567580565810204 0.11246935278177261 0.07604915648698807 -0.1241019144654274 -0.0796491801738739 -4.9602116632740945e-05 -0.12974795699119568 0.04332941398024559 -0.1940126121044159 -0.11638934910297394 0.04669893532991409 0.03672494739294052 -0.02930602617561817 -0.12091808766126633 0.05522754788398743 0.016524305567145348 -0.07171998918056488 -0.09028425812721252 -0.01892225630581379 -0.06566563993692398 -0.030316447839140892
-0.020757732912898064 0.06657151132822037 -0.09277394413948059 0.1503511369228363 0.009606141597032547 0.0055883522145450115 0.10088887065649033 0.11164815723896027 -0.10031844675540924 -0.04976820945739746 -0.08802113682031631 0.05811576917767525 -0.07469574362039566 -0.14997121691703796 0.023201683536171913 0.21635426580905914 0.13708625733852386 0.05505352467298508 -0.07600945234298706 0.1726725548505783 -0.20411689579486847 0.07989514619112015 -0.06331957876682281 0.10791303217411041 -0.08574698120355606 0.08744983375072479 -0.013548651710152626 0.06156891584396362 0.0871807411313057 -0.1186789944767952 -0.1329864114522934 -0.021544257178902626 0.13878585398197174 0.00752392690628767 -0.10286316275596619 -0.0036254290025681257 0.10958808660507202 0.25669628381729126 -0.03987542539834976 -0.008974388241767883 -0.009944665245711803 -0.12313463538885117 0.11907821148633957 -0.05147936940193176 0.07881801575422287 -0.01819346845149994 0.09006986021995544 -0.014825936406850815 0.031589966267347336 -0.028509387746453285 -0.05072447657585144 0.03807677701115608 -0.08071359992027283 -0.007771916221827269 0.017512107267975807 -0.2575966417789459 0.02426927164196968 0.11256683617830276 0.16124632954597473 0.11002181470394135 -0.12314463406801224 -0.07419328391551971 0.007201798260211945 -0.11529403924942017 -0.06589122861623764 0.010646124370396137 0.02140558697283268 0.06129729747772217 -0.1151273176074028 -0.05940142273902893 0.011490806937217712 -0.17819228768348694 0.11704042553901672 0.04950010031461716 -0.0112683130428195 -0.0935671254992485 -0.06979896873235703 -0.0005782744265161455 -0.02154705487191677 0.18570725619792938 0.07576093077659607 0.13225923478603363 -0.036133501678705215 -0.06219133362174034 0.1601506620645523 0.04961502179503441 -0.016797494143247604 0.017778581008315086 0.17682316899299622 -0.03718338906764984 -0.15357735753059387 -0.12174847722053528 -0.07450157403945923 0.03521281108260155 -0.19699379801750183 0.0017814884195104241 0.09192553162574768 -0.008463959209620953 -0.023733047768473625 0.19024932384490967
0.06338880211114883 -0.06640199571847916 0.06171465665102005 -0.01751447468996048 -0.012335425242781639 -0.17581550776958466 0.07998468726873398 -0.01628951169550419 0.09582613408565521 0.08209878206253052 0.13533920049667358 0.03401314839720726 0.17219576239585876 -0.06546637415885925 -0.09880892187356949 0.05014194920659065 0.06985628604888916 -0.21279330551624298 0.0376121923327446 0.19628600776195526 -0.11994213610887527 0.045164555311203 -0.1128954365849495 -0.020583314821124077 -0.13173294067382812 0.30044692754745483 -0.07118403166532516 0.11795070767402649 -0.08895541727542877 0.13935093581676483 0.10190004110336304 -0.011778443120419979 0.21419255435466766 -0.13056622445583344 0.055261917412281036 -0.07494739443063736 0.03897339105606079 -0.13951310515403748 -0.03344713896512985 0.09884677827358246 0.20095647871494293 -0.18993377685546875 -0.09607809036970139 -0.0506226010620594 0.0801449865102768 0.012451876886188984 -0.07073052227497101 0.1296614557504654 -0.08730865269899368 -0.008489749394357204 0.034391406923532486 0.029866380617022514 0.06248817592859268 0.09507004171609879 0.06247447431087494 0.008029884658753872 -0.03061891719698906 0.021989472210407257 0.14123481512069702 -0.11189858615398407 0.06790155172348022 -0.24226373434066772 -0.0021149609237909317 0.062347158789634705 -0.018496889621019363 -0.043574344366788864 0.009413748048245907 0.077832892537117 0.03459017723798752 -0.011270123533904552 0.17373470962047577 -0.05519070103764534 -0.10290263593196869 -0.10409172624349594 0.04845264181494713 0.04578820616006851 0.16950641572475433 0.041450802236795425 0.13696768879890442 -0.07118435949087143 0.00019671148038469255 -0.017771180719137192 0.07389998435974121 -0.06889966875314713 0.09832047671079636 -0.05502590164542198 0.04000350087881088 -0.04519093036651611 0.037773098796606064 0.1598706692457199 0.03487914055585861 -0.036241572350263596 0.07762999832630157 0.12898218631744385 0.03834233433008194 -0.011342407204210758 -0.12729758024215698 -0.12293942272663116 -0.008986120112240314 -0.031022407114505768
-0.012366056442260742 0.08256619423627853 -0.0428415983915329 -0.02709043398499489 0.050452206283807755 0.10269453376531601 0.15392503142356873 -0.1461014449596405 -0.018990695476531982 0.05175722762942314 0.002438661642372608 -0.07276304066181183 0.025587277486920357 -0.11514546722173691 0.0344880186021328 -0.04954041540622711 -0.04161930829286575 0.01996743679046631 0.29755648970603943 0.10870905965566635 -0.018374156206846237 -0.1488557606935501 0.01296490989625454 -0.021504081785678864 0.03510488197207451 0.011041034013032913 -0.07493425160646439 0.13357365131378174 0.05099496617913246 -0.10665740072727203 0.2503436505794525 -0.0030859247781336308 0.004060522187501192 -0.07430378347635269 0.13208110630512238 0.08548703789710999 0.025137877091765404 0.00029796137823723257 0.030832011252641678 0.06338480859994888 -0.11984285712242126 -0.10272710025310516 -0.05839657783508301 0.12370210886001587 -0.0148813771083951 0.08836112171411514 0.06019532307982445 -0.07005621492862701 0.029275409877300262 -0.06938836723566055 -0.07478487491607666 -0.01606176234781742 -0.0032391308341175318 0.17719490826129913 -0.16598044335842133 0.051714297384023666 -0.12035637348890305 -0.16581282019615173 -0.016465142369270325 -0.06327858567237854 0.23957094550132751 -0.001562620047479868 0.1635056883096695 -0.013038338162004948 0.059885673224925995 -0.01835785247385502 -0.03679424151778221 -0.01469737384468317 -0.1006866842508316 0.05510221794247627 -0.02144475467503071 0.052632298320531845 -0.0012640085769817233 -0.05108589306473732 0.07385054975748062 0.03842981532216072 -0.05577283725142479 0.1154540404677391 0.027344010770320892 0.07651521265506744 0.2500039041042328 -0.10774142295122147 -0.008133551105856895 0.07284609228372574 0.16662608087062836 -0.036444228142499924 -0.07410616427659988 0.050164707005023956 0.07608654350042343 -0.22770051658153534 -0.034107860177755356 0.017307933419942856 0.025705808773636818 -0.1282477080821991 -0.004906505811959505 0.2646377980709076 0.06602839380502701 -0.056876350194215775 0.03843853995203972 0.23055925965309143
0.1223948523402214 -0.09901175647974014 0.02327078953385353 0.17465290427207947 0.06592000275850296 -0.06994935870170593 0.0008148758788593113 -0.16565312445163727 -0.023263484239578247 -0.024148395285010338 0.16883280873298645 0.04578876495361328 -0.02658659964799881 -0.11890186369419098 -0.18956667184829712 -0.05588841810822487 -0.04088978096842766 -0.16612029075622559 -0.0988348200917244 -0.00625602575019002 0.010470915585756302 -0.12259858846664429 0.009073007851839066 0.0376703143119812 0.00410490995272994 -0.005141719244420528 0.11090466380119324 -0.2196531742811203 0.07603351026773453 -0.02490306831896305 -0.1927800476551056 -0.01008403580635786 -0.1008569598197937 -0.17080962657928467 0.0378086119890213 -0.13552294671535492 0.062245648354291916 0.07977379858493805 -0.1262385994195938 0.07769428938627243 0.02155677042901516 -0.030290571972727776 -0.06366778165102005 0.006503528915345669 -0.13413433730602264 -0.0919613242149353 -0.21867600083351135 -0.07388321310281754 0.17572234570980072 -0.007742943707853556 0.07765202224254608 0.026377009227871895 0.042763274163007736 0.19059684872627258 -0.16097792983055115 -0.15848027169704437 -0.07820761948823929 -0.049101993441581726 0.12147583812475204 0.09467016905546188 -0.030389562249183655 0.017899950966238976 -0.01374902855604887 -0.09386512637138367 0.06350424885749817 -0.03776367008686066 -0.06579601019620895 0.016484368592500687 -0.05418720468878746 0.03759027644991875 -0.12034931778907776 -0.11195184290409088 -0.007145077455788851 -0.15177424252033234 0.04329889640212059 -0.14457446336746216 0.034905776381492615 0.10754785686731339 -0.07969348132610321 -0.05255606025457382 0.07004088908433914 -0.11389234662055969 0.0626189187169075 0.20973560214042664 -0.2162545770406723 -0.21855062246322632 0.052254848182201385 -0.02732778713107109 0.006007767748087645 -0.08660832047462463 0.012352515012025833 -0.02740200236439705 0.03628435358405113 -0.06241470202803612 -0.047910138964653015 -0.12632238864898682 -0.03853800892829895 0.08094027638435364 0.03475445136427879 0.04307817667722702
-0.09094076603651047 -0.10603489726781845 -0.04628591611981392 0.06614778190851212 0.03877103701233864 -0.028841355815529823 0.19802232086658478 0.03711491450667381 0.10162455588579178 -0.018313728272914886 2.9035825718892738e-05 -0.06871986389160156 -0.047072894871234894 -0.19083794951438904 0.14019793272018433 -0.21146318316459656 -0.11756783723831177 0.05814724415540695 -0.136247456073761 -0.0376473106443882 -0.03490867093205452 -0.07349126785993576 -0.05627495050430298 0.13433456420898438 0.09245605021715164 -0.15476596355438232 -0.0017467184225097299 -0.012301570735871792 0.2701110541820526 0.22513169050216675 -0.05963131785392761 0.06924910098314285 0.06149297207593918 -0.12111765891313553 -0.08269020169973373 -0.059111107140779495 -0.13142603635787964 0.013023695908486843 -0.02233179844915867 0.046730753034353256 0.03135795518755913 0.03192625567317009 -0.08287834376096725 -0.17716845870018005 0.06147392466664314 0.11530875414609909 0.06735855340957642 0.09042002260684967 -0.08377329260110855 -0.12489930540323257 -0.257094144821167 -0.10713957995176315 0.03420627489686012 -0.042994484305381775 -0.08816737681627274 -0.017381863668560982 -0.10386170446872711 0.04902731999754906 0.048242028802633286 0.16349269449710846 0.12308551371097565 0.03986407816410065 0.07874865084886551 0.03807409107685089 -0.06908771395683289 -0.1178322583436966 0.06232259422540665 0.06114017218351364 -0.1734389215707779 0.052817367017269135 -0.061419740319252014 0.1808631718158722 -0.06383238732814789 0.011226681061089039 0.07304781675338745 -0.06622426956892014 0.1392975151538849 0.08993665128946304 0.08341281116008759 -0.06689618527889252 -0.15761789679527283 0.10082008689641953 0.03817521035671234 -0.11137289553880692 0.06486889719963074 -0.005169316660612822 -0.06911157071590424 -0.012354559265077114 0.02299499325454235 0.07549820095300674 0.010398873127996922 0.09736912697553635 0.11125794798135757 0.06580302864313126 0.04429136961698532 -0.07777995616197586 0.1639423668384552 0.07621351629495621 0.07801263779401779 0.01665947586297989
-0.10540419816970825 -0.10478891432285309 0.019464727491140366 -0.07038168609142303 0.09174899756908417 0.046879712492227554 0.10980293899774551 0.06925307959318161 0.1699688583612442 0.08758550882339478 0.03620338812470436 0.20024921000003815 0.1413770467042923 0.14894983172416687 -0.026145676150918007 0.008432737551629543 -0.1588774025440216 -0.020831013098359108 0.042205821722745895 0.3452134132385254 0.05731199309229851 -0.04497327283024788 -0.031033508479595184 0.02546471171081066 0.07642356306314468 -0.09564343094825745 -0.005869393236935139 -0.03765909746289253 0.01669185608625412 -0.1414174884557724 -0.01802247390151024 0.13900668919086456 -0.04449963569641113 -0.014780210331082344 0.13536392152309418 0.03734002634882927 -0.04109346866607666 -0.0212049912661314 -0.09791000932455063 -0.005434395745396614 -0.0653587356209755 -0.0767243355512619 -0.11193228513002396 0.02373168244957924 0.009327905252575874 -0.04873690381646156 0.18136703968048096 0.1214083582162857 0.1113068163394928 0.055661462247371674 0.11338657885789871 0.007541891653090715 -0.14275367558002472 0.03118445910513401 0.024600936099886894 0.01246585976332426 0.036542609333992004 -0.18137487769126892 0.05839879438281059 0.06159256398677826 -0.19627566635608673 0.17790816724300385 0.12020092457532883 0.06676916778087616 -0.03245572745800018 0.06493107229471207 0.21355734765529633 -0.13233283162117004 -0.013928031548857689 -0.058673277497291565 -0.11894301325082779 -0.10310501605272293 0.0005876041250303388 0.10276384651660919 0.1926451474428177 -0.004765278659760952 0.06417738646268845 0.12498541921377182 -0.08025673031806946 -0.07753347605466843 0.009080175310373306 0.08651072531938553 -0.006455058231949806 -0.07868296653032303 -0.0456031858921051 0.0038375707808882 -0.08338551968336105 -0.16707010567188263 0.0014495175564661622 0.23785504698753357 -0.008663455955684185 -0.04576830193400383 -0.1609335094690323 -0.059031229466199875 -0.0531584806740284 0.0034742052666842937 0.0002280856715515256 -0.03491609916090965 0.07478901743888855 -0.03185896575450897
-0.12346045672893524 0.09598580747842789 0.029466278851032257 0.03129811957478523 0.04938049986958504 -0.07382818311452866 -0.02829594537615776 0.06295251101255417 0.014623402617871761 0.07209282368421555 -0.09609236568212509 -0.08603779226541519 -0.187723308801651 0.10405068844556808 0.08000681549310684 -0.14337807893753052 0.04988020658493042 -0.09977757930755615 0.10022101551294327 0.09920784085988998 -0.0013384281191974878 0.012233344838023186 -0.1685958206653595 -0.004709470551460981 0.08342445641756058 -0.1304233968257904 -0.01587769016623497 0.13430483639240265 -0.1109561026096344 0.04432714357972145 -0.0664563700556755 0.05854345113039017 0.008272497914731503 0.07902930676937103 -0.028990738093852997 -0.1861582100391388 -0.027855897322297096 0.0424196757376194 0.055475831031799316 -0.1705581545829773 -0.0690952017903328 -0.11216526478528976 0.050071876496076584 0.05902627110481262 0.013837367296218872 -0.13154864311218262 0.041413575410842896 -0.004613041877746582 0.0047035617753863335 -0.06873840093612671 0.06477507948875427 -0.11804934591054916 -0.019089343026280403 -0.14851818978786469 0.01413626316934824 -0.15930303931236267 -0.048592571169137955 0.24017702043056488 0.2729613482952118 -0.050855014473199844 -0.09836335480213165 0.01878293603658676 0.10996587574481964 -0.07227732241153717 0.12148480117321014 0.08756648004055023 -0.07839368283748627 0.06145496293902397 0.013574272394180298 -0.08659333735704422 -0.06251645088195801 0.032615140080451965 -0.1808563470840454 0.07571380585432053 -0.024454932659864426 0.07487743347883224 0.0711565837264061 0.1658438891172409 0.18870815634727478 -0.02066083252429962 0.11116629838943481 -0.12854184210300446 0.01816907711327076 0.020134136080741882 -0.11727864295244217 -0.030308304354548454 0.055302251130342484 0.03952239081263542 -0.19297215342521667 0.027830643579363823 0.16486802697181702 0.1808948814868927 0.09436118602752686 -0.1735885888338089 -0.038590140640735626 0.046589795500040054 -0.11720283329486847 -0.01654081791639328 -0.08125537633895874 0.1333322674036026
0.006154051516205072 -0.03380307927727699 -0.19500112533569336 0.22293655574321747 0.07013023644685745 0.0362187922000885 0.08760347962379456 -0.07631043344736099 -0.04043079912662506 -0.011264351196587086 0.12192966043949127 0.1695004254579544 0.1627931147813797 -0.05247728154063225 0.06136621907353401 -0.1427960991859436 -0.04817475378513336 -0.0645289272069931 0.06852266937494278 -0.0464504137635231 -0.2851376235485077 0.03990884870290756 -0.12472770363092422 -0.1635148972272873 -0.02912992238998413 -0.09893368929624557 -0.139036163687706 -0.01752527430653572 -0.049673303961753845 -0.05993955582380295 0.05893666669726372 0.08188164234161377 -0.08896862715482712 0.02478046342730522 -0.023474622517824173 0.023323025554418564 0.032266344875097275 -0.10696475952863693 0.008992757648229599 -0.01758447475731373 -0.17757931351661682 0.12291402369737625 0.08091898262500763 -0.015794262290000916 -0.1321704089641571 0.01608847826719284 0.0880139172077179 0.04089941829442978 -0.1518290936946869 -0.032630760222673416 -0.11670321226119995 0.1598711907863617 -0.12628820538520813 -0.13880343735218048 0.002563366899266839 0.06939428299665451 0.006617284379899502 -0.08560927212238312 0.04264319688081741 0.06724661588668823 0.035720761865377426 -0.13598109781742096 -0.22362178564071655 0.12864840030670166 0.07888933271169662 -0.06681516021490097 -0.01485920138657093 0.08935920149087906 0.14427900314331055 -0.038383953273296356 0.043955110013484955 -0.0538414865732193 0.014337440021336079 0.06176381558179855 0.09261281043291092 -0.20108063519001007 0.007970575243234634 -0.03924648091197014 -0.0023447887506335974 -0.011555693112313747 -0.04731767997145653 -0.12405803799629211 -0.05195264145731926 0.026650022715330124 -0.1188601404428482 0.08582568913698196 -0.03700649365782738 0.0012128204107284546 0.014497032389044762 0.026509497314691544 0.18625685572624207 0.012026757933199406 -0.05800221115350723 0.06673065572977066 -0.13081540167331696 0.015152031555771828 -0.08953417837619781 0.1499193161725998 -0.2092568576335907 0.14566902816295624
0.13102705776691437 0.027011236175894737 0.10308092832565308 -0.06771253794431686 -0.044666584581136703 0.04271947965025902 0.09401625394821167 0.04653234779834747 -0.09645193815231323 0.08303185552358627 -0.05279543995857239 0.005309058353304863 -0.011834087781608105 -0.1365850567817688 0.04903643578290939 -0.1283835917711258 0.036409515887498856 0.1865912675857544 0.06655221432447433 0.0002654273994266987 0.10210753977298737 0.014545928686857224 0.07641799002885818 0.054203569889068604 -0.05272398144006729 0.0037654158659279346 -0.12236896902322769 -0.05984380841255188 -0.08315497636795044 0.07119982689619064 0.036091893911361694 0.07497885078191757 -0.07465404272079468 -0.10947530716657639 0.06076835095882416 0.0537310391664505 -0.08327031135559082 0.06682384759187698 -0.061997584998607635 -0.06680893898010254 -0.17092476785182953 0.16823668777942657 -0.06050300598144531 -0.01827598549425602 0.10079102963209152 -0.1787506341934204 0.08427874743938446 -0.08982837945222855 0.007818635553121567 -0.27440008521080017 0.04856197535991669 -0.05404066666960716 0.08842422068119049 0.013398370705544949 -0.06612488627433777 -0.2509250044822693 0.05043412372469902 -0.026591677218675613 -0.06272141635417938 0.03877318277955055 -0.022410059347748756 -0.25979217886924744 -0.03255074843764305 0.0880686566233635 0.30591434240341187 0.047657400369644165 0.021783363074064255 0.10777682811021805 0.08887466043233871 -0.07537973672151566 0.020094403997063637 0.006203658878803253 0.07935329526662827 -0.08703956753015518 0.03667745739221573 0.08313009142875671 0.10263435542583466 -0.008297930471599102 -0.17646367847919464 -0.09669185429811478 0.07710835337638855 -0.09475826472043991 -0.060787416994571686 -0.0859730914235115 -0.014719144441187382 0.1307881623506546 0.18263037502765656 -0.034014567732810974 -0.01590854860842228 0.12235996127128601 -0.05024191364645958 -0.05044599995017052 -0.07970046252012253 0.1003025621175766 -0.005128072574734688 -0.14198511838912964 0.005512014962732792 -0.17154280841350555 0.17631930112838745 0.023413624614477158
0.11192880570888519 0.13624386489391327 -0.1290103942155838 -0.05008004605770111 0.1287907510995865 0.056961823254823685 -0.15521645545959473 0.03485148400068283 -0.025250891223549843 0.10180551558732986 0.06053377315402031 -0.09776073694229126 -0.065007284283638 0.152634859085083 -0.13257765769958496 -0.08145522326231003 -0.08579201251268387 0.07309284061193466 0.005485587287694216 -0.12172425538301468 -0.18879760801792145 -0.012446261942386627 0.0026843775995075703 -0.24008846282958984 -0.17944659292697906 0.10098515450954437 -0.05203527584671974 0.002882416592910886 0.08890075981616974 -0.004980273079127073 -0.015397913753986359 -0.022870462387800217 -0.03880241513252258 -0.11984406411647797 -0.09184231609106064 0.07547687739133835 0.2122614085674286 0.04212222248315811 -0.058483485132455826 0.02831766940653324 -0.05005805939435959 0.09003335982561111 -0.011225635185837746 0.040802616626024246 0.22377142310142517 0.07884058356285095 0.05637066066265106 -0.06853381544351578 -0.046513624489307404 0.036640048027038574 0.03348049893975258 -0.15926247835159302 0.05820111557841301 -0.08342453837394714 -0.09411218762397766 0.06350699812173843 -0.12529416382312775 -0.12865068018436432 0.03567809611558914 0.043681368231773376 -0.11159392446279526 0.0007062450749799609 0.03513791039586067 -0.0026078387163579464 -0.09479722380638123 0.0693129226565361 0.07052493095397949 0.002584055531769991 -0.1345052421092987 -0.04910514876246452 -0.09116688370704651 0.10940120369195938 -0.12571533024311066 -0.015122725628316402 -0.06433968991041183 0.12408944219350815 0.21358780562877655 0.08172537386417389 -0.03926499933004379 -0.0021378982346504927 0.04506278783082962 0.1138954609632492 0.28965383768081665 -0.06204139068722725 -0.11045297980308533 0.05724228546023369 0.11813186854124069 0.10076900571584702 0.1527831256389618 0.0691368505358696 0.09436377137899399 -0.19148032367229462 -0.04398471117019653 -0.11791139096021652 -0.05775795876979828 -0.03476989269256592 0.026583950966596603 -0.00944637693464756 -0.0877947211265564 -0.00012910953955724835
-0.2609475553035736 -0.09835916757583618 0.014741177670657635 0.20647819340229034 0.14884166419506073 0.15764901041984558 0.1920633167028427 0.057783789932727814 -0.04023227095603943 -0.06894920021295547 -0.09088776260614395 -0.03546136990189552 0.15961667895317078 -0.09364773333072662 0.06780001521110535 0.13544180989265442 0.029611879959702492 -0.07458280771970749 -0.02507133036851883 0.013337457552552223 0.12866830825805664 -0.00037390596116892993 -0.045016057789325714 -0.0030748695135116577 -0.0011141549330204725 0.04612155258655548 0.09105274081230164 -0.026666676625609398 -0.09723667055368423 0.02500179223716259 0.14151078462600708 -0.11900520324707031 -0.06532388180494308 0.0010427493834868073 -0.2412717342376709 0.07845133543014526 0.056789420545101166 -0.010851996950805187 -0.08370260894298553 0.00370836746878922 -0.13535158336162567 0.18089112639427185 0.08219677209854126 -0.0018437139224261045 -0.03934231773018837 0.08667923510074615 -0.08484145998954773 -0.07719314843416214 -0.008341286331415176 -0.0039015926886349916 0.19045813381671906 -0.011997021734714508 0.14303630590438843 0.1500045210123062 0.2501554489135742 -0.04885034263134003 -0.11707902699708939 0.037576861679553986 0.12377355992794037 0.1515553593635559 -0.061100881546735764 0.14697867631912231 0.03938377648591995 0.055942561477422714 0.1239456832408905 -0.02859167382121086 0.11339111626148224 -0.10181400924921036 0.05709763988852501 0.1432175189256668 -0.014662861824035645 0.043882835656404495 0.013634071685373783 -0.15475264191627502 -0.041998013854026794 0.1723586916923523 0.02357063814997673 -0.024128705263137817 0.12128081172704697 -0.041987717151641846 -0.05121884495019913 -0.08245600014925003 0.1407063901424408 -0.06364231556653976 -0.01997416839003563 0.1053214892745018 -0.09682484716176987 0.11161240190267563 0.12300688773393631 -0.012858854606747627 0.06915902346372604 -0.04640438035130501 0.04270114004611969 0.001003568759188056 0.03368343412876129 -0.016074709594249725 -0.12954573333263397 -0.04956822842359543 0.02415175922214985 0.023749440908432007
-0.23456241190433502 0.12357524782419205 -0.1333136409521103 -0.1000523641705513 0.07499787211418152 -0.20254595577716827 -0.033941980451345444 0.006194170098751783 0.11511626094579697 -0.15730929374694824 -0.12007979303598404 0.03282526507973671 -0.10271411389112473 -0.024031298235058784 0.16676658391952515 -0.01560823991894722 -0.018464403226971626 0.05785879120230675 0.18444141745567322 -0.04503818228840828 -0.11098790168762207 0.050415270030498505 0.08477611839771271 -0.10171283781528473 -0.12418510764837265 -0.013553090393543243 -0.027334656566381454 -0.11092697829008102 -0.016598260030150414 -0.03693164512515068 0.08364704996347427 0.007741405162960291 0.02182522788643837 -0.1154995858669281 0.01236400194466114 -0.03718603029847145 0.15362662076950073 -0.08059786260128021 -0.07012856006622314 -0.1128406822681427 0.048458974808454514 0.05488782003521919 -0.052243173122406006 -0.13540276885032654 0.03820909932255745 0.020244115963578224 0.0315232090651989 -0.1610543578863144 -0.07839266955852509 0.040457356721162796 -0.07682476192712784 0.03301020339131355 -0.0385466143488884 0.0989500880241394 0.052167776972055435 -0.1499382108449936 -0.01459295954555273 -0.15658442676067352 -0.08188220858573914 0.03974839672446251 -0.045223481953144073 -0.037629079073667526 0.06529155373573303 -0.10118988156318665 -0.0459272563457489 0.0011538558173924685 -0.03326920419931412 -0.08786521106958389 -0.08125327527523041 0.1956360936164856 -0.04364335909485817 -0.2174421101808548 -0.001602297998033464 -0.016131237149238586 -0.042270682752132416 0.07121104747056961 -0.1704317033290863 0.034941643476486206 -0.025728275999426842 -0.22784729301929474 0.09289313852787018 0.10534267127513885 -0.2073100060224533 0.0272651519626379 0.11171833425760269 -0.12576204538345337 0.06454893946647644 -0.06486406177282333 -0.031606435775756836 0.0828251838684082 0.14332349598407745 0.05403278395533562 0.16822309792041779 0.021475540474057198 0.05303145945072174 -0.2013780027627945 -0.1540193110704422 0.0822136178612709 -0.01483863778412342 -0.04624408856034279
-0.022709691897034645 0.016650984063744545 0.06001288816332817 0.06987570226192474 -0.07512713223695755 -0.10624445229768753 -0.035779308527708054 0.07346451282501221 -0.11453459411859512 0.059441547840833664 0.10616618394851685 -0.07936130464076996 0.1315544843673706 -0.06760942935943604 0.006338231731206179 -0.18356092274188995 -0.03673958033323288 0.03765881434082985 -0.04555361717939377 -0.13735061883926392 -0.2546323537826538 0.07174507528543472 -0.05815405771136284 0.08575064688920975 0.08411642163991928 -0.010990453884005547 0.05245444178581238 0.20200324058532715 0.007926522754132748 -0.09014572948217392 0.038653694093227386 0.017631419003009796 -0.049802277237176895 0.16557304561138153 0.028593195602297783 0.11501256376504898 0.021316006779670715 -0.04048106446862221 -0.01586737297475338 -0.15051302313804626 0.11510130017995834 0.07050960510969162 -0.09091998636722565 0.017048565670847893 -0.025942154228687286 -0.009793673641979694 -0.10235530883073807 0.004400160629302263 0.1550261229276657 -0.2708384394645691 0.020057154819369316 -0.09182771295309067 -0.01277453638613224 -0.06853820383548737 0.2194194197654724 -0.006638440303504467 -0.1993228793144226 -0.03817104920744896 -0.04391099512577057 0.015052731148898602 -0.11008914560079575 -0.0008901439141482115 0.0896323174238205 0.052101071923971176 -0.07975991815328598 0.029370853677392006 0.06403278559446335 0.009731774218380451 -0.07779406756162643 0.08209610730409622 0.005372417625039816 -0.08381099998950958 -0.051415279507637024 -0.04630528762936592 -0.012243079952895641 0.01546306163072586 -0.04228774085640907 -0.11440449208021164 0.04942701384425163 -0.1275596171617508 0.004854865837842226 0.0876317247748375 0.03636026009917259 0.22328943014144897 0.024601055309176445 -0.11339139938354492 0.06564480811357498 -0.051227256655693054 -0.10075922310352325 0.07309117913246155 -0.2191324234008789 -0.1176905706524849 -0.18044430017471313 0.02829832024872303 0.09495048224925995 0.18623322248458862 -0.1192588284611702 0.15495535731315613 0.15923254191875458 0.1109878197312355
-0.05009792372584343 -0.11283635348081589 -0.006573440972715616 0.10327056050300598 0.0516548752784729 0.03809378296136856 -0.07375013083219528 0.20442397892475128 0.1985471248626709 0.11372482776641846 0.039096951484680176 0.014001687988638878 -0.04212595149874687 0.05760557949542999 0.07815537601709366 -0.061321236193180084 0.0017477971268817782 -0.04220220446586609 0.06327248364686966 -0.0620926134288311 -0.04437601566314697 0.0026487535797059536 0.09464877843856812 0.11422664672136307 -0.010423103347420692 0.10653179883956909 -0.06005486100912094 -0.055827025324106216 -0.24058984220027924 0.041091516613960266 0.07218918204307556 0.20827384293079376 0.04724099859595299 -0.06073683500289917 0.13120236992835999 0.08964722603559494 0.004581367131322622 0.14007145166397095 -0.02390684001147747 0.11547143012285233 0.008840451948344707 -0.20471344888210297 0.09713810682296753 -0.06987816840410233 -0.11616544425487518 -0.09997625648975372 0.012363890185952187 -0.09327434003353119 0.09379298239946365 -0.10899534821510315 -0.03170480206608772 -0.033116016536951065 0.088333360850811 -0.19256912171840668 0.06790949404239655 0.08779916167259216 -0.13979825377464294 -0.021034203469753265 -0.024368995800614357 0.1658666729927063 -0.008899103850126266 -0.14872823655605316 -0.037798162549734116 -0.0306075606495142 -0.08803412318229675 0.24238134920597076 -0.1175970658659935 -0.059341587126255035 -0.12017225474119186 -0.058000244200229645 -0.026527082547545433 0.12601704895496368 0.07220084220170975 -0.2025376707315445 0.04853596165776253 -0.028763556852936745 -0.15880772471427917 -0.09139546751976013 -0.0977911502122879 0.11533515900373459 -0.09198246151208878 -0.1395592838525772 0.001968995202332735 -0.10968693345785141 0.022635051980614662 -0.03583667799830437 -0.16300250589847565 -0.003174492623656988 0.07800333946943283 -0.01527416706085205 0.05225552245974541 -0.07191479951143265 0.12020023912191391 -0.1888197511434555 0.012732885777950287 -0.029150670394301414 -0.04145793989300728 0.11070281267166138 0.04190472885966301 -0.11908739060163498
-0.022511204704642296 -0.05309373885393143 0.09905268996953964 0.03284676373004913 -0.055774398148059845 0.04015332832932472 0.041516803205013275 -0.11298345029354095 0.040876857936382294 0.05251628905534744 -0.07829475402832031 -0.073063924908638 -0.03932160511612892 -0.030224192887544632 -0.020797261968255043 0.014335029758512974 0.032853785902261734 -0.07644123584032059 0.030758865177631378 0.10849586129188538 -0.10959053784608841 0.05461760610342026 0.07179539650678635 -0.08156563341617584 -0.10723067075014114 -0.09659519791603088 0.0514303483068943 0.003948784898966551 -0.08614803850650787 0.07433812320232391 0.10694492608308792 -0.03318937495350838 0.04413928464055061 0.06619417667388916 0.146153062582016 0.019723936915397644 -0.021897993981838226 0.013879604637622833 0.09245666116476059 0.006843382492661476 0.06391866505146027 -0.014694737270474434 0.027722958475351334 0.02475258708000183 0.043390654027462006 -0.02499069646000862 0.07067976891994476 0.06374990940093994 -0.01625298149883747 -0.20968680083751678 0.1340029239654541 0.2112686038017273 -0.24997742474079132 0.06233623996376991 -0.14124184846878052 0.010345160029828548 -0.14445370435714722 0.05095800757408142 -0.09296568483114243 0.2951335310935974 -0.017757685855031013 0.16949273645877838 0.10903198271989822 0.010427584871649742 0.03987265005707741 0.04567079246044159 -0.19340704381465912 0.11375843733549118 -0.03503735736012459 0.04169132933020592 0.12959568202495575 0.019460367038846016 0.1769571453332901 0.10026905685663223 -0.10808935016393661 0.13082171976566315 0.028456497937440872 -0.031487297266721725 0.0908682718873024 -0.12191106379032135 -0.20604956150054932 0.07878878712654114 0.08736146241426468 0.08867967128753662 -0.10996582359075546 0.03088684380054474 0.13098590075969696 -0.20815277099609375 0.05021103471517563 -0.10362162441015244 -0.027920663356781006 -0.12020622193813324 0.05035452917218208 -0.08191746473312378 0.07789836078882217 -0.1271888166666031 0.12894466519355774 -0.0904991552233696 -0.22847621142864227 -0.01103651337325573
-0.123802050948143 0.14092719554901123 0.10186928510665894 -0.054346900433301926 0.2663114368915558 -0.01176643930375576 -0.0725041925907135 0.14995472133159637 -0.0006041768356226385 -0.020391346886754036 0.05594349279999733 0.028144411742687225 0.06888172775506973 -0.08907566219568253 0.06737242639064789 0.09809482097625732 -0.02752499468624592 -0.04259152710437775 -0.06531207263469696 -0.07057022303342819 0.06984804570674896 0.006389426998794079 0.06843046844005585 -0.045378513634204865 0.052870072424411774 0.04295644164085388 -0.05639877915382385 0.15211118757724762 0.08448299020528793 -0.002470115665346384 -0.06858588755130768 -0.02089795097708702 -0.2570897042751312 -0.11046779155731201 0.001019602525047958 -0.09447482228279114 0.034883689135313034 -0.0027352760080248117 -0.1212647333741188 0.03003823012113571 0.2549477815628052 -0.03457792103290558 -0.0010376379359513521 -0.01649647206068039 0.0605146624147892 0.11837916076183319 0.03636309877038002 0.1280944049358368 -0.19046907126903534 -0.010189916007220745 -0.04410636052489281 0.018657419830560684 -0.10562650114297867 -0.13555388152599335 0.10795100778341293 0.07703204452991486 0.05952944606542587 0.17497727274894714 -0.18568940460681915 0.047772716730833054 -0.02179299294948578 -0.12411718815565109 0.11076829582452774 0.1615685373544693 0.058709003031253815 0.07925914973020554 0.008690670132637024 -0.08168987184762955 0.07717353850603104 -0.010258330032229424 -0.15168197453022003 0.018844131380319595 0.19022412598133087 -0.046469222754240036 0.030982606112957 -0.0618748664855957 0.02058987133204937 0.20970624685287476 0.05881570652127266 0.05205494537949562 0.15164975821971893 -0.18299685418605804 -0.0075405677780508995 0.06450442224740982 -0.07626955211162567 -0.04355598986148834 0.012885861098766327 -0.1507425606250763 -0.06372566521167755 -0.21500876545906067 -0.030655644834041595 -0.18107473850250244 -0.017260780557990074 0.031186532229185104 0.024353420361876488 -0.09413273632526398 0.0317428819835186 -0.06634624302387238 -0.00589713966473937 0.08232736587524414
-0.0004877472820226103 -0.006568940822035074 0.10534072667360306 0.0053617628291249275 0.09095286577939987 0.0606590174138546 0.3594945967197418 -0.06387878209352493 0.036897193640470505 0.029265064746141434 -0.00026225412148050964 -0.024515995755791664 -0.012735468335449696 0.12957040965557098 0.09436572343111038 -0.01491235289722681 -0.09636145085096359 0.16939640045166016 -0.10060051083564758 -0.13512635231018066 0.10018927603960037 0.18849357962608337 -0.019518643617630005 0.07019972801208496 -0.11055514961481094 -0.02784154936671257 -0.04293123632669449 -0.0252408254891634 -0.20505180954933167 -0.0864919051527977 0.03229891136288643 -0.17013166844844818 0.020586539059877396 -0.06127704307436943 0.0780181884765625 0.0738152414560318 -0.07004852592945099 -0.16979806125164032 0.021680250763893127 0.021197544410824776 -0.036022916436195374 -0.056907251477241516 0.09630290418863297 0.04046796262264252 0.08292737603187561 -0.01818693056702614 -0.10225005447864532 0.042181346565485 0.17239120602607727 0.02629425935447216 -0.1697864532470703 -0.08233893662691116 0.02791603095829487 0.030923839658498764 0.02092730440199375 0.03468480333685875 -0.004824598785489798 -0.01286362111568451 0.1820354163646698 -0.013108166866004467 -0.1184927225112915 -0.11944463104009628 0.07321243733167648 -0.06788520514965057 -0.24462345242500305 0.012439819984138012 -0.02945193462073803 0.14761961996555328 0.10249029844999313 0.07887812703847885 -0.08242379128932953 0.02906903065741062 -0.19609345495700836 0.14659079909324646 -0.042849574238061905 -0.09920856356620789 -0.11697909981012344 0.22595836222171783 -0.08767110109329224 -0.04755847901105881 -0.005484961438924074 -0.10996155440807343 -0.04096222668886185 0.08876419812440872 -0.015012738294899464 0.0680316835641861 0.07423564791679382 -0.04138701409101486 0.035562410950660706 -0.1183822825551033 -0.07578252255916595 -0.17019198834896088 0.009673945605754852 0.10258094221353531 0.017268285155296326 -0.05898495763540268 0.02255859039723873 -0.01839318685233593 -0.13390645384788513 -0.07591279596090317
0.11582563817501068 0.038990363478660583 -0.10739071667194366 -0.05156766623258591 0.02820398099720478 -0.040206823498010635 -0.12392042577266693 -0.26303014159202576 -0.0745546743273735 0.10036315768957138 -0.017334718257188797 0.20583708584308624 -0.12031619250774384 -0.18923909962177277 0.04487115889787674 -0.12845823168754578 -0.0846395343542099 -0.047050073742866516 -0.10773275792598724 0.10176441073417664 0.2755236029624939 -0.02196742407977581 -0.07668294757604599 -0.06951046735048294 0.06163438782095909 0.13806043565273285 -0.13241082429885864 -0.06693483889102936 -0.011667860671877861 -0.1864471733570099 -0.11880483478307724 0.05625790357589722 -0.13293765485286713 0.13240356743335724 0.06964482367038727 0.03783053159713745 0.08435571193695068 -0.023151544854044914 0.029217949137091637 -0.012329312041401863 0.022338131442666054 -0.025760451331734657 0.17769047617912292 -0.02387833595275879 0.06032400578260422 0.08344090729951859 -0.1411704570055008 -0.022559819743037224 0.026567349210381508 -0.09887060523033142 -0.14427858591079712 -0.008559676818549633 0.020395085215568542 -0.003692283295094967 0.16004164516925812 0.02324121817946434 -0.09646950662136078 0.079135000705719 0.053763944655656815 0.024317484349012375 -0.024007337167859077 0.13006271421909332 -0.0006441454752348363 0.013471695594489574 0.06012563779950142 0.048598047345876694 0.09450308978557587 0.013627851381897926 -0.21603162586688995 0.08833260834217072 0.15471230447292328 -0.044858623296022415 0.012368225492537022 -0.07316059619188309 -0.054305825382471085 0.005891815759241581 0.039928290992975235 0.008996855467557907 0.025564303621649742 -0.01521394308656454 0.05180387571454048 -0.0689614936709404 -0.1309904158115387 -0.11511848121881485 0.07637012004852295 0.16573330760002136 0.0282625500112772 -0.09343108534812927 -0.04946281760931015 0.15572981536388397 0.051487937569618225 -0.16310416162014008 0.1554175466299057 0.00048691549454815686 0.09698069840669632 0.13049162924289703 0.1073594018816948 0.008907003328204155 -0.14796453714370728 -0.0697813555598259
0.01736367493867874 0.02789590321481228 -0.12409655749797821 -0.01485840231180191 0.06505025178194046 0.03492883965373039 -0.0030924987513571978 0.00601320993155241 0.0009188773692585528 -0.05889216437935829 -0.17842453718185425 -0.10408277809619904 0.015119553543627262 -0.0016867464873939753 0.0614861324429512 0.16860000789165497 -0.06617900729179382 0.0408640094101429 -0.16385668516159058 -0.022687768563628197 -0.04386673867702484 -0.08527583628892899 -0.01161299180239439 0.07183848321437836 -0.20515862107276917 -0.11161082237958908 0.13379216194152832 0.1817784309387207 -0.15426599979400635 0.05341869592666626 -0.03348998352885246 0.066507987678051 -0.05507998168468475 0.17060348391532898 0.1451384425163269 0.0856856182217598 -0.0021931666415184736 0.0553089864552021 0.0915105864405632 0.06333788484334946 0.174855574965477 0.1057083010673523 -0.01910681091248989 -0.0028225078713148832 0.014060675166547298 -0.16051125526428223 -0.07290223985910416 -0.03134096786379814 -0.03404112905263901 0.005784719716757536 -0.052444275468587875 -0.09409855306148529 -0.04396897181868553 0.19207531213760376 0.009429304860532284 0.08950372785329819 -0.12981931865215302 -0.009295147843658924 0.09106960892677307 -0.04790594056248665 0.17735126614570618 0.10175081342458725 -0.038938406854867935 0.1256672888994217 -0.04761951044201851 0.1775144338607788 0.08905752748250961 0.0083333570510149 0.16232679784297943 0.019591612741351128 -0.012994801625609398 -0.07834455370903015 0.11434514075517654 -0.07668989151716232 -0.005807423964142799 -0.16137109696865082 0.27758219838142395 0.07069160044193268 -0.13221240043640137 -0.008567447774112225 0.079099640250206 -0.1105794683098793 -0.04298627749085426 -0.11737995594739914 0.12020263820886612 -0.08104759454727173 0.1994079351425171 -0.033621300011873245 0.09711025655269623 0.09300106018781662 0.042619552463293076 0.1804218292236328 -0.012342925183475018 -0.10735486447811127 -0.07341978698968887 -0.030089817941188812 0.0001857534662121907 0.17295339703559875 -0.028844250366091728 0.015802687034010887
0.0925646722316742 0.0032819011248648167 0.024012062698602676 0.011317827738821507 -0.02412281185388565 0.09660826623439789 -0.03534405678510666 0.142466738820076 -0.09553422778844833 -0.1026686355471611 -0.1565919816493988 0.04647934064269066 -0.06084137037396431 -0.02256191335618496 0.06283000111579895 -0.0342719629406929 0.07591592520475388 0.017352847382426262 0.02597855217754841 0.09887818247079849 0.1416933238506317 -0.06030704826116562 -0.09207532554864883 -0.23268353939056396 0.10762012749910355 -0.10283729434013367 -0.06787223368883133 -0.08851131051778793 0.00010757138807093725 0.033917464315891266 -0.268653929233551 -0.0574892982840538 0.16481122374534607 -0.01712150312960148 0.1836887151002884 0.1262441724538803 0.08851055800914764 0.04664594307541847 -0.05497979372739792 -0.06564757227897644 0.07782372087240219 -0.07394875586032867 0.12552644312381744 0.07783156633377075 0.032864347100257874 -0.15849901735782623 0.04919597879052162 0.02028999663889408 -0.16550706326961517 -0.06991320103406906 0.14958377182483673 -0.015286300331354141 0.06075609475374222 -0.14612342417240143 -0.0144560681656003 0.08119563013315201 -0.05730235576629639 -0.1932508647441864 0.08408728241920471 0.05633082985877991 0.11608871072530746 -0.0801488533616066 0.02619289420545101 -0.03484555333852768 -0.03358801454305649 -0.1472824513912201 0.2080468088388443 0.04121949523687363 0.1600198894739151 0.10634350031614304 -0.097187340259552 0.028816722333431244 -0.07003767788410187 -0.09460366517305374 -0.04574216157197952 -0.1563984602689743 -0.12920455634593964 -0.08379525691270828 0.19344495236873627 -0.14701426029205322 -0.04043365269899368 -0.05649006739258766 0.14512474834918976 0.12322265654802322 0.19265562295913696 -0.12245087325572968 0.006440200377255678 -0.07204855978488922 0.09811561554670334 -0.06231144443154335 0.06122102215886116 -0.04078269749879837 -0.0826093852519989 0.018460864201188087 0.07503048330545425 -0.018796373158693314 0.04700499400496483 -0.012175199575722218 0.025991175323724747 -0.03960303217172623
-0.05594640225172043 -0.03298954293131828 0.09740141034126282 -0.07808630913496017 -0.13469570875167847 -0.11644454300403595 -0.02443537674844265 0.011380194686353207 0.11941453069448471 0.1329074501991272 -0.060748618096113205 0.1750655621290207 -0.06606130301952362 -0.020239148288965225 0.01590673252940178 -0.03273792564868927 -0.0059308502823114395 0.12168877571821213 0.07257919013500214 -0.0033480601850897074 -0.12479334324598312 0.0738813504576683 0.0986475795507431 -0.06187621131539345 0.08121668547391891 0.06225291267037392 -0.0034246332943439484 0.022917840629816055 -0.15937136113643646 0.011909261345863342 -0.0821235254406929 -0.1336504966020584 0.015682658180594444 -0.043090563267469406 -0.06404756009578705 0.037935227155685425 -0.07508864253759384 -0.061598971486091614 -0.039329636842012405 0.1696009784936905 0.16855359077453613 -0.14524975419044495 0.0011984087759628892 0.011564239859580994 -0.017494287341833115 0.05712819844484329 -0.048377446830272675 -0.0321829691529274 -0.12272012233734131 0.12571264803409576 -0.10810581594705582 -0.00848635658621788 -0.09363953024148941 -0.06381940096616745 -0.007932547479867935 -0.013173975981771946 0.00032732877298258245 -0.033586837351322174 0.1877661794424057 0.3512048125267029 0.0949348732829094 0.1538422405719757 0.0006338934181258082 -0.03704614192247391 0.11690027266740799 0.025810744613409042 0.07300348579883575 -0.12220904976129532 0.03782709315419197 0.02061973325908184 -0.032970279455184937 0.04392107203602791 -0.03969812020659447 -0.07135079801082611 -0.09729453176259995 0.01561952568590641 0.06566726416349411 -0.12305395305156708 -0.08680502325296402 -0.14377707242965698 0.12432465702295303 -0.06798671931028366 -0.14978192746639252 0.018556606024503708 -0.21822796761989594 0.03193700313568115 0.11615821719169617 0.30582863092422485 0.06517006456851959 -0.03170003741979599 -0.06489956378936768 0.09734922647476196 -0.17529147863388062 0.11965020000934601 -0.00646439241245389 0.14162097871303558 0.09865932911634445 -0.04320506379008293 0.05743829533457756 0.07115761190652847
0.022297196090221405 -0.11635977774858475 0.03064141795039177 -0.10567160695791245 -0.13256540894508362 0.09497293829917908 0.08441583067178726 0.0461629182100296 0.019434813410043716 0.001988397678360343 0.1564243733882904 0.005146909039467573 0.2067626267671585 0.14543093740940094 -0.08195573091506958 0.07959377765655518 0.16064050793647766 -0.008481890894472599 -0.03103339858353138 0.014325735159218311 -0.015142441727221012 -0.1409517377614975 0.035908691585063934 -0.3248870372772217 0.04668951407074928 -0.10707246512174606 0.06281612813472748 -0.09063684195280075 -0.011126901023089886 0.07542495429515839 0.03815683349967003 -0.0008540238486602902 -0.03149660304188728 -0.030169734731316566 -0.09445727616548538 -0.12894318997859955 -0.09089449048042297 0.20365357398986816 0.08724481612443924 -0.05969760939478874 0.02819761447608471 -0.014933044090867043 -0.09908005595207214 -0.14531540870666504 0.05666336789727211 -0.07001757621765137 -0.13530012965202332 -0.23337318003177643 -0.0155612388625741 -0.134621724486351 -0.18444415926933289 -0.1924046128988266 0.0698031410574913 -0.0870123952627182 0.10236020386219025 -0.011789534240961075 -0.08652594685554504 -0.01812821254134178 0.0024705620016902685 -0.0026180995628237724 0.0679139569401741 0.08084913343191147 -0.03606759011745453 -0.006746762897819281 -0.040835775434970856 0.012408178299665451 -0.03156987950205803 -0.12560135126113892 -0.1318107694387436 -0.14378124475479126 0.09210258722305298 -0.0999036431312561 0.09499087184667587 0.09732333570718765 0.029288027435541153 -0.022821182385087013 -0.11796285212039948 0.17640267312526703 0.15907135605812073 -0.1272624135017395 0.11449927091598511 -0.10636847466230392 -0.06274470686912537 0.010538182221353054 0.05627529323101044 0.14165577292442322 0.02803606353700161 -0.07986591756343842 0.10126587003469467 -0.041196126490831375 -0.09279735386371613 0.04877861589193344 -0.09301745891571045 0.06043432652950287 -0.06960520148277283 0.0050847153179347515 -0.04846952483057976 -0.0288993027061224 -0.15207026898860931 -0.09124737977981567
0.046972714364528656 0.03694738820195198 0.16178268194198608 -0.04518222063779831 0.09367212653160095 -0.026142604649066925 -0.027217229828238487 -0.088751420378685 -0.0377647802233696 -0.12610910832881927 0.10239341109991074 0.028724677860736847 0.2249552458524704 -0.05625958368182182 0.09042645990848541 0.007938053458929062 -0.02510308474302292 0.21014320850372314 0.022318366914987564 0.1382068246603012 -0.011972367763519287 -0.11427170038223267 -0.08190376311540604 -0.005951379891484976 -0.11947053670883179 0.10173878073692322 0.04067714512348175 -0.016042012721300125 0.012771687470376492 0.06978694349527359 -0.06870260834693909 0.07968705147504807 0.047135382890701294 -0.00047036155592650175 -0.033139824867248535 -0.09747210144996643 0.045370735228061676 0.04760920628905296 0.059691231697797775 0.060464855283498764 0.05872436240315437 0.10712573677301407 0.11656047403812408 0.03490971401333809 0.07424185425043106 -0.09330251812934875 -0.09819149971008301 -0.017823947593569756 0.056064531207084656 -0.07384613156318665 -0.12327921390533447 -0.00936609972268343 0.007730127777904272 0.04794265329837799 0.08511777222156525 0.08742328733205795 0.051714688539505005 -0.11864493042230606 0.08742694556713104 0.14698347449302673 -0.03045855462551117 0.0072649698704481125 -0.13197198510169983 -0.15586960315704346 -0.09099189937114716 0.15626473724842072 0.001880299299955368 -0.17729750275611877 0.10119982063770294 0.05074012652039528 0.13356056809425354 0.2998354434967041 -0.00885950680822134 0.18772315979003906 -0.07187548279762268 -0.04783837869763374 -0.050171125680208206 -0.12186069041490555 -0.0051784939132630825 0.025845838710665703 0.062469761818647385 0.15872366726398468 0.02247852459549904 0.03641485422849655 -0.044917527586221695 -0.008946176618337631 -0.02712387964129448 -0.13123305141925812 -0.2413376271724701 -0.06249406188726425 0.1739189475774765 0.01752091944217682 0.0742461308836937 -0.10824508219957352 -0.06907415390014648 -0.05122307687997818 -0.02847275882959366 -0.16390609741210938 0.16572682559490204 0.23546792566776276
0.15345340967178345 0.14318126440048218 -0.02838660404086113 -0.046835023909807205 0.1618703007698059 -0.06273577362298965 0.10424651205539703 -0.001830340945161879 0.0045271203853189945 -0.038467831909656525 -0.23631002008914948 -0.04450802132487297 -0.07529834657907486 -0.004447829443961382 -0.026547981426119804 0.03579387441277504 0.015782425180077553 -0.015749409794807434 0.1738210916519165 0.012289236299693584 -0.08159863948822021 -0.11656691133975983 -0.13081692159175873 0.005036921240389347 0.09676458686590195 0.12611407041549683 0.11755784600973129 -0.21620377898216248 -0.010244249366223812 0.010035393759608269 0.009872752241790295 0.08874378353357315 0.11309657990932465 0.09244027733802795 -0.1191781535744667 -0.12639521062374115 -0.06414908915758133 -0.1405097097158432 0.13731440901756287 0.01905054599046707 0.02646462805569172 -0.08006870001554489 -0.08299132436513901 -0.11144980788230896 0.11972996592521667 0.02664872258901596 -0.09053539484739304 -0.0018617194145917892 -0.16744370758533478 -0.16418808698654175 -0.055353496223688126 0.0449073426425457 0.00406657624989748 0.010384125635027885 -0.019222278147935867 0.0808376669883728 -0.04561635106801987 -0.09133193641901016 0.0790204405784607 -0.1427338570356369 -0.09837515652179718 0.14543332159519196 0.1625460386276245 0.20066973567008972 0.0866965651512146 0.15152812004089355 -0.04016710817813873 0.0208854079246521 0.036468569189310074 -0.0025708565954118967 -0.03614313527941704 -0.09915221482515335 0.0003636289620772004 0.012386584654450417 0.031033702194690704 -0.23401087522506714 -0.13285113871097565 -0.09309716522693634 -0.060483016073703766 0.1383463740348816 -0.04731833562254906 -0.0056234183721244335 0.0928964763879776 0.050685375928878784 -0.1896521896123886 0.2247282713651657 -0.032093461602926254 0.04793357104063034 0.05521968752145767 -0.042588889598846436 -0.08288223296403885 -0.07244555652141571 -0.015378698706626892 0.006448774598538876 0.11349277198314667 -0.09574434906244278 -0.07093525677919388 0.0600774772465229 0.18226461112499237 -0.0483652800321579
-0.009742834605276585 0.10399891436100006 -0.0989876240491867 0.10183782875537872 0.014036277309060097 -0.008751892484724522 0.01127750426530838 0.08134578913450241 -0.01184864155948162 0.05413108691573143 -0.037518210709095 0.1185041218996048 0.021257886663079262 0.023943962529301643 0.03983725234866142 0.03567715361714363 -0.07895923405885696 0.08373063802719116 -0.2349008321762085 -0.0949825644493103 0.02981467917561531 -0.018941914662718773 -0.14686135947704315 0.22400404512882233 -0.2635716497898102 -0.05860267952084541 0.04405668377876282 -0.14767484366893768 0.08375014364719391 -0.04280027002096176 0.16385570168495178 0.06223807856440544 -0.06461767107248306 -0.13173794746398926 0.014901718124747276 -0.059616491198539734 0.12195190787315369 0.11521723121404648 0.11644105613231659 -0.07166314125061035 0.02791234664618969 -0.2932044267654419 0.024807168170809746 -0.04880651831626892 0.16029894351959229 0.1104150116443634 -0.07371015846729279 -0.23524467647075653 -0.04468437284231186 -0.1395156979560852 0.20112425088882446 -0.041717205196619034 -0.18643537163734436 -0.035863619297742844 -0.10669060051441193 0.19457247853279114 0.15703055262565613 -0.03953167051076889 -0.006424176041036844 -0.048484835773706436 -0.013128509745001793 0.012391678057610989 -0.02379443496465683 0.0318712517619133 0.003994359169155359 -0.12402144074440002 0.05403187870979309 0.011472169309854507 -0.0032111688051372766 0.04565612971782684 0.025224504992365837 0.06222524493932724 -0.0860397070646286 -0.0701247826218605 -0.005240274593234062 0.12221655249595642 -0.011417388916015625 -0.1174856647849083 0.07845228165388107 -0.08542654663324356 -0.011038689874112606 -0.15076324343681335 -0.10463303327560425 0.05690549686551094 -0.10829637199640274 0.0071395705454051495 -0.04591410979628563 -0.11287539452314377 0.008397085592150688 0.027573658153414726 -0.04209621995687485 0.1803140640258789 -0.0816676914691925 0.043833550065755844 -0.016773181036114693 0.10388428717851639 -0.021957015618681908 -0.11541949212551117 -0.005653242580592632 0.028598470613360405
0.021969785913825035 -0.025507774204015732 -0.06117759644985199 0.05580349639058113 -0.13167598843574524 0.060932256281375885 0.118622787296772 -0.07137585431337357 0.01872687228024006 0.07632072269916534 0.04429164528846741 -0.2931646406650543 -0.11370249092578888 0.0217924565076828 0.12083517760038376 0.07376519590616226 0.14699296653270721 0.0942685455083847 -0.08942949026823044 0.03127388283610344 -0.10906770825386047 -0.03623314946889877 0.09563741087913513 0.04690759629011154 0.09468404203653336 0.02984505705535412 0.011562188155949116 -0.19513966143131256 0.03228539600968361 0.07383792847394943 -0.0916462317109108 -0.005217586178332567 0.046815961599349976 -0.0343453548848629 -0.08202371001243591 -0.014666371047496796 -0.23957405984401703 0.048813819885253906 0.030641518533229828 -0.062064893543720245 0.12532396614551544 -0.05933648347854614 -0.07072076946496964 0.10273084044456482 -0.06555957347154617 0.24625365436077118 -0.0006226297118701041 0.019770711660385132 -0.07216155529022217 0.034439101815223694 0.1551293134689331 -0.021288372576236725 0.021810026839375496 -0.026643840596079826 0.0026270118542015553 0.06597732752561569 -0.0938357412815094 -0.06400732696056366 0.014649033546447754 -0.07322695106267929 -0.16522832214832306 -0.1560204029083252 -0.08486421406269073 0.011900249868631363 -0.025976506993174553 0.020573172718286514 0.004821522627025843 -0.15564312040805817 0.14925740659236908 0.09795458614826202 -0.01627073436975479 -0.11976621299982071 0.10643935203552246 0.0038558270316570997 0.029569096863269806 0.03424834832549095 0.04987441375851631 0.0077518620528280735 -0.09147408604621887 -0.10412727296352386 0.0799461305141449 -0.061669256538152695 -0.1031133383512497 0.11187959462404251 0.01962043158710003 0.08056195825338364 -0.011302798055112362 -0.06735162436962128 -0.04001675918698311 0.18831942975521088 0.2644849717617035 -0.19806194305419922 0.10211954265832901 -0.13472816348075867 -0.00748872384428978 0.19873550534248352 0.16931115090847015 -0.010060925967991352 -0.033997341990470886 0.11031998693943024
0.02219867892563343 0.02258792333304882 -0.008983216248452663 -0.07043846696615219 0.2816218435764313 0.008294440805912018 0.06586140394210815 0.03008878603577614 0.20646870136260986 0.004415595438331366 -0.014096051454544067 -0.18169327080249786 -0.030507834628224373 -0.09380310773849487 -0.18511058390140533 -0.054532166570425034 -0.056385964155197144 0.04097997397184372 0.2351098209619522 0.025698522105813026 0.05949731543660164 -0.04563279449939728 0.05763676017522812 0.09279874712228775 -0.06983466446399689 0.15427522361278534 0.06537049263715744 -0.09223154187202454 0.028672371059656143 -0.09205925464630127 -0.1097165048122406 0.058565903455019 0.04450676962733269 0.2141072303056717 -0.06488706916570663 -0.06010136380791664 -0.08630530536174774 -0.05720733851194382 -0.23257037997245789 -0.03785829618573189 -0.043326038867235184 0.027607731521129608 0.1098073348402977 0.04707329347729683 0.08665086328983307 -0.11195097863674164 -0.054421473294496536 -0.11764858663082123 -0.10879261791706085 -0.022940661758184433 -0.052664708346128464 -0.14897510409355164 -0.12957555055618286 -0.012257110327482224 -0.0675819143652916 -0.011760787107050419 -0.020970625802874565 0.1269610971212387 -0.12304756045341492 0.09667381644248962 0.027572793886065483 0.09968722611665726 -0.16406716406345367 -0.046239692717790604 -0.1306775063276291 -0.17827653884887695 -0.09878124296665192 0.014761876314878464 0.18447110056877136 -0.1369629055261612 0.13232360780239105 -0.039391420781612396 -0.023687703534960747 -0.014271696098148823 -0.04850529879331589 0.16203844547271729 0.005244070664048195 0.04094811901450157 0.04201383516192436 -0.07791700214147568 -0.0937107726931572 -0.13938264548778534 -0.016233595088124275 0.014816753566265106 0.06698019802570343 -0.12889152765274048 -0.0965070053935051 -0.06381043046712875 0.026515621691942215 0.06939984858036041 0.00042652900447137654 -0.08449213206768036 -0.11169669777154922 0.1259385347366333 -0.11299943178892136 0.14973123371601105 0.034141652286052704 0.12297914922237396 0.03447667136788368 0.008408990688621998
0.059121303260326385 0.1259441077709198 0.05096237361431122 0.07006268203258514 -0.013671207241714 -0.24363578855991364 -0.0674704983830452 -0.024043191224336624 0.07114407420158386 0.10388235002756119 0.0375591404736042 -0.007836799137294292 0.04597531259059906 -0.12780308723449707 0.12199797481298447 -0.0234807301312685 -0.08208420872688293 -0.04337296262383461 -0.021086134016513824 0.03624984994530678 0.0639040619134903 -0.0731101930141449 -0.1777307689189911 -0.1269773244857788 -0.17454390227794647 -0.05361256003379822 0.08826387673616409 0.06434247642755508 0.027022045105695724 -0.11648398637771606 -0.049616120755672455 -0.02686442993581295 -0.028112391009926796 -0.08330467343330383 -0.09012971818447113 0.10048079490661621 -0.12883050739765167 -0.008640996180474758 -0.010928991250693798 0.045036979019641876 -0.16661645472049713 -0.06425922363996506 -0.1443682760000229 0.20443877577781677 -0.020228300243616104 0.11437710374593735 0.09368693828582764 -0.07799088209867477 -0.045717112720012665 -0.1682639867067337 -0.00818764790892601 0.029644550755620003 0.1944967806339264 0.0686374083161354 0.07160989195108414 0.04417330026626587 -0.07920446991920471 0.2281743735074997 -0.017892183735966682 0.027116117998957634 -0.05484355613589287 0.0030142629984766245 0.01313017588108778 -0.09855203330516815 0.01103986520320177 0.11649604141712189 -0.17047227919101715 -0.16533558070659637 0.2012675404548645 -0.04340248927474022 -0.09584777057170868 0.023346133530139923 -0.0074449446983635426 -0.028761617839336395 0.031109603121876717 -0.07018867135047913 -0.1443227380514145 0.006485850550234318 -0.06694304943084717 0.08061638474464417 -0.01387309841811657 0.1654433310031891 0.0021909030620008707 0.03407268226146698 0.0681345984339714 -0.11577803641557693 0.003443349851295352 -0.03811350837349892 0.17261956632137299 0.07563678175210953 0.09555789083242416 0.14888118207454681 -0.20817424356937408 0.10186086595058441 0.09302261471748352 -0.01810981146991253 0.1348114311695099 -0.05468777194619179 -0.14004826545715332 -0.16340820491313934
-0.2226201444864273 -0.07164092361927032 0.3003261983394623 -0.15480084717273712 -0.0024780407547950745 -0.12230382859706879 -0.0013622117694467306 -0.11001039296388626 0.10814085602760315 0.10303937643766403 0.015742050483822823 0.030135901644825935 -0.11860764026641846 0.03357994928956032 0.01269407570362091 0.2043781727552414 0.039747852832078934 -0.12313362210988998 0.0744725912809372 -0.047137316316366196 -0.10790973156690598 -0.11503340303897858 0.08529544621706009 -0.05719742551445961 0.05792219936847687 0.01712789386510849 -0.019930779933929443 -0.038303881883621216 -0.0649055615067482 -0.13090528547763824 -0.0636465847492218 0.13100522756576538 -0.037649091333150864 0.03504962474107742 0.007249165792018175 0.08966433256864548 0.08628199249505997 0.09864594042301178 0.011823081411421299 -0.18944820761680603 -0.045944999903440475 0.0606066919863224 -0.002915973775088787 0.10872966796159744 0.1519157439470291 0.1615714430809021 -0.05515085160732269 0.01970941759645939 0.03358284384012222 -0.20231275260448456 0.03804263100028038 -0.030429745092988014 0.19567488133907318 -0.053620122373104095 -0.16088645160198212 0.049772944301366806 -0.006881040055304766 -0.0024795271456241608 0.07962655276060104 0.02468492090702057 -0.00688308198004961 -0.0750325471162796 -0.11205196380615234 0.09603632241487503 -0.13431678712368011 -0.15885044634342194 0.18182195723056793 0.029904169961810112 -0.044661398977041245 0.18061994016170502 0.0029950616881251335 -0.06346157938241959 0.07231553643941879 0.06732159852981567 -0.027472656220197678 -0.0584569051861763 0.05044850707054138 -0.012540394440293312 -0.1656620353460312 0.15526212751865387 -0.1372179239988327 -0.08362188190221786 0.08892252296209335 -0.1285380870103836 -0.053340647369623184 -0.04234100505709648 0.003779966849833727 -0.03356452286243439 -0.07480533421039581 -0.084468774497509 -0.015730248764157295 0.18509548902511597 0.047929976135492325 0.15146498382091522 -0.013517551124095917 -0.0007048961124382913 -0.03778504952788353 0.006106051150709391 -0.06234555318951607 0.12156078219413757
-0.05355340242385864 -0.06245381012558937 0.12062057107686996 -0.026015629991889 0.09165821224451065 0.15200358629226685 -0.0764625295996666 0.0057253590784966946 -0.03395900875329971 -0.07606996595859528 -0.02647177316248417 0.013413246721029282 0.06625247001647949 0.039900973439216614 0.05112946406006813 0.060665909200906754 0.11766042560338974 0.12298370897769928 -0.0922861322760582 0.1389331817626953 0.008818288333714008 -0.14485587179660797 0.03702976554632187 -0.019244885072112083 -0.03231443092226982 0.019061926752328873 -0.15941305458545685 0.06437769532203674 -0.07744313776493073 -0.11776114255189896 -0.07488175481557846 -0.04182418808341026 -0.011763310991227627 -0.21543152630329132 0.10001766681671143 -0.23544158041477203 -0.11647069454193115 -0.1410464495420456 0.018163681030273438 -0.014683074317872524 -0.07557865977287292 -0.012919357977807522 -0.04530928283929825 -0.01465390995144844 -0.06499724090099335 0.055802177637815475 0.08205176889896393 -0.081748366355896 0.14125002920627594 -0.12488417327404022 -0.15398134291172028 -0.06454112380743027 -0.017756296321749687 -0.05904616042971611 -0.030252404510974884 0.09156105667352676 -0.018738284707069397 0.019943345338106155 0.006021551322191954 -0.09881564974784851 0.1101832166314125 0.04460342973470688 -0.06026216968894005 0.09877288341522217 0.09455375373363495 0.11502470076084137 -0.06390172243118286 0.05951913073658943 0.020372550934553146 0.1303977519273758 -0.1521187424659729 -0.19170977175235748 -0.11545070260763168 0.037801507860422134 -0.2472403645515442 0.18330422043800354 0.14184199273586273 -0.25186118483543396 0.14165589213371277 0.13094325363636017 -0.023655671626329422 0.05106152594089508 -0.02059842273592949 0.09765606373548508 -0.058939676731824875 -0.14623288810253143 -0.11551716923713684 0.06415770947933197 0.10273133963346481 0.13961802423000336 -0.058596838265657425 -0.09614534676074982 0.052334319800138474 0.05929592251777649 -0.10018371790647507 -0.09893868118524551 0.07649914920330048 0.15577755868434906 -0.033891305327415466 0.019638771191239357
-0.030061211436986923 0.14112336933612823 0.03062775544822216 -0.11692765355110168 0.19780060648918152 0.11018414795398712 0.012401091866195202 -0.06080210581421852 0.08472197502851486 -0.042526017874479294 0.03733503818511963 0.01900811865925789 -0.00482295174151659 -0.028372451663017273 0.030345097184181213 -0.20877261459827423 0.15715573728084564 -0.1934429407119751 0.02932923473417759 -0.14761590957641602 -0.10686522722244263 -0.08834303170442581 -0.12769155204296112 0.10156489163637161 -0.05611230432987213 0.03896467387676239 -0.02770742028951645 0.013037333264946938 -0.22583237290382385 -0.0773477852344513 -0.007512673735618591 -0.16497984528541565 0.0022900537587702274 -0.005954565480351448 0.01126808300614357 0.0864730030298233 -0.09331642091274261 0.35431739687919617 -0.06500720232725143 -0.10167372226715088 0.03337705507874489 0.002058981219306588 0.010003127157688141 -0.05431561917066574 -0.08087315410375595 0.04007089510560036 -0.053919415920972824 -0.002218828769400716 0.054235488176345825 0.12032557278871536 0.03359544649720192 0.1347745805978775 0.07652279734611511 -0.08666087687015533 0.0186269823461771 0.19031311571598053 -0.057407196611166 -0.0788232684135437 -0.0050584981217980385 0.020889930427074432 -0.10930844396352768 0.07007905095815659 -0.0018488431815057993 -0.007443643640726805 0.18833880126476288 -0.1326720267534256 -0.03919185325503349 0.04701733589172363 0.004498599097132683 -0.0023129063192754984 0.029525475576519966 0.02887609787285328 -0.019827548414468765 0.23163174092769623 0.0549069344997406 -0.06288067996501923 0.17572401463985443 0.019747281447052956 0.08116458356380463 0.015465740114450455 0.07343928515911102 0.13617448508739471 -0.14051920175552368 0.03931202366948128 0.06318101286888123 -0.020766887813806534 0.07006825506687164 -0.05369094759225845 0.1314944624900818 -0.013924847356975079 -0.009216721169650555 0.026093361899256706 0.09183734655380249 0.07325595617294312 -0.061393897980451584 -0.016859764233231544 0.08183787763118744 -0.05330626294016838 0.2405138462781906 -0.17055125534534454
-0.016709065064787865 0.23190246522426605 0.10316362977027893 0.07478216290473938 -0.06817428022623062 0.09770125895738602 -0.14514371752738953 -0.031033890321850777 0.22010233998298645 -0.04436435550451279 -0.08112375438213348 0.02667287178337574 -0.1304166465997696 -0.03672114759683609 -0.10815134644508362 -0.07288867980241776 -0.03985164687037468 0.09027305990457535 -0.18635506927967072 0.03931982442736626 -0.08001787960529327 0.046753887087106705 -0.11531181633472443 -0.04965377599000931 -0.01868351735174656 -0.10613621026277542 0.033765070140361786 0.017943410202860832 -0.24434369802474976 0.08826243132352829 -0.10527784377336502 0.13600647449493408 0.0779632031917572 -0.01170146930962801 0.011507824063301086 -0.11875232309103012 -0.060646019876003265 0.017937149852514267 0.03043469600379467 0.043793100863695145 -0.097727470099926 0.17320828139781952 -0.14465245604515076 -0.050692368298769 -0.1857217401266098 0.02313651144504547 -0.09158013015985489 -0.07592542469501495 -0.06201964244246483 0.03541235625743866 0.05317986384034157 0.06576428562402725 0.08427456766366959 -0.07635939121246338 0.033817827701568604 -0.035321708768606186 0.15496450662612915 -0.07419344037771225 -0.09602848440408707 0.07208924740552902 0.11061064898967743 0.086966872215271 0.11079809069633484 0.06461961567401886 -0.13368071615695953 -0.09380672127008438 -0.09782238304615021 -0.01139501016587019 0.0130501389503479 0.08192462474107742 0.06788987666368484 -0.0452217236161232 -0.1393374502658844 -0.123578280210495 -0.002451962325721979 -0.03316594660282135 0.06062804535031319 0.14572183787822723 -0.09655332565307617 0.06151491031050682 0.06549445539712906 0.025513216853141785 0.016544997692108154 -0.07127483934164047 0.0663369670510292 0.021759018301963806 -0.19172237813472748 -0.10563050955533981 0.05312834680080414 0.020824315026402473 -0.11324840039014816 -0.1795366257429123 -0.009130681864917278 0.05081859230995178 0.08344817906618118 0.0853828564286232 -0.13879477977752686 -0.21471107006072998 -0.08072114735841751 0.22068145871162415
0.1155247911810875 -0.01813526265323162 -0.1657710075378418 -0.16206011176109314 0.35242465138435364 -0.022508809342980385 0.08435480296611786 -0.013270938768982887 -0.012348356656730175 0.08176102489233017 -0.11857935041189194 -0.09261704981327057 0.10496245324611664 -0.01331666111946106 -0.0988495871424675 -0.0616133026778698 -0.09663525968790054 0.0013722694711759686 -0.05507754161953926 -0.05947880074381828 -0.09707698225975037 0.028526529669761658 0.23775896430015564 -0.009744386188685894 0.11437498778104782 0.10903267562389374 -0.03776765614748001 0.047303780913352966 0.10059241205453873 0.13148732483386993 -0.0024355046916753054 -0.06360692530870438 0.06056275963783264 -0.007062618155032396 0.061439476907253265 -0.02624402940273285 -0.06625828146934509 0.038515906780958176 0.032136935740709305 -0.07537061721086502 0.14649280905723572 0.04094994440674782 -0.09299915283918381 0.24962498247623444 -0.15970636904239655 -0.016282202675938606 -0.09142559766769409 -0.015531416051089764 0.13705214858055115 -0.09291476011276245 0.0648079589009285 0.08045637607574463 -0.04762783646583557 -0.13888585567474365 0.06955640763044357 -0.12103693932294846 0.08235630393028259 -0.004147213883697987 0.07698429375886917 -0.011958491057157516 0.03768318146467209 -0.009948846884071827 -0.010539921000599861 -0.1643146574497223 0.05038437619805336 -0.022063590586185455 0.10296151787042618 0.05290352553129196 -0.06834367662668228 0.16310535371303558 -0.013587454333901405 0.05482923611998558 0.007417730987071991 0.0011773095466196537 -0.09255022555589676 -0.02974996529519558 -0.01110640075057745 -0.04604349657893181 0.00033148692455142736 0.10202999413013458 0.010957039892673492 0.0036480799317359924 -0.13487504422664642 -0.03149427846074104 0.009994608350098133 0.1156071275472641 -0.1902087926864624 -0.057488299906253815 0.12882384657859802 0.06540657579898834 0.03945624455809593 0.1915798783302307 -0.18643338978290558 -0.06613005697727203 0.09481657296419144 -0.11131536960601807 -0.09789147228002548 -0.13128189742565155 -0.2044096738100052 -0.006318708881735802
0.04063468798995018 0.15911303460597992 -0.013450575061142445 0.04467228055000305 -0.10583525151014328 -0.09930036962032318 0.07883609086275101 0.03762233257293701 0.0033882693387567997 -0.24074837565422058 -0.03530266508460045 -0.03867270424962044 -0.07113337516784668 0.07832907885313034 -0.2004694938659668 -0.115102119743824 -0.04911673441529274 -0.1507534235715866 -0.02540423907339573 0.05963422730565071 0.2041139453649521 0.1557437628507614 0.22151054441928864 0.04357863590121269 -0.046386927366256714 0.024678848683834076 -0.08033322542905807 0.1444614678621292 0.05542853847146034 -0.09591532498598099 -0.09839276969432831 -0.09436646848917007 0.08398603647947311 -0.05600988119840622 0.06722571700811386 0.07393845170736313 -0.053489189594984055 0.07059424370527267 0.15064558386802673 0.03326471149921417 -0.1338409185409546 0.030257267877459526 -0.09637074917554855 0.0687648355960846 0.09611508995294571 0.020269250497221947 0.027422191575169563 -0.13607268035411835 -0.09653136134147644 -0.10301614552736282 -0.062253836542367935 -0.0440826416015625 0.005587410181760788 0.07733406871557236 0.22149701416492462 0.18828003108501434 -0.010587498545646667 -0.11879750341176987 0.15030597150325775 0.18393881618976593 -0.05698344111442566 -0.1269494593143463 0.04497041925787926 0.08339595049619675 -0.14058096706867218 -0.11822327226400375 -0.1075681522488594 0.017887551337480545 -0.03604578971862793 -0.07521271705627441 0.012573933228850365 -0.11351538449525833 0.2303391546010971 0.03996596112847328 0.07208660244941711 0.012918965891003609 0.17658211290836334 -0.06398774683475494 0.059756625443696976 0.007931863889098167 0.04584779962897301 -0.02449987083673477 -0.026060543954372406 0.06320711225271225 -0.11794420331716537 0.035931866616010666 -0.20628401637077332 0.09680092334747314 -0.13232529163360596 -0.010260452516376972 0.05910677835345268 0.07505907863378525 -0.011399883776903152 -0.050271011888980865 0.015935370698571205 -0.09104830771684647 -0.013319930993020535 0.037939973175525665 0.04357181861996651 0.01694648526608944
0.05184151232242584 -0.10314862430095673 0.12970885634422302 -0.10078992694616318 -0.14999201893806458 -0.11179698258638382 -0.06615646183490753 0.13396528363227844 -0.0609520860016346 -0.1418106108903885 -0.08116305619478226 0.0056708501651883125 0.08954708278179169 -0.042523354291915894 -0.031268566846847534 -0.06745489686727524 -0.10696878284215927 -0.016268016770482063 -0.022842632606625557 0.10985102504491806 -0.1431395560503006 -0.03818991035223007 0.025213273242115974 0.03771646320819855 -0.24104708433151245 0.15127629041671753 0.09122025221586227 -0.09052257984876633 0.06876266747713089 0.0397711917757988 0.04606541618704796 -0.06570503860712051 -0.13370737433433533 -0.055152446031570435 -0.03491896763443947 0.15281105041503906 -0.07691855728626251 0.09079083055257797 -0.04712539166212082 -0.013300514779984951 0.06929720193147659 -0.0025659522507339716 -0.021139400079846382 0.11573545634746552 -0.11707527935504913 -0.19724708795547485 0.172224760055542 0.028791964054107666 -0.0787670835852623 -0.055209167301654816 -0.09596814215183258 -0.09660406410694122 -0.013796314597129822 -0.003274648915976286 -0.0962778851389885 0.09913244098424911 -0.01965678483247757 0.1035628691315651 -0.024271242320537567 0.027486484497785568 -0.1787531077861786 0.2139972299337387 -0.1909046769142151 0.07448621839284897 0.07036060839891434 -0.0896296352148056 0.02661578543484211 0.08326168358325958 -0.01617545820772648 0.0773400217294693 -0.1859978884458542 -0.12218873202800751 -0.1969892978668213 0.020866218954324722 0.07085956633090973 -0.042781997472047806 0.0014343756483867764 0.03939884901046753 -0.014386643655598164 0.02366207167506218 0.012846763245761395 -0.10751510411500931 -0.060097940266132355 0.029837142676115036 0.17801600694656372 0.15570656955242157 -0.10657577216625214 0.13250432908535004 -0.10083690285682678 -0.10201302170753479 -0.021697720512747765 -0.09731797128915787 0.20233184099197388 -0.08663274347782135 0.13713741302490234 0.028027353808283806 -0.09259136021137238 -0.09828012436628342 -0.10952267795801163 0.016256535425782204
-0.27785712480545044 0.061762452125549316 -0.06132516637444496 -0.16544246673583984 -0.08772670477628708 -0.06373638659715652 -0.03269035741686821 -0.21492576599121094 -0.2306678593158722 0.15135668218135834 -0.17361390590667725 0.01561619434505701 0.014734970405697823 -0.0595569871366024 -0.15203718841075897 -0.139958456158638 -0.07478585839271545 0.22583088278770447 0.02829836495220661 0.22439132630825043 -0.024423127993941307 0.16205023229122162 0.11040148884057999 0.004914657678455114 -0.07501671463251114 0.1526634395122528 0.24198146164417267 -0.06396552920341492 -0.019555995240807533 -0.0728246197104454 0.007640467025339603 -0.08370828628540039 -0.016751695424318314 -0.032952357083559036 -0.10264230519533157 -0.12583748996257782 -0.07326977699995041 0.10972974449396133 0.03720627725124359 0.09149165451526642 -0.12022966891527176 0.03498132899403572 -0.0508970208466053 -0.13532628118991852 -0.08063095808029175 -0.06500425189733505 -0.016296781599521637 0.08241945505142212 0.10383355617523193 -0.039730582386255264 0.08146970719099045 0.07253603637218475 -0.024976974353194237 -0.2044920027256012 0.07343118637800217 0.17252978682518005 -0.03054823912680149 0.04822291433811188 -0.03338322788476944 -0.0647788941860199 0.039238497614860535 -0.18497012555599213 0.031223807483911514 0.029213542118668556 -0.013121492229402065 -0.0464937761425972 0.09458219259977341 -0.11607449501752853 0.05765221267938614 -0.0014892995823174715 0.029081284999847412 0.038305215537548065 -0.039926789700984955 -0.05496673658490181 0.07118797302246094 -0.07845606654882431 -0.030155064538121223 0.07357849925756454 0.06740854680538177 -0.059646397829055786 -0.03536827489733696 -0.06323611736297607 0.1253298670053482 -0.02259148098528385 -0.00959557294845581 -0.07528215646743774 0.030627382919192314 -0.04326853156089783 0.1119767278432846 -0.056871574372053146 -0.04810819774866104 0.08344493806362152 0.08748923242092133 -0.04644637554883957 -0.09629035741090775 -0.06638867408037186 0.08019377291202545 0.14609187841415405 -0.014962814748287201 -0.014229459688067436
-0.09646471589803696 -0.1301741600036621 0.01854005642235279 -0.15584611892700195 -0.0010413426207378507 0.057234667241573334 0.04210929572582245 0.029958218336105347 -0.058988459408283234 -0.03533108904957771 -0.042749740183353424 0.06004229933023453 0.022083830088377 -0.11527976393699646 -0.11374685913324356 0.03200995922088623 -0.035034146159887314 -0.05529673397541046 -0.1025352030992508 0.03341703489422798 0.12260796874761581 0.07452790439128876 -0.09312441200017929 -0.000888773996848613 -0.14175425469875336 -0.06903378665447235 -0.09494049102067947 -0.02968931570649147 0.14247044920921326 -0.04501855745911598 0.057629480957984924 0.2624944746494293 0.08151335269212723 -0.09309637546539307 0.03076588176190853 0.05616385489702225 -0.18474580347537994 -0.054244205355644226 0.0021748824510723352 -0.30954545736312866 0.2436407208442688 0.16995792090892792 0.028212402015924454 0.1297774612903595 -0.05817565694451332 0.061549849808216095 0.02833629585802555 -0.16883617639541626 -0.031353484839200974 0.07769105583429337 -0.12188456207513809 0.12931624054908752 -0.02587071992456913 -0.062133219093084335 -0.032341521233320236 -0.05216209590435028 0.01893608085811138 -0.08810976147651672 0.0832335352897644 0.017935147508978844 -0.1778009831905365 -0.08597791194915771 0.2148786187171936 0.008921384811401367 0.05124032497406006 -0.029952360317111015 -0.12409119307994843 -0.20104610919952393 0.02124866656959057 -0.15510620176792145 0.19630774855613708 0.06683116406202316 -0.09635788947343826 0.005227622110396624 -0.06805046647787094 -0.06844105571508408 0.03336929529905319 -0.06866054981946945 -0.05216675624251366 0.0665057823061943 -0.034057389944791794 -0.08935387432575226 0.07797493040561676 -0.0015434907982125878 -0.01215940061956644 -0.1276966631412506 0.12050874531269073 0.15942710638046265 0.14732934534549713 -0.0771745815873146 -0.03760064020752907 -0.039701227098703384 0.06173336133360863 -0.07628307491540909 0.02519642747938633 0.0881299078464508 -0.05644248053431511 0.07428375631570816 -0.028483834117650986 -0.01788213476538658
0.014839493669569492 0.0014365843962877989 0.014457553625106812 -0.04124327376484871 0.14393579959869385 0.11494936048984528 -0.03362846374511719 0.04165714979171753 0.06071164458990097 -0.09467782825231552 0.058917202055454254 0.08415424823760986 0.008485030382871628 -0.14956514537334442 -0.09010257571935654 0.06324419379234314 0.05322142317891121 -0.07521694153547287 0.04512689635157585 -0.04436313733458519 -0.012973638251423836 0.11262451857328415 0.14371801912784576 -0.11865554749965668 -0.2048642486333847 -0.03427701070904732 -0.002783823059871793 0.01705465465784073 0.13671252131462097 0.13101771473884583 -0.15391169488430023 0.0347459614276886 0.028035635128617287 -0.02320634014904499 0.0556899718940258 0.062181588262319565 -0.015004563145339489 -0.15741285681724548 0.26309627294540405 -0.12118504196405411 -0.14130638539791107 -0.11039809882640839 0.022448023781180382 -0.2549688220024109 -0.07338220626115799 -0.06279359757900238 0.11301591992378235 0.03398008644580841 0.06968607008457184 -0.054957833141088486 0.1034252792596817 0.08276049047708511 0.017864299938082695 -0.01875849813222885 0.10020498931407928 0.014562173746526241 -0.07461084425449371 0.09085617959499359 0.08933465927839279 -0.07236781716346741 0.053565654903650284 0.012584450654685497 -0.19999149441719055 -0.13734625279903412 -0.03137199208140373 -0.01133615430444479 0.04351112246513367 -0.05138019472360611 0.037254154682159424 0.02404044009745121 -0.13041652739048004 0.03040366619825363 0.053020965307950974 0.11007978022098541 -0.024794742465019226 0.0802149623632431 -0.03796231001615524 0.15705376863479614 -0.09493548423051834 -0.014956682920455933 0.04490729793906212 0.003600326832383871 -0.021451937034726143 -0.04703591391444206 -0.1801428198814392 0.006350398529320955 0.09606222808361053 -0.027951151132583618 0.15472424030303955 0.037222158163785934 -0.0860210433602333 0.015267730690538883 0.1152133047580719 0.01531412173062563 0.29170873761177063 0.2698650658130646 0.023767024278640747 0.04005872458219528 0.17684461176395416 0.08792869746685028
0.0400453619658947 0.019129611551761627 -0.010090842843055725 0.06389983743429184 -0.0974627286195755 0.04237568378448486 -0.030515866354107857 0.14950880408287048 -0.03679082915186882 0.12146400660276413 0.015339584089815617 -0.0044006179086863995 -0.23344790935516357 0.053318604826927185 -0.0931561142206192 0.08247849345207214 -0.17072650790214539 -0.023163696750998497 0.027771759778261185 0.06876134872436523 -0.19360902905464172 -0.16999180614948273 0.08334427326917648 0.13300354778766632 0.1182422861456871 0.09010806679725647 -0.03989725932478905 -0.048593927174806595 -0.0375104658305645 -0.031286176294088364 0.0040688407607376575 -0.1640433669090271 -0.177595853805542 -0.13082881271839142 0.06741710752248764 0.15002182126045227 -0.014212772250175476 -0.06805627048015594 -0.09811636805534363 0.0007317396230064332 0.013823678717017174 0.07517120987176895 0.0023742550984025 -0.18894712626934052 -0.1629011482000351 0.03262585401535034 0.03550708666443825 -0.17872542142868042 -0.03338242322206497 -0.1183033213019371 -0.23235541582107544 0.008144461549818516 -0.0950029045343399 0.04457150027155876 0.24065552651882172 -0.05625249817967415 0.21903304755687714 -0.05741205811500549 0.12804372608661652 -0.16387584805488586 -0.0352950282394886 0.087435781955719 0.04161210358142853 -0.11287856101989746 0.011652970686554909 -0.022589605301618576 -0.04329012334346771 0.03772275522351265 0.13019642233848572 0.05234743654727936 0.08472923189401627 0.030626961961388588 0.08083003759384155 0.09718866646289825 -0.0011618711287155747 -0.005320884753018618 -0.00021881100838072598 0.010071144439280033 0.09120343625545502 0.015457971952855587 -0.09999246150255203 -0.049718618392944336 0.2575213313102722 -0.06139073893427849 0.013033258728682995 -0.08259133249521255 0.11681749671697617 -0.15354745090007782 0.03442808985710144 -0.03681369870901108 0.12008778005838394 0.0806141123175621 0.022774023935198784 0.006108920089900494 0.03581865504384041 0.08659962564706802 0.061250537633895874 -0.12392160296440125 0.02913506329059601 -0.03007831797003746
-0.12449324876070023 0.055469390004873276 0.01887841895222664 0.1090061217546463 0.0602644719183445 -0.1655038297176361 0.09490841627120972 -0.2612469792366028 -0.07907404750585556 0.23607492446899414 0.13642509281635284 -0.09919260442256927 -0.10867713391780853 -0.10663691908121109 -0.13614638149738312 0.011588845402002335 0.09472829848527908 4.6316374209709466e-05 0.05750054121017456 -0.07847943156957626 0.0865543782711029 -0.17005349695682526 0.009513521566987038 0.022711046040058136 -0.06459765136241913 -0.033684924244880676 -0.026569616049528122 0.1314207911491394 -0.03167630732059479 0.12784293293952942 -0.1800377517938614 0.06461554765701294 0.010754184797406197 -0.009612984023988247 -0.0014728661626577377 0.16965118050575256 -0.1347000002861023 -0.04059796407818794 0.18105089664459229 -0.13262507319450378 0.12668953835964203 -0.08434155583381653 -0.006195079535245895 -0.17668461799621582 0.015582437627017498 -0.07324794679880142 0.10795395076274872 -0.12696422636508942 0.03270413726568222 0.15043790638446808 -0.018781987950205803 0.010928522795438766 -0.09028702974319458 0.04512792080640793 0.10767859220504761 -0.049674611538648605 0.06587278097867966 -0.18973997235298157 -0.09422703832387924 0.10260893404483795 -0.09578286856412888 0.06365948915481567 -0.13026757538318634 0.20065289735794067 0.0026238304562866688 0.060128964483737946 0.14325812458992004 0.09816093742847443 0.08860281854867935 -0.07992184907197952 -0.13772615790367126 0.05879541486501694 -0.09786441922187805 -0.10755465924739838 0.019769495353102684 0.11189661920070648 -0.14901678264141083 -0.04154610261321068 0.0775553435087204 0.07910829037427902 0.08923158049583435 0.08651994913816452 0.07479153573513031 0.023826410993933678 0.07373189181089401 0.05092624947428703 -0.08782149106264114 0.011246093548834324 -0.032672662287950516 -0.03636854887008667 -0.05893272906541824 0.022756095975637436 0.018033061176538467 0.0034951732959598303 -0.1190749928355217 -0.10459370911121368 -0.036951944231987 -0.04453675448894501 -0.12571658194065094 -0.03437931835651398
0.14782680571079254 -0.19537295401096344 0.0334046334028244 0.02478393353521824 0.0437018908560276 0.029088133946061134 -0.026890728622674942 -0.014693624339997768 0.0002588861680123955 0.11422675102949142 -0.059950485825538635 0.02173725701868534 -0.03789827600121498 0.3052055835723877 -0.008487386628985405 -0.12780208885669708 -0.20644249022006989 -0.07997607439756393 0.06878841668367386 0.1454157680273056 -0.1691267043352127 0.06002465635538101 -0.006992618553340435 0.04498027637600899 0.08621209114789963 -0.017480988055467606 -0.03781658038496971 0.027516422793269157 0.0559321753680706 0.044597163796424866 -0.1298762410879135 0.09459687024354935 -0.005309541709721088 -0.06641959398984909 0.015133817680180073 0.024894213303923607 0.022850684821605682 0.04336847737431526 0.14600498974323273 -0.0011141800787299871 -0.04230940714478493 0.1513397991657257 0.14442133903503418 -0.035687558352947235 0.25196874141693115 0.15096528828144073 -0.04011407494544983 -0.07916465401649475 0.021033816039562225 0.05990881845355034 0.03178189694881439 -0.03845176473259926 0.044720008969306946 0.07157211750745773 0.06661882251501083 -0.008739237673580647 -0.023502875119447708 0.17484824359416962 0.01987668313086033 -0.09136147052049637 -0.037067074328660965 0.026896756142377853 -0.0714017003774643 0.15390563011169434 0.06678932905197144 -0.07525250315666199 -0.043202538043260574 -0.0582958459854126 0.20990364253520966 0.08701661229133606 0.027492711320519447 0.12197890877723694 0.0880056619644165 -0.12303083389997482 0.05958687514066696 -0.007161708083003759 -0.08266227692365646 -0.006113065872341394 0.06216845661401749 -0.09692525118589401 0.05083676055073738 0.12770332396030426 -0.29493287205696106 0.03847752511501312 0.051395006477832794 -0.1614910066127777 -0.024183684960007668 0.05106595158576965 0.18399108946323395 -0.1037544310092926 -0.19169990718364716 -0.06131911650300026 0.1302298903465271 -0.06631384044885635 -0.010310047306120396 -0.10530731827020645 -0.03708498924970627 -0.051610928028821945 -0.003706293646246195 0.08512558043003082
-0.05334293842315674 -0.12713642418384552 -0.058470096439123154 -0.08855404704809189 -0.06612899899482727 0.04379893094301224 0.054311543703079224 -0.029397018253803253 0.11400074511766434 -0.05648564174771309 -0.00509306788444519 0.04694704711437225 0.010209239087998867 0.16563312709331512 0.16213484108448029 -0.021222418174147606 -0.1694064736366272 0.07158012688159943 0.053619835525751114 -0.259149432182312 0.06556238979101181 -0.13056205213069916 0.00111293769441545 -0.1666443645954132 0.03656364232301712 0.21279077231884003 0.07998190820217133 0.21165138483047485 0.024838410317897797 -0.07288720458745956 -0.07577516883611679 0.05133260414004326 -0.015263278037309647 -0.07032914459705353 -0.015177545137703419 -0.022170033305883408 -0.02070656046271324 0.053923580795526505 -0.05561836436390877 -0.10604898631572723 -0.09204908460378647 -0.0233147069811821 -0.20193056762218475 -0.0514041930437088 0.0647556334733963 -0.17515556514263153 0.009613166563212872 -0.048088278621435165 -0.03774721547961235 0.10916732996702194 0.12273520231246948 0.12167740613222122 -0.11700984090566635 0.136259526014328 0.09974288195371628 -0.07587140798568726 0.0767444595694542 0.18860559165477753 0.06643495708703995 0.05493861064314842 0.0070481873117387295 -0.07041271030902863 0.01629859209060669 0.07730238139629364 -0.026657061651349068 -0.0044339862652122974 0.010160617530345917 0.03149248659610748 -0.10491790622472763 -0.10174065083265305 0.047242384403944016 -0.021511301398277283 -0.08374804258346558 -0.08561376482248306 -0.11273141205310822 -0.16958975791931152 0.03886684030294418 -0.1511414498090744 -0.061110615730285645 0.00038951754686422646 -0.10004431754350662 -0.03377677872776985 0.07655549794435501 0.27950620651245117 0.03687269240617752 0.1287282258272171 -0.04642457142472267 -0.1544487625360489 0.11585333943367004 0.04523593187332153 0.018143268302083015 0.033875707536935806 0.1958683729171753 -0.010621175169944763 -0.03253309801220894 0.10286972671747208 0.1500045657157898 -0.07603460550308228 0.047684941440820694 0.10373696684837341
0.022463012486696243 -0.01266423799097538 -0.04530180245637894 -0.0460006482899189 -0.14155803620815277 0.04786098375916481 0.17481602728366852 -0.015422147698700428 0.07805135101079941 0.030039599165320396 -0.04587296023964882 -0.10671046376228333 -0.06147021800279617 -0.11863818764686584 -0.08848753571510315 -0.09862608462572098 -0.08590176701545715 0.04126305878162384 0.15244781970977783 0.015313595533370972 -0.060282036662101746 0.14236286282539368 -0.163895845413208 0.01841125451028347 0.02570129744708538 -0.19867576658725739 0.284300297498703 0.09027530252933502 0.013074169866740704 -0.038582414388656616 0.10486511886119843 0.046281419694423676 -0.09089527279138565 -0.17540650069713593 0.13015499711036682 -0.028776036575436592 0.029906699433922768 -0.10140572488307953 -0.04818195477128029 -0.045737575739622116 0.04930446669459343 -0.04097633436322212 0.12246092408895493 0.03608401492238045 0.10660208016633987 0.07404913008213043 -0.05290788412094116 -0.04762830212712288 -0.030894409865140915 0.172480508685112 -0.04152413457632065 0.09514633566141129 0.23430104553699493 -0.16122539341449738 -0.011957305483520031 0.05939486622810364 0.10968158394098282 0.05787147209048271 0.09134161472320557 0.02646789140999317 0.03601595014333725 0.09262597560882568 -0.2756037414073944 -0.13413269817829132 0.041103072464466095 0.0918402299284935 0.12965404987335205 -0.04007374495267868 -0.0925784483551979 -0.09179039299488068 -0.016155416145920753 -0.10610945522785187 0.1942475289106369 0.01354997232556343 -0.07646049559116364 0.0686284750699997 0.0963713750243187 -0.10445428639650345 0.034585464745759964 0.14225608110427856 0.10751418769359589 -0.09351245313882828 0.10879430919885635 0.14116515219211578 0.07964003086090088 0.01412423700094223 -0.028006266802549362 -0.14047236740589142 -0.02526174671947956 0.07524116337299347 -0.051425326615571976 -0.07953193783760071 -0.011767837218940258 -0.0022139260545372963 0.12419313192367554 -0.16688673198223114 -0.05060459300875664 -0.008490337990224361 0.04211806505918503 -0.013872389681637287
-0.02656683512032032 -0.08294659852981567 -0.06370091438293457 -0.05644358694553375 -0.07941854745149612 0.013934334740042686 -0.12030043452978134 -0.14888164401054382 0.11982174217700958 0.07134611904621124 -0.11247558891773224 -0.14220240712165833 0.07510270923376083 0.058628421276807785 -0.03218887746334076 -0.012860381044447422 -0.055399756878614426 -0.028731713071465492 0.10306684672832489 0.03477133437991142 0.049735624343156815 -0.03837412968277931 -0.0378536656498909 -0.023935358971357346 -0.2262435108423233 -0.18446125090122223 -0.013087109662592411 -0.025727054104208946 0.14605222642421722 0.03975391387939453 -0.09967935085296631 0.0379926934838295 -0.05012398958206177 -0.05056177079677582 -0.2017640918493271 0.12650662660598755 0.1254044473171234 0.1279551088809967 -0.1240934357047081 0.10107887536287308 0.0011551908683031797 -0.08980537205934525 -0.08568698167800903 -0.08301104605197906 -0.11710454523563385 0.05070345476269722 0.014377928338944912 0.15806056559085846 0.1381654143333435 -0.04451942816376686 -0.004243389703333378 -0.08231815695762634 0.00974379014223814 -0.091253362596035 0.11338023096323013 -0.10517070442438126 -0.006846257951110601 -0.14972148835659027 0.13503721356391907 -0.07827750593423843 0.060119353234767914 0.007823379710316658 0.21054469048976898 0.019177841022610664 -0.045966893434524536 0.08196431398391724 0.06355979293584824 0.15495358407497406 0.14641782641410828 -0.15577349066734314 0.05322973430156708 -0.0054136705584824085 0.06384466588497162 0.010704146698117256 -0.13561882078647614 0.08421668410301208 0.07876621931791306 -0.12603859603405 0.014102660119533539 0.12270929664373398 -0.11617539823055267 -0.08611322194337845 -0.28649240732192993 0.06726806610822678 -0.0018958246801048517 0.03582417592406273 -0.0043178885243833065 -0.05432133004069328 -0.027746019884943962 -0.20029614865779877 0.14174868166446686 -0.12997490167617798 0.005874426104128361 0.19038037955760956 0.09591689705848694 0.013579117134213448 -0.08950307220220566 0.016709985211491585 0.04233749955892563 0.029713284224271774
0.0012622977374121547 -0.1293899416923523 -0.07645803689956665 -0.07451710104942322 -0.05728871375322342 0.10926712304353714 -0.11149227619171143 -0.015669062733650208 0.03082643635571003 0.03343714773654938 0.007322086486965418 0.0014579258859157562 0.0691472589969635 -0.12913177907466888 -0.0165944155305624 0.05493306741118431 -0.03010515496134758 0.044571325182914734 0.18925106525421143 -0.18173673748970032 -0.0353199802339077 0.046765364706516266 -0.1491306871175766 -0.041894230991601944 0.06019718572497368 0.04805241525173187 0.022804155945777893 -0.1249212920665741 0.04362970590591431 0.15397706627845764 0.016300758346915245 -0.04640211537480354 -0.1868949979543686 -0.045015204697847366 0.08237791061401367 -0.1391705423593521 0.048554662615060806 0.03611291944980621 0.15791471302509308 -0.060563743114471436 -0.041708193719387054 -0.01614166609942913 -0.16056892275810242 0.18891102075576782 -0.0757598951458931 -0.12193427234888077 -0.004568205215036869 0.01115434430539608 -0.18924298882484436 -0.0035859618801623583 0.04845186695456505 0.10060913860797882 0.08215225487947464 0.0937875285744667 0.1266297996044159 0.07964818924665451 0.04140980541706085 -0.05327967181801796 0.20559203624725342 0.06681714951992035 -0.1858525425195694 0.011695503257215023 0.11646325886249542 -0.012789838947355747 -0.1720154881477356 -0.025149622932076454 -0.08832746744155884 0.15709927678108215 0.07837150245904922 0.09868449717760086 -0.049239154905080795 0.05838634446263313 0.014186553657054901 -0.04032071679830551 0.03174120560288429 0.13240961730480194 -0.053586069494485855 -0.02509428560733795 0.09382818639278412 0.08172256499528885 0.08462496846914291 -0.04500608891248703 -0.10376375913619995 -0.2801939845085144 0.022299835458397865 -0.11142591387033463 0.03477078676223755 -0.02754918858408928 -0.1247653216123581 0.06511958688497543 -0.21108944714069366 -0.06725131720304489 -0.010583478026092052 0.021790582686662674 -0.16754503548145294 -0.043797001242637634 0.2245960533618927 0.12295312434434891 -0.006836355663836002 0.011657902039587498
0.09017210453748703 0.05342426523566246 -0.07474248111248016 -0.15278920531272888 -0.013941249810159206 0.08025456964969635 -0.06468991190195084 0.04571276903152466 0.10573387145996094 -0.03780536353588104 0.10220339149236679 0.05502089858055115 0.012390726245939732 -0.004311833530664444 -0.10228580236434937 0.0570761114358902 -0.07885988056659698 0.11798098683357239 0.2476133108139038 -0.069179005920887 0.12273603677749634 0.04612931236624718 -0.04988148435950279 0.10444508492946625 -0.13860450685024261 -0.11815059930086136 -0.14216457307338715 0.04177087917923927 0.04129188135266304 -0.10160571336746216 0.06372551620006561 -0.16092167794704437 -0.047481968998909 0.128925621509552 0.10503236204385757 -0.05555206537246704 -0.1417265683412552 -0.01806468330323696 -0.041922908276319504 0.021071793511509895 0.11254485696554184 -0.016644995659589767 0.12927663326263428 -0.2569940686225891 -0.2362063229084015 0.15661704540252686 -0.07729624956846237 0.1199130043387413 -0.13227853178977966 -0.17243008315563202 0.16006968915462494 -0.14931733906269073 0.14517201483249664 0.01896737515926361 -0.04749909043312073 -0.11201884597539902 -0.06184501573443413 -0.03416072577238083 0.1160225048661232 0.02045714668929577 -0.08613621443510056 -0.041997868567705154 -0.05858633294701576 0.06057586148381233 -0.013953185640275478 -0.018058378249406815 -0.0028538890182971954 -0.17030169069766998 -0.013765286654233932 0.028007661923766136 -0.06501602381467819 -0.01110382005572319 0.008423290215432644 -0.11756564676761627 0.00340377539396286 -0.09565598517656326 0.02558986097574234 0.009650246240198612 0.04709100350737572 0.04476769641041756 -0.16467078030109406 0.1520763784646988 0.01158539205789566 0.14699816703796387 0.021715683862566948 0.07353617250919342 0.028294214978814125 0.0430135540664196 -0.014813723042607307 0.0400308258831501 -0.11558312177658081 0.10966823995113373 0.07021960616111755 -0.08731884509325027 -0.18427960574626923 -0.06445250660181046 -0.011641311459243298 -0.1325272172689438 -0.16509133577346802 0.09222845733165741
-0.17481520771980286 -0.02252006158232689 0.02217699959874153 0.1047453060746193 0.11103030294179916 -0.05130646377801895 -0.10984309017658234 -0.10331480950117111 -0.1023687943816185 -0.04721881449222565 0.017975809052586555 -0.21388138830661774 0.013097342103719711 0.172174334526062 0.06237051263451576 -0.006018885411322117 -0.16368280351161957 -0.16551832854747772 -0.09149343520402908 -0.0971582680940628 0.030758293345570564 0.073629230260849 -0.09697980433702469 0.06599897891283035 -0.03719869628548622 0.091065913438797 -0.10335839539766312 -0.14006659388542175 -0.11724342405796051 -0.04238853603601456 -0.0612466000020504 -0.07868931442499161 0.014105784706771374 -0.06558872759342194 0.06848891079425812 0.06696148216724396 -0.011200129985809326 -0.037953343242406845 -0.012213186360895634 -0.09783587604761124 -0.0349624827504158 -0.05482015758752823 -0.18098819255828857 -0.03188810497522354 0.03843339905142784 -0.13819800317287445 -0.15517060458660126 0.1096547394990921 -0.13314709067344666 -0.1561930924654007 -0.09937842190265656 0.08720934391021729 0.016861500218510628 -0.01877671107649803 -0.18507646024227142 0.008890843950212002 0.1686295121908188 -0.0744519829750061 0.06673181802034378 -0.009504255838692188 0.12251660227775574 0.012645608745515347 -0.0064521110616624355 -0.21318833529949188 0.15728192031383514 0.09896024316549301 0.14434505999088287 -0.21905061602592468 0.06108777970075607 -0.2065197229385376 -0.03804097697138786 0.013477219268679619 0.1847342550754547 0.01719251647591591 -0.0014377940678969026 0.06823097169399261 -0.010175547562539577 0.04697715863585472 0.04761464148759842 -0.10254833102226257 -0.06864825636148453 0.12233353406190872 0.011137416586279869 -0.030421452596783638 0.12972165644168854 0.09160957485437393 -0.0789649710059166 0.12192121148109436 -0.03025389276444912 0.039299897849559784 -0.18815621733665466 -0.09508801251649857 0.041212499141693115 0.0004095164476893842 0.00903016235679388 0.059914443641901016 0.011974668130278587 0.08356402069330215 -0.08923906832933426 0.12772049009799957
0.176433727145195 -0.1621277630329132 -0.05422312021255493 0.1691160649061203 -0.015323761850595474 -0.053615570068359375 -0.16449463367462158 0.0441422164440155 0.040937792509794235 -0.017577258870005608 -0.2256845086812973 -0.04202641174197197 -0.09639099985361099 -0.139509916305542 0.09362595528364182 0.10533541440963745 -0.04139828681945801 -0.000352429662598297 0.012033124454319477 -0.0923074409365654 0.099167101085186 -0.04913066700100899 0.11066164821386337 -0.06288706511259079 0.02720234915614128 0.11936136335134506 0.12245821952819824 0.05881590023636818 -0.0008530298946425319 -0.10607493668794632 0.04259843751788139 0.28262293338775635 0.04552873224020004 -0.05975005030632019 -0.0839461237192154 0.04800104349851608 -0.08703500032424927 -0.1033237874507904 -0.03462633863091469 -0.04774118959903717 -0.1386173963546753 -0.22338923811912537 -0.021619204431772232 0.04611322283744812 -0.08729946613311768 0.11236175894737244 -0.008344342932105064 0.167069211602211 0.08135854452848434 0.02305126190185547 -0.06082136183977127 -0.02206491306424141 0.04844960197806358 -0.057513318955898285 0.11636441946029663 0.05101854354143143 -0.035011813044548035 -0.17107471823692322 -0.07261668145656586 -0.002279686275869608 -0.0995691642165184 -0.00933668203651905 -0.08140576630830765 -0.04679103568196297 0.061408720910549164 -0.0674104243516922 -0.08404499292373657 -0.011287307366728783 0.01994982734322548 0.04761877283453941 -0.008674298413097858 0.07807067781686783 0.021721864119172096 0.1681152880191803 -0.11957590281963348 -0.0311982911080122 0.19523097574710846 0.1056961640715599 0.08275153487920761 -0.2579272985458374 0.0748843401670456 0.015423634089529514 0.051240939646959305 -0.0036303133238106966 0.041799064725637436 0.05253631994128227 0.04588573798537254 -0.05382796376943588 0.015988923609256744 -0.1036217138171196 -0.21191518008708954 0.06728102266788483 -0.004005874041467905 -0.006450338289141655 -0.23878078162670135 -0.09332118183374405 -0.15601016581058502 -0.06241109222173691 -0.03266359865665436 0.03889911621809006
0.05369265004992485 0.09863903373479843 0.14797641336917877 -0.15169057250022888 0.06698975712060928 0.056105341762304306 -0.008308402262628078 -0.04064934700727463 0.12666289508342743 0.02436123415827751 0.10635018348693848 -0.18486754596233368 -0.11401090770959854 0.024183858186006546 0.08636493980884552 0.006990834604948759 -0.12896142899990082 0.06269464641809464 -0.16037312150001526 0.16240136325359344 0.11501055210828781 0.11315658688545227 -0.15370406210422516 -0.07961927354335785 -0.002494419226422906 0.1268240362405777 0.02795380726456642 -0.011858256533741951 -0.12551674246788025 0.17774982750415802 0.08545094728469849 0.12145599722862244 -0.10168254375457764 -0.04505837708711624 -0.006789688486605883 -0.11607597023248672 0.1079716607928276 -0.029136767610907555 0.03259139880537987 -0.11359278857707977 -0.047546613961458206 0.10478029400110245 0.005193733144551516 -0.06133009493350983 -0.13997064530849457 0.13363608717918396 0.08928696811199188 0.0680951252579689 -0.06291144341230392 -0.060933031141757965 0.03908906877040863 -0.027835389599204063 -0.1876562237739563 0.07407763600349426 0.010919604450464249 -0.14503058791160583 -0.08705369383096695 -0.016797028481960297 0.07563816756010056 0.004448956809937954 -0.051302626729011536 -0.050941821187734604 -0.17253294587135315 -0.11430758237838745 -0.057289041578769684 -0.005369845312088728 0.06810633093118668 0.10139637440443039 -0.07877446711063385 0.005668587051331997 -0.05655533820390701 -0.05234316736459732 0.0933254286646843 -0.030100930482149124 0.1786583960056305 -0.07012679427862167 0.06952378153800964 -0.2335537075996399 0.04501450061798096 -0.08637610077857971 0.1239851862192154 0.06871598213911057 0.02279300056397915 0.04283122718334198 0.026260634884238243 0.0267619788646698 -0.0591106116771698 0.06278591603040695 0.051078666001558304 -0.3033353090286255 -0.003821865189820528 0.06128861382603645 -0.08649782091379166 0.02423124574124813 -0.0760643407702446 0.13427305221557617 -0.014512179419398308 0.10306332260370255 0.02640281431376934 -0.2511551082134247
-0.04284020513296127 -0.1448303759098053 -0.058980103582143784 -0.06303198635578156 0.021244598552584648 -0.080751933157444 -0.17469865083694458 0.061967428773641586 -0.03696255758404732 -0.06913260370492935 0.07644796371459961 0.07693377882242203 -0.029897546395659447 0.04986824840307236 0.013333199545741081 -0.09801521897315979 0.07135819643735886 0.19405628740787506 -0.0026817764155566692 -0.06852645426988602 -0.0010215537622570992 -0.20302152633666992 -0.11949248611927032 0.054755762219429016 -0.1409829705953598 -0.014751758426427841 0.09659654647111893 0.09373947232961655 -0.1084338128566742 -0.12371553480625153 -0.06488747894763947 -0.09625597298145294 0.2023797482252121 -0.08447100967168808 -0.004247566219419241 -0.027859821915626526 0.005257735960185528 0.02016756683588028 -0.04447291046380997 -0.04471071437001228 0.12618763744831085 0.04897760599851608 0.09509026259183884 0.11859005689620972 -0.01504602376371622 0.09905368089675903 0.09475822001695633 0.04527638852596283 -0.021600540727376938 0.10378255695104599 -0.061354245990514755 -0.06433561444282532 0.005064696539193392 0.04047747701406479 0.03157182037830353 -0.13954544067382812 -0.13173528015613556 -0.05710383504629135 0.12680037319660187 -0.09089936316013336 0.07511058449745178 -0.0429585762321949 0.01870935596525669 -0.019406232982873917 0.13190241158008575 -0.10681349039077759 -0.03759141266345978 0.06835804134607315 0.11655832827091217 0.024915387853980064 0.11192592233419418 -0.007081928197294474 0.12568733096122742 -0.026561439037322998 0.20881961286067963 0.17840576171875 -0.062237516045570374 0.05394492298364639 -0.11576925218105316 -0.08177630603313446 0.029019353911280632 -0.015810413286089897 0.12361405044794083 -0.06999006867408752 -0.19955840706825256 0.20312561094760895 -0.23790976405143738 -0.21839343011379242 -0.025310775265097618 -0.07151065766811371 -0.17286710441112518 0.04741871729493141 -0.007004571612924337 -0.06172458454966545 0.1735662966966629 -0.034779664129018784 0.08503364771604538 0.17251244187355042 -0.07095969468355179 0.012190133333206177
-0.039683446288108826 -0.12709975242614746 -0.02281409688293934 0.05017358809709549 -0.04991474747657776 -0.04823019728064537 0.16657255589962006 -0.05254805088043213 -0.021716196089982986 -0.09548916667699814 0.11439254879951477 -0.019535666331648827 -0.0364946573972702 0.09382698684930801 0.09697448462247849 -0.08320142328739166 -0.10575130581855774 -0.12049388885498047 -0.0222877599298954 0.16972261667251587 0.014367016032338142 -0.060991011559963226 -0.1735600382089615 -0.058424487709999084 -0.09261442720890045 0.2105194479227066 0.09504695981740952 0.06308868527412415 -0.023900257423520088 -0.10986471176147461 -0.14660628139972687 0.04045911133289337 -0.14187312126159668 0.17199181020259857 0.019096946343779564 0.0815739557147026 0.06296467036008835 -0.12204042822122574 0.24436502158641815 0.059996746480464935 0.15663856267929077 0.08733829855918884 -0.04490389674901962 -0.007061841897666454 -0.20236945152282715 0.0932721272110939 0.03469391167163849 -0.10862644761800766 -0.09664922207593918 0.0477214977145195 0.1262475699186325 -0.1763913333415985 -0.0025036288425326347 -0.2003718465566635 -0.066767118871212 -0.03709009662270546 0.007781923282891512 -0.054400935769081116 -0.1291491836309433 -0.0005113533698022366 0.08761261403560638 -0.09524760395288467 0.1002841368317604 -0.17227640748023987 -0.013888683170080185 -0.09935308247804642 -0.13635723292827606 0.03306549787521362 -0.06841134279966354 0.041139401495456696 -0.12105519324541092 -0.013276674784719944 0.027607401832938194 0.05998915806412697 -0.12589339911937714 0.13071054220199585 -0.05500666797161102 0.04546956345438957 -0.029761511832475662 0.060749854892492294 -0.08072111010551453 -0.12394900619983673 -0.04531325027346611 -0.05262770503759384 0.011700062081217766 0.14018574357032776 0.09601422399282455 0.010760755278170109 0.08544477075338364 0.041555508971214294 -0.02869216725230217 0.03129036724567413 -0.07075724005699158 -0.019382603466510773 -0.09046237170696259 -0.199459046125412 0.059610892087221146 -0.0572095587849617 0.23150169849395752 0.07256776094436646
0.02839019149541855 0.06588301807641983 0.02936818264424801 0.09854438900947571 -0.10545511543750763 -0.056643106043338776 -0.02201988361775875 0.008513023145496845 0.043551892042160034 -0.1136457547545433 -0.038640592247247696 0.03278382867574692 0.03189866989850998 0.10835061967372894 -0.0986446738243103 0.2581596076488495 -0.14192916452884674 0.06423310935497284 0.1750565767288208 -0.0965704470872879 0.00806828960776329 -0.034486476331949234 -0.20953772962093353 -0.01106658298522234 -0.0023505999706685543 -0.004115698393434286 0.019044339656829834 -0.19554701447486877 0.06588158011436462 0.02084050141274929 -0.13769763708114624 -0.12018956243991852 -0.01980539970099926 -0.0845780149102211 0.12382226437330246 -0.06310489028692245 -0.09085004031658173 -0.056041233241558075 0.15021973848342896 -0.02180797979235649 0.023936958983540535 0.07507741451263428 0.028169989585876465 0.000509323610458523 0.0952816903591156 0.006094903685152531 -0.146936297416687 0.18913744390010834 0.17631645500659943 -3.0422281270148233e-05 -0.0495229996740818 0.010132995434105396 -0.12439489364624023 -0.16305087506771088 0.10434093326330185 0.005461475346237421 -0.03323119133710861 0.04526936635375023 -0.08095154911279678 0.20666484534740448 -0.06442469358444214 -0.12590570747852325 0.015489758923649788 0.10809537768363953 0.23055492341518402 0.05680086836218834 -0.0449780635535717 0.11350493878126144 -0.12306097149848938 0.09294022619724274 0.07437089830636978 0.020540058612823486 -0.012756407260894775 0.017918314784765244 0.07376275956630707 0.20145602524280548 0.08049933612346649 0.1313774138689041 -0.13457806408405304 0.03845931217074394 0.009062510915100574 0.004621979780495167 0.03486112505197525 0.05697920545935631 0.24844564497470856 -0.03635929897427559 -0.08178877085447311 0.0354447141289711 0.13127875328063965 -0.049034640192985535 0.16715867817401886 0.13223174214363098 -0.09454681724309921 -0.01829536445438862 0.00011214114056201652 0.12330550700426102 -0.06247813627123833 0.08024803549051285 0.057954467833042145 -0.03378961980342865
0.041052497923374176 0.15216191112995148 0.04696371778845787 -0.0997571051120758 0.02361619845032692 0.015613692812621593 -0.036532070487737656 -0.09610507637262344 -0.11767108738422394 0.01038036122918129 0.11050685495138168 0.20237156748771667 0.01769416593015194 -0.04359975829720497 0.08190710842609406 -0.010273007676005363 0.028466535732150078 0.1504499912261963 -0.13547269999980927 -0.08341864496469498 -0.19593054056167603 0.05141690745949745 0.08600723743438721 -0.0012274505570530891 0.08211950957775116 0.00666950736194849 0.05305612459778786 -0.1209988221526146 -0.048282042145729065 0.0737094059586525 -0.021411141380667686 0.07192830741405487 0.19867654144763947 -0.03984985500574112 0.147977814078331 0.11576659232378006 0.12507441639900208 -0.1945628821849823 -0.03096352331340313 0.0007456930470652878 -0.07597443461418152 -0.03469283506274223 -0.14518922567367554 -0.0014751481357961893 0.03858177736401558 0.08461053669452667 0.035223957151174545 0.011204608716070652 0.004380667116492987 -0.00681370310485363 0.19273582100868225 -0.15252526104450226 -0.09444623440504074 0.023673655465245247 0.09925325959920883 -0.11584347486495972 -0.13247078657150269 0.012207130901515484 0.10497506707906723 0.006182122975587845 -0.033124398440122604 0.19702565670013428 0.020784413442015648 0.004815475083887577 0.08255962282419205 -0.1291322410106659 -0.11573506891727448 -0.16834165155887604 0.059098582714796066 -0.16508227586746216 -0.014946858398616314 0.1240687444806099 0.12019740790128708 0.07300140708684921 -0.024771690368652344 0.0356617346405983 0.0734807476401329 0.09871048480272293 0.04585706442594528 0.2352139800786972 -0.09194602817296982 -0.2290794402360916 -0.028368130326271057 0.11749923229217529 0.2487500160932541 -0.008552919141948223 -0.07136809080839157 0.0578414648771286 -0.09441130608320236 0.002003827365115285 0.008327946066856384 0.01848064735531807 0.09117613732814789 0.06606139242649078 -0.09596662223339081 -0.1209494024515152 0.002780369482934475 0.06370662152767181 0.014474565163254738 -0.0868365690112114
0.016162117943167686 0.08626936376094818 -0.14456818997859955 0.034813616424798965 0.13155049085617065 -0.07256448268890381 -0.05059013515710831 0.11630325764417648 -0.22571507096290588 0.10683565586805344 -0.07786194235086441 0.01764809712767601 0.00531957671046257 0.0513332299888134 -0.09100975841283798 -0.08538743853569031 -0.027970433235168457 -0.007223853841423988 0.0067876423709094524 -0.01950160227715969 -0.01202900055795908 -0.017992878332734108 -0.048798706382513046 -0.08102307468652725 0.09634795039892197 -0.09663859754800797 -0.17383217811584473 0.030712632462382317 -0.16131404042243958 -0.07813530415296555 0.015386986546218395 0.053429752588272095 0.013529028743505478 -0.15353398025035858 -0.12559793889522552 -0.15498466789722443 -0.13694195449352264 0.050223469734191895 0.19755488634109497 0.0852651298046112 0.100733183324337 -0.02016851305961609 -0.00853043980896473 0.11859221011400223 -0.13911937177181244 0.09416777640581131 0.05777589604258537 0.17524375021457672 -0.052875906229019165 -0.07558969408273697 0.07135554403066635 -0.116588294506073 0.09554032236337662 0.2944306433200836 0.01990630105137825 -0.015970604494214058 0.12483210861682892 0.04155084490776062 -0.04233752563595772 0.1647188514471054 -0.006647555623203516 0.06866800040006638 -0.15559373795986176 0.005525629036128521 -0.15089425444602966 -0.010385476052761078 0.1493457555770874 -0.007712869439274073 -0.10481461882591248 -0.15301372110843658 0.1034560576081276 -0.09077297896146774 -0.07352524250745773 0.17888157069683075 -0.004521252121776342 0.1388416886329651 -0.08534879237413406 -0.041316919028759 -0.1308632493019104 -0.06276439875364304 -0.14150583744049072 -0.1747361570596695 -0.004340468440204859 0.015425663441419601 0.1060260534286499 -0.08348329365253448 0.10162046551704407 -0.05824567750096321 0.10237454622983932 -0.11276130378246307 0.017704898491501808 -0.0203383881598711 0.0909128189086914 -0.004235677421092987 0.047907985746860504 -0.0472857728600502 -0.010557777248322964 0.019026784226298332 0.16125360131263733 0.024463873356580734
-0.15204106271266937 -0.10864870995283127 -0.22499017417430878 -0.07081151008605957 -0.0465567372739315 -0.11650795489549637 -0.04302208498120308 -0.048237115144729614 -0.2466585338115692 -0.06948023289442062 0.14734050631523132 -0.015048403292894363 0.0037092503625899553 0.15524578094482422 0.04927569627761841 -0.03922521695494652 0.00826804805546999 -0.02066747099161148 0.062221892178058624 0.08789021521806717 -0.016923867166042328 -0.012791252695024014 0.04663453251123428 0.013798118568956852 -0.04094066843390465 -0.0402907133102417 0.03135311231017113 -0.06518696993589401 -0.053353987634181976 0.1207827776670456 0.03866584971547127 -0.024334825575351715 0.10441718250513077 -0.06375547498464584 0.06970192492008209 -0.03980541229248047 -0.11415016651153564 -0.06227095425128937 -0.0971965342760086 -0.1407916098833084 -0.1550464630126953 -0.043276552110910416 0.1836695820093155 0.1253540962934494 -0.010144454427063465 0.10701306164264679 -0.11102212220430374 -0.04587730020284653 -0.10457815229892731 -0.0036502033472061157 0.06013374775648117 -0.11480890959501266 -0.08674447983503342 0.03675321862101555 0.02698635682463646 -0.01364374253898859 0.02453136071562767 -0.06927268952131271 -0.11237749457359314 0.13392165303230286 -0.08084078133106232 0.012325403280556202 -0.08354464918375015 -0.0008486035512760282 -0.02762397937476635 0.20541001856327057 -0.07325860112905502 0.10101985931396484 -0.0034018992446362972 0.005859903525561094 -0.058045122772455215 -0.07121015340089798 -0.02334715612232685 -0.17771446704864502 -0.22957313060760498 -0.243577241897583 0.1873645782470703 0.18852899968624115 0.09905984997749329 0.13286399841308594 -0.03785213828086853 0.09570148587226868 -0.03770802170038223 -0.15624450147151947 -0.03353327885270119 -0.013517141342163086 -0.03192869946360588 -0.11352549493312836 -0.010285659693181515 -0.11594702303409576 -0.07368136942386627 0.02952258102595806 -0.059413038194179535 0.1203354150056839 0.11532973498106003 0.1364867240190506 0.029777787625789642 -0.09390894323587418 0.1817695051431656 -0.03619035705924034
0.009658176451921463 -0.11855869740247726 -0.12714673578739166 0.08593807369470596 0.1496436446905136 -0.13662317395210266 -0.032480258494615555 -0.11901921778917313 0.1558622121810913 -0.14807280898094177 -0.09200891107320786 -0.0028096477035433054 0.06551778316497803 0.05423659086227417 0.05909508466720581 0.08710648119449615 0.11534380912780762 0.2001541405916214 0.09421924501657486 0.08624985814094543 -0.0439198762178421 0.005840049125254154 -0.03746410831809044 0.10587964951992035 0.14399801194667816 -0.045592524111270905 -0.07312332838773727 -0.1383713334798813 -0.06764690577983856 -0.016452550888061523 -0.1119861900806427 0.07953085005283356 -0.208384171128273 -0.048551857471466064 0.05898271128535271 0.09082025289535522 -0.10483700782060623 0.15796469151973724 0.055879488587379456 0.11856637895107269 -0.0010400156024843454 0.07589540630578995 -0.08029063045978546 -0.02306133136153221 0.04533640667796135 0.063105009496212 0.1423293501138687 -0.08380614966154099 -0.056631043553352356 0.049604382365942 0.08556094020605087 -0.0609583780169487 -0.10231222212314606 0.09702534228563309 0.08476170897483826 0.10537842661142349 -0.12102295458316803 0.05015550181269646 -0.08290102332830429 0.028218623250722885 0.052676524966955185 -0.16881966590881348 0.01531816553324461 -0.2652783989906311 0.0045038009993731976 -0.04188081994652748 0.09135562926530838 0.03854704648256302 -0.018009666353464127 -0.0657515898346901 0.11832455545663834 0.021345309913158417 -0.07981432974338531 0.02027427777647972 0.04040529206395149 -0.03228282928466797 0.08781078457832336 0.008981507271528244 0.10757382214069366 0.19884325563907623 0.02496269904077053 0.001912166248075664 0.13503773510456085 0.13086339831352234 -0.061809200793504715 0.003580565331503749 0.15737628936767578 0.1092141792178154 -0.11324158310890198 0.06104141101241112 -0.22331580519676208 -0.007301682140678167 0.03866999223828316 0.07125308364629745 0.18663573265075684 0.03790394216775894 -0.15336304903030396 -0.04821447655558586 -0.15002435445785522 -0.07875996828079224
0.05467381328344345 -0.02043278142809868 0.05320994555950165 -0.032539818435907364 -0.06916231662034988 -0.13789889216423035 0.023912783712148666 -0.06807103008031845 0.046941712498664856 -0.17840413749217987 -0.1739361584186554 0.10643176734447479 0.053765829652547836 -0.11209354549646378 0.06694381684064865 -0.11914544552564621 -0.029522700235247612 -0.130181685090065 -0.06428663432598114 -0.004966484382748604 -0.07612495124340057 -0.044503726065158844 0.10624410212039948 -0.028679147362709045 -0.05170246586203575 -0.15594805777072906 -0.18505866825580597 -0.029868679121136665 -0.014021442271769047 -0.010310210287570953 0.01627347245812416 -0.09659972041845322 -0.040587522089481354 0.14310228824615479 -0.08093378692865372 -0.031029922887682915 -0.23568300902843475 -0.1438402235507965 -0.0874856486916542 0.014217190444469452 -0.001312948646955192 -0.03631385415792465 -0.1131620928645134 0.030064938589930534 0.1317002922296524 -0.02246006764471531 -0.09473024308681488 -0.20043708384037018 -0.09967146813869476 0.12108339369297028 0.19446714222431183 -0.05338252708315849 -0.06551763415336609 -0.11632135510444641 0.09495342522859573 -0.021168606355786324 -0.044774189591407776 -0.011101561598479748 0.09628449380397797 -0.18718396127223969 0.01849481835961342 -0.02461559884250164 -0.11241165548563004 -0.1148783415555954 0.01652236469089985 0.24868015944957733 0.10220315307378769 0.05820947885513306 -0.1513012796640396 0.05659668892621994 -0.0024860170669853687 0.07289551943540573 0.0022086137905716896 0.005077291280031204 0.2271428406238556 0.13131128251552582 0.030227333307266235 -0.04056959226727486 -0.09276322275400162 0.010539446957409382 -0.13051532208919525 0.01403993833810091 0.06835132837295532 -0.07428866624832153 0.02163330279290676 -0.1228119283914566 -0.03453895449638367 -0.10784090310335159 0.05958976596593857 -0.25944167375564575 -0.03234068304300308 -0.11984802037477493 0.009413992054760456 0.011225969530642033 -0.20750513672828674 0.012111218646168709 0.04843640327453613 -0.033082325011491776 0.0015002376167103648 0.04578745737671852
0.005658330395817757 -0.1593398153781891 -0.001530469162389636 -0.057809535413980484 0.13137187063694 0.1223820373415947 0.07720158994197845 -0.1276346892118454 -0.1632045954465866 0.03704693168401718 0.0786558985710144 0.033281631767749786 -0.1955834925174713 0.06798771023750305 0.0492248460650444 -0.008582662791013718 0.12962758541107178 0.17277753353118896 0.01853148639202118 -0.03718612343072891 0.022320659831166267 0.271516352891922 -0.15478575229644775 -0.08165138214826584 -0.060407791286706924 -0.01589944213628769 -0.03872717544436455 -0.04783248156309128 -0.01535486988723278 0.03728051111102104 -0.11312046647071838 -0.0022555456962436438 -0.0495293065905571 0.1402113437652588 -0.10018450766801834 -0.006148311775177717 0.001656074309721589 -0.0514693558216095 -0.1367700695991516 0.09980594366788864 0.14199309051036835 -0.1417502760887146 -0.11602996289730072 0.11892560869455338 0.005403437186032534 -0.15293926000595093 0.18355929851531982 -0.026617081835865974 0.03157484531402588 -0.036375585943460464 -0.09096046537160873 -0.1019703596830368 0.10621167719364166 0.04802565276622772 0.051434870809316635 0.16468730568885803 0.11888265609741211 -0.03629574924707413 -0.0585104264318943 -0.043672434985637665 -0.09725385159254074 0.0964595153927803 0.024683905765414238 0.02442076988518238 0.060287125408649445 0.005142987705767155 -0.16854949295520782 0.04669111222028732 -0.16088010370731354 0.07668765634298325 -0.019092094153165817 0.010757587850093842 0.2648307979106903 -0.08246653527021408 0.14992964267730713 0.002076150616630912 0.058309491723775864 -0.032848820090293884 -0.010171923786401749 -0.03940184786915779 -0.06363894790410995 0.059928882867097855 0.062409404665231705 0.04241212084889412 -0.027315499261021614 -0.13044258952140808 -0.05825483798980713 -0.03174702823162079 0.14765240252017975 0.021782729774713516 0.05717873200774193 0.1586303561925888 0.08920824527740479 0.1332404762506485 0.009933363646268845 0.08842272311449051 -0.21163149178028107 -0.09601080417633057 -0.002153093693777919 0.14335408806800842
-0.1721324920654297 -0.14674268662929535 -0.2715827226638794 -0.1538245975971222 -0.06233091652393341 -0.11807352304458618 0.008106942288577557 0.15057536959648132 0.015570192597806454 0.1579841524362564 0.03951738029718399 0.02585768885910511 0.002389795845374465 -0.09902173280715942 0.007039414718747139 0.18476921319961548 -0.08210109919309616 0.1284675896167755 -0.14625895023345947 0.007742445915937424 -0.011462091468274593 -0.04112691059708595 -0.0675150528550148 -0.07912577688694 0.022468024864792824 0.11675195395946503 -0.15210463106632233 0.07220089435577393 -0.010289845056831837 -0.0845082551240921 -0.02726621739566326 -0.05363638699054718 -0.06644352525472641 0.12434522807598114 -0.015594374388456345 0.054236702620983124 -0.22164440155029297 0.010835940949618816 0.08653894066810608 0.10001938045024872 -0.12812040746212006 -0.010121136903762817 0.05411457642912865 -0.07713866233825684 0.05682791396975517 -0.04901738837361336 -0.17673979699611664 -0.042616505175828934 -0.041017796844244 -0.06616503745317459 0.15768446028232574 0.06565041840076447 0.05185456946492195 -0.0540284663438797 -0.2000553160905838 -0.1024792343378067 0.009602691046893597 -0.041550371795892715 0.07033140957355499 -0.003609197214245796 0.0530034564435482 0.08886487036943436 0.013303536921739578 0.06478986889123917 -0.03323431313037872 -0.09997442364692688 -0.14809244871139526 0.12525950372219086 0.01619352586567402 -0.03833046182990074 -0.0861758440732956 0.15824195742607117 0.1245746910572052 0.1839722990989685 0.03618532419204712 -0.020751457661390305 0.05289308354258537 -0.06544293463230133 0.003040847834199667 -0.02824259176850319 0.24439162015914917 0.06020082160830498 0.043726734817028046 0.07607156783342361 0.02267317846417427 -0.15292514860630035 -0.11568649113178253 0.011980511248111725 -0.053880564868450165 -0.014777695760130882 0.09707891196012497 -0.1656859964132309 0.04295879602432251 0.02828609012067318 0.1521453559398651 -0.05756398290395737 -0.1815369725227356 0.03181600198149681 0.038575295358896255 -0.08170534670352936
0.11370693892240524 -0.005493041127920151 0.1304667443037033 0.03081665374338627 0.018758490681648254 -0.08557794988155365 -0.12679028511047363 0.01373839471489191 -0.05751754343509674 0.01349564827978611 0.07057611644268036 -0.08803851902484894 0.14528201520442963 0.16198861598968506 0.03292001783847809 0.026070527732372284 0.1605217605829239 0.02326922118663788 -0.0321730375289917 -0.014168333262205124 0.16311854124069214 -0.008632028475403786 0.007311900146305561 0.20822018384933472 0.029576875269412994 0.09663068503141403 -0.016191624104976654 0.04815193638205528 0.02242179401218891 -0.027407051995396614 0.02629871852695942 -0.03002011775970459 0.021292736753821373 0.11502205580472946 0.008649015799164772 -0.05444512888789177 -0.044140830636024475 -0.034766390919685364 -0.03729667887091637 0.13263466954231262 -0.21417368948459625 0.055783942341804504 -0.09007303416728973 -0.04156674072146416 -0.06441197544336319 0.09813743084669113 0.12847226858139038 -0.08626431971788406 -0.1847074180841446 0.05541440099477768 -0.08069747686386108 0.22839635610580444 -0.0426906980574131 -0.1986262947320938 -0.13355594873428345 -0.06755969673395157 -0.0726645290851593 -0.11570921540260315 0.1380452960729599 0.006861223839223385 -0.23765301704406738 0.13304689526557922 -0.06601494550704956 0.040463801473379135 -0.1319068968296051 0.05022573098540306 0.13367129862308502 0.057497214525938034 -0.11339506506919861 0.026349646970629692 0.12039898335933685 0.09320110082626343 0.016410036012530327 -0.12197557091712952 -0.04503317177295685 0.06595887243747711 -0.020418794825673103 0.111622653901577 0.020064454525709152 -0.006411513779312372 0.08966699987649918 -0.12481992691755295 -0.049336936324834824 0.11213668435811996 0.12396614253520966 -0.05815845727920532 0.15713058412075043 -0.09747959673404694 0.18147653341293335 -0.005747404880821705 0.03219766914844513 0.13680820167064667 0.013200032524764538 0.05383099988102913 0.18924114108085632 -0.13648313283920288 -0.01039252057671547 0.10262757539749146 0.006578647997230291 0.16868804395198822
-0.04347573593258858 -0.025453876703977585 -0.035741861909627914 -0.07243525236845016 0.014340369962155819 -0.18297959864139557 0.059839554131031036 -0.00645025447010994 -0.050803277641534805 0.003486056113615632 -0.16392095386981964 0.09353826195001602 0.17818687856197357 -0.027048829942941666 -0.10258679836988449 0.08241066336631775 0.17470093071460724 -0.04196200892329216 -0.03321557119488716 -0.12905696034431458 0.05053772032260895 0.14400966465473175 0.0035581975243985653 0.0025155884213745594 0.03746044263243675 -0.01989208348095417 0.07408012449741364 -0.046159956604242325 -0.17504650354385376 0.061526987701654434 -0.0036820275709033012 0.10672956705093384 -0.18237167596817017 0.11351049691438675 0.12751299142837524 0.04044370353221893 0.013051999732851982 0.08953650295734406 0.02841166779398918 -0.01787792518734932 -0.10074741393327713 -0.013048519380390644 -0.12514258921146393 0.039737600833177567 0.08391771465539932 0.1690414994955063 0.028950795531272888 0.1415998488664627 -0.017046364024281502 0.01586158201098442 -0.27886533737182617 -0.14343488216400146 -0.07826676219701767 -0.03015122190117836 -0.020871734246611595 -0.08398981392383575 0.06270689517259598 -0.04019596055150032 0.16974571347236633 -0.05566222593188286 0.1026121973991394 0.013410547748208046 -0.1002042144536972 -0.01468469388782978 0.044274166226387024 -0.24183647334575653 -0.12918400764465332 -0.03325638175010681 0.020042048767209053 -0.06487894058227539 -0.1349409520626068 -0.02130717970430851 -0.062445126473903656 -0.22514700889587402 -0.03634776547551155 0.07782589644193649 -0.05067899078130722 -0.03523164242506027 0.034302279353141785 0.03409871831536293 -0.09482556581497192 0.18774846196174622 0.014078224077820778 0.04732011631131172 -0.048842109739780426 -0.013115903362631798 0.05246715247631073 -0.17985327541828156 0.08103034645318985 -0.03488651290535927 0.14729610085487366 -0.1368863582611084 -0.02815943956375122 -0.2739846110343933 -0.03718683123588562 0.0596589557826519 0.02624673768877983 -0.09851344674825668 0.11923772096633911 -0.012922399677336216
-0.1282222718000412 0.1910042017698288 -0.012071477249264717 0.16302046179771423 -0.16605304181575775 0.060145340859889984 0.1397295594215393 -0.08823717385530472 -0.021746229380369186 -0.1841696798801422 0.07261152565479279 0.15433387458324432 -0.03992878645658493 -0.023660529404878616 -0.06406872719526291 -0.03900206834077835 0.04436083883047104 0.11818521469831467 0.13656868040561676 0.046232592314481735 -0.008965859189629555 -0.1261574774980545 -0.058104537427425385 0.020440392196178436 0.05937081202864647 0.17857122421264648 -0.17602714896202087 0.04993346706032753 -0.006584539078176022 0.12703068554401398 -0.059420935809612274 -0.044376567006111145 -0.18639300763607025 -0.059701669961214066 0.007003604434430599 0.01637968048453331 -0.07209186255931854 0.0672161877155304 -0.06667399406433105 -0.14721833169460297 0.08609636127948761 -0.11661045998334885 -0.06896255910396576 0.03707101568579674 0.11512873321771622 0.013333182781934738 0.1526840776205063 0.09419693797826767 0.039410240948200226 -0.08262049406766891 0.06512521207332611 0.08394750952720642 0.10884654521942139 -0.0182812437415123 -0.04605124518275261 -0.04394729062914848 0.02883525937795639 0.0764893963932991 -0.019320782274007797 -0.17322905361652374 0.013148359954357147 0.18339350819587708 -0.05304640531539917 -0.08479394018650055 -0.204868346452713 0.014361729845404625 -0.03510195016860962 -0.0497845895588398 0.06172645837068558 0.031209522858262062 0.14027075469493866 0.15111714601516724 0.0286331195384264 -0.11051866412162781 -0.16089846193790436 -0.052911706268787384 0.1629284918308258 0.049242567270994186 -0.09635940194129944 -0.14150559902191162 -0.07496215403079987 -0.015004380606114864 -0.12978272140026093 -0.01804204285144806 -0.047004878520965576 0.0732097253203392 -0.047745417803525925 0.016744831576943398 0.08626122772693634 -0.09266794472932816 -0.03338368237018585 -0.030613696202635765 -0.14766335487365723 -0.168345645070076 0.011362478137016296 -0.08602391928434372 -0.17676228284835815 0.18197208642959595 -0.010045012459158897 -0.11389002203941345
-0.017014626413583755 -0.017738068476319313 0.11409533023834229 -0.11816522479057312 0.03215545043349266 -0.08647565543651581 0.10515805333852768 -0.11602421849966049 0.02050592191517353 -0.08815596997737885 -0.18737518787384033 0.07165456563234329 -0.03376162797212601 0.018052371218800545 -0.013787827454507351 0.1440255492925644 -0.00654315622523427 0.07242048531770706 -0.01718326285481453 -0.1307060271501541 -0.0270587969571352 -0.13635580241680145 -0.010500133037567139 -0.07313665747642517 0.01353214867413044 -0.04064543545246124 -0.03336667641997337 0.02415347471833229 0.03618431091308594 -0.07295037806034088 -0.0013875244185328484 -0.10418134182691574 0.09484025090932846 -0.1682121455669403 0.09098222851753235 0.04461425542831421 0.07169495522975922 -0.004240901209414005 0.055105261504650116 -0.007391820661723614 0.013377917930483818 0.05761921778321266 0.1021176353096962 0.11062530428171158 -0.20183153450489044 0.16638782620429993 -0.05869904160499573 -0.0157968420535326 0.12087000906467438 -0.09178472310304642 0.012494242750108242 0.08024264872074127 -0.05668061971664429 -0.09796937555074692 -0.005169652868062258 0.03186134248971939 -0.061454758048057556 0.11246365308761597 -0.13342462480068207 -0.07533908635377884 -0.059828393161296844 0.14418374001979828 -0.049038901925086975 -0.09580791741609573 -0.1790635585784912 0.07898369431495667 -0.03943024203181267 0.1796817034482956 0.016656972467899323 -0.34499987959861755 -0.036397986114025116 0.044884342700242996 0.06003677845001221 -0.2184632420539856 0.2631469666957855 -0.06377342343330383 -0.015918675810098648 -0.024078872054815292 0.18518678843975067 -0.19391724467277527 0.009962877258658409 -0.002825750270858407 0.0007092221057973802 -0.10474575310945511 -0.031440455466508865 0.040276531130075455 0.053479958325624466 0.1263720840215683 -0.009737568907439709 0.1754731982946396 0.06557559967041016 -0.05794842913746834 0.04899594932794571 0.03898737579584122 -0.04896555095911026 -0.042136915028095245 -0.050941143184900284 -0.06985060125589371 0.1320650577545166 0.17441532015800476
0.11919324100017548 0.05307549983263016 -0.012804847210645676 -0.07131873071193695 -0.16601887345314026 -0.10041502118110657 0.2049708366394043 -0.05033325403928757 -0.024418562650680542 -0.1550392359495163 -0.13076263666152954 -0.01356720644980669 -0.11989428102970123 0.13628149032592773 0.019319934770464897 -0.1287078559398651 0.150716170668602 -0.02204168774187565 -0.06646770238876343 0.0037018125876784325 0.019872253760695457 -0.06495830416679382 -0.04547302797436714 -0.047514721751213074 -0.030050694942474365 0.10869468748569489 -0.1663912534713745 -0.03108369931578636 0.06497251242399216 -0.08903459459543228 0.1799629181623459 0.0035704115871340036 -0.09268878400325775 0.028034823015332222 -0.10395830869674683 -0.07672566920518875 0.16250775754451752 0.036455027759075165 -0.042402178049087524 -0.12703366577625275 -0.008433960378170013 -0.0310251135379076 -0.08235462754964828 -0.10826291888952255 -0.07402518391609192 -0.04484240710735321 -0.1527998447418213 0.20727494359016418 0.025397885590791702 0.10347024351358414 -0.07621278613805771 -0.07530253380537033 -0.04355696216225624 0.010328871197998524 0.004382556304335594 -0.14131389558315277 -0.09701002389192581 -0.05683442950248718 -0.11416009813547134 0.20465335249900818 -0.025702714920043945 -0.0017611964140087366 -0.06894107162952423 0.05270020663738251 -0.03157589212059975 0.05438460782170296 0.029352426528930664 -0.05372147634625435 0.21989375352859497 0.027226485311985016 -0.11501379311084747 0.17710039019584656 0.08822990208864212 0.09745055437088013 0.05321597307920456 0.03211202844977379 -0.007210524287074804 -0.07884560525417328 0.046356476843357086 0.17677998542785645 0.030102340504527092 -0.1401022970676422 0.051743049174547195 -0.0780438780784607 -0.06264366954565048 -0.2453879565000534 -0.058842699974775314 -0.0824008509516716 0.1363821178674698 0.18549048900604248 -0.15955998003482819 0.04792133718729019 0.009516892023384571 -0.07141558825969696 0.1428571492433548 0.0751354917883873 -0.011051894165575504 -0.07415902614593506 -0.10843405872583389 0.017340248450636864
-0.06821110844612122 -0.02853020653128624 0.026668379083275795 0.15180759131908417 -0.07675677537918091 0.23214460909366608 -0.1923523247241974 -0.10535486042499542 0.015491923317313194 -0.0016594761982560158 -0.009232830256223679 0.09705964475870132 -0.06943081319332123 -0.016051147133111954 -0.28175514936447144 0.14382939040660858 -0.04191458225250244 0.08983530104160309 0.018491093069314957 -0.009142526425421238 -0.034063927829265594 -0.09341280162334442 0.01961202174425125 0.019780630245804787 -0.0588529035449028 0.030034469440579414 -0.027946580201387405 0.03736348822712898 -0.15817202627658844 -0.07049776613712311 0.1849859654903412 0.17392924427986145 0.0735221803188324 0.14777232706546783 -0.20059236884117126 0.06138474866747856 -0.06827564537525177 -0.11107991635799408 -0.04767123982310295 -0.12144964188337326 0.09724932909011841 0.07164356112480164 -0.08026578277349472 0.040565699338912964 0.14365918934345245 -0.01867482252418995 -0.02637808583676815 0.05989905819296837 -0.047499872744083405 -0.0405438169836998 -0.027466053143143654 -0.06761814653873444 -0.016299543902277946 0.05485404282808304 0.011362563818693161 -0.0038125424180179834 0.05999043211340904 0.016089316457509995 0.012995008379220963 0.04264826700091362 -0.010086294263601303 -0.13269482553005219 -0.04200892522931099 -0.19202075898647308 0.02255389839410782 0.03397124633193016 0.06006467342376709 0.09283890575170517 -0.09711913019418716 0.03864824399352074 -0.16555851697921753 0.06620869785547256 -0.02277597412467003 0.01586402952671051 0.18293620645999908 -0.10497886687517166 0.004491644445806742 0.08144446462392807 0.2519661486148834 0.038234807550907135 -0.007727223448455334 -0.035625677555799484 -0.21961434185504913 0.1439218372106552 -0.02469775825738907 -0.042295049875974655 -0.040658172219991684 0.042268864810466766 0.0603531152009964 0.06886224448680878 0.10517219454050064 0.004186865873634815 -0.05414630472660065 -0.02538919635117054 0.20323839783668518 -0.17175628244876862 0.22025205194950104 -0.019953647628426552 0.07522684335708618 0.005387856159359217
0.08299446105957031 -0.1273185759782791 0.17093780636787415 -0.12209618091583252 -0.02526487037539482 -0.002455160254612565 -0.11508378386497498 -0.11845265328884125 -0.10815875232219696 0.040305349975824356 -0.11503450572490692 0.08035187423229218 -0.002695178147405386 0.03858495503664017 -0.04087931290268898 0.002784628188237548 -0.011273055337369442 -0.12500804662704468 -0.006385869346559048 -0.07167374342679977 -0.021895714104175568 -0.045635003596544266 -0.16322019696235657 0.24502339959144592 0.11368659138679504 -0.09572894871234894 0.03157184273004532 -0.044738832861185074 -0.007259720470756292 0.09071289747953415 0.04197557270526886 -0.1449604630470276 -0.0023911308962851763 -0.09414239227771759 -0.07914744317531586 0.11753693968057632 -0.07818698137998581 -0.19115512073040009 -0.10619623959064484 -0.06089983135461807 -0.054812535643577576 -0.08882960677146912 0.09551380574703217 -0.02361471764743328 -0.010221014730632305 -0.1466359794139862 0.038055580109357834 -0.008154891431331635 -0.1238093376159668 -0.10110736638307571 0.07524063438177109 -0.08038047701120377 -0.05615496262907982 0.054737187922000885 0.058234866708517075 -0.008877575397491455 -0.05293373018503189 0.07326039671897888 -0.16252756118774414 0.11239505559206009 0.12975679337978363 -0.12121360749006271 0.09611551463603973 -0.03724333643913269 -0.2333402782678604 -0.14882685244083405 0.014649233780801296 -0.13467629253864288 -0.05190656706690788 -0.022722391411662102 -0.029384151101112366 -0.020551305264234543 -0.005285132676362991 0.09954806417226791 -0.040244512259960175 0.01542001310735941 0.04766611009836197 -0.09266948699951172 -0.02459484338760376 0.12587331235408783 0.3104742169380188 0.0854984000325203 -0.04692510887980461 -0.04231346771121025 -0.09992188960313797 0.16332200169563293 0.02532140538096428 -0.14205461740493774 0.21615290641784668 0.030939776450395584 0.14881372451782227 -0.029997549951076508 0.03228753060102463 -0.07381865382194519 -0.10293808579444885 -0.04024037718772888 -0.15098252892494202 0.1286325752735138 -0.03301207348704338 0.042587973177433014
-0.035803478211164474 0.014907348901033401 -0.05409189313650131 -0.08640968054533005 0.00866090226918459 -0.04355623945593834 0.01389646902680397 -0.004952841904014349 0.09652402251958847 0.16157686710357666 -0.10172251611948013 0.07945235073566437 -0.09182804077863693 0.1506519317626953 0.17500154674053192 -0.01698109693825245 0.19912250339984894 -0.08873853832483292 -0.03800753504037857 0.03407831862568855 -0.047050781548023224 0.005221033003181219 0.06699743121862411 0.15854185819625854 0.0032859707716852427 -0.07153074443340302 0.049634262919425964 -0.11250190436840057 0.17493487894535065 -0.1972275674343109 0.01873793639242649 0.04222144931554794 -0.13335032761096954 0.026073867455124855 0.0155498581007123 -0.018982786685228348 0.07551661878824234 -0.012202384881675243 0.10540460795164108 -0.0984199047088623 0.14016032218933105 0.11403755843639374 0.024228626862168312 -0.015557033009827137 -0.06433812528848648 -0.21673357486724854 0.04265671595931053 0.14344872534275055 -0.02043602429330349 -0.08288370072841644 0.05054306983947754 0.09426101297140121 0.052891142666339874 0.13595335185527802 0.11011917144060135 0.012277538888156414 -0.005054693669080734 -0.10397765040397644 0.09659840166568756 -0.05170798301696777 0.10021597146987915 -0.038812484592199326 -0.2461513876914978 0.03868710994720459 -0.06063462793827057 0.07224033027887344 -0.2522457242012024 -0.11639094352722168 -0.09567730873823166 -0.0213056281208992 0.06406000256538391 0.10132981091737747 -0.15709426999092102 -0.10120220482349396 -0.015624511986970901 0.06836441159248352 0.12034464627504349 0.12472588568925858 0.0697207972407341 -0.061134520918130875 0.08211538940668106 0.022605296224355698 0.09575362503528595 0.07249097526073456 0.04707840457558632 0.08168577402830124 -0.15509560704231262 0.10390852391719818 0.057084549218416214 -0.1141713336110115 0.06550039350986481 -0.09621792286634445 -0.18326866626739502 0.19996298849582672 0.05932808667421341 -0.11121455579996109 0.13900327682495117 -0.010037255473434925 0.03150229528546333 0.05275261774659157
-0.06521764397621155 0.0789225623011589 0.02173474058508873 -0.1045779138803482 -0.09210401773452759 0.07825580984354019 0.07117373496294022 -0.027013519778847694 -0.04245360568165779 0.09243141114711761 -0.027038782835006714 -0.05498643219470978 0.09132637083530426 0.07092341035604477 0.08434360474348068 0.1324637532234192 -0.05956238508224487 -0.04061277210712433 0.0335359089076519 -0.13594156503677368 0.009727125987410545 0.048594821244478226 -0.017404131591320038 0.013932283036410809 0.09764166176319122 0.07935114204883575 -0.05985450744628906 0.019965821877121925 0.1106637492775917 -0.05640425160527229 -0.05224206671118736 -0.004058165941387415 0.16006948053836823 0.07363161444664001 -0.05817585065960884 -0.015954824164509773 0.11159153282642365 -0.022223396226763725 0.22850573062896729 0.19152256846427917 0.0222430769354105 -0.08743993192911148 0.08291207253932953 -0.008043119683861732 0.001644694246351719 -0.05159574747085571 0.11306647211313248 -0.19846902787685394 -0.028457898646593094 -0.06429611146450043 -0.10578306764364243 0.0927286222577095 0.17989864945411682 -0.011556723155081272 0.03626580908894539 -0.16680747270584106 0.011163824237883091 -0.05786154791712761 -0.1810719519853592 0.10256409645080566 -0.05201069265604019 0.04285532981157303 -0.028415795415639877 -0.202644482254982 0.14676514267921448 -0.034044500440359116 0.02261163480579853 -0.10670831799507141 0.12211558222770691 0.03571474179625511 -0.05713837966322899 -0.09177491068840027 -0.24165542423725128 -0.04591643437743187 0.2431231588125229 -0.0300022903829813 0.3657733201980591 -0.017691045999526978 0.04652273282408714 0.048102766275405884 -0.13649635016918182 -0.03870054706931114 -0.0856698527932167 0.01171368919312954 -0.07719621062278748 -0.05778453126549721 -0.0027432511560618877 -0.22977381944656372 -0.04086528718471527 -0.11433074623346329 -0.0444510355591774 -0.08062485605478287 -0.016253408044576645 -0.06667442619800568 0.009469319134950638 0.02462880313396454 -0.03423856571316719 0.0900975912809372 -0.05173482745885849 -0.044305454939603806
-0.10666584223508835 0.026229780167341232 -0.0036999203730374575 0.07460429519414902 -0.07189793139696121 -0.052044209092855453 -0.0806889533996582 -0.07869262248277664 0.007030546199530363 0.0069675138220191 0.006921968888491392 -0.19615042209625244 0.021270735189318657 -0.037065181881189346 0.059864599257707596 0.12416833639144897 -0.027810387313365936 0.11278139799833298 -0.024936404079198837 0.08840588480234146 -0.14066563546657562 0.05088900402188301 -0.18001535534858704 -0.014289174228906631 0.09906933456659317 0.020284730941057205 -0.17421263456344604 -0.0055840048007667065 0.19169114530086517 -0.03481750935316086 -0.0717323049902916 -0.012468227185308933 0.23016801476478577 0.12677477300167084 0.096811443567276 -0.0027976420242339373 0.030352748930454254 0.030927443876862526 -0.2187904715538025 -0.0783846378326416 -0.06312371045351028 0.11248333752155304 0.0603485107421875 0.0089053213596344 -0.0933101698756218 -0.0561901219189167 -0.06767966598272324 -0.0032666316255927086 -0.0669267326593399 -0.03651212900876999 -0.10728442668914795 0.13690988719463348 -0.012186575680971146 0.10222382843494415 0.12867121398448944 0.2049032598733902 -0.06565898656845093 0.0059791747480630875 0.07307583093643188 -0.05971582233905792 0.089959055185318 -0.01749110221862793 -0.08181843161582947 0.0824943259358406 -0.02915251813828945 -0.045320361852645874 0.007693185470998287 -0.012929126620292664 -0.14192816615104675 -0.14074698090553284 -0.21124404668807983 0.032779742032289505 -0.04612942785024643 -0.013975434005260468 -0.03586981073021889 0.18279246985912323 -0.022689273580908775 0.04615731164813042 -0.15524178743362427 -0.019235849380493164 -0.02227047272026539 -0.17895472049713135 -0.13504938781261444 0.04151717945933342 -0.19279514253139496 0.012045725248754025 0.051998041570186615 -0.06803567707538605 0.07694201171398163 -0.032382622361183167 -0.1216537207365036 0.06169147044420242 0.016874786466360092 -0.1245749443769455 -0.05809297412633896 -0.07688207179307938 -0.03720353916287422 -0.2727695405483246 0.0463731475174427 -0.22671186923980713
0.07844190299510956 0.045425087213516235 -0.14949077367782593 0.16041450202465057 0.010855522006750107 -0.0032362581696361303 0.10599852353334427 -0.18119744956493378 -0.09689408540725708 -0.06543035805225372 0.071627676486969 0.12144726514816284 0.11906889826059341 0.07230399549007416 0.03815300762653351 0.07390011847019196 -0.1317482888698578 0.020660124719142914 0.1532604992389679 -0.07630784064531326 0.08572173118591309 -0.05133935064077377 0.15291227400302887 0.1466674655675888 0.04865814372897148 -0.06574356555938721 -0.020616905763745308 -0.023032240569591522 -0.07316073775291443 -0.06267624348402023 0.005409835372120142 0.15246915817260742 0.19994039833545685 -0.04744710028171539 -0.16047786176204681 0.06805010139942169 0.11572835594415665 0.03410518914461136 0.03293212503194809 -0.030516408383846283 0.1246560662984848 0.1443520486354828 -0.09434753656387329 0.01957954466342926 -0.12310292571783066 -0.10268942266702652 0.06536004692316055 0.0607999823987484 -0.07020789384841919 -0.07949712872505188 0.015387862920761108 -0.06304343789815903 -0.006609833333641291 -0.30859076976776123 -0.14902733266353607 0.014293620362877846 0.03810587897896767 0.20112091302871704 0.16663296520709991 0.02155264839529991 0.045671526342630386 0.07793982326984406 0.014594660140573978 0.07166311889886856 -0.12846840918064117 0.05594931170344353 -0.07534732669591904 -0.06898825615644455 0.04897594451904297 0.11959916353225708 -0.028616294264793396 -0.132608100771904 0.03773173317313194 -0.009662723168730736 0.04029928147792816 0.1244008019566536 0.06577932834625244 -0.078684963285923 -0.004831373225897551 -0.06089554354548454 0.23564954102039337 0.08254167437553406 0.12068179249763489 -0.02681397646665573 -0.01348886452615261 -0.09017140418291092 0.049024760723114014 -0.05653426796197891 -0.016524098813533783 -0.07324843108654022 -0.05025412142276764 -0.029713856056332588 0.12567947804927826 0.09517396241426468 -0.00452303746715188 0.08774247020483017 0.028744425624608994 -0.16540345549583435 0.01658829115331173 -0.2291209101676941
-0.1456689089536667 0.027485689148306847 0.047565244138240814 -0.016606152057647705 0.15340550243854523 -0.07119176536798477 0.07212419807910919 0.18245196342468262 -0.0707286149263382 -0.0245832446962595 0.017172807827591896 -0.0906560868024826 -0.07328774780035019 -0.027770983055233955 -0.20404648780822754 -0.052095670253038406 0.004345364402979612 0.0945907011628151 -0.05236852914094925 -0.0209260955452919 0.011469622142612934 -0.12406602501869202 -0.22712303698062897 -0.11800777912139893 0.12704229354858398 -0.09720779210329056 -0.07676911354064941 0.016768567264080048 0.0828026682138443 -0.06430456042289734 0.054064568132162094 0.06851533055305481 0.09399628639221191 -0.072341687977314 0.09764254093170166 0.26758939027786255 -0.036951616406440735 -0.025612331926822662 0.01903650537133217 0.18312618136405945 -0.11143124103546143 -0.0017836852930486202 -0.15943564474582672 -0.12683255970478058 0.023011501878499985 -0.18241167068481445 -0.13437482714653015 0.15491922199726105 0.0643821582198143 0.14277470111846924 0.035270705819129944 -0.07446364313364029 -0.08027803897857666 -0.03508339077234268 -0.05680631101131439 0.028468139469623566 -0.07527925819158554 0.05111759901046753 -0.02655623108148575 -0.09543586522340775 -0.1920972466468811 -0.03486034646630287 -0.1336377114057541 -0.07567821443080902 -0.02896833047270775 0.006524895783513784 -0.15672416985034943 -0.17146319150924683 -0.028446294367313385 0.20571570098400116 0.14420770108699799 -0.13296957314014435 0.02291550673544407 -0.12487926334142685 -0.031372494995594025 0.010794580914080143 0.07139646261930466 -0.16296088695526123 0.09959659725427628 0.011429187841713428 0.015590045601129532 -0.04738931730389595 -0.13027401268482208 -0.14637313783168793 -0.07503189891576767 0.08397744596004486 0.09699319303035736 -0.015383454971015453 -0.03832731023430824 -0.14275017380714417 0.01999843120574951 0.03214525803923607 -0.01310682762414217 0.04552576318383217 0.03076235204935074 -0.039773937314748764 0.12905050814151764 -0.05913781747221947 -0.062422171235084534 0.0761885717511177
