0.11177420616149902 0.08081745356321335 -0.1319897323846817 0.1053130179643631 0.019312193617224693 -0.1220037117600441 0.08160373568534851 0.08234909176826477 0.019773200154304504 0.015157321467995644 0.18431244790554047 0.028398767113685608 0.0622432567179203 0.1346210539340973 -0.0936431810259819 -0.01339674275368452 -0.18468669056892395 -0.04988173395395279 -0.0703732967376709 0.0939902737736702 -0.008284032344818115 -0.014550136402249336 -0.02391117438673973 -0.07058664411306381 0.015535417944192886 0.06374519318342209 -0.1829521656036377 -0.030378516763448715 0.03236623853445053 -0.1674785614013672 0.12700490653514862 0.10627786815166473 -0.004504953045397997 0.06135156378149986 -0.10252219438552856 0.1124238520860672 0.006879144813865423 0.028998419642448425 0.10481193661689758 -0.17691247165203094 -0.0622989721596241 0.10204032063484192 0.05616074427962303 0.06122712418437004 0.11954750120639801 -0.03744935616850853 0.09618480503559113 0.06349837779998779 0.014253170229494572 -0.14267498254776 -0.28668028116226196 -0.1170816570520401 -0.02851082757115364 0.09390045702457428 0.1357913762331009 0.10228471457958221 -0.07018939405679703 -0.0260295607149601 0.15138618648052216 0.07384207099676132 -0.024360526353120804 -0.14637728035449982 -0.12581117451190948 0.027979856356978416 -0.005748160649091005 0.0958336740732193 0.06913544237613678 -0.05940097197890282 -0.01150806900113821 0.03726395219564438 -0.037392329424619675 -0.06790446490049362 0.13818316161632538 -0.08608198910951614 0.17706318199634552 0.08520998060703278 0.11128512024879456 -0.18679684400558472 0.17658643424510956 -0.024990733712911606 -0.06680286675691605 0.04526519775390625 -0.19122187793254852 0.013856482692062855 -0.006502958480268717 -0.09201984107494354 -0.0484645701944828 0.11120827496051788 0.1704389899969101 -0.05522844195365906 -0.1101163849234581 0.1058073416352272 0.08210396766662598 0.08610232174396515 -0.09937575459480286 0.07050898671150208 -0.046238020062446594 -0.1728259027004242 0.042538754642009735 -0.0641883909702301
0.054475653916597366 -0.0014394688187167048 0.037273965775966644 -0.0852179154753685 -0.058626431971788406 -0.05083013325929642 -0.17097198963165283 0.16662879288196564 -0.024386493489146233 0.062166184186935425 0.09638415277004242 -0.019437123090028763 -0.09315004199743271 0.07521449029445648 0.07903599739074707 -0.09580496698617935 0.053791675716638565 0.029104501008987427 -0.06414774805307388 0.05602540448307991 -0.027496937662363052 -0.010676070116460323 0.20293161273002625 -0.10204900056123734 0.16345664858818054 0.02534603513777256 -0.06453903764486313 0.14514903724193573 0.19396072626113892 0.1008947491645813 -0.03819727152585983 -0.10642383992671967 0.04052726551890373 -0.10527180880308151 0.03407392278313637 -0.050390563905239105 0.10670337826013565 -0.1590920388698578 -0.09624042361974716 0.07811973989009857 0.03546765819191933 -0.02253212407231331 -0.02519119717180729 -0.1095547005534172 -0.09320394694805145 0.038387198001146317 -0.05073929950594902 -0.022598711773753166 -0.01852724328637123 -0.06795331090688705 -0.03135733678936958 -0.15916100144386292 0.017078686505556107 -0.0743706002831459 -0.09820056706666946 -0.13322830200195312 -0.0476594902575016 0.0808025375008583 -0.01963765360414982 -0.1694078892469406 0.04707735404372215 0.04675101116299629 -0.11042233556509018 0.27610987424850464 -0.059008024632930756 -0.12072005122900009 0.18132473528385162 0.065360426902771 -0.10492578893899918 0.16109158098697662 0.225070059299469 0.1071532815694809 0.11098833382129669 -0.10805018246173859 -0.08971930295228958 0.06307938694953918 0.050342150032520294 0.03702883794903755 0.1274522840976715 -0.0449846051633358 0.004364379215985537 -0.08491477370262146 -0.11075327545404434 -0.010266166180372238 0.03295131400227547 -0.04656409099698067 0.06227805092930794 -0.07909344881772995 0.028765233233571053 -0.1196625605225563 -0.14079101383686066 0.23093581199645996 -0.055132001638412476 0.0392925888299942 0.005619444418698549 -0.08439470827579498 -0.08610604703426361 -0.0603967048227787 -0.13924232125282288 0.19369082152843475
-0.07839275896549225 0.07517191767692566 -0.06711659580469131 -0.02657187730073929 0.11209572851657867 0.18893395364284515 -0.10879964381456375 0.07630030065774918 0.09621015936136246 -0.1801929473876953 -0.12488673627376556 -0.0821785032749176 0.11709935963153839 0.12180885672569275 -0.03551875427365303 -0.015767637640237808 0.05618303641676903 0.016402700915932655 0.04669979214668274 0.12170983850955963 0.014239881187677383 -0.04805213212966919 0.017867855727672577 -0.06255386024713516 0.034555260092020035 0.0348905548453331 -0.021640431135892868 0.02814067155122757 0.04503558576107025 0.09560474753379822 -0.06630735099315643 0.28829148411750793 -0.061109211295843124 0.16418151557445526 0.11485511064529419 0.037047505378723145 0.20075461268424988 -0.11370066553354263 0.08985867351293564 0.09744682163000107 -0.008840488269925117 -0.09458020329475403 -0.009775122627615929 0.054060038179159164 0.20024727284908295 0.05446972697973251 0.18515056371688843 0.11926698684692383 -0.04215284064412117 0.088060662150383 -0.125676691532135 0.1217288225889206 0.011803943663835526 0.08082502335309982 -0.15697109699249268 -0.0614001490175724 0.03441494703292847 -0.17586083710193634 0.004089288879185915 -0.018450763076543808 -0.005178607068955898 0.04086228087544441 0.16453707218170166 0.009818757884204388 0.04180337116122246 0.03594377636909485 0.002660017693415284 0.02423933893442154 0.025915663689374924 -0.1757127195596695 0.036686185747385025 -0.055491842329502106 0.17419587075710297 -0.032045911997556686 -0.06586330384016037 0.04550224542617798 0.06604566425085068 -0.09044235199689865 -0.0047327736392617226 0.0010159038938581944 -0.06464123725891113 0.03558681905269623 0.10439343005418777 -0.18120042979717255 0.3201177418231964 0.010896737687289715 0.10509251058101654 -0.142089381814003 -0.033198628574609756 0.023816309869289398 -0.06589886546134949 0.021510884165763855 0.08305203914642334 -0.04496099427342415 0.005143460351973772 0.10100021958351135 -0.05369996652007103 -0.0022378459107130766 -0.18896664679050446 -0.004781107883900404
-0.012543383054435253 -0.06786254793405533 -0.04195406287908554 -0.08682592213153839 0.03394201025366783 -0.16740822792053223 0.12170712649822235 -0.06665554642677307 0.05557764321565628 -0.07555058598518372 0.059536878019571304 -0.054301436990499496 0.16618169844150543 0.12203513085842133 0.1318630874156952 -0.053000885993242264 0.040438033640384674 -0.029777798801660538 0.1074383407831192 -0.018858425319194794 0.06885258853435516 -0.02464105933904648 0.10560474544763565 -0.04681086540222168 -0.09243573993444443 0.01410147175192833 0.10904586315155029 0.07275357097387314 -0.15871144831180573 0.05688243731856346 -0.16727657616138458 -0.06758390367031097 -0.10957025736570358 -0.06526601314544678 0.04913438484072685 -0.03848304599523544 0.17250049114227295 0.10291276127099991 0.08449150621891022 -0.1276819407939911 0.10917283594608307 0.01835441030561924 0.022089049220085144 -0.12431639432907104 -0.03148000314831734 -0.19024641811847687 0.10836871713399887 -0.08950796723365784 0.06202167645096779 -0.001520287711173296 0.013127150945365429 -0.09714652597904205 0.1424977332353592 -0.17208944261074066 0.0368587002158165 -0.02287464402616024 -0.15195786952972412 0.05994603782892227 0.044402241706848145 0.1860065460205078 -0.13384239375591278 0.09782986342906952 0.05355712026357651 0.1707075834274292 0.05286424234509468 -0.11029523611068726 -0.09397006034851074 0.0348462276160717 0.03746503219008446 -0.03594386577606201 -0.1738107055425644 -0.025059277191758156 -0.010063795372843742 0.19945955276489258 0.17647573351860046 -0.10327992588281631 0.01713523454964161 0.0461554080247879 -0.0051155476830899715 0.2129126787185669 -0.062325622886419296 0.06939580291509628 0.02926008589565754 -0.042187221348285675 0.04339611530303955 -0.07067455351352692 0.14991329610347748 -0.13110901415348053 0.11724089831113815 -0.1303011178970337 -0.019630534574389458 -0.05666284263134003 -0.14042335748672485 0.13017743825912476 -0.03003866784274578 0.0007932496373541653 -0.2201766073703766 -0.1090029776096344 -0.05126948282122612 0.04036783054471016
-0.05773937329649925 0.13724398612976074 0.0994734838604927 -0.02010728232562542 0.0075494470074772835 -0.04208962991833687 -0.03348245844244957 -0.18760283291339874 0.1636326164007187 0.07663478702306747 -0.014001501724123955 0.0830354243516922 -0.05024491250514984 -0.04747498780488968 -0.019482087343931198 -0.059291642159223557 0.18327505886554718 0.09513381868600845 0.0010706583270803094 -0.0441383495926857 0.11455223709344864 -0.045699961483478546 0.04438601806759834 -0.1762450784444809 0.0006196019239723682 -0.24163946509361267 0.047049980610609055 -0.13732071220874786 0.04206637293100357 0.0048226104117929935 -0.14870989322662354 0.058069515973329544 -0.019154878333210945 0.08336285501718521 -0.06981249153614044 -0.054192546755075455 0.03982345387339592 -0.08987565338611603 -0.005274804309010506 0.1654893308877945 0.021386072039604187 -0.026036126539111137 -0.010944905690848827 -0.06010614335536957 -0.024769959971308708 -0.13968504965305328 -0.118642657995224 -0.006560801528394222 0.07098674774169922 -0.08444942533969879 0.021966977044939995 0.2536352276802063 -0.09849289804697037 0.04141118377447128 0.023720912635326385 -0.034942079335451126 -0.07074040919542313 -0.11265537887811661 0.06929101794958115 -0.04593295231461525 0.03674371913075447 -0.028125887736678123 0.006795681547373533 -0.1246333047747612 0.16132108867168427 -0.07759883254766464 0.013464177027344704 -0.10106565058231354 0.004656743258237839 0.08367960155010223 0.02257044054567814 -0.08097092062234879 0.0977596864104271 -0.1535491943359375 0.13767462968826294 0.028326308354735374 -0.1525406688451767 -0.08601857721805573 -0.1069977805018425 0.1783948540687561 -0.07016874849796295 -0.19210542738437653 -0.0897761657834053 0.0017510156612843275 -0.10920796543359756 -0.041150469332933426 -0.0729561299085617 0.12779566645622253 0.11907809972763062 0.011677294969558716 -0.18463025987148285 -0.02065453678369522 0.15255098044872284 0.19230836629867554 0.19251056015491486 -0.04861285537481308 -0.18906190991401672 -0.06664326786994934 0.018678739666938782 -0.00081909034634009
0.03347592055797577 0.08562960475683212 -0.06548969447612762 -0.11253593862056732 -0.016314445063471794 0.020076053217053413 0.004067667294293642 -0.10172462463378906 -0.11817751079797745 0.14132621884346008 0.12488231807947159 0.07631075382232666 -0.03640063852071762 0.002387839602306485 0.011816429905593395 -0.002074821386486292 -0.04195541888475418 0.044274333864450455 0.11332984268665314 -0.12495145946741104 -0.004861079156398773 0.036867305636405945 -0.10169007629156113 0.10305517911911011 0.04063951596617699 0.13168509304523468 0.0046172537840902805 0.018583182245492935 0.12661023437976837 0.0673861876130104 -0.06893527507781982 0.11440511047840118 0.16416935622692108 -0.11351980268955231 0.048261724412441254 0.18279120326042175 0.012898728251457214 0.17790533602237701 -0.02146151289343834 0.004880803171545267 -0.006970605347305536 0.21847984194755554 -0.009391622617840767 -0.057737261056900024 0.12988267838954926 -0.0007023371872492135 -0.014226973988115788 0.04320714250206947 0.24913418292999268 -0.06686285883188248 0.03751817345619202 0.05467011407017708 0.00913568027317524 0.1051059365272522 -0.014382460154592991 -0.0991152748465538 -0.138045534491539 -0.20729705691337585 0.11278044432401657 -0.05454668402671814 -0.15343284606933594 -0.11814093589782715 0.06579869240522385 -0.02768048085272312 0.014545360580086708 -0.18568676710128784 0.07836730033159256 -0.02852066420018673 0.08104947209358215 -0.008409837260842323 0.16089288890361786 0.15966728329658508 0.04693816602230072 -0.015942657366394997 0.09379398077726364 -0.032472651451826096 0.08326045423746109 0.12079603224992752 -0.1447872370481491 -0.061338379979133606 0.07055751979351044 0.10097776353359222 0.04438935965299606 -0.15058818459510803 -0.2285170555114746 -0.024325646460056305 -0.02469092607498169 -0.23902639746665955 0.020439768210053444 0.014288206584751606 0.0366218201816082 -0.0020567267201840878 0.07031365483999252 0.10116588324308395 -0.10584430396556854 0.020348919555544853 0.015763692557811737 0.1611698567867279 -0.17770542204380035 -0.09396053850650787
0.10039202868938446 -0.07032274454832077 0.02855551987886429 -0.06606583297252655 0.09438291937112808 0.10669268667697906 -0.20174981653690338 0.017203446477651596 0.01315572764724493 -0.013583807274699211 -0.019114622846245766 0.26287582516670227 0.022966068238019943 0.0038728835061192513 -0.008641148917376995 -0.15458588302135468 -0.02196723036468029 0.040787141770124435 -0.005496795289218426 0.10911998897790909 0.023025762289762497 -0.052299320697784424 -0.1171894446015358 0.01452895812690258 0.10205000638961792 0.06606318801641464 -0.22570985555648804 -0.025559160858392715 -0.25565841794013977 0.27486369013786316 -0.14263983070850372 0.03914482146501541 0.01000975538045168 0.06140067055821419 -0.17748260498046875 -0.11834165453910828 -0.02835739403963089 0.14043788611888885 -0.24755673110485077 0.08305348455905914 -0.02157028764486313 0.10649929940700531 -0.12792834639549255 -0.12205859273672104 0.11984534561634064 -0.1069687008857727 -0.007033133413642645 0.0771803930401802 -0.046473998576402664 0.09355364739894867 0.09339651465415955 -0.1326780617237091 0.04895682632923126 0.07444583624601364 0.10060315579175949 0.0388902984559536 0.08353962004184723 0.05472628399729729 0.0837303102016449 0.10236629098653793 0.04009009525179863 -0.040089815855026245 -0.10923683643341064 -0.11317729204893112 0.07376318424940109 -0.017482712864875793 -0.05656234920024872 -0.05063192918896675 -0.0310245081782341 -0.01819625124335289 0.07425194978713989 0.16101160645484924 -0.04145735502243042 0.14306433498859406 -0.08456387370824814 -0.03512305021286011 -0.09815853834152222 -0.13671770691871643 0.13329696655273438 0.0014263330958783627 -0.15225566923618317 0.06291458010673523 0.002280492801219225 0.04697156697511673 0.053421542048454285 0.10848593711853027 -0.07992413640022278 -0.09401021152734756 0.06989554315805435 -0.05088500678539276 -0.09127185493707657 -0.000669980829115957 0.022682342678308487 -0.06045791879296303 -0.0535089410841465 -0.12878930568695068 -0.10011816769838333 0.007053318899124861 0.06002005189657211 -0.07278160005807877
-0.10303008556365967 -0.14353592693805695 0.04892484098672867 0.07075057923793793 -0.004685394465923309 0.06869141012430191 -0.17624986171722412 -0.13566707074642181 -0.0033621853217482567 0.09761147946119308 0.029499085620045662 0.025970421731472015 0.06275685131549835 -0.09985360503196716 -0.02585805021226406 -0.12795957922935486 -0.0029540054965764284 -0.003913182765245438 0.1182481050491333 0.2142111361026764 -0.02207394689321518 -0.12559755146503448 0.07617679238319397 0.08033437281847 0.22797547280788422 -0.18408457934856415 -0.09071847051382065 0.06562712043523788 0.04500381648540497 -0.08343376964330673 -0.007271901238709688 -0.07144221663475037 -0.07574563473463058 -0.18829745054244995 -0.11176420748233795 0.057901255786418915 0.06713791191577911 0.11409428715705872 0.04309113696217537 0.1329941749572754 0.004130539484322071 -0.016548888757824898 0.1446153074502945 0.09519442915916443 -0.017446953803300858 0.04908579960465431 -0.01638696901500225 -0.002095902105793357 -0.15046054124832153 -0.010974439792335033 -0.04613522067666054 -0.02502286620438099 0.04352594539523125 -0.08541563153266907 0.030531810596585274 -0.036313507705926895 0.1352534145116806 -0.15662425756454468 -0.01475957129150629 -0.02350471541285515 -0.12303129583597183 -0.19264183938503265 -0.018833868205547333 -0.08222480863332748 -0.07765497267246246 -0.08166125416755676 -0.09253799170255661 0.0980583056807518 0.05720869451761246 -0.09149587154388428 -0.014739054255187511 -0.005719752050936222 0.0635177344083786 -0.027715180069208145 0.09852632135152817 0.14011408388614655 -0.09672333300113678 0.09336403757333755 -0.17961689829826355 -0.10893439501523972 -0.11337738484144211 0.08927185088396072 -0.014862769283354282 -0.13694792985916138 -0.00517460098490119 -0.0729772076010704 -0.010383432731032372 0.07571064680814743 0.043458301573991776 -0.08778024464845657 0.17295421659946442 0.09009907394647598 -0.30390438437461853 -0.03342520445585251 0.07103413343429565 0.08940783143043518 -0.027251143008470535 -0.19898010790348053 0.04287121817469597 -0.10243542492389679
0.16503028571605682 -0.061159875243902206 -0.1370137482881546 -0.06452157348394394 0.07051420211791992 -0.004323048982769251 -0.016484007239341736 -0.15800108015537262 -0.00302155246026814 -0.050944529473781586 0.06685268878936768 0.11339366436004639 0.11154062300920486 0.1569623500108719 0.2220126986503601 -0.14832201600074768 -0.08560441434383392 -0.0196047555655241 -0.022246303036808968 0.003925940953195095 0.02996673434972763 -0.1267903447151184 0.1085214763879776 -0.00637784693390131 0.1568373441696167 -0.24036996066570282 -0.002334197284653783 -0.043863020837306976 -0.07373438775539398 -0.11910077184438705 0.0436142235994339 0.020071929320693016 0.1641886681318283 0.14309975504875183 -0.1476897895336151 -0.0750410258769989 -0.14655819535255432 -0.10155229270458221 0.14290286600589752 -0.007300976198166609 -0.06003471463918686 -0.14154693484306335 -0.03476116061210632 0.11822646111249924 0.06557387858629227 0.061677366495132446 -0.10762181878089905 -0.030047999694943428 0.020481150597333908 0.08242294937372208 -0.015565590001642704 -0.00400951225310564 -0.01231665164232254 -0.2084222435951233 -0.11636687070131302 -0.09483244270086288 -0.19598981738090515 0.055432289838790894 -0.033329207450151443 0.17517992854118347 0.05093848332762718 -0.17490625381469727 -0.07494820654392242 0.061971548944711685 -0.15361829102039337 0.13198111951351166 0.02329719252884388 -0.0891939327120781 0.012998013757169247 -0.038947343826293945 0.01923920027911663 -0.01996353641152382 -0.00232864310964942 -0.009850118309259415 -0.13197703659534454 -0.03528047353029251 0.06941454112529755 0.17754386365413666 -0.04149141535162926 0.07269210368394852 0.04046774283051491 0.04974711313843727 0.17662951350212097 -0.08043543249368668 -0.054670967161655426 0.21515445411205292 -0.06359360367059708 0.011450262740254402 0.04787849262356758 0.050443582236766815 0.016145173460245132 0.06431329995393753 0.1171080693602562 0.09135746955871582 -0.007211486343294382 -0.07494465261697769 0.03844292089343071 0.08346538990736008 -0.1147443950176239 -0.018417922779917717
0.04825280234217644 -0.1336333453655243 0.21881256997585297 0.2336392104625702 -0.06390705704689026 0.16292808949947357 0.22149166464805603 -0.053226035088300705 0.19218477606773376 0.0915326401591301 0.09847339242696762 0.26575109362602234 -0.10608857870101929 0.1017972081899643 0.024076854810118675 0.004733166191726923 -0.0844259113073349 0.15784011781215668 0.03245273604989052 0.029568888247013092 0.1866476684808731 0.10833361744880676 -0.10461316257715225 -0.03555425629019737 -0.030686160549521446 0.003304075915366411 0.014272722415626049 -0.010260537266731262 -0.017186617478728294 -0.005636343266814947 0.04598323628306389 -0.009664030745625496 -0.0003878603456541896 0.03485111519694328 -0.02396783046424389 0.12590144574642181 -0.023850342258810997 0.010536815039813519 -0.04823252931237221 -0.030937816947698593 0.01227792538702488 -0.015389520674943924 -0.012853838503360748 -0.10105984658002853 0.03785959258675575 0.16658420860767365 0.09102781862020493 -0.10300729423761368 -0.0035088229924440384 -0.18725118041038513 0.13146215677261353 0.03680489584803581 0.22089144587516785 -0.14213085174560547 -0.13735699653625488 -0.16649125516414642 0.07653236389160156 0.17975954711437225 0.02386927418410778 -0.08434893190860748 0.13159704208374023 -0.051733069121837616 0.048205554485321045 -0.05444635450839996 -0.009235261008143425 -0.04412277787923813 -0.017333127558231354 -0.0658695250749588 0.10766725987195969 -0.07654236257076263 -0.09350413829088211 0.06301308423280716 0.06365974992513657 -0.18342672288417816 -0.033826928585767746 0.0894579067826271 0.16718162596225739 -0.039107680320739746 0.04179878905415535 -0.016456972807645798 -0.0024088730569928885 0.07646653056144714 0.06873837113380432 0.01988447643816471 0.035952817648649216 -0.0569741427898407 0.21641410887241364 -0.009655734524130821 -0.07891369611024857 0.020474154502153397 -0.02162065915763378 -0.07220427691936493 0.02434776909649372 -0.006202228832989931 -0.010372452437877655 -0.07896791398525238 -0.06752381473779678 -0.14745774865150452 -0.05647498741745949 -0.05597206950187683
0.16714578866958618 0.11273762583732605 0.03386230394244194 0.06945331394672394 -0.11883989721536636 0.11704089492559433 -0.07202980667352676 -0.062008313834667206 -0.002664933679625392 -0.1432730257511139 -0.1296549141407013 0.15267743170261383 0.15449541807174683 -0.123234823346138 0.10882449895143509 -0.17956212162971497 0.14841236174106598 -0.1373104602098465 0.016076020896434784 -0.0027675426099449396 0.12964226305484772 0.06283704936504364 -0.12695620954036713 -0.005310924723744392 -0.0931420773267746 -0.01604626514017582 0.03826252743601799 0.1362900286912918 -0.0354011096060276 -0.04962877929210663 -0.09410089254379272 -0.20499929785728455 0.053105782717466354 -0.15117190778255463 -0.12298673391342163 0.2652794122695923 -0.03647804632782936 -0.1050226017832756 0.037033092230558395 -0.0009393570944666862 0.05063243582844734 0.05315902829170227 0.02344498783349991 0.02550407312810421 0.1715559959411621 -0.017035655677318573 0.024590861052274704 0.10419908910989761 -0.03326880931854248 -0.06142792850732803 0.06791215389966965 0.03885134309530258 -0.18479257822036743 -0.025071382522583008 0.049639709293842316 0.01852319948375225 -0.06119634211063385 -0.18470732867717743 -0.14429254829883575 0.03899913653731346 0.15090306103229523 0.0579102486371994 0.11246465146541595 0.15341202914714813 -0.07541495561599731 0.08650647848844528 0.12559643387794495 0.10804534703493118 0.06602665036916733 0.2038647085428238 -0.07906907051801682 -0.02902650460600853 0.091981902718544 0.048072200268507004 0.07165289670228958 -0.017057865858078003 -0.05159313231706619 -0.050086088478565216 0.04741641506552696 -0.05331621319055557 -0.010297350585460663 0.17735575139522552 -0.09908976405858994 -0.020820125937461853 -0.04221613332629204 0.02591877058148384 0.16978301107883453 0.033261049538850784 -0.021314920857548714 0.05904385447502136 0.020526112988591194 0.01816517673432827 0.08848295360803604 -0.14198164641857147 -0.05579397454857826 -0.026190852746367455 -0.07872980833053589 0.04490058124065399 0.11770410090684891 0.12041538208723068
-0.012209945358335972 -0.1403394341468811 -0.07477430999279022 -0.020042087882757187 0.03988206014037132 0.07054010778665543 0.02249256893992424 -0.021113168448209763 -0.17360328137874603 0.016654616221785545 -0.00884226057678461 0.06596870720386505 0.07238397002220154 -0.0255387332290411 -0.011553877964615822 0.008915201760828495 -0.16121435165405273 0.11978132277727127 -0.03359821438789368 0.008641640655696392 -0.0850488543510437 -0.015713056549429893 -0.04993896558880806 0.22780470550060272 -0.04388213902711868 -0.05408855527639389 -0.06389626860618591 0.09238047897815704 0.004394593648612499 0.1282011717557907 -0.07298614084720612 -0.19447563588619232 0.10224134474992752 -0.04321093112230301 0.260136216878891 -0.1356620490550995 0.014056268148124218 -0.08374461531639099 -0.04507371410727501 0.0017224253388121724 0.16311918199062347 0.019286347553133965 -0.017153244465589523 -0.040144938975572586 0.16883137822151184 0.15219368040561676 -0.0034473987761884928 0.06567108631134033 0.08664312213659286 -0.06655079871416092 -0.012160046026110649 0.2691650390625 -0.1176856979727745 0.14181432127952576 0.15954622626304626 -0.06116471067070961 -0.1209443062543869 0.08168169111013412 -0.006563865579664707 0.04920767620205879 -0.013180439360439777 -0.04746755212545395 -0.1627470999956131 0.015403694473206997 -0.02587619610130787 0.043779511004686356 -0.0433812290430069 0.10477413982152939 0.12071921676397324 -0.017701782286167145 -0.12478242069482803 0.04801100492477417 -0.1847430169582367 0.004122581332921982 -0.00672994926571846 0.14786463975906372 0.018890533596277237 -0.058021388947963715 0.02197537012398243 0.08650437742471695 0.018255047500133514 -0.025440333411097527 0.004660564474761486 -0.031350914388895035 0.11310125142335892 -0.0544869601726532 0.022998491302132607 0.32971322536468506 -0.06379156559705734 -0.012084516696631908 -0.0733741819858551 0.06277140229940414 -0.015027685090899467 0.0802348256111145 0.03113356977701187 0.12300537526607513 -0.1624126136302948 -0.0020014189649373293 -0.20048482716083527 0.07919779419898987
-0.048293791711330414 -0.13299469649791718 -0.12418214231729507 0.014438050799071789 0.06492242962121964 0.05088125169277191 -0.003383150789886713 -0.053475748747587204 0.015061907470226288 -0.0489380806684494 -0.1217968687415123 -0.10846895724534988 0.13674674928188324 -0.14252613484859467 -0.061297234147787094 0.18696729838848114 -0.015097880735993385 -0.1929108202457428 -0.11758100241422653 0.0413525328040123 0.14130759239196777 0.15621472895145416 0.15365159511566162 -0.10407139360904694 -0.02145087905228138 0.019310584291815758 -0.07133708149194717 0.039037179201841354 0.15380018949508667 -0.07307177037000656 -0.02795865386724472 -0.09680343419313431 0.20659998059272766 -0.03582891821861267 -0.19986209273338318 0.08379828184843063 -0.15080079436302185 0.13511823117733002 -0.2286379188299179 -0.016396917402744293 -0.13380931317806244 -0.10586276650428772 -0.07962358742952347 -0.17822937667369843 -0.0008681432227604091 0.024620026350021362 0.2180800586938858 0.01043316163122654 0.019504128023982048 -0.03517162427306175 0.026346702128648758 0.00935433804988861 -0.0009659124189056456 -0.06569115817546844 0.03916054964065552 0.0002546374162193388 -0.0912209302186966 0.10084613412618637 0.011747973971068859 -0.025245055556297302 0.02921757474541664 0.03171463683247566 0.00486183725297451 -0.022122561931610107 0.14873042702674866 -0.0023629500064998865 0.06441673636436462 -0.1680978536605835 0.10905216634273529 -0.15634863078594208 0.15071018040180206 -0.06199360266327858 0.0547645166516304 0.1782834380865097 0.02214190922677517 0.16549034416675568 -0.02773730643093586 -0.03630083054304123 -0.02509899064898491 0.10766027122735977 -0.027957092970609665 0.0523916631937027 0.017184706404805183 -0.13752026855945587 -0.0045854682102799416 -0.033731989562511444 0.04968202859163284 0.0726618617773056 -0.050535526126623154 -0.1716136634349823 -0.029766244813799858 0.06853052228689194 -0.00033206038642674685 0.09073208272457123 0.18900951743125916 0.03191297873854637 0.14204037189483643 0.09329105913639069 -0.024638265371322632 0.03746498376131058
-0.08784415572881699 0.13821639120578766 -0.017851388081908226 -0.16289395093917847 -0.3243985176086426 0.15217769145965576 -0.09413743764162064 0.00815978366881609 0.04857097566127777 -0.040205445140600204 -0.0030282789375633 0.06995631754398346 -0.048013776540756226 0.13681860268115997 -0.16827169060707092 -0.0054076663218438625 -0.03316762298345566 0.004533924162387848 -0.086562380194664 0.03349653631448746 -0.06838438659906387 0.056730251759290695 -0.09141353517770767 0.023648086935281754 -0.020690999925136566 -0.005391079932451248 -0.05654342100024223 0.09721772372722626 -0.08089696615934372 -0.039546526968479156 -0.13723184168338776 0.14895065128803253 0.09975160658359528 -0.07238874584436417 -0.07019367814064026 -0.043071500957012177 -0.0922885462641716 0.0404578372836113 -0.024575166404247284 -0.1876925230026245 -0.02074350044131279 -0.17131949961185455 -0.01162355113774538 -0.25034788250923157 -0.09288644045591354 0.08421032875776291 -0.16038471460342407 0.06285810470581055 -0.0025269673205912113 0.11307509243488312 -0.005481732543557882 0.026050107553601265 0.0778828114271164 -0.13369491696357727 0.024351175874471664 -0.08484801650047302 -0.07927672564983368 -0.09162592142820358 0.06509154289960861 0.014209830202162266 -0.08199633657932281 0.023790651932358742 -0.16028372943401337 0.06945180147886276 -0.04746885597705841 0.006927687209099531 -0.10733597725629807 0.0651746541261673 0.07380810379981995 0.02024935930967331 -0.020924732089042664 -0.12539036571979523 0.08115444332361221 -0.1004081442952156 0.08114892244338989 -0.18203213810920715 -0.15145902335643768 -0.09376577287912369 -0.06157297268509865 -0.08041536808013916 0.03915877640247345 -0.07118600606918335 0.21966834366321564 0.1280732899904251 0.012511986307799816 -0.050400715321302414 0.19242195785045624 0.0736439973115921 0.011513670906424522 -0.06206701695919037 -0.04115258529782295 0.07457702606916428 0.02248392626643181 0.03934958204627037 -0.07203366607427597 0.2333160638809204 0.14641712605953217 -0.030401062220335007 0.059463344514369965 -0.013847705908119678
0.08444821089506149 -0.14645543694496155 -0.10414696484804153 0.18427003920078278 -0.04401103034615517 0.010183564387261868 0.12473586946725845 0.08254269510507584 -0.01530243456363678 -0.0866885781288147 -0.0811695009469986 0.04763055592775345 0.03391408547759056 0.03421138972043991 0.038530949503183365 0.05094045773148537 -0.03649592772126198 0.051453351974487305 -0.011511591263115406 -0.10970358550548553 0.14329743385314941 0.04936295375227928 -0.020206427201628685 -0.13701897859573364 -0.02906779758632183 -0.10427316278219223 0.0075791096314787865 -0.20027029514312744 0.06665486842393875 0.028431348502635956 0.022289998829364777 0.06257662177085876 -0.12538735568523407 -0.22834981977939606 0.0018774113850668073 -0.14327122271060944 -0.028263693675398827 -0.07124286144971848 0.01501935813575983 0.05863682180643082 -0.023868098855018616 0.03168581798672676 -0.023407574743032455 0.0019139018841087818 -0.12793099880218506 0.07178898900747299 -0.06478394567966461 -0.10650166869163513 0.12430410087108612 0.00660443352535367 -0.05671759322285652 0.032798971980810165 0.12372804433107376 0.05977359786629677 0.09999262541532516 -0.1762118637561798 0.06259448081254959 -0.103785939514637 0.024991899728775024 0.11040429770946503 -0.0887603834271431 0.06728368252515793 -0.11300069838762283 -0.01919536106288433 -0.029506394639611244 0.10536253452301025 0.026708513498306274 0.13331866264343262 -0.010489962995052338 -0.05041012912988663 0.13448485732078552 0.0995820090174675 0.16533511877059937 0.1725565642118454 0.25998416543006897 -0.15331973135471344 -0.08073043078184128 -0.07649457454681396 -0.06961870938539505 -0.08051315695047379 -0.07232976704835892 0.1729898303747177 0.07103001326322556 0.09726463258266449 0.056423816829919815 -0.04293274134397507 -0.19849152863025665 0.008856883272528648 -0.07891451567411423 0.09619788825511932 0.01680215261876583 0.17836184799671173 0.09076816588640213 -0.1963770091533661 0.10033397376537323 -0.08872814476490021 0.022842418402433395 -0.02377905882894993 -0.17809328436851501 0.13097669184207916
-0.13077344000339508 0.08400339633226395 0.06900831311941147 0.05422307178378105 0.015247114934027195 -0.06807483732700348 0.1044505387544632 -0.003934483043849468 0.08163803815841675 0.08318255841732025 -0.021876201033592224 0.20811311900615692 -0.2233094424009323 -0.12767711281776428 -0.09386391192674637 -0.1259281039237976 0.002555113285779953 -0.06181885302066803 -0.06731023639440536 -0.07926196604967117 -0.04212815687060356 0.07133867591619492 0.036594562232494354 -0.18616873025894165 0.04834990203380585 -0.021865595132112503 0.22555045783519745 -0.11215455830097198 0.11470795422792435 -0.019842077046632767 -0.11929558217525482 0.038635000586509705 0.08741436898708344 -0.01775575987994671 -0.05566355958580971 0.04494180902838707 -0.041810620576143265 -0.04242387041449547 0.11247307062149048 -0.08521409332752228 -0.08363986015319824 -0.06868063658475876 -0.1576443612575531 0.02880178391933441 0.10462333261966705 0.005882177501916885 -0.005992304068058729 0.1434474140405655 0.07620647549629211 0.122213214635849 -0.13996170461177826 -0.20468898117542267 0.01988246664404869 0.0076216538436710835 0.11210613697767258 0.11123575270175934 0.16104911267757416 0.02256992645561695 -0.17544513940811157 0.020495062693953514 0.007049330975860357 0.002976988907903433 -0.04265713319182396 0.13903191685676575 0.025406550616025925 -0.10550597310066223 -0.022349609062075615 -0.02297198958694935 0.07326822727918625 0.01080284547060728 0.0948331207036972 0.06878722459077835 -0.15911392867565155 0.0450575090944767 0.0518605001270771 -0.049242522567510605 0.05749594792723656 0.007782803848385811 -0.013199334032833576 -0.1120053231716156 -0.15193325281143188 0.06859198957681656 0.025098608806729317 -0.05518759414553642 0.18487267196178436 0.17347452044487 -0.0226376261562109 0.1723996102809906 -0.049378473311662674 -0.003441821550950408 0.07825274020433426 -0.11546365916728973 -0.13548392057418823 0.1482916921377182 -0.05156313255429268 0.13557294011116028 -0.17232780158519745 0.08506800979375839 -0.17959970235824585 0.008771046996116638
0.11050748080015182 -0.1505345106124878 -0.09563251584768295 0.013379419222474098 -0.005983361043035984 -0.14129061996936798 -0.2068014293909073 -0.01895473524928093 -0.1313159316778183 0.03887448087334633 -0.0730348601937294 0.21571949124336243 -0.08654747903347015 -0.008016989566385746 -0.04591864347457886 0.057467270642519 -0.06999073177576065 0.042847149074077606 -0.1319567859172821 -0.08835223317146301 -0.05389082059264183 0.03081142157316208 -0.02238324284553528 0.033488787710666656 -0.11719164252281189 -0.13251027464866638 0.0870911180973053 0.03455289080739021 -0.04191167280077934 -0.04136012867093086 0.08888042718172073 0.030056411400437355 0.010106855072081089 0.12684573233127594 -0.05956832692027092 0.021526005119085312 0.09215708076953888 -0.062241923063993454 -0.11442802846431732 -0.151676744222641 -0.03554106876254082 -0.13926804065704346 -0.06176867336034775 0.01712200976908207 -0.008587855845689774 0.0014796010218560696 0.007062118034809828 -0.09467297047376633 -0.03108801506459713 -0.043242793530225754 -0.0302042867988348 0.01062243152409792 -0.12003698199987411 0.08845654129981995 -0.21255017817020416 -0.056172750890254974 0.10650208592414856 0.06712623685598373 0.08359881490468979 -0.12144165486097336 -0.19267018139362335 0.012229741550981998 0.12084988504648209 0.13830819725990295 -0.03809768334031105 -0.09480786323547363 0.16616858541965485 -0.028718650341033936 -0.09710545837879181 -0.019306544214487076 -0.15088379383087158 0.0308243241161108 0.17941148579120636 0.23209381103515625 -0.09611164033412933 -0.18807142972946167 -0.04226720705628395 -0.13354988396167755 -0.07025933265686035 -0.039772775024175644 0.053041934967041016 -0.02798716351389885 -0.02979651652276516 -0.11880376935005188 -0.1022951751947403 -0.08035518229007721 0.029924757778644562 0.08500427007675171 0.007425874937325716 -0.016992153599858284 0.06077433004975319 -0.00521415751427412 -0.017311086878180504 -0.11262701451778412 0.10248255729675293 0.11263418197631836 -0.23409081995487213 0.009937731549143791 -0.0026256877463310957 -0.2564922571182251
0.11329613626003265 -0.06157157942652702 0.142006516456604 -0.045481134206056595 -0.016261747106909752 0.22716279327869415 0.05656954273581505 -0.11976311355829239 0.022609040141105652 0.2309793382883072 -0.012291328981518745 -0.08681673556566238 -0.006807245314121246 0.04896887019276619 -0.013492560014128685 0.12807245552539825 -0.06564876437187195 -0.07508840411901474 0.12417587637901306 -0.0004008389951195568 0.1326810121536255 0.08791229873895645 0.07608059048652649 0.032302163541316986 0.03190579265356064 -0.29307693243026733 -0.07546227425336838 0.010906839743256569 0.052487414330244064 0.08863478899002075 0.0006791461491957307 0.12666794657707214 -0.09206417948007584 0.06348302215337753 0.029266774654388428 0.175176739692688 -0.0735374391078949 -0.09227028489112854 -0.135531947016716 0.021144157275557518 0.035339463502168655 0.13142314553260803 -0.033982012420892715 0.013762524351477623 -0.04949384182691574 0.18392148613929749 0.014068120159208775 0.0023355595767498016 -0.01285993866622448 0.10807392746210098 -0.12442723661661148 -0.1721407026052475 -0.16101579368114471 0.014452620409429073 -0.04770328849554062 0.09037946164608002 0.0537823885679245 -0.002521140268072486 0.2102532833814621 0.010236005298793316 -0.12022297084331512 0.11240881681442261 0.12429612874984741 0.22740676999092102 0.0298481285572052 0.06994964182376862 -0.17116160690784454 -0.035542603582143784 -0.03353722393512726 0.1401703655719757 -0.14561517536640167 -0.0017888055881485343 -0.028410645201802254 0.0837353765964508 0.0569935217499733 0.09473853558301926 -0.03001416102051735 0.10097353905439377 0.010901211760938168 0.08937489241361618 -0.14425073564052582 -0.07394638657569885 0.09644363075494766 0.05275478586554527 -0.019244104623794556 -0.034044474363327026 -0.12734830379486084 0.008578713051974773 -0.09187972545623779 -0.00037113972939550877 -0.10258378833532333 0.06201329082250595 0.004967744927853346 0.012925206683576107 -0.20265613496303558 0.04043734073638916 -0.03088187426328659 0.12807613611221313 0.047798365354537964 0.0836707353591919
-0.08187832683324814 -0.03398370370268822 -0.11733616143465042 0.08592016249895096 -0.021274074912071228 -0.04566184803843498 0.08473748713731766 0.21476994454860687 0.2065918892621994 0.09868694841861725 -0.05527312308549881 -0.02213633619248867 -0.1066913902759552 -0.0855274572968483 0.2451983541250229 -0.10379733145236969 -0.08346084505319595 0.050405796617269516 -0.10249046981334686 0.011583530344069004 -0.004705193918198347 -0.09440765529870987 0.0607760027050972 0.13753773272037506 0.08344421535730362 -0.11912289261817932 0.017323369160294533 0.13253766298294067 0.025250451639294624 0.0106310760602355 -0.029551126062870026 -0.03243980556726456 0.1677168607711792 -0.011936732567846775 -0.13722173869609833 -0.043934743851423264 -0.12146074324846268 0.16847175359725952 0.15447890758514404 0.04780566319823265 0.02559691108763218 0.12428465485572815 -0.04778492450714111 0.003100642003118992 -0.06817594170570374 0.06912613660097122 0.053130608052015305 -0.01173032633960247 -0.06326926499605179 -0.10865975171327591 0.029062537476420403 0.10153528302907944 -0.03450683876872063 0.15254871547222137 -0.1040375679731369 -0.12210389971733093 -0.01741083152592182 -0.08950228244066238 0.004294601734727621 0.04061038792133331 -0.1428845375776291 0.2038455754518509 -0.012203455902636051 0.09774328023195267 -0.037396881729364395 0.16591350734233856 -0.16058656573295593 0.03472143039107323 0.00348362373188138 -0.006836640182882547 0.17362581193447113 -0.00793878547847271 -0.07080171257257462 -0.006762619595974684 0.01121197734028101 -0.0847001001238823 0.1656014323234558 -0.2646952271461487 -0.07954248785972595 0.08816424012184143 -0.06289488822221756 -0.10220906883478165 -0.07520261406898499 -0.07308349013328552 0.017198633402585983 0.058398183435201645 0.020971523597836494 -0.1504582017660141 -0.1339772790670395 0.022120099514722824 -0.06155746057629585 -0.06713362783193588 -0.029024986550211906 0.04245850071310997 -0.01550885196775198 0.08095571398735046 -0.0628344863653183 0.008504116907715797 0.2520824372768402 -0.04728217050433159
0.00981938000768423 0.1773454248905182 -0.0583387091755867 0.13978137075901031 -0.05858867987990379 0.06675983220338821 0.019555173814296722 0.03883640840649605 -0.12150787562131882 0.04752839729189873 -0.032889798283576965 -0.1393352448940277 -0.017469502985477448 -0.04532930254936218 -0.0007915528258308768 -0.03594885766506195 0.02596304751932621 -0.09810348600149155 0.023371705785393715 0.08576926589012146 0.1442374885082245 0.06416715681552887 0.016436202451586723 0.10966474562883377 -0.017786674201488495 -0.13702140748500824 0.009065373800694942 0.07370025664567947 -0.05331160128116608 -0.002705102087929845 -0.17039994895458221 0.1762913316488266 -0.043700095266103745 -0.13450679183006287 0.09297703206539154 -0.20731788873672485 -0.19120776653289795 -0.31450963020324707 -0.061250217258930206 0.028799865394830704 -0.07479198276996613 -0.12982229888439178 -0.08603749424219131 -0.0681135356426239 0.09652620553970337 0.016161862760782242 0.11118488758802414 0.12026633322238922 -0.10920479148626328 -0.055256038904190063 0.0419141948223114 -0.07738474756479263 0.014571677893400192 0.05743063986301422 -0.01490225549787283 -0.14777056872844696 -0.17903365194797516 -0.03197425603866577 0.03733744099736214 -0.01549070980399847 -0.0563126876950264 0.053672756999731064 0.06398611515760422 -0.0098334401845932 0.0805937647819519 -0.1228267103433609 -0.036037638783454895 -0.12314227968454361 0.050541579723358154 -0.05744488164782524 0.01269842404872179 0.043211258947849274 -0.06527853012084961 -0.021561400964856148 -0.0053533767350018024 -0.05674039199948311 0.17986993491649628 0.02743063122034073 0.11080089211463928 -0.04211854562163353 0.16605620086193085 0.0939815491437912 -0.10313960164785385 0.09215296059846878 -0.11520940065383911 0.05281980708241463 -0.19138365983963013 0.02282004803419113 0.09301359206438065 -0.12009210139513016 0.20755983889102936 -0.13091915845870972 -0.04468565434217453 -0.034264348447322845 -0.02668357826769352 -0.048363130539655685 -0.0586443766951561 -0.24136026203632355 0.03523428365588188 -0.11612959951162338
-0.09466424584388733 -0.09747063368558884 -0.014873011037707329 -0.01759202592074871 0.00666193338111043 -0.0407533161342144 -0.170058012008667 -0.0003299331583548337 -0.03493616729974747 -0.07463271170854568 0.0715884119272232 0.018719106912612915 -0.047072622925043106 -0.1046508401632309 -0.01414100918918848 0.08038322627544403 -0.04907787963747978 -0.0521877221763134 0.1142091304063797 -0.10650649666786194 0.22278684377670288 0.07697832584381104 0.05117167532444 0.04248080775141716 0.03291329741477966 -0.03697853907942772 0.04535699263215065 0.0173668023198843 0.1769641637802124 0.06364436447620392 0.10916896164417267 0.01136270072311163 -0.01902599260210991 0.046267952769994736 -0.2210303395986557 -0.11469829082489014 0.23268333077430725 -0.1129656508564949 -0.11160869151353836 -0.06142101064324379 0.08648453652858734 0.015363981015980244 -0.20738576352596283 0.17276407778263092 -0.11378160864114761 0.01934095472097397 0.028726035729050636 0.1627158373594284 -0.1640395075082779 -0.09658672660589218 0.11592068523168564 -0.04456273838877678 0.08698070794343948 0.0993897095322609 0.1914069503545761 -0.0015345807187259197 -0.037767887115478516 -0.016664275899529457 -0.07090750336647034 0.021702418103814125 0.0465538315474987 0.08605337888002396 -0.11873900145292282 -0.160070538520813 -0.18746347725391388 0.02089877799153328 -0.13503019511699677 -0.04815249145030975 0.13445933163166046 0.0670989602804184 -0.025183919817209244 -0.13089874386787415 0.020287491381168365 0.04624320939183235 0.062389880418777466 -0.04227215796709061 0.0635082945227623 0.024182910099625587 0.08218201249837875 0.00914000254124403 0.03630688786506653 -0.1615557074546814 0.08665910363197327 -0.10120449960231781 -0.0653906837105751 -0.07608924061059952 0.15293163061141968 -0.09631083905696869 0.12735840678215027 0.18710574507713318 0.12066183239221573 0.02300582081079483 0.12151938676834106 0.08095771074295044 -0.20618218183517456 0.035730063915252686 -0.030159421265125275 -0.029155084863305092 -0.09069826453924179 -0.0018968539079651237
-0.08705122768878937 -0.009051257744431496 0.05827036127448082 0.038690369576215744 0.2556259334087372 -0.03076626919209957 0.028219522908329964 0.10226841270923615 -0.06076083332300186 0.059511952102184296 0.08355973660945892 0.036009225994348526 -0.09336243569850922 0.08333861082792282 0.06685922294855118 -0.15968577563762665 0.03650858998298645 0.026126861572265625 0.08362113684415817 0.021367179229855537 0.053014125674963 0.1709015667438507 -0.05026022717356682 -0.04209502041339874 0.09533704817295074 0.050393640995025635 -0.04135525971651077 -0.15015169978141785 -0.04131562262773514 -0.10697922855615616 -0.16577325761318207 0.026700325310230255 0.07103680819272995 -0.02545139752328396 0.062911257147789 0.05150724947452545 0.026877136901021004 0.08501923084259033 0.009827019646763802 -0.044639892876148224 -0.14978531002998352 -0.07488216459751129 0.061549704521894455 0.16383187472820282 0.0008693120325915515 0.0019681882113218307 -0.015126917511224747 -0.0011880133533850312 0.055919844657182693 0.07538161426782608 -0.02437581866979599 0.1700962781906128 -0.10195240378379822 0.07510529458522797 0.20491480827331543 -0.028544805943965912 -0.24486252665519714 0.21398460865020752 0.06062088906764984 -0.1832577884197235 -0.001063683070242405 0.18690605461597443 0.09924937039613724 -0.03190756216645241 -0.21728263795375824 -0.015725117176771164 -0.03805083781480789 -0.14162884652614594 0.04253765195608139 -0.05517489090561867 0.062464598566293716 -0.11207128316164017 0.16332335770130157 0.08793199062347412 -0.03051232360303402 0.043078117072582245 -0.17153774201869965 0.056961506605148315 -0.08008982986211777 -0.061982594430446625 0.1408146321773529 -0.006055779289454222 0.06947958469390869 0.11675722151994705 0.07962330430746078 0.03203989565372467 0.030704407021403313 -0.007761129643768072 -0.08733383566141129 -0.07492078095674515 -0.03549347445368767 0.1502303034067154 -0.12367092072963715 -0.11064831912517548 -0.15956760942935944 -0.03115343116223812 -0.1440849006175995 -0.0226298701018095 0.16930988430976868 0.020919907838106155
-0.007283883634954691 0.07091578096151352 -0.041718460619449615 0.1670607328414917 -0.17072293162345886 -0.152742400765419 0.1600576639175415 -0.10720447450876236 -0.005817075725644827 0.06917597353458405 0.06615614145994186 0.11967627704143524 0.09349597245454788 0.010422809049487114 0.1083446592092514 0.060905154794454575 0.13234497606754303 0.15512076020240784 -0.10021552443504333 0.033742986619472504 -0.025954972952604294 -0.03885364904999733 0.012003646232187748 -0.005605067126452923 0.0006459054420702159 -0.08293507993221283 -0.0896163061261177 -0.09231676906347275 0.08452095091342926 -0.1411237269639969 0.014187125489115715 0.031441278755664825 0.0001424764486728236 -0.0995962992310524 -0.07022184878587723 -0.08585651218891144 0.0802483856678009 0.044108401983976364 -0.19304817914962769 -0.002764770295470953 0.03238365799188614 0.015319827944040298 -0.0675358921289444 0.04413130134344101 0.06142381578683853 -0.043633680790662766 0.11912444978952408 -0.03511791676282883 -0.13466954231262207 0.18372242152690887 0.06883838027715683 0.03248592093586922 -0.14940547943115234 0.02219880372285843 0.1817920207977295 0.0012715713819488883 -0.11066307872533798 -0.03829183056950569 -0.13054683804512024 -0.09419719874858856 -0.21269330382347107 -0.11062145978212357 -0.1149962842464447 0.14674492180347443 0.077002614736557 -0.10334192216396332 0.04389067739248276 -0.05174405127763748 -0.17104189097881317 -0.07427358627319336 -0.04814888909459114 -0.15091027319431305 -0.16216795146465302 -0.10713150352239609 -0.14999084174633026 0.08097301423549652 -0.09084434807300568 0.05293020233511925 0.1076948270201683 0.0026216276455670595 -0.07116852700710297 0.07452376931905746 0.08967013657093048 -0.01530841551721096 0.07859601080417633 -0.10314791649580002 0.020207881927490234 -0.25561657547950745 -0.12339850515127182 0.037373363971710205 -0.0724635049700737 -0.11783017963171005 0.11854854226112366 -0.18314926326274872 -0.021571677178144455 0.1334766149520874 0.014124766923487186 -0.040407028049230576 -0.04823283478617668 0.03252056986093521
-0.18227578699588776 -0.03210810571908951 0.15180082619190216 0.036904316395521164 -0.05898983031511307 -0.07616150379180908 -0.015142138116061687 0.05304497852921486 0.00661558099091053 0.08552372455596924 -0.3215062916278839 0.08562172949314117 -0.03070020116865635 -0.016641365364193916 -0.04273497685790062 -0.1154400110244751 0.12546537816524506 0.012501059100031853 0.04634062573313713 0.0323001965880394 0.05291491746902466 0.221210315823555 -0.010571491904556751 0.1489204615354538 -0.0056062126532197 0.12021651864051819 -0.24657432734966278 -0.12875612080097198 -0.046872321516275406 -0.15508683025836945 0.050999343395233154 0.1285611242055893 0.04451562091708183 -0.005000579170882702 0.055739134550094604 0.04248136654496193 -0.08122812956571579 -0.05888695642352104 0.14340431988239288 -0.11005331575870514 0.23210322856903076 0.07067979127168655 -0.04159834235906601 0.07215185463428497 -0.15169624984264374 -0.005924327298998833 -0.021724816411733627 -0.11601690202951431 -0.041380565613508224 0.027480093762278557 0.11932488530874252 -0.011526226997375488 -0.07141702622175217 -0.07982929050922394 -0.05645047128200531 -0.0012070989469066262 0.003659279551357031 -0.07199498265981674 0.016106728464365005 -0.12616173923015594 -0.15487083792686462 0.021638115867972374 -0.1287183314561844 0.0445992574095726 -0.019477779045701027 0.1429552435874939 0.06536315381526947 -0.0612482912838459 0.1072745993733406 -0.0247888695448637 -0.07344843447208405 0.1856759488582611 -0.017379755154252052 0.05274079367518425 -0.01673813909292221 0.013429847545921803 -0.046002451330423355 0.054840222001075745 0.11026976257562637 0.14580123126506805 0.07735437154769897 0.07322025299072266 -0.06735757738351822 -0.18295152485370636 0.16541267931461334 0.057285793125629425 -0.05747305974364281 -0.024103758856654167 0.27212128043174744 -0.03617459908127785 -0.012671804055571556 0.07014511525630951 0.04640195146203041 0.12726901471614838 0.046923957765102386 -0.04605413228273392 0.052516303956508636 0.032340340316295624 -0.04676777869462967 -0.003200357547029853
0.08033667504787445 -0.031430862843990326 -0.11646051704883575 0.17467281222343445 -0.09593912214040756 0.15320521593093872 0.0034516409505158663 0.16453766822814941 0.071775421500206 -0.06349211186170578 0.08353286981582642 -0.09801796078681946 0.033811233937740326 0.07763279229402542 0.023479962721467018 -0.19118742644786835 0.0009108748054131866 -0.015502084977924824 0.2098398357629776 0.16928038001060486 0.016404977068305016 -0.1527433544397354 -0.23221918940544128 -0.1309988647699356 0.00029638901469297707 -0.02325711026787758 0.014089875854551792 0.10544732958078384 0.17267125844955444 0.043485697358846664 0.012152394279837608 0.08900534361600876 0.14759856462478638 -0.16585931181907654 -0.0904458686709404 -0.11395426839590073 0.07009318470954895 -0.025641880929470062 0.10833539813756943 -0.04038520157337189 0.14260844886302948 0.15692846477031708 0.016689738258719444 0.05673786252737045 -0.05976719781756401 0.13409696519374847 -0.013076011091470718 -0.020767580717802048 0.03141801804304123 0.08445706218481064 0.0787738561630249 0.05050794035196304 0.11946841329336166 -0.013508160598576069 -0.03746948018670082 0.15667490661144257 0.09341371804475784 0.09624949842691422 0.11378231644630432 -0.06877269595861435 0.010035238228738308 0.02578265406191349 0.003749273018911481 0.02730676531791687 0.09551433473825455 -0.10339835286140442 0.21053969860076904 -0.2234140932559967 0.023394722491502762 -0.04538264870643616 -0.01834656298160553 -0.13606823980808258 -0.11066317558288574 0.18663887679576874 -0.04101606085896492 -0.038518864661455154 -0.08738072961568832 0.12184512615203857 0.05287966877222061 0.0010271301725879312 0.0791696086525917 -0.06648121774196625 -0.0049121486954391 0.0583030991256237 -0.044985078275203705 -0.038882967084646225 -0.01647292450070381 0.12062517553567886 0.09867322444915771 0.09849090129137039 -0.07423271983861923 -0.07682740688323975 -0.03490172699093819 0.029791533946990967 0.13877663016319275 0.11598526686429977 -0.06614885479211807 0.1722477376461029 0.03174993023276329 -0.026715194806456566
0.08485165983438492 -0.14844360947608948 0.14718596637248993 0.007811551447957754 -0.11375395208597183 -0.2517606317996979 -0.023862546309828758 0.040338385850191116 -0.11982464045286179 0.11245451122522354 -0.1315484642982483 -0.12041805684566498 0.0014615877298638225 0.04915132746100426 0.017228709533810616 -0.03142579644918442 -0.006121737416833639 -0.06212063133716583 0.04770750552415848 -0.07123933732509613 0.04988861456513405 -0.0858946219086647 -0.21817494928836823 -0.08742571622133255 0.1376647651195526 -0.09842025488615036 0.12439942359924316 0.18249192833900452 0.027550389990210533 -0.010825559496879578 -0.010168288834393024 -0.07249708473682404 0.05828147381544113 0.10002292692661285 0.07706216722726822 -0.004773156251758337 -0.07675710320472717 0.019317861646413803 -0.07653110474348068 -0.15467187762260437 -0.06768973171710968 0.05218459665775299 -0.1345265805721283 -0.10922344774007797 0.08204908668994904 -0.0674266368150711 0.18127845227718353 -0.14160585403442383 -0.09081728756427765 0.2003326714038849 -0.23392319679260254 0.10594037920236588 0.1830524355173111 -0.07188204675912857 0.09562981873750687 0.08881324529647827 -0.01715264655649662 -0.11971935629844666 0.15588799118995667 -0.04364965111017227 0.1335701197385788 0.1491907387971878 0.008493124507367611 -0.059077296406030655 -0.10777980089187622 -0.01166840735822916 -0.09484196454286575 0.10089442133903503 0.08986982703208923 0.12324612587690353 0.07252656668424606 0.08052399009466171 -0.02882382459938526 -0.11397095769643784 -0.06143207475543022 0.1134389117360115 -0.1015978679060936 0.05737201124429703 -0.04040266200900078 -0.02578194998204708 0.0787171870470047 0.07954828441143036 -0.01109633781015873 -0.06254971027374268 0.06667520850896835 0.05066053569316864 -0.05188758298754692 -0.06451538950204849 0.028109438717365265 0.12310090661048889 -0.039362695068120956 0.022659868001937866 0.141988605260849 -0.0013900509802624583 0.15484796464443207 0.043833013623952866 -0.023334212601184845 -0.11729952692985535 0.003610919928178191 -0.12415966391563416
0.06593713909387589 -0.19759739935398102 0.11942843347787857 -0.019995328038930893 0.027624573558568954 0.1017918735742569 -0.2300419807434082 -0.005012947600334883 0.11257536709308624 -0.0033177207224071026 -0.05727235600352287 0.02101912721991539 0.20289957523345947 0.02058985084295273 0.04797074571251869 0.014680523425340652 0.19521619379520416 0.11567452549934387 0.020993772894144058 -0.033879585564136505 -0.2468680590391159 0.083867646753788 -0.0005672763800248504 -0.1586371511220932 -0.14937378466129303 0.10568228363990784 0.07913574576377869 -0.03997887298464775 0.05294983461499214 -0.143699511885643 0.10590318590402603 0.05299430340528488 -0.141989067196846 0.08575230836868286 -0.023999230936169624 0.06809459626674652 0.13350895047187805 -0.04788300767540932 0.048187047243118286 0.02740214765071869 0.03990652412176132 0.01205526851117611 0.04803367704153061 -0.15030381083488464 0.09152603149414062 0.11685056239366531 -0.005259341560304165 -0.1082385927438736 -0.07494216412305832 0.05846945941448212 0.10543596744537354 -0.04390726611018181 -0.01593056134879589 -0.006645735818892717 0.1359681338071823 -0.06795178353786469 -0.16833148896694183 0.10429830849170685 0.004417991731315851 0.10384243726730347 -0.11310780793428421 -0.0190682802349329 -0.009525486268103123 0.09812110662460327 -0.004170202650129795 0.014365424402058125 -0.08425898104906082 -0.0036039850674569607 0.15809930860996246 0.03125067055225372 0.27742353081703186 0.054931238293647766 -0.049245499074459076 -0.041511617600917816 0.0906125009059906 0.14053715765476227 0.1602531522512436 -0.10297931730747223 0.07826680690050125 -0.06320834159851074 0.10491103678941727 -0.042834650725126266 0.0702022984623909 0.09747768938541412 -0.12927882373332977 0.06828586012125015 -0.1976025104522705 0.024671103805303574 0.017915217205882072 0.0826006531715393 0.07846526056528091 -0.05330987647175789 -0.04004549980163574 0.016862565651535988 0.023058660328388214 0.1762663573026657 -0.09362460672855377 0.044883452355861664 0.11525964736938477 -0.061732951551675797
-0.18852688372135162 0.036894746124744415 0.14240103960037231 -0.06314583122730255 -0.033140696585178375 0.23393034934997559 -0.0483933761715889 0.06747158616781235 0.028802592307329178 -0.00939586479216814 0.0762171745300293 -0.050397373735904694 0.06523746997117996 -0.014173842966556549 -0.07558821886777878 -0.11823541671037674 -0.1550871878862381 0.05528295040130615 -0.019986247643828392 -0.18070325255393982 -0.018653452396392822 0.03806314617395401 0.19037693738937378 -0.12234409898519516 -0.07468493282794952 -0.13367155194282532 0.017576636746525764 -0.08325236290693283 -0.10184686630964279 0.04094124585390091 -0.09830968081951141 -0.09678573161363602 0.06886559724807739 -0.10900244861841202 -0.13957035541534424 -0.040904391556978226 0.004790022969245911 -0.07270563393831253 0.001597413793206215 -0.17044538259506226 -0.15315495431423187 0.06462940573692322 0.19432266056537628 0.04163804277777672 -0.03108919784426689 -0.09429312497377396 -0.07115732133388519 -0.0330953486263752 -0.08968646079301834 -0.11122389882802963 -0.07916291803121567 0.05067939683794975 0.08866516500711441 0.008340248838067055 0.0841919556260109 0.05232758820056915 -0.0888182520866394 0.013225335627794266 0.08329537510871887 -0.08420340716838837 0.08410514146089554 0.04830601438879967 -0.017276965081691742 0.020801328122615814 0.053382035344839096 -0.06246465817093849 0.05838092416524887 0.1275351196527481 -0.11248026043176651 -0.15286603569984436 -0.2263232171535492 0.1521529257297516 -0.044889915734529495 0.06229818984866142 -0.1521974354982376 0.11689161509275436 0.12400644272565842 -0.12613119184970856 -0.023333488032221794 -0.09480790048837662 0.10756053030490875 0.0848362073302269 0.04675698280334473 -0.21602118015289307 -0.049826234579086304 0.0004498870112001896 -0.17994913458824158 -0.1352389007806778 0.0907783955335617 0.17425177991390228 -0.09113030880689621 -0.04653240367770195 0.03642360493540764 -0.028315410017967224 0.028401518240571022 0.13086473941802979 0.02673754096031189 0.03941449895501137 0.04762663692235947 0.1357724368572235
-0.12256711721420288 0.05020957812666893 -0.037025656551122665 -0.022563228383660316 -0.19244827330112457 0.07138017565011978 0.06227323040366173 -0.03980178385972977 -0.0011663063196465373 0.07767526805400848 -0.017512159422039986 -0.0424041673541069 0.10390547662973404 0.055276013910770416 -0.07585079967975616 -0.17664285004138947 -0.14510861039161682 0.26303884387016296 -0.054062049835920334 -0.0184734296053648 -0.11973055452108383 -0.05313078314065933 0.010359940119087696 0.16023360192775726 0.0035195231903344393 0.060737043619155884 0.1119321882724762 0.007845009677112103 0.06512134522199631 -0.13999870419502258 -0.055582769215106964 -0.1518872082233429 -0.15071840584278107 0.01569996401667595 -0.060935135930776596 -0.1368783414363861 -0.049229852855205536 -0.06296711415052414 0.00639070151373744 -0.018409010022878647 -0.027429401874542236 0.007093937136232853 0.005495582241564989 -0.02264011651277542 0.04142080992460251 -0.03117769956588745 0.16941335797309875 -0.12015749514102936 -0.02203739807009697 -0.03273341432213783 -0.07457231730222702 -0.09785453230142593 -0.12022681534290314 0.06932723522186279 0.024442987516522408 -0.06813105195760727 -0.02055421471595764 -0.04127009958028793 0.046881504356861115 -0.1320900171995163 0.10132890194654465 -0.013378067873418331 0.044838182628154755 -0.20522767305374146 -0.044275086373090744 0.048028573393821716 0.09923581033945084 -0.0625561848282814 0.15887410938739777 0.1821291744709015 -0.022142941132187843 0.0072971829213202 0.23678478598594666 0.23163792490959167 0.04774771258234978 0.011381261982023716 0.05994036793708801 0.15319129824638367 0.13850924372673035 -0.05365408584475517 -0.25642797350883484 -0.1605597585439682 0.17025437951087952 0.07172971963882446 0.06524809449911118 0.07171974331140518 -0.023183787241578102 -0.11219288408756256 -0.05774911865592003 -0.1323438584804535 0.05120743811130524 -0.09429416060447693 0.029326152056455612 0.07403408735990524 0.09755682200193405 -0.05674854665994644 -0.02321123145520687 0.12003082782030106 0.03522513806819916 0.01844439096748829
-0.01620388776063919 -0.01222602091729641 -0.1199355497956276 0.1360248476266861 -0.07147512584924698 -0.07325506210327148 -0.013968687504529953 -0.1972675770521164 0.11733818799257278 0.13598079979419708 0.22650708258152008 -0.1701335310935974 -0.007277194410562515 0.04395855963230133 -0.07980528473854065 -0.06530968844890594 0.13812021911144257 -0.1154063418507576 -0.042620833963155746 0.04669585078954697 0.06774722039699554 0.01756945811212063 0.0631246268749237 0.01299376506358385 0.004669106099754572 0.18334448337554932 -0.16678431630134583 -0.004273692611604929 0.14968691766262054 0.07142191380262375 -0.002169516636058688 -0.014410139061510563 -0.07404213398694992 0.022079473361372948 -0.07321536540985107 -0.029602771624922752 -0.07757288217544556 0.10832010954618454 0.16211923956871033 0.0397188626229763 -0.03486660122871399 -0.2690463066101074 -0.08804673701524734 -0.05752338096499443 0.011628704145550728 0.11698870360851288 0.045347537845373154 0.019758190959692 0.10626563429832458 0.013912534341216087 0.04206574335694313 0.10477317869663239 -0.007122911978513002 -0.03381975367665291 0.11730004101991653 -0.06634032726287842 0.10747432708740234 0.05740705132484436 0.04486248269677162 -0.049976639449596405 -0.04050939530134201 0.05488847196102142 0.05941428989171982 0.03442590311169624 0.0769839882850647 -0.01290940959006548 0.028397470712661743 0.40481850504875183 0.11674700677394867 0.07394618541002274 -0.18298335373401642 -0.01367806177586317 -0.0696750283241272 0.06590650230646133 -0.09823611378669739 0.034505315124988556 -0.012080908752977848 -0.09694037586450577 0.047805748879909515 -0.04213576763868332 0.04699275270104408 -0.08199426531791687 0.05396450683474541 -0.05158001556992531 -0.05491843819618225 0.1765127182006836 -0.08901022374629974 -0.038756757974624634 0.11065761744976044 0.0625913217663765 -0.04071200639009476 0.06185302138328552 0.054037995636463165 -0.11349241435527802 -0.06161633878946304 -0.14312981069087982 -0.12951569259166718 0.11303894966840744 -0.010128626599907875 -0.14004677534103394
0.0019697467796504498 0.011292219161987305 0.0038544689305126667 0.11631621420383453 -0.08881520479917526 0.02216695062816143 -0.082711361348629 0.08152883499860764 0.038795508444309235 0.13451196253299713 -0.0437142476439476 0.1865515112876892 0.19439423084259033 -0.09934640675783157 -0.03705354034900665 0.15298143029212952 -0.1926218420267105 -0.1489408016204834 0.08310665190219879 0.10651146620512009 0.12189068645238876 -0.17531053721904755 0.11910054087638855 -0.0687946006655693 -0.04274902120232582 -0.06199628487229347 0.07260410487651825 -0.1496279537677765 -0.019444622099399567 0.08769088983535767 0.1427682340145111 0.09972021728754044 -0.05203575640916824 -0.07397420704364777 0.20182889699935913 0.09705005586147308 -0.1003565862774849 0.08010360598564148 -0.011893088929355145 -0.09732519090175629 0.2230389416217804 -0.17957361042499542 0.0675082579255104 0.07560935616493225 -0.03655014559626579 -0.0185959804803133 -0.0923556387424469 -0.08389022201299667 0.052692726254463196 0.025380952283740044 -0.11727477610111237 -0.030336089432239532 0.015064084902405739 -0.07156991958618164 0.10392042994499207 -0.11079433560371399 -0.20066317915916443 -0.17399944365024567 -0.05546315386891365 -0.019254768267273903 0.07514047622680664 0.046599555760622025 0.0193049143999815 -0.19910207390785217 0.06056482344865799 0.0022562341764569283 0.02385430969297886 0.06561335176229477 -0.11443883180618286 0.024856703355908394 0.1443733274936676 0.006002490408718586 -0.02918173559010029 0.08027482032775879 -0.20198258757591248 0.015290775336325169 -0.05018950253725052 -0.06609834730625153 0.1395643800497055 -0.07958464324474335 0.06098403036594391 -0.04724830389022827 -0.0488397553563118 0.06743767112493515 -0.01413006242364645 0.023595178499817848 0.14854975044727325 -0.07871955633163452 -0.0420570932328701 -0.03677371144294739 -0.02941090241074562 -0.0417112335562706 -0.10572545975446701 0.16247303783893585 -0.028815653175115585 -0.006365847773849964 -0.1522810310125351 0.14560046792030334 0.05057518929243088 -0.04956897720694542
-0.027455994859337807 0.110446497797966 -0.29822641611099243 0.018391704186797142 -0.00216071680188179 -0.03577956184744835 -0.17782554030418396 0.021606558933854103 0.10342913120985031 0.09211712330579758 -0.044355448335409164 0.16060669720172882 0.02652858942747116 0.08469020575284958 -0.0351257361471653 0.08000806719064713 -0.045171238481998444 0.022634165361523628 -0.09309560060501099 -0.03550863638520241 0.002229394158348441 0.10319561511278152 -0.10257348418235779 -0.14297133684158325 0.10789960622787476 -0.0832773745059967 -0.1353885382413864 0.05202583968639374 0.0017907149158418179 -0.04821979999542236 -0.12754660844802856 -0.04165632650256157 -0.12160882353782654 0.16668961942195892 0.09251711517572403 -0.11947926878929138 -0.07554764300584793 0.056285057216882706 0.05697505921125412 -0.03535977751016617 -0.014518502168357372 0.14106294512748718 -0.03417205438017845 -0.11662117391824722 -0.12033959478139877 0.0477975495159626 -0.11096780002117157 -0.021485762670636177 -0.10224008560180664 -0.04213222116231918 0.0818658098578453 0.001118130749091506 -0.07290145009756088 -0.14987650513648987 0.13034501671791077 0.1667262315750122 0.0560419037938118 -0.068880595266819 0.060801371932029724 -0.09261264652013779 0.11339748650789261 -0.05456208437681198 0.19746138155460358 -0.011698538437485695 -0.02124350145459175 0.05531762167811394 0.1116139143705368 0.09635452926158905 0.1429109275341034 -0.1273200809955597 -0.002138125244528055 -0.04695325717329979 0.041809190064668655 0.04177524521946907 -0.004816204309463501 0.007685980759561062 0.05033569410443306 0.07069278508424759 0.040595244616270065 0.1907140463590622 0.10342530161142349 0.03461507707834244 -0.157347172498703 0.027662862092256546 -0.04925040528178215 -0.031473033130168915 -0.056937288492918015 -0.100528784096241 -0.2713930308818817 0.1699012815952301 0.10851357132196426 -0.0565810389816761 -0.17630615830421448 0.07661572098731995 -0.09823792427778244 0.031958941370248795 -0.019099658355116844 -0.09311032295227051 -0.1462627798318863 0.12297402322292328
0.005983035080134869 0.05969780310988426 0.013842124491930008 -0.14543233811855316 -0.008780821226537228 0.0058420873247087 0.08559054136276245 0.05754955857992172 -0.024049442261457443 0.01880059950053692 0.20101560652256012 0.05914304405450821 -0.008599312976002693 -0.0732753574848175 -0.2490631341934204 0.08113717287778854 0.07568304240703583 0.025537744164466858 -0.10769524425268173 -0.03452516347169876 0.11990724503993988 -0.0674610584974289 0.050740666687488556 0.016130710020661354 -0.004766661673784256 0.10656819492578506 0.07456579059362411 0.003743660869076848 -0.1147967129945755 -0.1042596697807312 0.08777457475662231 -0.13494336605072021 0.004418243188410997 -0.05497082695364952 0.051486462354660034 -0.19358329474925995 -0.11162523925304413 0.06795435398817062 0.03448423743247986 0.07727458328008652 0.13211314380168915 0.0974462553858757 -0.010259416885674 0.07945430278778076 0.053514327853918076 0.05083528906106949 0.03721896559000015 0.1331760138273239 -0.20422059297561646 0.061319902539253235 -0.06766679137945175 -0.08302156627178192 0.04545274004340172 0.015900056809186935 -0.168698251247406 -0.05833643674850464 -0.029455076903104782 0.025555802509188652 0.05281535163521767 0.11752793192863464 -0.27800825238227844 0.1183951273560524 0.08244457095861435 0.006028196774423122 0.06672541797161102 -0.0827968567609787 0.062459200620651245 -0.036383677273988724 0.1552712470293045 -0.01830540969967842 0.10027623921632767 -0.01855422928929329 0.23182806372642517 -0.07977708429098129 -0.1221633106470108 0.12734098732471466 -0.15917229652404785 0.002302187029272318 0.035966623574495316 0.0859193429350853 -0.00861002691090107 0.2013343721628189 0.08889296650886536 -0.020414071157574654 -0.04237504303455353 0.07747633010149002 0.04039779305458069 0.12386327981948853 0.015795135870575905 0.3296450972557068 -0.02836599014699459 0.04130842536687851 -0.03143961355090141 0.05123867839574814 0.00784884113818407 -0.06852079182863235 -0.11251184344291687 0.027546266093850136 0.10025743395090103 0.10598081350326538
0.02033274807035923 -0.17481206357479095 0.09816839545965195 -0.013420470990240574 -0.03273358196020126 0.03746873512864113 -0.014272159896790981 -0.13915428519248962 0.08031057566404343 -0.09581081569194794 0.09067610651254654 -0.17049112915992737 -0.06970633566379547 -0.004218628164380789 0.08788474649190903 -0.16160476207733154 0.14865386486053467 -0.09798875451087952 -0.06202676519751549 -0.09388896822929382 0.1483384370803833 0.08933032304048538 0.026123370975255966 0.1531146764755249 0.030424224212765694 -0.05768568068742752 0.0740884393453598 -0.24609893560409546 0.13456588983535767 -0.022196931764483452 0.0050836531445384026 0.028921550139784813 -0.04713170975446701 0.1126272976398468 0.11664658039808273 -0.0976443961262703 -0.11447261273860931 0.1125992089509964 0.003566344501450658 -0.11271009594202042 0.1694996953010559 0.1550087034702301 0.11693502962589264 -0.1206393912434578 0.1962313950061798 0.050596825778484344 0.05563461780548096 0.12294945865869522 -0.08150239288806915 -0.023673195391893387 0.006119136698544025 0.014801504090428352 -0.10384906828403473 -0.1084224283695221 -0.013729528523981571 0.022559095174074173 -0.03612550348043442 0.008074699901044369 0.09815369546413422 0.15616118907928467 0.04173894226551056 0.018800867721438408 -0.102922223508358 -0.04659033566713333 -0.09492790699005127 -0.11003082245588303 0.13258494436740875 -0.08440332114696503 -0.07407288998365402 -0.0011522172717377543 -0.0500250868499279 0.011461133137345314 0.09786064177751541 0.04647244140505791 -0.14280489087104797 -0.11134713888168335 -0.074734166264534 -0.18829017877578735 -0.03721757233142853 -0.15190167725086212 -0.0671488344669342 -0.12277303636074066 -0.22301578521728516 0.10711094737052917 0.022961368784308434 0.04721561446785927 0.024734964594244957 -0.10297995060682297 -0.06348532438278198 0.01621527224779129 0.050144389271736145 0.032926175743341446 -0.14294543862342834 0.019919687882065773 0.03241313621401787 0.14469970762729645 0.14864026010036469 -0.03289118781685829 -0.16341814398765564 -0.014393338933587074
-0.05428484082221985 -0.050531771034002304 0.07654265314340591 0.10204321146011353 -0.146057590842247 0.18485650420188904 -0.031047610566020012 0.03530844300985336 0.09110428392887115 0.02857612632215023 0.05216054245829582 0.07487394660711288 -0.16351433098316193 -0.05974647402763367 0.1661519855260849 0.025283172726631165 -0.01734965853393078 -0.11512276530265808 0.028392216190695763 0.10141780972480774 -0.018128136172890663 -0.1744643598794937 0.09771281480789185 -0.14287729561328888 -0.04063061252236366 0.15712010860443115 -0.022234013304114342 0.07677895575761795 0.005852280184626579 0.03339635580778122 -0.10565289109945297 -0.10133622586727142 -0.1758906990289688 0.1583157479763031 0.09501467645168304 0.02098187431693077 -0.009421903640031815 0.002055305987596512 -0.018811091780662537 0.039229411631822586 -0.11725352704524994 -0.08988481760025024 -0.13667108118534088 0.09359110891819 -0.0647454559803009 -0.13077540695667267 0.0686040148139 -0.025670543313026428 0.013709033839404583 -0.10988818109035492 -0.1514565348625183 0.11781875789165497 -0.06197894364595413 0.014444353058934212 -0.18793582916259766 0.23462128639221191 -0.19840937852859497 -0.015126257203519344 -0.11314219236373901 0.011989060789346695 -0.17695488035678864 -0.026836946606636047 -0.14572639763355255 -0.06682957708835602 -0.13638220727443695 -0.040158774703741074 -0.017938116565346718 -0.10430347919464111 0.29331764578819275 0.006452646106481552 -0.10221564024686813 0.08888841420412064 -0.059383053332567215 -0.009178555570542812 -0.024393748492002487 -0.12258066236972809 -0.06300811469554901 -0.031619422137737274 0.0535341314971447 0.0595284104347229 -0.02617555484175682 0.13629738986492157 -0.025650231167674065 0.10899783670902252 -0.12111741304397583 -0.11995366960763931 -0.10732877254486084 -0.06498515605926514 -0.014936893247067928 -0.0021000741980969906 -0.034947097301483154 0.12390197813510895 -0.03175615891814232 -0.09238666296005249 0.03677113354206085 0.08340670168399811 0.07641005516052246 0.11716227978467941 -0.09695534408092499 -0.002523518865928054
-0.12482713162899017 -0.10443861037492752 -0.030907392501831055 -0.05952490493655205 0.012442072853446007 0.2974998950958252 0.12322911620140076 0.12182307243347168 -0.09427259117364883 -0.1618005484342575 -0.021262886002659798 0.039079900830984116 0.1212615966796875 -0.07378105819225311 0.0336989089846611 -0.08515696227550507 -0.025321736931800842 -0.1120239645242691 -0.15738627314567566 0.0027848975732922554 0.08883337676525116 0.09660884737968445 0.047418925911188126 0.03259977325797081 0.11447318643331528 0.12454405426979065 0.08254452049732208 -0.11086007952690125 0.047915369272232056 0.057912763208150864 0.0020499478559941053 0.10500510036945343 0.03445103019475937 -0.008226543664932251 0.0826045349240303 -0.10823141783475876 0.07409384846687317 0.22764824330806732 -0.013479571789503098 0.019737236201763153 -0.23064906895160675 0.02790207602083683 -0.08144831657409668 -0.119926318526268 -0.16696536540985107 0.025630632415413857 0.018800321966409683 -0.11640314012765884 -0.11354199051856995 0.08646953105926514 -0.054497428238391876 0.1687643975019455 -0.07480752468109131 -0.16649837791919708 -0.014325268566608429 0.0010482573416084051 0.043884363025426865 -0.09406363219022751 -0.04669100046157837 0.015138309448957443 -0.08531884104013443 -0.06620839983224869 0.034108735620975494 0.008347596973180771 -0.15725553035736084 -0.03728952258825302 0.08768744766712189 0.014954833313822746 -0.24714770913124084 0.23376862704753876 -0.03463366627693176 0.004170274827629328 0.0004963718238286674 -0.10472278296947479 0.1071302592754364 0.07936644554138184 0.0963054969906807 0.1321074217557907 0.11805499345064163 0.10274086147546768 -0.02652793750166893 -0.001366213895380497 -0.07183553278446198 0.003896353067830205 -0.05926365777850151 -0.021954314783215523 -0.017925925552845 0.14003874361515045 0.04642883688211441 0.04681806266307831 0.028236187994480133 -0.12522180378437042 0.0666729286313057 -0.005115998908877373 -0.08485494554042816 -0.02043740451335907 -0.17961420118808746 0.009480898268520832 0.0045120432041585445 -0.17109248042106628
0.044752322137355804 0.017944548279047012 0.04770013317465782 -0.02961232326924801 0.06211085617542267 -0.0519440695643425 -0.08037057518959045 0.09824004769325256 0.06304354220628738 -0.08335159718990326 0.19030125439167023 0.003637081477791071 0.09118775278329849 0.036581940948963165 -0.10117755085229874 0.03503665700554848 0.09131088107824326 -0.032861415296792984 0.0630272924900055 0.13879412412643433 -0.06502985209226608 0.1407226175069809 0.0904219001531601 0.058592911809682846 -0.2133449763059616 -0.07576282322406769 0.04880401864647865 0.05864180997014046 0.0715426653623581 -0.03143012896180153 0.11109908670186996 0.14473916590213776 0.14031168818473816 -0.0827895924448967 0.01565568894147873 0.013866488821804523 -0.02095196768641472 -0.06947191804647446 -0.00749538978561759 -0.09835585206747055 -0.13805586099624634 0.11469419300556183 -0.06913755089044571 -0.15468952059745789 -0.06645695120096207 -0.07915131002664566 -0.07304319739341736 -0.14294637739658356 -0.17626206576824188 -0.00844945851713419 0.027766745537519455 0.1292189657688141 0.0625731498003006 0.1213870570063591 0.009320929646492004 -0.018272267654538155 -0.011685856617987156 0.020655233412981033 0.0067115542478859425 0.03490547463297844 -0.0955759659409523 -0.07117900997400284 0.10977364331483841 -0.14026598632335663 -0.04230840131640434 0.13530167937278748 -0.029346784576773643 -0.020789816975593567 0.12529493868350983 -0.004654258955270052 -0.14760072529315948 -0.009573142975568771 -0.17122195661067963 -0.11205606907606125 -0.076779305934906 -0.1725003719329834 -0.07289913296699524 0.133998304605484 0.003498183097690344 -0.1898740530014038 -0.26625287532806396 0.06295035034418106 -0.16405369341373444 -0.07717444747686386 -0.022072065621614456 0.18584084510803223 0.015669621527194977 -0.06391821056604385 -0.19767098128795624 -0.08665132522583008 -0.019271688535809517 0.18361656367778778 0.012188947759568691 0.087934710085392 0.06359415501356125 -0.09159672260284424 -0.16361524164676666 0.019670357927680016 -0.030303511768579483 0.10979410260915756
-0.023192353546619415 -0.12674875557422638 0.2250879406929016 0.046183329075574875 0.12630575895309448 -0.059335801750421524 0.17485006153583527 -0.0924881100654602 -0.057625167071819305 -0.10045970231294632 -0.11152829974889755 0.16441552340984344 0.07434790581464767 0.1939093917608261 0.018541298806667328 0.1534847468137741 -0.04254330322146416 0.03548062965273857 0.030646592378616333 0.05169384926557541 0.05661112070083618 -0.01712709106504917 0.003135544480755925 -0.13629406690597534 0.11173088103532791 0.19987249374389648 0.024731295183300972 0.18164566159248352 0.13349154591560364 -0.06174500659108162 -0.1153639629483223 -0.007513875607401133 0.1595863550901413 0.04582484811544418 0.08494161069393158 -0.1363012194633484 -0.09982240945100784 -0.05177681893110275 -0.010622996836900711 -0.0937250480055809 0.07996821403503418 0.07163647562265396 0.07156165689229965 -0.019201694056391716 -0.005560846533626318 -0.045706525444984436 -0.10712818801403046 0.2149854600429535 -0.13096101582050323 0.054592378437519073 -0.06399171054363251 0.11733722686767578 -0.07893815636634827 -0.027922891080379486 -0.09355921298265457 0.010644166730344296 0.08229363709688187 -0.08944684267044067 -0.08869863301515579 -0.13406579196453094 0.007917197421193123 -0.05147296190261841 -0.023593543097376823 0.004719721153378487 0.15423524379730225 0.015552704222500324 -0.0005267582018859684 0.086512491106987 -0.07086395472288132 -0.047026343643665314 -0.03266711160540581 -0.12063663452863693 -0.0248471200466156 0.13464970886707306 -0.004338573664426804 0.004655607044696808 0.14693637192249298 -0.10320205241441727 -0.06549545377492905 -0.04589983448386192 -0.11742991954088211 -0.07698617875576019 0.08745040744543076 0.1341284066438675 -0.17947763204574585 0.02044559083878994 -0.10413181036710739 -0.1250726878643036 0.11360301822423935 -0.03350209444761276 0.22235266864299774 0.21345102787017822 0.012645796872675419 0.0471058152616024 -0.027538824826478958 -0.009016758762300014 -0.09391827881336212 0.012261086143553257 0.11137989908456802 0.05367202311754227
0.005150274373590946 0.004831904079765081 -0.05296865850687027 0.1709555983543396 0.09764119237661362 -0.015680978074669838 -0.10238652676343918 0.06935399770736694 0.06012659892439842 -0.09788262099027634 -0.060806937515735626 -0.0842762291431427 -0.10529804974794388 0.013531744480133057 0.0018848564941436052 0.14192377030849457 -0.06151052564382553 0.07079299539327621 -0.02626953460276127 0.06339678168296814 -0.2644948363304138 0.07451777905225754 0.0951075330376625 -0.1028389185667038 0.1940305083990097 -0.03659117966890335 -0.03579374775290489 -0.046289123594760895 0.13683077692985535 0.044584061950445175 -0.0973430722951889 0.03737008944153786 -0.004101707600057125 -0.02235676534473896 -0.010699315927922726 0.0264764204621315 0.051149651408195496 0.10286279022693634 -0.056824930012226105 -0.09030883759260178 0.08802337944507599 0.11062227189540863 -0.0979309007525444 0.05340979993343353 -0.05230250209569931 -0.1521221101284027 0.10134074091911316 -0.01290210336446762 0.051052164286375046 0.0027774751652032137 -0.029118169099092484 0.018665624782443047 -0.11498301476240158 -0.02526119537651539 -0.11679389327764511 -0.4384077787399292 -0.09476236999034882 0.03999456390738487 0.0658380314707756 0.10642510652542114 0.22704924643039703 -0.011852722615003586 -0.04584220424294472 0.05310887098312378 0.1569489687681198 -0.04416324570775032 -0.016111522912979126 -0.006558308377861977 0.09363806992769241 0.10711487382650375 -0.2354607880115509 0.07753027230501175 0.007425099145621061 -0.05773451551795006 -0.015048176050186157 0.0051430403254926205 -0.1936320960521698 0.07623552531003952 -0.009120969101786613 -0.021506449207663536 -0.05301497131586075 0.1512424349784851 -0.04515201598405838 0.07134751230478287 0.005008609965443611 0.05535956844687462 0.018455855548381805 0.06960482895374298 0.06212347745895386 0.17723791301250458 0.15694846212863922 -0.09374147653579712 0.007349704392254353 0.023535463958978653 -0.10709943622350693 0.07156145572662354 0.05600564181804657 0.06530681997537613 0.11459964513778687 -0.01390793826431036
0.17174750566482544 -0.06957171112298965 0.1555255651473999 -0.09289653599262238 0.0007749450742267072 0.10398708283901215 0.002044866094365716 0.11978597193956375 0.1051388531923294 -0.0808832049369812 0.0853164792060852 0.06272696703672409 -0.201223686337471 0.08949331194162369 -0.02050313726067543 -0.02621619775891304 0.10033746808767319 -0.17507478594779968 -0.02693178318440914 0.08667699992656708 -0.16562433540821075 0.18318697810173035 0.05479938164353371 0.11234331876039505 -0.017055004835128784 -0.10788695514202118 -0.1636771708726883 -0.00023209303617477417 0.04772019758820534 -0.054334189742803574 -0.08133111894130707 -0.20942090451717377 -0.06924457848072052 -0.05566641688346863 -0.05017438530921936 -0.05452236905694008 0.0977635458111763 0.025326643139123917 -0.006415586452931166 -0.28069719672203064 -0.026176605373620987 -0.028200747445225716 -0.10919032245874405 0.22126710414886475 0.09643741697072983 0.049020931124687195 0.017437582835555077 -0.013911685906350613 0.09188658744096756 0.11846842616796494 -0.1041046604514122 0.04252311587333679 0.017890123650431633 0.06426467001438141 -0.039450209587812424 -0.023496367037296295 -0.03225266560912132 -0.19572895765304565 -0.036166418343782425 -0.015882214531302452 -0.08878327906131744 -0.03045590966939926 0.08428291976451874 -0.1114189475774765 0.1767829805612564 0.08343972265720367 -0.03367065638303757 0.041524481028318405 -0.1309693306684494 -0.06164227053523064 0.07612709701061249 0.019669583067297935 -0.03401258960366249 0.08801805973052979 0.13172541558742523 0.08665124326944351 0.0326567217707634 0.0345582440495491 0.08537432551383972 0.09773071855306625 0.10790356993675232 -0.12798923254013062 0.05538481846451759 0.09527797251939774 -0.15014417469501495 0.11752592027187347 0.13280247151851654 -0.04878924787044525 -0.05736178904771805 0.05662905424833298 -0.03338507190346718 -0.1138724684715271 -0.061264194548130035 0.00810184795409441 0.17807349562644958 -0.11746480315923691 0.03710067644715309 -0.12757542729377747 -0.12722377479076385 -0.003436508821323514
-0.1309392899274826 0.11661140620708466 0.16308929026126862 0.1704443246126175 0.1077440157532692 -0.0004013777943328023 -0.06762321293354034 -0.06865184009075165 -0.05006098747253418 -0.06678568571805954 0.017974592745304108 -0.04461310803890228 0.007627399172633886 0.12943832576274872 0.0867462083697319 0.05493100360035896 -0.03387801721692085 0.02531171590089798 0.13445556163787842 -0.0050753033719956875 -0.15863582491874695 0.028736446052789688 0.10995612293481827 -0.06187361106276512 -0.06498469412326813 -0.19712235033512115 0.03989534452557564 0.020757334306836128 -0.12618090212345123 -0.10737969726324081 -0.05944422632455826 0.12687213718891144 0.17240329086780548 0.042205166071653366 0.07504716515541077 -0.1561603546142578 -0.04723867401480675 0.16377386450767517 0.03617335110902786 0.09745024889707565 0.03682733327150345 -0.017569486051797867 -0.10856834053993225 0.10381277650594711 0.02655741386115551 0.05660030245780945 0.12201996147632599 -0.01374960970133543 -0.15676474571228027 -0.11165639758110046 0.07611224055290222 -0.13654591143131256 0.12130587548017502 0.01658540777862072 0.1345413327217102 0.13587686419487 0.02822311595082283 -0.003220092272385955 0.01673004776239395 0.02370213158428669 -0.09909270703792572 0.01636608876287937 -0.0093480059877038 -0.09047544002532959 0.13305196166038513 0.03784101828932762 0.2622435688972473 0.14324922859668732 0.023805730044841766 0.265854150056839 0.056479353457689285 0.19512945413589478 0.05102729797363281 0.03859037160873413 0.010847331956028938 0.03122909925878048 0.05174883455038071 -0.014891112223267555 -0.1345718652009964 0.12314867228269577 0.04380807280540466 0.003105920273810625 -0.0010082150110974908 0.08589249849319458 -0.0799025297164917 0.02786146104335785 0.23070606589317322 0.09279879927635193 -0.05674732103943825 -0.10624191910028458 -0.04984297975897789 0.08189603686332703 0.08950801193714142 -0.1543859988451004 -0.07695341110229492 0.08793731033802032 0.06731679290533066 0.056111354380846024 -0.0694265142083168 -0.04633672162890434
-0.04924758896231651 -0.1418617069721222 -0.06860194355249405 -0.10847590863704681 0.11263979971408844 -0.056703370064496994 -0.134725883603096 -0.06207473576068878 0.19129124283790588 -0.02284141816198826 -0.015966348350048065 0.1675371527671814 -0.09351254999637604 0.06295476853847504 -0.033578746020793915 0.021720988675951958 -0.005193518474698067 -0.005729643162339926 -0.057315777987241745 0.054731789976358414 -0.13145534694194794 -0.017763063311576843 -0.04847909137606621 0.11961774528026581 -0.1274997591972351 -0.07169805467128754 0.015326072461903095 -0.14155259728431702 -0.0008764252997934818 0.07590914517641068 -0.0877949520945549 0.019788941368460655 0.03163153678178787 -0.11064586043357849 0.18110673129558563 0.07435955107212067 -0.17187513411045074 -0.004368631634861231 0.059934861958026886 0.08451727032661438 0.135091170668602 -0.01830488070845604 -0.0754816010594368 0.037493735551834106 -0.055779073387384415 0.1289869099855423 0.06313406676054001 -0.01355232298374176 -0.1097327321767807 -0.034794848412275314 -0.15162576735019684 0.05890248343348503 0.15873196721076965 0.07248082756996155 -0.08187548816204071 0.1290522813796997 -0.09612797945737839 0.10019551217556 -0.026341352611780167 0.013616479933261871 0.16616186499595642 0.19200536608695984 -0.04651350900530815 0.05196535214781761 -0.07058549672365189 -0.1539245843887329 0.2133716493844986 0.07661856710910797 -0.05521651729941368 0.0023925071582198143 0.014063296839594841 -0.24141870439052582 -0.04793952777981758 -0.042756058275699615 0.21770048141479492 0.07069291174411774 -0.08302009850740433 0.03775343671441078 0.14917831122875214 -0.026221388950943947 -0.14006651937961578 0.06219838932156563 0.1029307022690773 -0.20379070937633514 -0.1580263376235962 -0.004644129425287247 -0.1176786795258522 -0.0984889343380928 0.04606584087014198 -0.11521212756633759 0.07385296374559402 -0.09946157038211823 0.10045967251062393 -0.05247114226222038 -0.05446915701031685 -0.034047141671180725 0.11232367902994156 -0.06892035901546478 0.06328527629375458 -0.008958743885159492
0.04101945832371712 0.018248319625854492 -0.05376104637980461 0.1291610449552536 -0.030951056629419327 0.08802615106105804 -0.10387339442968369 0.02853451855480671 0.12739261984825134 0.18640027940273285 -0.14632044732570648 -0.01063267607241869 0.12019280344247818 0.0614108145236969 0.16641047596931458 0.154030442237854 0.06509266793727875 -0.24557463824748993 0.050705693662166595 -0.12304510921239853 -0.08226170390844345 0.1436758041381836 -0.04719347134232521 0.19911473989486694 0.11180178821086884 0.1140805333852768 0.20470280945301056 -0.020162958651781082 0.05522395297884941 -0.03907797113060951 0.026458967477083206 -0.03695889934897423 -0.025694474577903748 -0.0010890489211305976 0.03046273998916149 -0.09760598093271255 -0.03424132242798805 0.11648207902908325 0.03805346414446831 0.14890851080417633 -0.14863571524620056 0.051616422832012177 -0.0273299403488636 0.11544937640428543 0.196578249335289 -0.15583446621894836 -0.22451050579547882 -0.08057968318462372 -0.08097288012504578 0.05282100290060043 -0.07518240064382553 -0.040647976100444794 0.041441090404987335 0.07121678441762924 0.07238775491714478 -0.07190632075071335 0.14830522239208221 -0.027893735095858574 0.08808942139148712 0.027572961524128914 0.04198838397860527 0.011207636445760727 -0.12454488128423691 0.05031326413154602 0.08075599372386932 -0.09254467487335205 0.1209125742316246 -0.13276554644107819 0.060678884387016296 -0.03904838487505913 -0.16138522326946259 -0.01964760199189186 0.0033506611362099648 -0.07680229097604752 -0.026131952181458473 -0.11051947623491287 0.06398000568151474 -0.053574468940496445 0.09653984010219574 -0.018165985122323036 0.08719827979803085 -0.041796859353780746 0.2663186192512512 -0.09903236478567123 -0.020056860521435738 -0.09171831607818604 0.04942455142736435 0.05511155351996422 -0.017429126426577568 -0.049809861928224564 -0.1301451176404953 0.10848964750766754 -0.053630728274583817 0.06428739428520203 0.023657694458961487 -0.0782945528626442 -0.05676548182964325 -0.11691022664308548 0.0535537414252758 0.11416227370500565
-0.2420039176940918 -0.10702395439147949 0.0018505692714825273 0.1328675001859665 0.03528742864727974 -0.054915651679039 -0.13042858242988586 0.0343979187309742 0.0599861778318882 0.04085688292980194 0.07252903282642365 -0.06574512273073196 0.08857086300849915 0.020425189286470413 0.07768639177083969 0.1476058065891266 0.19459274411201477 0.014574548229575157 -0.03786889463663101 -0.004582120105624199 -0.0197106022387743 0.022826049476861954 0.02481490559875965 0.06003544107079506 -0.03406107798218727 -0.06665372103452682 -0.016979195177555084 0.10319168865680695 -0.06496745347976685 0.11934129148721695 0.04830506816506386 -0.028804035857319832 0.05151363089680672 0.08054270595312119 -0.08519040793180466 0.12769226729869843 -0.04245304688811302 -0.16338525712490082 0.09349016845226288 -0.1563429981470108 0.056495390832424164 0.12102075666189194 0.03463413193821907 -0.2041904181241989 0.058277618139982224 0.006473240442574024 -0.013456001877784729 0.09083545953035355 0.08987640589475632 -0.07165693491697311 -0.23404160141944885 0.15105664730072021 0.06448409706354141 -0.05003032833337784 0.05725192651152611 0.014475984498858452 0.0037743791472166777 -0.03906092047691345 -0.029375320300459862 -0.16178758442401886 -0.10335692018270493 -0.10596942901611328 -0.17340870201587677 -0.07743137329816818 0.0286906398832798 -0.022527217864990234 -0.019373338669538498 -0.08612670004367828 -0.09012317657470703 0.09060555696487427 0.1299135386943817 -0.036491259932518005 0.14202699065208435 0.08484460413455963 -0.13240547478199005 -0.14072391390800476 0.052266914397478104 0.11982471495866776 -0.04590756818652153 0.08813895285129547 -0.08670324087142944 0.09513139724731445 0.10204417258501053 0.025910653173923492 0.013705044984817505 0.022002575919032097 -0.013681937009096146 0.16001960635185242 0.041966766119003296 0.07818667590618134 -0.07106970250606537 -0.2480955570936203 -0.13206246495246887 -0.19087745249271393 -0.18589742481708527 -0.21036666631698608 0.03620171919465065 -0.010749702341854572 0.000885351502802223 0.0596967488527298
0.110867440700531 -0.08844652771949768 0.015332169830799103 -0.15640206634998322 0.08086394518613815 -0.03657866269350052 0.06510007381439209 -0.04320785403251648 -0.005065863952040672 -0.005961952265352011 -0.12612713873386383 -0.023319829255342484 0.11997631192207336 -0.24035519361495972 0.022202402353286743 -0.06327766180038452 -0.12852789461612701 0.0047221495769917965 -0.1595129370689392 0.18134644627571106 -0.10302206128835678 -0.011163746938109398 -0.06526674330234528 0.016857953742146492 -0.024025369435548782 0.07260888069868088 0.017153143882751465 0.0704103633761406 0.09270674735307693 -0.08671265095472336 -0.06446877866983414 0.16815544664859772 -0.12441558390855789 -0.10016610473394394 -0.21973221004009247 -0.08570482581853867 0.03447713330388069 -0.01523165125399828 0.1303810328245163 -0.03047516569495201 0.23110537230968475 -0.09261579066514969 -0.1462731808423996 -0.001491273520514369 -0.022519970312714577 0.1438823789358139 -0.06752091646194458 -0.01691104844212532 0.028506431728601456 -0.07832101732492447 -0.18201223015785217 0.11663602292537689 0.030141115188598633 -0.032896481454372406 0.20509453117847443 0.12122876197099686 -0.015565534122288227 0.07045348733663559 -0.08522702008485794 -0.01333219651132822 0.023595063015818596 0.08603914082050323 0.14991742372512817 0.011950552463531494 0.10862300544977188 -0.16448138654232025 -0.017479881644248962 -0.1748727411031723 -0.069400355219841 0.0023292715195566416 -0.15378279983997345 0.31176403164863586 0.10961135476827621 -0.16669675707817078 -0.09262752532958984 -0.0746622160077095 0.029540499672293663 -0.010557030327618122 -0.11992292106151581 0.0511600524187088 -0.026330681517720222 -0.0077320546843111515 0.047604117542505264 0.05509403720498085 -0.05973069369792938 -0.01616067998111248 0.004441244062036276 -0.07755663990974426 -0.09933305531740189 0.03709769248962402 -0.029918773099780083 0.10790818184614182 0.00698565598577261 0.00988056045025587 -0.0883815735578537 -0.08526833355426788 0.0794186145067215 -0.054151587188243866 0.010509386658668518 0.03194660693407059
0.024483362212777138 -0.08845888078212738 -0.08320214599370956 0.0336758978664875 0.13411898910999298 0.05427701398730278 0.016072077676653862 -0.03284934535622597 -0.09390296787023544 0.01618623360991478 -0.1384439319372177 -0.042429208755493164 -0.08405136317014694 0.14386865496635437 -0.13972248136997223 -0.08992919325828552 0.16135647892951965 -0.018657466396689415 0.12132982909679413 -0.06058356165885925 -0.09249873459339142 -0.0462929792702198 0.1302521526813507 0.01041302178055048 -0.0021058626007288694 0.024583127349615097 -0.083210289478302 0.009281438775360584 -0.037417564541101456 -0.05722871050238609 0.008775086142122746 -0.027853796258568764 0.09593137353658676 -0.0895831435918808 -0.0793851837515831 -0.019257284700870514 -0.04282623156905174 -0.03557489812374115 -0.1184433251619339 0.1774996519088745 -0.01959981396794319 -0.010613037273287773 -0.10417580604553223 -0.01956634223461151 0.10347938537597656 0.15963946282863617 -0.02713998779654503 -0.06401834636926651 0.09812797605991364 0.1472143679857254 -0.08732155710458755 -0.05468730255961418 0.03433450311422348 -0.12477540224790573 -0.053373679518699646 0.11394365131855011 -0.13662467896938324 0.07929183542728424 -0.15011639893054962 -0.04629543423652649 -0.06147947907447815 0.056055039167404175 -0.14179278910160065 -0.1409301608800888 0.09110645204782486 0.14608371257781982 0.03487691655755043 0.08022886514663696 0.005900281947106123 0.09881095588207245 -0.16522209346294403 -0.05239149183034897 0.12079659104347229 -0.02125162072479725 0.012027035467326641 -0.11371876299381256 0.10170036554336548 -0.06498407572507858 -0.09457548707723618 -0.18490535020828247 0.03545607253909111 0.06596224755048752 -0.1406877487897873 0.0127716064453125 0.056776780635118484 -0.3239787817001343 -0.013382132165133953 -0.12916266918182373 -0.1292298436164856 0.1624673306941986 -0.026291294023394585 -0.1695934385061264 -0.018584392964839935 0.28932368755340576 -0.03745115175843239 -0.07412968575954437 -0.09528329223394394 -0.007722960785031319 0.07430495321750641 -0.04574508219957352
-0.042006950825452805 -0.15487396717071533 -0.10690930485725403 -0.11225040256977081 0.0399307906627655 -0.05586688220500946 0.11439075320959091 0.0013526869006454945 0.0686732679605484 -0.08523565530776978 -0.06256258487701416 -0.004723079036921263 -0.07949282228946686 0.07650025188922882 -0.06081477925181389 0.1006360650062561 -0.018159687519073486 -0.006157267838716507 -0.009113245643675327 0.0842263326048851 0.028237100690603256 -0.032293081283569336 -0.018329115584492683 -0.12592366337776184 -0.017984479665756226 -0.24293307960033417 -0.023211756721138954 0.0187049712985754 0.0714312344789505 0.2180401235818863 0.20825107395648956 -0.018398329615592957 0.028238089755177498 0.02496841922402382 -0.03433293104171753 -0.00516602722927928 -0.05978204682469368 0.13367508351802826 0.17522040009498596 0.04864934831857681 -0.09807547926902771 0.021494245156645775 0.013778307475149632 -0.034311823546886444 0.13143938779830933 0.009366299957036972 0.05571594089269638 -0.0031203010585159063 -0.12526248395442963 -0.024806005880236626 0.17678748071193695 0.021807536482810974 -0.2699536681175232 0.11940375715494156 0.04259328171610832 0.14060895144939423 -0.0008201012387871742 -0.03679969534277916 -0.03581830486655235 -0.11593391001224518 -0.0257105752825737 0.05170166864991188 -0.06571715325117111 0.01835811510682106 -0.03489168360829353 -0.08170370757579803 -0.07676215469837189 0.09376787394285202 0.015502100810408592 -0.0596410371363163 -0.06742739677429199 0.21110033988952637 0.1770603507757187 -0.11370349675416946 0.04477367177605629 -0.07775842398405075 -0.023425064980983734 0.11725572496652603 0.11861010640859604 -0.16420236229896545 0.18035656213760376 0.12349534779787064 0.13768108189105988 0.19991423189640045 -0.02123153768479824 0.04103777930140495 0.0835513174533844 -0.05149782821536064 0.2014407515525818 -0.1620587557554245 -0.0017262818291783333 -0.13621698319911957 -0.01566014066338539 0.10396575927734375 0.09003772586584091 0.013967635110020638 -0.05339840054512024 0.016805924475193024 0.01996649242937565 0.16899514198303223
0.17994049191474915 -0.12152370065450668 0.024585073813796043 -0.05588097870349884 -0.006903664208948612 0.00574546679854393 -0.014557618647813797 0.13075262308120728 0.050645969808101654 0.17419978976249695 -0.1399930715560913 -0.04703265428543091 -0.115899957716465 -0.044973358511924744 -0.06054067984223366 -0.0009236201294697821 0.01861458458006382 0.0533139705657959 0.24903428554534912 -0.17166274785995483 0.026884179562330246 -0.14228126406669617 0.0700349509716034 0.0986977368593216 0.10418791323900223 -0.015667473897337914 0.056149423122406006 -0.009784165769815445 0.03992632031440735 -0.230005145072937 -0.16370610892772675 0.15053987503051758 0.08031930774450302 -0.017363863065838814 0.011346115730702877 -0.08764507621526718 0.12420158833265305 -0.044639505445957184 0.03806614503264427 0.05525663495063782 -0.01689917966723442 0.09381113201379776 -0.05201102793216705 -0.1894294172525406 -0.15991802513599396 -0.04120798408985138 0.05416415259242058 0.055999405682086945 0.040712445974349976 -0.055610813200473785 -0.13664165139198303 0.012437167577445507 -0.04614296555519104 -0.018308822065591812 0.08150365203619003 0.048371151089668274 0.02491896040737629 0.07133106887340546 -0.09747594594955444 0.10293339937925339 -0.0378861203789711 -0.2184871882200241 0.04317425936460495 -0.02075141854584217 -0.050251320004463196 -0.0095779187977314 -0.06118271127343178 0.130486860871315 -0.021951450034976006 -0.18077360093593597 -0.08712388575077057 -0.08647429943084717 0.135248601436615 -0.023863470181822777 -0.0494069904088974 0.08926095068454742 -0.06278812140226364 -0.1646345555782318 0.19441810250282288 -0.010404416359961033 0.09905768185853958 0.07159561663866043 -0.03448435291647911 -0.005873564630746841 -0.11733958125114441 0.1379997283220291 0.17354947328567505 0.06700167059898376 -0.001495725242421031 -0.16340084373950958 0.0217030867934227 -0.1436152160167694 0.05932163447141647 -0.13038285076618195 0.0008361214422620833 -0.0986785814166069 0.020958414301276207 0.18805275857448578 0.00011511844058986753 0.11055503040552139
0.06269579380750656 0.033115167170763016 -0.16772931814193726 -0.06045491620898247 -0.01371942088007927 0.0823940858244896 0.02858002483844757 -0.0846370980143547 -0.08923918008804321 -0.02470172569155693 -0.2521119713783264 -0.11303026974201202 0.01413730625063181 0.14698238670825958 -0.0636461153626442 -0.032499391585588455 0.03916061297059059 0.12311288714408875 -0.010354813188314438 0.03311461582779884 0.1541130691766739 -0.06189147010445595 0.2084517478942871 -0.03586578369140625 -0.056240346282720566 -0.0693327784538269 -0.025423990562558174 0.009744212962687016 -0.08233623951673508 -0.033971209079027176 0.03748442977666855 0.07863260060548782 -0.044039446860551834 0.0021091285161674023 0.04702345281839371 0.031712740659713745 -0.06142809987068176 0.17844201624393463 0.06496279686689377 -0.10484511405229568 -0.040497105568647385 0.033643558621406555 0.04656342417001724 0.0770401731133461 -0.016274143010377884 0.010882308706641197 -0.05502459034323692 -0.03206770867109299 -0.035423487424850464 0.1191917434334755 -0.08453836292028427 0.025273924693465233 0.01064999494701624 0.11496560275554657 -0.03100174479186535 -0.005682821851223707 -0.037470366805791855 0.12584201991558075 -0.023683197796344757 -0.22483938932418823 0.059154920279979706 -0.1777360439300537 0.007962539792060852 0.07499586045742035 -0.0665612518787384 -0.21912911534309387 -0.04709307476878166 -0.11219429224729538 0.20218341052532196 0.12990063428878784 0.11341755837202072 0.10351748019456863 -0.2713305950164795 0.06796880811452866 0.11124590039253235 -0.0017146033933386207 -0.0228864923119545 -0.2179446816444397 0.014168279245495796 -0.08401627838611603 -0.10208362340927124 -0.11187136918306351 -0.034134406596422195 -0.05972367897629738 -0.08018039166927338 0.018942922353744507 0.2235168069601059 0.016412749886512756 0.03963136300444603 0.2192145735025406 0.02928934432566166 -0.02115030586719513 -0.025523098185658455 -0.12831079959869385 0.002478112932294607 -0.1867726445198059 0.022340450435876846 -0.11268382519483566 -0.03295837715268135 0.0869693011045456
0.0068762111477553844 -0.05477489158511162 0.09776356816291809 -0.032515816390514374 -0.3267986476421356 -0.11578140407800674 -0.02968301996588707 -0.022067124024033546 -0.08707094192504883 -0.1139167845249176 -0.001085957046598196 -0.08204897493124008 0.004149936139583588 0.1985732764005661 0.06425228714942932 0.0097363805398345 0.06183793395757675 0.156544491648674 0.052062004804611206 0.006687937304377556 0.03706422820687294 0.21932195127010345 0.13062629103660583 0.049634333699941635 0.057556670159101486 0.005425875075161457 0.12730716168880463 0.06383690237998962 -0.1263168901205063 0.12451887130737305 0.02520017884671688 0.04350839555263519 0.007048990577459335 0.04913407191634178 -0.03777994588017464 0.057710450142621994 -0.0774875283241272 0.2124074548482895 -0.04601490870118141 0.14425966143608093 -0.022279789671301842 0.021101878955960274 0.0012219998752698302 0.1363285630941391 -0.09269880503416061 0.17850305140018463 -0.13229741156101227 0.1300920993089676 0.021021097898483276 -0.07115096598863602 -0.13327647745609283 0.05426434427499771 0.1070522889494896 0.16241849958896637 0.13641832768917084 -0.01773267239332199 -0.0414753295481205 -0.01143620815128088 -0.2821991741657257 0.014731856994330883 0.1460675597190857 -0.04190467298030853 0.11729977279901505 0.13802257180213928 0.10289132595062256 0.03502929210662842 -0.04850921407341957 -0.04777321219444275 0.041162628680467606 -0.15254446864128113 -0.02743268385529518 -0.007223156746476889 0.15621602535247803 0.040704358369112015 -0.058032404631376266 -0.034086182713508606 -0.026450032368302345 0.1150023341178894 0.1893405020236969 0.06281233578920364 -0.04004884511232376 0.05768343061208725 -0.15031711757183075 0.027130266651511192 -0.022486701607704163 0.015108887106180191 -0.11733938008546829 0.03619036450982094 0.00997823104262352 0.012147418223321438 -0.09681680798530579 0.00816560722887516 -0.04986029490828514 0.05097236484289169 0.0793127566576004 0.09699144959449768 -0.012330854311585426 0.0312157291918993 -0.0008632179815322161 -0.19400537014007568
-0.07756486535072327 0.033230047672986984 -0.08543699979782104 0.038002774119377136 -0.06940596550703049 -0.08812037110328674 -0.06570404767990112 0.2191552072763443 -0.05865979194641113 -0.044644713401794434 0.06359852850437164 0.04056230187416077 -0.13007433712482452 -0.05005674436688423 0.1421942263841629 -0.05767613649368286 -0.024370068684220314 -0.1637253761291504 0.07215981185436249 -0.10220259428024292 -0.10391135513782501 -0.13508054614067078 0.09698411077260971 0.10173235833644867 -0.154122993350029 0.04741636663675308 -0.02038777433335781 -0.1091732457280159 -0.019936133176088333 -0.10525907576084137 0.13131248950958252 0.03356246277689934 -0.028254229575395584 -0.04592592269182205 0.04624646157026291 0.08093006908893585 -0.10515078902244568 0.11551736295223236 -0.24909967184066772 0.049109652638435364 0.09851156920194626 -0.06568486243486404 -0.018732668831944466 -0.09771567583084106 -0.05179375410079956 0.09757599234580994 0.0848178043961525 0.13857398927211761 -0.07167745381593704 0.108164481818676 0.062010508030653 0.0660298764705658 0.07377437502145767 -0.0489877425134182 -0.0012818649411201477 0.1277233213186264 -0.06655268371105194 -0.10154039412736893 0.09923229366540909 -0.06415078788995743 0.21687690913677216 -0.1755729615688324 0.025533070787787437 0.1543002426624298 0.0747234970331192 0.10037504881620407 -0.02379075437784195 -0.10431064665317535 0.059664011001586914 -0.09375026077032089 -0.1293327808380127 0.08885291963815689 0.12638403475284576 -0.08700839430093765 0.11299608647823334 0.06987978518009186 0.07724642753601074 -0.0019501619972288609 -0.2269023209810257 0.027422264218330383 -0.07395028322935104 -0.13032972812652588 0.1225704476237297 0.10815560072660446 0.034116316586732864 0.09501495957374573 -0.06643250584602356 -0.04180727154016495 0.14180952310562134 0.05884912982583046 0.038545187562704086 -0.021689793094992638 -0.03386998921632767 -0.12069336324930191 0.03293076902627945 -0.05173449218273163 -0.25763505697250366 0.0054864888079464436 -0.04167801886796951 0.14043283462524414
-0.14167720079421997 -0.14579539000988007 -0.07798988372087479 -0.022150298580527306 -0.06554615497589111 0.00344696082174778 0.11347241699695587 -0.06738650053739548 -0.0007183706620708108 -0.20691761374473572 -0.0022659581154584885 0.08394816517829895 -0.02288295328617096 0.16044317185878754 -0.10944528132677078 -0.06212899833917618 0.009746825322508812 -0.12985491752624512 -0.05961422994732857 -0.1958211064338684 -0.036733418703079224 0.04080454260110855 -0.14415070414543152 -0.04219959303736687 -0.025543488562107086 -0.1683788150548935 -0.04423373192548752 0.23041218519210815 0.06529359519481659 -0.2408248782157898 -0.005422182846814394 0.09972838312387466 -0.1593833565711975 -0.267543226480484 0.03204721584916115 0.08396590501070023 -0.05154135078191757 0.06337329000234604 -0.040183715522289276 0.09919915348291397 0.00830141082406044 0.014730718918144703 -0.09500104188919067 0.010346224531531334 0.02730592153966427 -0.11895253509283066 -0.06148599088191986 -0.1277882158756256 0.07383225113153458 0.009877041913568974 -0.0025402174796909094 -0.03492007777094841 -0.08315561711788177 0.09883876889944077 -0.15400123596191406 -0.010011044330894947 0.01592956855893135 0.08120036870241165 -0.04965943470597267 0.11734147369861603 0.11268457025289536 0.022645307704806328 -0.0015690048458054662 -0.21522198617458344 0.05300569906830788 -0.03060895763337612 -0.11630259454250336 -0.004332468379288912 0.015200654976069927 0.03769152611494064 0.10706319659948349 -0.011030054651200771 0.013754035346210003 -0.04966866597533226 -0.23971255123615265 0.045578472316265106 0.04637055844068527 -0.02902556024491787 0.031055698171257973 0.11762454360723495 0.013754949904978275 -0.11279632896184921 -0.05651411414146423 -0.09525348991155624 -0.010259108617901802 0.006644905544817448 -0.07504626363515854 -0.015118022449314594 0.1576116979122162 -0.046089135110378265 -0.11873804777860641 0.0445392020046711 -0.15843017399311066 -0.15838059782981873 -0.20229847729206085 0.0819331482052803 -0.0832323282957077 0.045319702476263046 -0.07422251254320145 0.055820904672145844
0.05169999226927757 0.07052906602621078 -0.06485792249441147 0.06017853692173958 -0.017454013228416443 0.11903571337461472 0.05479663982987404 -0.10353398323059082 -0.1480078101158142 0.10604581236839294 -0.02068246714770794 0.06618687510490417 -0.052485205233097076 0.039728131145238876 -0.04383236542344093 -0.042552243918180466 0.2189987450838089 -0.20632311701774597 -0.16960127651691437 0.015643348917365074 -0.14361320436000824 -0.09053391218185425 0.0608070082962513 -0.06459654122591019 -0.08976384252309799 0.017727253958582878 0.04822685942053795 0.08126670122146606 0.13999150693416595 0.09318973124027252 -0.010862553492188454 0.02026531845331192 0.15105672180652618 0.07935144752264023 -0.021683648228645325 -0.1015818789601326 -0.0768733024597168 -0.007971817627549171 -0.1209164634346962 0.03353481739759445 0.12377293407917023 0.09249112010002136 0.06625297665596008 0.20020289719104767 0.14711911976337433 -0.06181541457772255 -0.14041529595851898 -0.21068792045116425 -0.04547390341758728 -0.1230698972940445 -0.01173822395503521 0.041320595890283585 0.23434101045131683 -0.038544319570064545 0.12628284096717834 -0.0732504278421402 -0.02412908524274826 0.1175132542848587 0.10301558673381805 -0.14166270196437836 -0.04795568436384201 -0.012602975592017174 0.17626835405826569 -0.0034199520014226437 -0.1742619276046753 0.05901351943612099 -0.20225049555301666 0.04530654475092888 -0.0943860113620758 -0.06661053001880646 -0.01251354068517685 0.0025487407110631466 0.1297229677438736 -0.05492192134261131 0.08910410106182098 -0.01564762555062771 -0.018870554864406586 -0.08274510502815247 0.10363273322582245 0.15453651547431946 -0.12679052352905273 0.024161601439118385 -0.06941495090723038 0.06329982727766037 0.11228813976049423 0.01664751023054123 0.02241324633359909 -0.016786787658929825 0.15398380160331726 -0.05907488986849785 0.17821408808231354 -0.07869898527860641 -0.01196513045579195 -0.04120716452598572 -0.0007144398987293243 0.07861892133951187 0.08247330039739609 0.1695903241634369 -0.0431765615940094 0.05573948472738266
0.01089300587773323 0.023976240307092667 0.02798047848045826 0.11654962599277496 -0.03310573473572731 0.10578988492488861 0.06180719658732414 0.01693284511566162 -0.11902438849210739 0.11687970161437988 0.019128428772091866 0.005020244978368282 0.14537762105464935 0.055034883320331573 -0.044754937291145325 -0.08280453085899353 -0.04173938184976578 -0.17269621789455414 0.009689881466329098 -0.03791893273591995 -0.18023622035980225 0.14805954694747925 0.0038959148805588484 -0.1294017881155014 0.13850869238376617 -0.0828762874007225 -0.13384157419204712 -0.032732415944337845 -0.035968899726867676 -0.18491986393928528 -0.021300505846738815 -0.003965472336858511 -0.015092245303094387 0.05877356976270676 -0.0044351923279464245 -0.013590503484010696 0.061299219727516174 0.07249971479177475 -0.09870650619268417 -0.02643885649740696 0.16778194904327393 -0.10733125358819962 0.1519065648317337 -0.051125749945640564 -0.10525206476449966 -0.09254209697246552 0.015360522083938122 0.03232434764504433 -0.08199795335531235 -0.14558851718902588 0.07502781599760056 0.20759741961956024 0.04010835289955139 0.28575658798217773 -0.09431622922420502 0.18009266257286072 0.041580162942409515 -0.019775601103901863 0.009862588718533516 0.2092016488313675 0.021533438935875893 0.11106237769126892 -0.0440964512526989 0.22910164296627045 -0.06108575686812401 -0.14656153321266174 -0.08766793459653854 0.08765587210655212 0.053041521459817886 -0.004805861506611109 0.13359688222408295 -0.03910917043685913 0.038643065840005875 0.03742484003305435 -0.12941516935825348 -0.07262402772903442 0.023463567718863487 0.07809216529130936 -0.028905710205435753 -0.13567526638507843 -0.08680912852287292 -0.0008426188724115491 0.04286317154765129 0.045542482286691666 0.050430454313755035 -0.07197423279285431 0.03801127150654793 0.029942166060209274 -0.021079475060105324 0.014357934705913067 0.06414911150932312 -0.1496756374835968 0.09621819853782654 0.16569924354553223 0.021110331639647484 -0.2883251905441284 0.033844951540231705 0.004478511866182089 -0.09126513451337814 -0.07676354050636292
0.05656956881284714 -0.05234343186020851 -0.09701339900493622 0.10908965766429901 -0.07285585254430771 -0.04045119509100914 -0.11166387051343918 -0.03382708132266998 0.03443367779254913 -0.030976787209510803 -0.0697711929678917 -0.010645692236721516 -0.012576507404446602 -0.10670929402112961 0.07299934327602386 0.08695945143699646 0.038320183753967285 0.2459896355867386 0.07072442770004272 -0.10688571631908417 -0.11121736466884613 0.09360218048095703 0.061868976801633835 -0.06753198802471161 0.12618304789066315 0.02029891312122345 -0.07541263103485107 -0.1422506868839264 0.02813640981912613 0.07932852953672409 -0.004277490079402924 -0.04459109902381897 0.05438931658864021 -0.24739773571491241 -0.05105554312467575 -0.0471697561442852 -0.15137341618537903 0.015934986993670464 0.13695138692855835 0.020717469975352287 0.05133558064699173 -0.18904080986976624 0.08405420184135437 -0.2310028076171875 0.17134590446949005 -0.21751105785369873 -0.08598411828279495 0.09016969799995422 -0.025409700348973274 0.014569961465895176 -0.04157519340515137 -0.04803748428821564 0.10606654733419418 0.124159075319767 -0.18361708521842957 0.19802506268024445 -0.01950897090137005 0.0013275017263367772 0.06431106477975845 -0.05927637591958046 -0.07901737093925476 0.10588022321462631 0.14477308094501495 -0.07092004269361496 -0.11329702287912369 0.11925242096185684 -0.15065622329711914 -0.15664534270763397 -0.14309999346733093 0.06566841155290604 -0.1381242722272873 -0.043176669627428055 -0.022558247670531273 -0.011780869215726852 0.07260490208864212 0.19161194562911987 0.09413442015647888 0.06791216880083084 0.10135039687156677 0.030500462278723717 0.012655672617256641 0.009544246830046177 -0.026200218126177788 0.09584581106901169 -0.008577329106628895 0.014450429938733578 0.1539108008146286 -0.006076006218791008 0.013624193146824837 0.12272574752569199 0.0001255956303793937 0.1584104746580124 -0.0180710069835186 -0.025256631895899773 -0.02254328690469265 0.02167767658829689 -0.010714787058532238 0.06637512892484665 -0.13945692777633667 -0.12381648272275925
0.09950686991214752 -0.16780990362167358 0.008532227016985416 -0.06430152803659439 0.04308512434363365 -0.14575494825839996 0.17225155234336853 0.03534334897994995 0.09256096184253693 -0.02945445105433464 0.05539172887802124 0.08392120152711868 0.052406586706638336 -0.054730549454689026 -0.13471585512161255 -0.07984324544668198 -0.08335872739553452 -0.233804389834404 0.006266813259571791 -0.1396646797657013 -0.011099336668848991 0.011208371259272099 0.23690642416477203 -0.06408223509788513 0.09881003946065903 -0.01224647369235754 0.08264117687940598 0.014320531859993935 -0.13273262977600098 0.005631967913359404 -0.026035280898213387 -0.008909376338124275 0.05842150002717972 0.06908383965492249 -0.08567929267883301 -0.10179489105939865 0.09721671789884567 -0.14811794459819794 0.016402283683419228 0.0622708760201931 0.1326848864555359 -0.030111681669950485 0.1158527210354805 -0.1323828101158142 0.09083575755357742 0.009604588150978088 -0.05967860668897629 -0.008531942032277584 -0.07219140231609344 0.13568060100078583 0.05826751887798309 0.06108751520514488 0.012725070118904114 0.1280730962753296 -0.03072064369916916 -0.12661558389663696 0.01145938690751791 -0.1641617715358734 0.04668072611093521 -0.18303820490837097 0.041844312101602554 -0.02180285006761551 0.03496558591723442 -0.016649167984724045 -0.01600249670445919 0.051324449479579926 0.21462929248809814 -0.015749696642160416 0.24197453260421753 -0.09624456614255905 -0.023684127256274223 0.0791637971997261 -0.1258552074432373 -0.07339031249284744 0.1666111797094345 0.005089983809739351 -0.03990773484110832 0.10533073544502258 0.07055002450942993 0.012029824778437614 -0.007277453318238258 -0.05554962530732155 -0.062174875289201736 0.07528119534254074 0.06056326627731323 -0.13261327147483826 -0.016890883445739746 -0.01094492431730032 -0.028127215802669525 -0.04866921156644821 -0.17083145678043365 -0.04857983812689781 -0.10358437895774841 -0.176784947514534 -0.19907699525356293 0.024175329133868217 0.16850246489048004 0.10029678791761398 0.07463765889406204 -0.19324587285518646
0.0038241262082010508 0.06418310105800629 0.0172903873026371 -0.12173423171043396 0.010950635187327862 -0.07925967127084732 0.08840284496545792 0.059671226888895035 -0.10000539571046829 0.07151086628437042 0.06501303613185883 -0.11506029963493347 0.030607059597969055 0.16758635640144348 -0.1430535763502121 0.022475896403193474 0.09355497360229492 0.07349013537168503 0.07052615284919739 0.08113393187522888 -0.07541681081056595 0.0035503916442394257 0.03813575208187103 0.098323754966259 0.03005305863916874 -0.10708343982696533 -0.11543989181518555 -0.08997001498937607 0.0715315043926239 0.1366899013519287 -0.04135514795780182 0.0066039604134857655 -0.08129752427339554 0.041145555675029755 -0.17579132318496704 0.03498753905296326 -0.07667387276887894 0.05489296466112137 -0.18304575979709625 -0.010615532286465168 0.19822877645492554 -0.0917428582906723 0.11501440405845642 0.06000608950853348 -0.025979094207286835 -0.18245208263397217 0.012623590417206287 -0.0701746866106987 -0.0035531818866729736 -0.0015352534828707576 -0.08015835285186768 0.1486922949552536 -0.04170431196689606 -0.2302798479795456 -0.016300957649946213 -0.023932108655571938 0.27514687180519104 -0.08437439799308777 -0.15591464936733246 0.08984501659870148 0.04130076989531517 0.1794453114271164 -0.043172385543584824 -0.055392976850271225 -0.14955799281597137 0.005652892868965864 0.1340666115283966 -0.21429386734962463 0.13885638117790222 -0.007105974014848471 0.06128300726413727 -0.0025789658538997173 -0.06799330562353134 -0.03158817067742348 0.09277395904064178 -0.0072528827004134655 0.22676116228103638 -0.13318848609924316 0.015108873136341572 -0.009803668595850468 0.136553093791008 0.16189929842948914 0.034568902105093 -0.007399261929094791 -0.11931570619344711 0.0711321234703064 -0.011379620060324669 0.04571584612131119 -0.10657677799463272 -0.07416397333145142 -0.003961219917982817 -0.0068916804157197475 0.04166632145643234 -0.10232742130756378 -0.046371303498744965 0.121620312333107 -0.18449953198432922 0.08670911192893982 -0.016952700912952423 0.07139654457569122
0.12793955206871033 -0.08769621700048447 0.12131670862436295 0.08454520255327225 -0.07193759828805923 -0.07488689571619034 -0.17669777572155 0.021071799099445343 0.07267490774393082 -0.05362249165773392 0.16942889988422394 0.023364832624793053 0.2270103096961975 -0.01620263047516346 0.0788300558924675 -0.09257412701845169 -0.09343037754297256 0.06264036148786545 -0.05865843966603279 0.0011999064590781927 0.07112996280193329 0.05487673357129097 0.2447337955236435 0.12325283139944077 0.005878122057765722 -0.0011149360798299313 -0.10235512256622314 0.09761819988489151 0.12244375050067902 -0.08006879687309265 0.003959120251238346 0.1256299763917923 0.04038749262690544 -0.015792323276400566 0.14405813813209534 -0.010226646438241005 -0.19767774641513824 -0.09197545051574707 -0.10495200008153915 0.004374029580503702 -0.05335457995533943 0.04870644211769104 -0.03915896266698837 0.0684470385313034 -0.03734736889600754 -0.19667069613933563 0.08747288584709167 0.05353764444589615 0.26934534311294556 0.12579801678657532 0.10478382557630539 0.03541433811187744 -0.010672190226614475 0.06723924726247787 -0.04536041244864464 0.13852953910827637 0.16126281023025513 0.12328688055276871 -0.10468278080224991 -0.03303278982639313 -0.015539835207164288 -0.020267808809876442 0.1826237142086029 -0.09680066257715225 -0.129348024725914 -0.10929091274738312 0.0804971382021904 0.11750774085521698 -0.03811269626021385 -0.017771154642105103 0.05438488721847534 0.09714946150779724 0.023648196831345558 -0.07915543019771576 0.13494490087032318 -0.09984523057937622 -0.04970462992787361 -0.08959120512008667 -0.018988341093063354 0.08972728997468948 0.04745269566774368 0.03653347119688988 0.16662970185279846 0.06772352010011673 0.13288727402687073 -0.05225564166903496 -0.008456946350634098 0.050639186054468155 0.05165829136967659 0.11552343517541885 0.002389885950833559 -0.12261202931404114 -0.01026524230837822 0.16539190709590912 -0.032824691385030746 0.12024549394845963 0.06098312884569168 -0.0733158141374588 0.13971228897571564 0.07757452875375748
-0.20697790384292603 0.004369289148598909 0.14948873221874237 -0.023651260882616043 0.15015830099582672 -0.11178677529096603 0.08511193841695786 0.126923069357872 -0.07776464521884918 0.09313780814409256 -0.07500157505273819 -0.02806353010237217 0.18950238823890686 0.09837373346090317 0.008166654035449028 -0.11393263190984726 -0.2081146240234375 -0.04269605875015259 0.06104397028684616 -0.1420506089925766 -0.0912354588508606 0.07986639440059662 -0.0032062397804111242 -0.04035085439682007 -0.08706848323345184 0.01565598137676716 0.018542755395174026 -0.13869141042232513 0.16130736470222473 0.24392512440681458 0.00885350164026022 -0.03384348750114441 -0.1406259536743164 -0.07110782712697983 -0.19086186587810516 -0.07163947820663452 -0.07783650606870651 0.007581521291285753 0.017653828486800194 0.027117310091853142 0.07252923399209976 -0.01895027980208397 -0.20324884355068207 0.05680510401725769 0.09845013916492462 0.06721076369285583 -0.04514014348387718 0.06261631846427917 0.0755801871418953 0.0328662134706974 0.12107888609170914 0.03512483835220337 0.06184231862425804 -0.058940187096595764 -0.18677407503128052 0.07746564596891403 -0.07650437206029892 -0.05388563498854637 0.09095966815948486 -0.02914099395275116 -0.0509222149848938 -0.31964144110679626 0.17088106274604797 0.10119327157735825 -0.03527793288230896 -0.0037617222405970097 -0.09488923847675323 0.051465198397636414 0.08682189881801605 0.15843431651592255 0.04163447767496109 -0.19497528672218323 0.03773457184433937 -0.02256190963089466 -0.12244835495948792 -0.06225882098078728 -0.12446373701095581 -0.1204272136092186 0.12390900403261185 0.009835063479840755 0.03799615427851677 0.09140279144048691 -0.049230918288230896 -0.02358952909708023 -0.06797264516353607 -0.007976451888680458 0.00870918296277523 0.04034213721752167 -0.08073713630437851 -0.07058563828468323 -0.01840718649327755 -0.0020951793994754553 -0.0201424490660429 -0.03890793398022652 0.07199360430240631 0.043051622807979584 0.08966948091983795 -0.12594814598560333 0.046186428517103195 0.04642340540885925
-0.09822077304124832 0.10435904562473297 0.018787572160363197 -0.12753543257713318 0.0634261891245842 -0.07273421436548233 0.08728881180286407 -0.013592628762125969 0.08135172724723816 0.16460561752319336 0.1279628723859787 0.10077980905771255 -0.02109258621931076 0.10190730541944504 0.0680876299738884 -0.18944944441318512 0.07711811363697052 0.011969296261668205 0.11603250354528427 0.165532648563385 -0.022175202146172523 -0.08322940766811371 -0.022729989141225815 -0.010295775718986988 -0.03403649851679802 0.025097856298089027 -0.0092386519536376 -0.05905713140964508 0.20616313815116882 -0.04390871152281761 0.15292392671108246 -0.021841518580913544 0.004569857381284237 0.054217442870140076 0.07938535511493683 0.04442121833562851 -0.028200650587677956 -0.014308561570942402 -0.06863286346197128 0.07486238330602646 -0.020110806450247765 -0.005564891267567873 -0.10147044062614441 -0.1948651522397995 -0.060503434389829636 -0.06506812572479248 -0.06504277884960175 -0.019760513678193092 -0.16629581153392792 0.20430536568164825 0.009512272663414478 -0.0191549863666296 -0.0757269486784935 0.11275479942560196 0.023752963170409203 -0.07950679957866669 -0.14351223409175873 -0.06037231907248497 -0.03836236149072647 0.05741763487458229 0.1500934660434723 0.08487516641616821 0.08511872589588165 -0.0538671649992466 0.03452709689736366 -0.06744775176048279 -0.12387324869632721 0.04963894188404083 -0.12024842947721481 -0.08397630602121353 -0.059555601328611374 0.14970551431179047 0.06089137867093086 0.2632792592048645 0.013031412847340107 -0.10232031345367432 0.2199162095785141 -0.020549533888697624 0.05484797805547714 0.06295902281999588 0.0006328130257315934 0.09717680513858795 -0.015565133653581142 -0.11541471630334854 -0.04836193844676018 -0.17265863716602325 0.11205608397722244 0.29646310210227966 -0.005773257464170456 0.13969875872135162 -0.00866885855793953 0.08515217900276184 0.010854819789528847 -0.0900150015950203 0.030020104721188545 0.017934294417500496 0.23150622844696045 -0.014843939803540707 0.022983428090810776 -0.03037482313811779
-0.26429858803749084 -0.014931829646229744 0.045137763023376465 0.09308940917253494 -0.024327626451849937 -0.02300502546131611 -0.0617249496281147 0.13033907115459442 -0.13219192624092102 -0.01828055828809738 0.008763333782553673 -0.013957361690700054 -0.03998728469014168 -0.06005331501364708 -0.07733534276485443 0.09566052258014679 0.11690015345811844 -0.024421557784080505 -0.027245989069342613 0.038800861686468124 0.14792214334011078 0.048248644918203354 -0.15820619463920593 0.12447958439588547 0.03863221034407616 -0.15405341982841492 -0.04354644939303398 0.09205290675163269 0.0980122908949852 0.0035763788037002087 0.06125614792108536 -0.19994449615478516 0.18132653832435608 0.07089829444885254 -0.0886172205209732 -0.002892902120947838 0.12709103524684906 -0.014944770373404026 0.0991438701748848 0.14312350749969482 0.06496956944465637 -0.013509634882211685 0.1306833028793335 -0.002784007927402854 -0.12384067475795746 -0.05592944845557213 -0.12699304521083832 -0.11855056136846542 0.04855599254369736 0.09424572438001633 -0.10849952697753906 -0.08744721114635468 -0.06443951278924942 -0.04237467050552368 -0.09673565626144409 0.09011217951774597 -0.24221386015415192 0.09787879139184952 0.028430595993995667 0.1779271960258484 0.05529247969388962 -0.14321820437908173 0.2390146553516388 -0.009267361834645271 0.09190618991851807 -0.10220862179994583 0.13136866688728333 0.017460154369473457 0.026613684371113777 -0.05311735346913338 -0.023104581981897354 0.10324721038341522 -0.07779145985841751 -0.008049726486206055 0.1350494623184204 -0.008532971143722534 0.007814643904566765 -0.20743589103221893 0.081946462392807 -0.06383205950260162 -0.0748930498957634 0.017969658598303795 0.16890497505664825 0.18367572128772736 0.11402436345815659 0.06679734587669373 -0.039686646312475204 -0.09501107037067413 -0.05906171351671219 -0.018345482647418976 -0.011603268794715405 0.03141730651259422 0.1067083328962326 0.012762882746756077 -0.1141173243522644 -0.016977710649371147 -0.006088364403694868 -0.05534188821911812 -0.07782057672739029 -0.16064998507499695
0.056511055678129196 -0.10753434896469116 -0.13164874911308289 0.0946488082408905 0.019596118479967117 0.042744360864162445 0.0732356607913971 -0.006096333265304565 -0.00915568694472313 0.232998326420784 0.06352531909942627 0.03139396011829376 -0.09922868013381958 -0.15297488868236542 -0.025356240570545197 -0.005625081714242697 0.07025542110204697 0.010307548567652702 -0.04731205850839615 -0.011568593792617321 -0.05791756510734558 0.10072018951177597 -0.014735405333340168 0.11892524361610413 -0.19446098804473877 -0.19266816973686218 0.012068135663866997 0.14290936291217804 0.019949179142713547 0.016389571130275726 0.01703246682882309 0.16195063292980194 -0.17444388568401337 0.022532453760504723 0.059328675270080566 -0.13059379160404205 0.18500876426696777 0.19090335071086884 0.06757449358701706 -0.09336349368095398 -0.06895504891872406 -0.006771253887563944 0.029031462967395782 -0.019532840698957443 0.10312607139348984 -0.144092857837677 -0.14065761864185333 0.28040698170661926 -0.03326684236526489 0.03560096025466919 0.024780482053756714 0.08325663954019547 0.1616877019405365 -0.19802969694137573 -0.15852051973342896 0.005304123740643263 -0.06151455640792847 0.025143936276435852 -0.18517489731311798 -0.043441466987133026 0.08709005266427994 -0.05768626928329468 0.007577961776405573 0.012894499115645885 0.0010278922272846103 0.05194993317127228 0.05135014280676842 0.023276623338460922 0.03796554356813431 0.05066116899251938 0.09755965322256088 0.07928233593702316 0.028434311971068382 0.21885526180267334 -0.0028343694284558296 0.1569998860359192 -0.011829651892185211 0.10426049679517746 -0.012660614214837551 -0.06058356165885925 0.0013319879071787 0.02375613898038864 -0.06358344107866287 0.020405404269695282 0.12079747021198273 -0.06061697378754616 -0.06984303891658783 -0.015603804029524326 0.029300974681973457 -0.061696503311395645 -0.05482814088463783 0.09820885211229324 0.2450307160615921 0.0701080858707428 -0.04236987605690956 0.05483199656009674 0.0463615320622921 -0.015334658324718475 0.19370584189891815 0.08548398315906525
0.08333805203437805 -0.008865299634635448 0.004689942579716444 -0.1729542762041092 0.08864521235227585 0.23350657522678375 0.048532068729400635 0.22153165936470032 -0.2189815789461136 0.26688775420188904 -0.10821861028671265 0.07763632386922836 0.02738410234451294 0.08523572236299515 0.15015819668769836 0.0826125293970108 0.016348328441381454 0.1538088321685791 -0.06463981419801712 0.01014652755111456 0.07673200219869614 0.005270638503134251 0.10784183442592621 -0.014499145559966564 0.08074474334716797 0.001149333082139492 -0.015572506003081799 -0.024998214095830917 0.005387290846556425 -0.05145503580570221 0.17211684584617615 -0.008359902538359165 0.030312763527035713 -0.0783323124051094 -0.1068742573261261 0.18774370849132538 0.002222599694505334 0.03366757929325104 0.09281735867261887 -0.02634001150727272 0.03950409218668938 -0.01151395682245493 -0.13070957362651825 -0.0331588052213192 0.12271440029144287 -0.16593708097934723 0.03592556715011597 0.055491603910923004 -0.006410091649740934 -0.04609295353293419 0.06073201075196266 -0.029269253835082054 0.05682465434074402 -0.069926917552948 0.03935874253511429 0.02495495229959488 -0.04877162352204323 0.019462348893284798 -0.05530686676502228 0.04189031198620796 -0.023634513840079308 0.1826949268579483 0.030986668542027473 -0.11626806855201721 0.10047412663698196 -0.08976670354604721 0.1697927862405777 0.2104302942752838 0.13076631724834442 -0.1201515942811966 -0.06991047412157059 -0.17250600457191467 -0.01879950240254402 -0.07484881579875946 -0.01156814768910408 -0.14554433524608612 -0.021943874657154083 0.11803456395864487 -0.06733999401330948 0.04496116191148758 -0.12394185364246368 -0.2121478021144867 -0.09851502627134323 0.12037137150764465 0.052433717995882034 0.09673409909009933 -0.10454194992780685 0.05674150586128235 0.11491241306066513 0.022581692785024643 -0.024791423231363297 -0.03994127735495567 -0.010425585322082043 -0.14340534806251526 0.02780434489250183 0.10691691190004349 0.046440489590168 -0.10352206975221634 -0.08099790662527084 -0.0212999414652586
-0.10035292059183121 -0.18680165708065033 0.033129915595054626 -0.11933278292417526 -0.03807662054896355 -0.03687574341893196 0.055379368364810944 -0.23340527713298798 -0.15335123240947723 -0.05218970403075218 0.06564981490373611 0.1369892805814743 -0.030458880588412285 0.010968904010951519 -0.04104239121079445 0.08424012362957001 -0.06733137369155884 -0.17489543557167053 0.2267107218503952 0.1713281124830246 -0.13896165788173676 -0.10320300608873367 0.10481054335832596 0.1830502301454544 0.1276700645685196 0.022650593891739845 0.06192302331328392 -0.009860158897936344 0.09138090163469315 0.009906167164444923 -0.14357198774814606 0.044393859803676605 0.03240390121936798 -0.09102780371904373 0.033141255378723145 0.13202747702598572 0.031383633613586426 0.02333179861307144 0.17759443819522858 -0.01961204595863819 -0.153129443526268 -0.10385087877511978 0.08877284824848175 -0.07568573206663132 -0.05726565793156624 -0.08021538704633713 -0.027597574517130852 0.015350299887359142 0.029309969395399094 -0.11960314959287643 0.13270969688892365 -0.09177025407552719 0.012653782963752747 -0.016863491386175156 0.056870605796575546 0.02490638568997383 0.011425123549997807 0.02213011309504509 0.13463331758975983 -0.05947858840227127 -0.010974045842885971 0.07425232231616974 0.002503451192751527 0.07917554676532745 0.09256692975759506 0.15000851452350616 0.05334477126598358 -0.14050117135047913 0.04352710023522377 0.01490761712193489 0.11306200176477432 0.029935158789157867 0.05657648295164108 -0.01593650132417679 -0.0921545922756195 -0.09524096548557281 -0.05960370600223541 -0.09909865260124207 0.1686173677444458 0.06649164110422134 -0.00848857220262289 -0.05760137736797333 -0.06849904358386993 0.04362037777900696 0.12276888638734818 -0.020764702931046486 -0.07855511456727982 0.004684245679527521 -0.11925172060728073 0.2527076303958893 0.07943730056285858 -0.13660074770450592 0.22077682614326477 -0.11942264437675476 0.09224846214056015 0.04373866319656372 -0.057337068021297455 -0.13280628621578217 -0.0005943182040937245 0.11290280520915985
-0.00886610895395279 -0.11306765675544739 0.05847552418708801 0.03620796650648117 0.14509694278240204 0.03690275177359581 0.12008316814899445 0.13600802421569824 -0.08172937482595444 -0.04538179188966751 0.021707739681005478 -0.1202751100063324 0.07854478806257248 -0.10142374783754349 0.052917707711458206 0.07760035991668701 0.13046282529830933 0.12539879977703094 -0.2626896798610687 0.19664670526981354 -0.06717657297849655 -0.23191078007221222 0.029828833416104317 0.032719776034355164 0.01912444643676281 -0.03487666696310043 0.1246722936630249 -0.07093198597431183 0.13645420968532562 -0.17412272095680237 -0.1925722062587738 -0.00042945489985868335 -0.09641896188259125 0.06767499446868896 0.0513337142765522 0.10824621468782425 -0.17071916162967682 -0.0649370476603508 -0.14723090827465057 -0.06501739472150803 -0.06380786001682281 0.0614306777715683 0.036839261651039124 0.004674943629652262 -0.05660715699195862 0.06996843218803406 -0.32274752855300903 0.08830543607473373 -0.0006736180512234569 -0.041666533797979355 0.165530726313591 -0.1101987212896347 0.05115387588739395 0.07036604732275009 -0.011748047545552254 0.07913193851709366 0.05243362486362457 -0.04773108661174774 0.07945094257593155 0.005966488271951675 0.06343488395214081 -0.004155708011239767 -0.05080602318048477 -0.0033047955948859453 0.046565838158130646 0.054486677050590515 -0.06291522830724716 0.0561659000813961 0.12627634406089783 0.041114162653684616 -0.045684803277254105 -0.035181961953639984 0.053246114403009415 0.10749006271362305 0.07214183360338211 -0.004477526526898146 -0.0748772993683815 0.03998566046357155 0.05761583149433136 -0.05303029716014862 0.15258903801441193 0.10810698568820953 0.01216384768486023 -0.11143845319747925 -0.01763995923101902 0.05405287444591522 0.1380346119403839 -0.11065128445625305 0.06618320196866989 -0.01597292535007 -0.23503781855106354 -0.06187227740883827 0.028546256944537163 0.004313184879720211 -0.08468285202980042 0.017427705228328705 -0.08088082075119019 -0.04678914323449135 -0.13002964854240417 -0.1825910210609436
0.0724412277340889 0.12512271106243134 0.06940151751041412 0.13212695717811584 0.06981207430362701 -0.09964947402477264 0.039107490330934525 0.13852137327194214 -0.09377261996269226 -0.09748880565166473 0.07803727686405182 0.007670422084629536 0.03266207501292229 -0.22401998937129974 -0.23356686532497406 -0.0803980678319931 0.1318681389093399 0.12572236359119415 -0.04284517839550972 -0.14873763918876648 -0.07677773386240005 -0.011830669827759266 0.029918907210230827 -0.09829651564359665 0.19801396131515503 -0.08722009509801865 0.06874961405992508 0.15196950733661652 -0.04225704446434975 0.0615498386323452 0.012467495165765285 0.18890684843063354 0.10960564762353897 0.005850185640156269 0.10958611965179443 0.25129303336143494 -0.02426069788634777 0.0893004983663559 0.018396573141217232 0.03978116437792778 0.020480526611208916 -0.09357012063264847 -0.047628000378608704 0.0718681812286377 0.08493876457214355 0.08646398782730103 0.03101186454296112 0.02137727476656437 -0.0009936009300872684 -0.029737895354628563 0.0917031392455101 0.12280714511871338 -0.020774828270077705 -0.19157260656356812 -0.006110839545726776 0.03866598755121231 -0.037330299615859985 -0.014240121468901634 0.09722638130187988 0.1080528274178505 -0.04230744391679764 -0.01409689150750637 -0.1522298902273178 -0.03275436535477638 -0.061903852969408035 -0.031046243384480476 -0.03408748656511307 0.010141238570213318 0.0019627984147518873 -0.032059866935014725 -0.11810335516929626 0.09212229400873184 0.024768132716417313 0.1546468883752823 0.04965225234627724 -0.06221117451786995 0.05899706855416298 -0.001635837834328413 0.31513381004333496 0.08682924509048462 -0.06916855275630951 -0.206927090883255 0.15636228024959564 -0.056847430765628815 -0.1089043915271759 -0.06399936974048615 -0.06805432587862015 -0.060819435864686966 -0.12553949654102325 0.036150138825178146 0.014661286026239395 0.06449069082736969 -0.10967975109815598 -0.046525247395038605 0.13025133311748505 -0.06489075720310211 0.0749564841389656 -0.09963814169168472 0.04627832770347595 0.08709505945444107
0.10848104953765869 -0.04304399713873863 -0.01450399775058031 -0.11427826434373856 0.007533877622336149 0.09206357598304749 0.04659445583820343 0.01998801715672016 0.130194291472435 -0.07949252426624298 -0.09552881866693497 -0.11335967481136322 -0.14037500321865082 -0.1026940569281578 -0.12735947966575623 -0.027690334245562553 0.07011687010526657 0.05173269286751747 0.23190230131149292 0.04311949387192726 0.032268647104501724 0.03184333071112633 -0.009631888940930367 -0.015585236251354218 0.11317745596170425 -0.042400263249874115 0.06507296860218048 0.06670574843883514 -0.019488073885440826 -0.09006165713071823 0.06518295407295227 -0.09025707840919495 -0.04348711669445038 0.16452248394489288 0.05023553594946861 -0.10574530810117722 -0.12738296389579773 0.14673367142677307 -0.09957152605056763 -0.16621962189674377 0.15907560288906097 -0.17691324651241302 -0.17751601338386536 -0.0008243659394793212 -0.01599409617483616 -0.07115979492664337 -0.1087716817855835 0.02006937377154827 0.09648919105529785 -0.2523161768913269 0.09956385940313339 -0.002084873616695404 -0.061899878084659576 0.05940837785601616 0.10796502232551575 0.004730053246021271 -0.11224998533725739 0.009740999899804592 0.1331682950258255 -0.021697241812944412 -0.021127980202436447 -0.16466623544692993 0.11243975162506104 -0.007794409058988094 0.021094229072332382 0.0033988473005592823 0.12681610882282257 0.04870758578181267 -0.1594768911600113 0.10000654309988022 0.1047721579670906 -0.14922796189785004 -0.08342284709215164 -0.0780334398150444 0.03152739629149437 -0.10781192034482956 0.1865357607603073 0.082700714468956 -0.008161203004419804 -0.06994806230068207 -0.09911395609378815 0.21474416553974152 0.12306413054466248 -0.09584641456604004 0.20984262228012085 -0.09393151849508286 -0.1097358986735344 -0.02170518971979618 0.06677988171577454 0.055680930614471436 -0.06396649777889252 0.0780961811542511 -0.08886710554361343 -0.11572025716304779 0.031692977994680405 0.05581221729516983 -0.06367634981870651 0.005364491604268551 0.09860162436962128 0.02317826822400093
-0.062113139778375626 -0.016069287434220314 0.04358327016234398 0.0966031402349472 -0.093950055539608 -0.004931367468088865 -0.11650040745735168 -0.05040804296731949 -0.1932361125946045 -0.06065686419606209 0.0189900491386652 0.10326912999153137 -0.024835076183080673 -0.07163121551275253 0.1115720123052597 -0.05791633203625679 0.023033851757645607 0.027363361790776253 0.037199269980192184 -0.15048955380916595 -0.1361054927110672 -0.09154242277145386 0.06474079191684723 0.04413037374615669 -0.025003256276249886 -0.025690259411931038 0.08959752321243286 -0.023775849491357803 0.04520129784941673 0.04968413710594177 -0.04674163833260536 0.09388908743858337 -0.11767051368951797 -0.07044288516044617 -0.10092562437057495 0.010789872147142887 0.05442270264029503 0.09542647004127502 -0.025366803631186485 -0.17851881682872772 -0.03196407109498978 -0.0064890021458268166 0.11105545610189438 0.019548121839761734 0.029039667919278145 0.22914651036262512 0.04889504984021187 0.06794945150613785 -0.15085840225219727 0.045040592551231384 -0.10299506783485413 -0.03389151021838188 -0.2745378017425537 -0.07281281054019928 -0.04589291661977768 -0.03189742565155029 0.07788971066474915 0.14586518704891205 0.16185754537582397 -0.0462019145488739 0.041475724428892136 0.08606299757957458 0.06349527090787888 -0.1741216629743576 0.07468057423830032 -0.11733740568161011 -0.024766050279140472 0.12790898978710175 0.049319036304950714 -0.14468078315258026 0.10533381253480911 -0.16898728907108307 -0.14998839795589447 -0.11669722199440002 0.11372911185026169 -0.1814470887184143 0.14074507355690002 0.027477305382490158 0.021821221336722374 0.17651735246181488 0.03963269665837288 0.21998465061187744 -0.07634209841489792 0.07226057350635529 0.09914078563451767 -0.018995041027665138 0.04196580499410629 0.004905070178210735 0.057018592953681946 -0.025297872722148895 -0.13519002497196198 0.155832901597023 0.07449337095022202 0.11531227827072144 0.04110036790370941 -0.21942025423049927 0.06505421549081802 0.08721943944692612 0.037034597247838974 0.013711434789001942
-0.08317767828702927 0.008250918239355087 -0.06043453887104988 -0.17630784213542938 -0.06100749224424362 -0.08362531661987305 0.15717414021492004 0.04368438199162483 -0.002042391337454319 0.04603676497936249 -0.07077477127313614 0.018684804439544678 0.13645192980766296 -0.012450157664716244 0.24249005317687988 0.23463913798332214 0.09816157817840576 -0.013250342570245266 0.09517771005630493 -0.028650179505348206 -0.06687046587467194 0.037979234009981155 -0.20417580008506775 -0.0765577033162117 -0.010722287930548191 -0.13269659876823425 -0.19813473522663116 -0.051747873425483704 0.0361873134970665 -0.06241204962134361 -0.20262469351291656 -0.12465082108974457 0.022343751043081284 0.005575156770646572 0.08743558079004288 0.03714634105563164 0.05091587081551552 -0.06939277797937393 -0.05888262763619423 -0.015801144763827324 -0.1082303524017334 -0.22228039801120758 0.028168709948658943 0.09939282387495041 -0.020473018288612366 0.1488025039434433 0.09266698360443115 0.19261384010314941 -0.060836005955934525 0.04714929312467575 0.023848628625273705 0.013709312304854393 0.17130416631698608 0.002481251722201705 0.00215748674236238 -0.11459171026945114 0.096453458070755 0.07500714063644409 0.07332880049943924 0.07295452058315277 -0.08320452272891998 -0.12631209194660187 0.052107423543930054 -0.12908108532428741 -0.1569925844669342 -0.07527317851781845 0.11402035504579544 -0.005089901387691498 -0.03314247727394104 0.017355557531118393 -0.04826255142688751 0.17577816545963287 0.04176046699285507 -0.05666154623031616 0.05253201723098755 -0.10053423047065735 0.03759875148534775 -0.035758987069129944 0.11535926163196564 -0.10443424433469772 -0.1493765413761139 -0.08056904375553131 -0.14935287833213806 -0.04577624052762985 -0.004624784458428621 0.02471831627190113 0.0005580277065746486 -0.02084130235016346 0.10070241987705231 0.12839312851428986 -0.1161426305770874 -0.029947424307465553 -0.1337561011314392 0.10202524065971375 0.0040914639830589294 0.0262372475117445 0.0177177544683218 0.17931139469146729 0.16120368242263794 0.054888058453798294
-0.038521815091371536 -0.02683158405125141 -0.055568233132362366 0.07269597798585892 -0.09102968871593475 0.001286572776734829 0.10447999835014343 -0.07085312902927399 0.10802354663610458 -0.07091204077005386 -0.06684514880180359 -0.13553428649902344 -0.10186155140399933 0.032185181975364685 0.03261256217956543 0.06408897787332535 -0.250135213136673 -0.033931951969861984 0.07062876224517822 -0.07028821855783463 -0.05494527146220207 -0.14907550811767578 -0.022089187055826187 0.013903510756790638 -0.09686516970396042 0.028379768133163452 -0.08910205215215683 0.007920066826045513 0.04337729513645172 -0.011711814440786839 -0.1437685489654541 0.10067873448133469 0.08084594458341599 0.10540582984685898 -0.07767543941736221 0.13929325342178345 0.13507696986198425 0.03463219478726387 -0.23058488965034485 0.0005306281382218003 0.08681583404541016 0.0819462388753891 0.07104672491550446 -0.06600961089134216 0.16481062769889832 -0.03654997795820236 -0.08128594607114792 -0.11933615803718567 -0.11666207760572433 -0.04837387055158615 0.12021663784980774 -0.06041305884718895 0.034704625606536865 -0.023878425359725952 -0.02891307696700096 0.03572964295744896 -0.12839356064796448 -0.0577504001557827 -0.26353344321250916 -0.08450601994991302 -0.14180022478103638 0.06510379910469055 0.03892497345805168 -0.04019613564014435 -0.04310964047908783 -0.1387898325920105 0.06699632108211517 0.059310343116521835 -0.08597995340824127 0.05282885953783989 -0.041410818696022034 -0.055577974766492844 0.08058229833841324 0.011365714482963085 0.11463245004415512 -0.03611297905445099 -0.05181795358657837 0.009243369102478027 0.09574055671691895 -0.004537792410701513 0.10936874896287918 -0.05684081092476845 0.04060570150613785 -0.06676941365003586 0.12450060248374939 0.3394784927368164 -0.16446378827095032 0.17569762468338013 -0.09933070838451385 0.15263672173023224 -0.02814503386616707 0.1581978052854538 -0.10619137436151505 0.08361384272575378 -0.010938861407339573 -0.15278802812099457 0.025956397876143456 -0.1323084533214569 0.021664679050445557 -0.03873622417449951
-0.0002728145627770573 0.12797608971595764 -0.005114199593663216 0.026467837393283844 0.0341799333691597 -0.07280229032039642 0.02650976926088333 -0.05141770839691162 0.17974954843521118 -0.09668409079313278 -0.15663976967334747 0.0851968303322792 0.22795243561267853 -0.10008729249238968 -0.13875511288642883 0.07603602856397629 0.1721469908952713 -0.059690915048122406 0.21443475782871246 -0.008210591040551662 0.026129968464374542 -0.12727981805801392 0.020600832998752594 0.049161214381456375 -0.017030544579029083 0.05474013462662697 -0.07975296676158905 -0.06764188408851624 0.010417832992970943 -0.021057268604636192 -0.007661622017621994 -0.08480227738618851 -0.07285836338996887 -0.039278630167245865 -0.14624664187431335 -0.11896855384111404 -0.09090211987495422 0.09033060818910599 -0.09711018949747086 -0.08985389024019241 -0.05851150304079056 0.21197658777236938 0.019132040441036224 0.11688034236431122 -0.05283820629119873 0.02149984799325466 -0.006921617779880762 0.10294661670923233 0.11149049550294876 -0.04080260545015335 -0.10275514423847198 -0.0018682798836380243 0.019347650930285454 -0.01393566932529211 -0.2096121609210968 0.02156103402376175 -0.12797310948371887 0.13716885447502136 0.08477935194969177 -0.09743370115756989 0.03746996819972992 0.08356133848428726 -0.11154256016016006 0.06328921765089035 -0.09528046101331711 -0.09888163208961487 -0.0623876191675663 0.1973101943731308 -0.011820915155112743 -0.13179264962673187 0.030893199145793915 0.16474342346191406 0.06264634430408478 -0.07324642688035965 -0.018110092729330063 -0.08558208495378494 0.10714297741651535 0.22100427746772766 0.029611552134156227 -0.0162277203053236 0.0075287893414497375 -0.20765410363674164 -0.04298468306660652 0.034009385854005814 0.024065934121608734 0.0899985134601593 0.004278998356312513 0.14232614636421204 -0.1790197193622589 -0.08112341165542603 0.0007377183064818382 0.013331826776266098 0.15116116404533386 -0.09924869984388351 -0.031120572239160538 0.16622284054756165 -0.10298602283000946 -0.07004100829362869 -0.04059671610593796 -0.1207883283495903
0.1398410052061081 -0.0652657002210617 -0.0031610464211553335 0.14366666972637177 -0.02625310979783535 -0.0052092429250478745 -0.10461535304784775 -0.04350222274661064 -0.04450494050979614 0.11450561136007309 0.0005918523529544473 -0.017453959211707115 -0.12053781747817993 0.17952515184879303 -0.17233306169509888 0.14844676852226257 -0.13488422334194183 -0.03902905434370041 -0.12738226354122162 -0.009138884022831917 0.022041186690330505 0.07011467963457108 0.11918433755636215 -0.08471403270959854 0.022693829610943794 0.14782336354255676 -0.08770523965358734 -0.007443063892424107 0.03871556371450424 -0.01482583861798048 -0.10059840977191925 -0.09978221356868744 -0.023456590250134468 -0.03938653692603111 -0.010062885470688343 0.022619741037487984 -0.02870137058198452 -0.07293647527694702 0.18239742517471313 0.015297713689506054 0.04087050259113312 0.14015047252178192 0.11061794310808182 0.04518994688987732 -0.07340124994516373 0.08555219322443008 -0.028272652998566628 0.19678857922554016 -0.1329520046710968 0.13923609256744385 0.14705704152584076 0.025220302864909172 0.014633148908615112 -0.05750869959592819 0.04123977571725845 0.0503820963203907 -0.1770322173833847 -0.037729717791080475 -0.017067955806851387 0.1977471262216568 0.04964879900217056 -0.03642002493143082 0.05122761055827141 -0.15549767017364502 -0.04798140004277229 -0.15976005792617798 -0.11172055453062057 -0.11207561939954758 -0.10218746960163116 0.17462417483329773 -0.00992001686245203 0.08317194133996964 0.010438879020512104 -0.07556357234716415 0.05802920460700989 -0.1785273402929306 0.09757931530475616 0.057804401963949203 -0.06534978002309799 0.06979815661907196 0.03641488775610924 -0.04338904842734337 0.011745398864150047 -0.2074773758649826 0.17870673537254333 -0.0228619035333395 -0.0038591939955949783 -0.019677136093378067 -0.06613624840974808 -0.14469319581985474 -0.08639559894800186 -0.0768170952796936 0.03726993873715401 -0.21606247127056122 0.21394839882850647 0.03345637768507004 -0.13317471742630005 0.11010031402111053 0.0801539421081543 -0.01694449409842491
-0.05026599019765854 -0.024827759712934494 -0.005762149579823017 0.05378945916891098 0.0610949844121933 -0.08075488358736038 -0.10068637132644653 -0.13834425806999207 -0.17055270075798035 0.053163133561611176 -0.007168992422521114 -0.021998444572091103 -0.04124121367931366 0.004606703761965036 0.09741425514221191 -0.08151782304048538 -0.11414572596549988 -0.024729589000344276 -0.060560040175914764 0.12542331218719482 0.002234123647212982 0.06919527053833008 0.01930185779929161 -0.03900158777832985 -0.2717173099517822 0.030476275831460953 0.05564922094345093 -0.04449821263551712 -0.12122319638729095 -0.13435080647468567 -0.14713428914546967 -0.0024762465618550777 0.0980437844991684 0.15450674295425415 -0.14879761636257172 -0.003605557605624199 -0.1087842509150505 0.04272805526852608 0.02806212194263935 0.17822252213954926 0.054383739829063416 0.11743041127920151 -0.1326541155576706 -0.041728753596544266 -0.0821763351559639 -0.042266596108675 0.05281796678900719 0.017789386212825775 0.05945929139852524 -0.1227870061993599 -0.12634356319904327 0.0870804414153099 -0.05065687373280525 -0.12695862352848053 -0.1175890788435936 -0.08556962013244629 0.09516678750514984 -0.11159266531467438 0.09008953720331192 0.10120097547769547 -0.05816853791475296 0.030708402395248413 0.0685729905962944 -0.05165160447359085 0.05735797807574272 -0.026374174281954765 -0.08063314855098724 0.03508280590176582 -0.08478589355945587 -0.11061009019613266 0.07502876967191696 -0.009656940586864948 -0.11228945106267929 -0.006759059149771929 0.09053723514080048 0.05116784945130348 0.0054344902746379375 0.19633688032627106 0.2700696289539337 -0.32857054471969604 0.12225686013698578 -0.16515083611011505 0.03846506401896477 0.061601534485816956 0.10126879811286926 -0.13935145735740662 0.08101391047239304 -0.0050309752114117146 0.07576296478509903 0.16051113605499268 -0.07182777673006058 0.060080431401729584 -0.08764303475618362 -0.08369345217943192 0.001698253327049315 0.046702902764081955 -0.048753246665000916 0.01708916574716568 -0.030311699956655502 0.15065908432006836
0.022936435416340828 0.005287856794893742 0.10853278636932373 -0.1288282573223114 -0.18402071297168732 -0.1335565596818924 -0.12169269472360611 0.12810178101062775 0.014400969259440899 0.036172054708004 0.04684670269489288 0.05479784682393074 0.06685525923967361 -0.05999397486448288 -0.022976789623498917 0.14871422946453094 -0.016794202849268913 -0.0523795410990715 -0.05228498950600624 0.1452934294939041 0.08963160216808319 0.06456297636032104 -0.05785638093948364 -0.056460101157426834 0.10639424622058868 0.06851550936698914 0.08792680501937866 0.02008800394833088 0.015818176791071892 -0.06662283837795258 -0.18900252878665924 0.1478080451488495 0.01434047520160675 -0.030719274654984474 -0.014217703603208065 -0.10292699187994003 0.039692122489213943 0.18459272384643555 0.061338093131780624 0.09397352486848831 0.1303461492061615 0.006572021637111902 0.06649327278137207 0.12473078072071075 0.15221863985061646 -0.028378471732139587 0.15313619375228882 -0.0676703080534935 -0.08656515181064606 -0.029396986588835716 0.09464431554079056 -0.06379017978906631 -0.07197945564985275 -0.07641077786684036 -0.11358043551445007 -0.0341874361038208 -0.10865281522274017 0.15048302710056305 -0.0160593930631876 -0.15458139777183533 0.05037147179245949 -0.016903212293982506 0.05788777768611908 -0.027582380920648575 -0.0908484160900116 0.2190619707107544 -0.12313957512378693 0.04977259039878845 -0.06735162436962128 0.035182733088731766 -0.05877508968114853 -0.051170654594898224 -0.05769933760166168 0.12401413172483444 0.06468813866376877 -0.05023019015789032 0.06918954849243164 -0.045405175536870956 -0.17812803387641907 -0.211722269654274 -0.03395238146185875 0.024136139079928398 0.017614813521504402 -0.04269253462553024 -0.13246595859527588 -0.05624419078230858 -0.16983677446842194 0.17757965624332428 0.023522695526480675 0.0036000392865389585 -0.25799673795700073 -0.1989220678806305 0.023212170228362083 -0.023310061544179916 -0.03375525027513504 -0.0877389907836914 0.05035576969385147 -0.0320228710770607 -0.21923765540122986 0.0986819863319397
-0.07400284707546234 0.0818880945444107 -0.11201230436563492 -0.04643780738115311 -0.01780572533607483 0.18195022642612457 -0.019586846232414246 -0.08749964833259583 -0.13809531927108765 -0.06813357770442963 0.17747263610363007 -0.006981610786169767 -0.035523422062397 -0.08343227952718735 0.11526807397603989 0.04132504388689995 -0.07243190705776215 -0.005776300095021725 0.06264887750148773 -0.04715404286980629 0.1422802060842514 0.053318090736866 0.04016823694109917 -0.16526351869106293 0.011522455140948296 -0.014733556658029556 -0.08069117367267609 -0.12544958293437958 0.05119385942816734 -0.1209043338894844 0.012852564454078674 -0.09806214272975922 0.06772959232330322 -0.05298502370715141 0.17655862867832184 -0.032688990235328674 0.14726752042770386 0.0013534161262214184 -0.017281614243984222 0.04233095794916153 0.28194838762283325 0.023117147386074066 -0.09021815657615662 -0.0832691639661789 0.12404194474220276 -0.07642994821071625 -0.06364026665687561 -0.006045626476407051 -0.022088931873440742 0.04707048460841179 -0.2064749300479889 0.0647699236869812 -0.05431796982884407 -0.03372738137841225 -0.0169877577573061 0.04905781149864197 0.18801730871200562 0.2211361825466156 -0.006107051391154528 -0.11122427880764008 0.055746953934431076 -0.058367036283016205 -0.041690725833177567 0.05785589665174484 0.11839299649000168 0.22709494829177856 -0.13223861157894135 0.02156268060207367 0.07427563518285751 0.036663562059402466 0.07826725393533707 0.11143381893634796 0.05948745086789131 -0.02483898587524891 0.07503373175859451 -0.226248636841774 -0.021117394790053368 0.07562724500894547 0.10811809450387955 -0.016957124695181847 0.08494807034730911 0.022398600354790688 0.048046037554740906 -0.17370794713497162 -0.07064195722341537 0.14691601693630219 0.013751190155744553 -0.11582131683826447 -0.07188001275062561 -0.09627727419137955 -0.037936292588710785 -0.05892883241176605 0.012499706819653511 -0.042047902941703796 0.10629136115312576 0.0922115296125412 0.02736266329884529 -0.14550718665122986 0.2062474489212036 -0.13318485021591187
-0.015889624133706093 0.10624141246080399 0.007407265715301037 -0.033801738172769547 0.010886719450354576 0.032955024391412735 -0.07483439147472382 0.000681463978253305 0.12438500672578812 -0.10242816805839539 -0.13121485710144043 -0.12873505055904388 -0.0940399318933487 -0.08627227693796158 -0.07296865433454514 -0.0978097915649414 -0.15256889164447784 -0.03164059668779373 -0.002300489693880081 0.008773060515522957 -0.07869768142700195 -0.05850943550467491 -0.08926873654127121 0.049962591379880905 0.11430393159389496 -0.05915691703557968 -0.01137279812246561 -0.2091519981622696 0.09264279901981354 -0.09370128810405731 0.06882215291261673 -0.11332526057958603 0.09349435567855835 0.08683382719755173 0.0040552266873419285 0.13714903593063354 -0.12124788761138916 -0.010447032749652863 0.006423473823815584 -0.07515452802181244 -0.016704577952623367 0.0540301613509655 0.1506061851978302 -0.07680115103721619 0.11284524202346802 0.008342691697180271 0.08748406916856766 0.06639787554740906 -0.12555067241191864 0.040336962789297104 -0.03219565004110336 0.024144425988197327 0.191834956407547 -0.011815771460533142 0.03639107942581177 -0.17603085935115814 0.08321560174226761 0.14586445689201355 -0.25146710872650146 0.028615690767765045 -0.13012324273586273 -0.0794297382235527 0.19377245008945465 -0.015837525948882103 0.011519292369484901 0.025611860677599907 -0.05429553985595703 0.08624612540006638 0.05288369208574295 0.011530112475156784 0.0702086091041565 0.05029391869902611 -0.08614534884691238 0.07060589641332626 -0.09237828850746155 -0.14228397607803345 -0.1240387111902237 0.07148195058107376 0.06632492691278458 0.1590549498796463 0.039223626255989075 -0.04385346919298172 0.038398221135139465 0.12551191449165344 -0.1207343339920044 -0.3526473641395569 -0.10733021795749664 -0.07386711984872818 0.08794987946748734 -0.0765337273478508 -0.07230325788259506 0.057713259011507034 0.13943371176719666 -0.03248196840286255 -0.08633608371019363 -0.019319167360663414 -0.19753971695899963 -0.04595543444156647 -0.09359131008386612 0.07735444605350494
0.061778515577316284 -0.00466533238068223 0.02888127975165844 0.17479225993156433 0.028625134378671646 -0.028991397470235825 0.028393302112817764 0.07055245339870453 -0.06950034201145172 0.0454157292842865 0.06115745007991791 -0.16309776902198792 0.0567774660885334 0.09823834896087646 -0.05558478459715843 0.014910202473402023 0.0176392775028944 -0.00396475475281477 0.08782988786697388 -0.17542187869548798 0.009918397292494774 -0.01995709352195263 -0.005982933100312948 0.0658421739935875 0.012401243671774864 0.16273871064186096 -0.1422007828950882 -0.035629503428936005 0.027142096310853958 0.07420214265584946 -0.12171689420938492 -0.020427629351615906 -0.011902025900781155 0.011365064419806004 0.030075453221797943 -0.020080050453543663 -0.022528870031237602 -0.05672580748796463 0.07768114656209946 -0.07800538837909698 -0.04827539622783661 -0.15150173008441925 -0.17062512040138245 -0.06703898310661316 0.14035768806934357 0.13806968927383423 -0.16434994339942932 -0.2070246934890747 -0.20313556492328644 -0.2397828847169876 -0.02082456275820732 -0.109004907310009 -0.18809360265731812 -0.05842072144150734 -0.07470880448818207 0.0537363737821579 -0.009369258768856525 -0.05815993994474411 -0.1325615793466568 0.05337982624769211 0.1074657291173935 0.004441414959728718 0.04299042001366615 -0.01689237914979458 -0.05929509550333023 0.004135340917855501 -0.007332377601414919 -0.03705857694149017 -0.10437420755624771 -0.2609970271587372 0.18285121023654938 0.16270430386066437 -0.06750853359699249 0.04188191145658493 0.06188498064875603 0.0054155075922608376 -0.23438763618469238 0.0815478041768074 -0.1356840878725052 0.015277362428605556 -0.23540101945400238 -0.03690526634454727 0.04291447252035141 -0.03342028707265854 -0.10339521616697311 -0.053372323513031006 0.10851677507162094 0.01939188688993454 0.09789259731769562 0.08822523802518845 -0.0732843205332756 -0.10414919257164001 0.08985442668199539 0.02073586732149124 -0.06607621163129807 0.15392857789993286 -0.08757273852825165 -0.04848232865333557 0.09271357953548431 0.03572916239500046
-0.09172021597623825 0.05294756218791008 0.10506165027618408 0.10971281677484512 0.23956899344921112 -0.04520764574408531 -0.1663995385169983 0.037819232791662216 -0.14444734156131744 -0.030208291485905647 -0.03335435315966606 0.060259539633989334 -0.057681769132614136 -0.06637337803840637 0.030815033242106438 -0.07354748994112015 -0.056989721953868866 0.11924462020397186 0.11945106089115143 0.08925677835941315 0.24357666075229645 -0.014795125462114811 0.04942048341035843 -0.03669799119234085 -0.12338930368423462 -0.023247020319104195 -0.08834075927734375 0.20269806683063507 0.09798702597618103 -0.12760183215141296 -0.009686731733381748 -0.10353375971317291 -0.11794015020132065 0.05936899036169052 0.04030407592654228 -0.16136381030082703 -0.0426233746111393 0.23147699236869812 0.02453659288585186 -0.17551694810390472 -0.046866897493600845 -0.14108772575855255 0.1622769981622696 -0.10668934881687164 0.18982872366905212 0.09481322765350342 -0.047149721533060074 -0.14193546772003174 0.08244460076093674 0.10390175133943558 0.03882654756307602 -0.09326665103435516 0.12095619738101959 0.11545215547084808 -0.021359404549002647 -0.07780452072620392 0.0728658139705658 -0.14040511846542358 -0.07844410836696625 0.07420668005943298 0.01226070150732994 0.07189557701349258 -0.06652671098709106 0.11535000801086426 0.00998781993985176 -0.03447907418012619 -0.027722617611289024 -0.0934053286910057 -0.03190986067056656 -0.017421217635273933 -0.10315170884132385 -0.06942475587129593 0.10416734963655472 -0.2069752961397171 0.07084698230028152 -0.0778433308005333 -0.05446223169565201 0.023318929597735405 0.12150315940380096 0.04166285693645477 -0.007029316853731871 -0.08065267652273178 -0.04439329728484154 -0.09935981035232544 -0.07351625710725784 -0.015172080136835575 -0.15623266994953156 0.04114776849746704 -0.07366282492876053 -0.026979604735970497 -0.014063234440982342 -0.11455467343330383 0.05127570405602455 -0.022559121251106262 -0.07136091589927673 -0.019968077540397644 0.07143469899892807 0.211216539144516 -0.031289178878068924 0.0987759679555893
0.03963509574532509 -0.0352204293012619 -0.007985307835042477 -0.005859691649675369 0.12598837912082672 -0.029993681237101555 -0.09450386464595795 0.004480896983295679 0.1647515892982483 0.14199775457382202 0.11584272980690002 -0.01586904190480709 0.07581470161676407 -0.06925249844789505 -0.13173532485961914 0.01094370149075985 -0.11761628836393356 0.11117923259735107 0.031742993742227554 -0.11792494356632233 0.0856260433793068 0.0032400027848780155 -0.11571932584047318 -0.06266604363918304 -0.02933506667613983 0.0020481955725699663 0.08460023999214172 0.059613775461912155 0.10142921656370163 0.08744186908006668 -0.23282307386398315 -0.018419483676552773 -0.09194891899824142 -0.045843854546546936 -0.016940563917160034 0.07958090305328369 -0.08089416474103928 0.12223561108112335 -0.1963616907596588 0.079438216984272 -0.059777624905109406 -0.015336262062191963 0.1263580471277237 0.058410536497831345 -0.03991754353046417 0.08965461701154709 -0.10834658145904541 -0.075035959482193 -0.049954090267419815 0.11638549715280533 -0.14069072902202606 0.09825919568538666 -0.07369440048933029 0.04499753937125206 0.017554016783833504 0.014284138567745686 -0.08211423456668854 0.05727851018309593 -0.08307166397571564 0.10351156443357468 -0.1848059594631195 0.02414872497320175 0.02741182968020439 0.09050299972295761 0.07035786658525467 0.2899726331233978 0.19114886224269867 -0.055202290415763855 0.04856066778302193 0.03846803680062294 0.004001643508672714 0.04460467770695686 -0.055085305124521255 -0.0588100329041481 -0.08494609594345093 -0.12340552359819412 0.1343594640493393 0.08352182805538177 -0.020574957132339478 -0.0046119545586407185 -0.00618774676695466 -0.09075086563825607 -0.07499270141124725 0.06212915852665901 0.15726052224636078 0.048852190375328064 0.18398869037628174 -0.017784079536795616 0.3407285809516907 0.013958845287561417 0.17815962433815002 -0.07691551744937897 0.021253133192658424 -0.08534350991249084 0.08369028568267822 -0.027416327968239784 0.13078221678733826 -0.12400349974632263 -0.05990869924426079 0.025066819041967392
0.14121459424495697 0.1287737339735031 0.14726464450359344 -0.08270802348852158 -0.03116750717163086 0.10540845990180969 0.06709844619035721 -0.020228179171681404 -0.006558975670486689 -0.15897364914417267 0.14112471044063568 -0.05148416757583618 -0.0561242550611496 -0.018936200067400932 0.2703720033168793 0.1529574692249298 0.008677289821207523 0.055031031370162964 -0.08594200015068054 -0.20512539148330688 0.019091133028268814 -0.021941279992461205 -0.05535086616873741 0.0794604942202568 0.04224441573023796 0.0276473518460989 -0.06205575168132782 0.05832915008068085 0.0900961384177208 -0.010481912642717361 -0.02979329228401184 0.1290888488292694 -0.03800195828080177 0.1769239753484726 -0.2643190920352936 0.021400833502411842 -0.06683367490768433 0.08520472049713135 0.12134885787963867 0.03356604278087616 0.1460188329219818 -0.12420053780078888 0.05255651846528053 -0.04095360264182091 -0.0895795151591301 0.02125266008079052 -0.06678836047649384 -0.058235496282577515 -0.0012033588718622923 0.191173255443573 -0.041400760412216187 -0.008577714674174786 0.07863196730613708 0.1383739560842514 -0.05745664983987808 0.06050705537199974 -0.13216447830200195 -0.00893960241228342 0.11744769662618637 -0.10285072028636932 0.010254736989736557 0.032722026109695435 -0.08147924393415451 -0.13365541398525238 0.05186602473258972 0.021315094083547592 0.07494701445102692 0.10070407390594482 0.025736231356859207 -0.01881382428109646 0.033624470233917236 0.09352190047502518 -0.04154259338974953 0.06576741486787796 -0.020738037303090096 0.07776354253292084 -0.11626837402582169 0.028001155704259872 0.09672853350639343 -0.05404506251215935 0.02307022735476494 0.07887925207614899 -0.08622054755687714 -0.15691059827804565 0.09594806283712387 -0.1718340516090393 -0.010313383303582668 0.13297390937805176 -0.06587042659521103 -0.14969074726104736 0.27288585901260376 -0.0919211357831955 -0.028090720996260643 -0.0033093206584453583 -0.018403569236397743 -0.0023479764349758625 -0.19834227859973907 -0.05461772903800011 0.014612242579460144 0.16651956737041473
-0.16632896661758423 -0.009200838394463062 -0.24942418932914734 0.16515061259269714 0.050849199295043945 0.06507924944162369 0.18204627931118011 -0.060007624328136444 0.053106047213077545 0.022637242451310158 -0.03988167643547058 0.12956355512142181 0.05187496542930603 -0.09204483032226562 -0.015532252378761768 -0.04991884529590607 0.05797727778553963 0.08746065199375153 0.06477635353803635 -0.12430384755134583 0.023868151009082794 -0.011655452661216259 0.21305732429027557 0.2055724710226059 0.04978322982788086 0.09535924345254898 -0.0743010863661766 0.17340967059135437 -0.07337908446788788 0.05904994532465935 -0.12324496358633041 0.030739635229110718 -0.026249194517731667 0.19381968677043915 -0.04110225662589073 0.1401718407869339 0.07966446131467819 -0.07066365331411362 0.024441435933113098 -0.14109937846660614 0.08987841010093689 0.047571051865816116 -0.04845817759633064 0.06735613197088242 -0.08526688814163208 -0.035049762576818466 0.0323081873357296 0.004742446821182966 -0.08604605495929718 0.20313741266727448 0.04681849479675293 -0.021410679444670677 0.08330557495355606 0.05674303323030472 0.07032322138547897 0.003573158523067832 0.013110604137182236 0.08573239296674728 0.05800430104136467 0.093630351126194 0.09253174811601639 0.11639221757650375 0.1566631942987442 0.0044587659649550915 0.03758004307746887 0.1222049742937088 0.012933737598359585 -0.005947744473814964 -0.12516801059246063 0.10154665261507034 0.09061461687088013 0.0014734365977346897 0.04753310605883598 -0.16621935367584229 -0.055378373712301254 -0.011815415695309639 -0.08261622488498688 0.0008364279638044536 -0.011144818738102913 -0.22592388093471527 0.016531160101294518 0.0845390260219574 0.047432590276002884 0.09026285260915756 -0.2828393578529358 -0.05017414689064026 -0.05526103079319 0.06383049488067627 0.07788439840078354 -0.05814412236213684 -0.09712972491979599 0.06495480239391327 -0.09692907333374023 0.011731418780982494 0.19695977866649628 0.09157593548297882 0.023989778012037277 -0.020796069875359535 -0.1745554357767105 0.028926163911819458
0.1132887601852417 0.2057284116744995 0.012593556195497513 0.03558165580034256 0.21045084297657013 0.12040653824806213 -0.09410388767719269 -0.06674613803625107 -0.11380255967378616 0.057066962122917175 0.041700951755046844 0.1499294638633728 0.1390361338853836 0.1558608114719391 -0.08649660646915436 0.05287271365523338 0.071144238114357 -0.12987808883190155 0.013812633231282234 -0.2021176666021347 -0.057984963059425354 -0.10844359546899796 -0.08372022956609726 0.08594093471765518 0.06334628909826279 -0.06478612869977951 0.11674224585294724 0.005947723984718323 0.13034352660179138 -0.08493836969137192 0.06489653140306473 -0.06215430423617363 -0.040687378495931625 0.07721857726573944 -0.04658703878521919 -0.0787949338555336 0.008890949189662933 0.10447295755147934 0.0738467276096344 0.021414492279291153 0.021264061331748962 -0.01761793904006481 0.047163404524326324 -0.17563888430595398 -0.2392829954624176 0.14860054850578308 0.20841610431671143 0.10156013816595078 0.1144055426120758 -0.12861089408397675 0.03252796456217766 0.004166239872574806 0.04514050483703613 0.07191850244998932 -0.059736307710409164 -0.057277437299489975 -0.024813305586576462 -0.03847662732005119 -0.2277946174144745 -0.16860467195510864 -0.0022796003613620996 0.10720618069171906 -0.01724432222545147 -0.0349583774805069 -0.0409373939037323 0.06056986376643181 -0.0669812485575676 -0.14588509500026703 -0.10157497972249985 0.08428986370563507 -0.11293891072273254 0.07294603437185287 -0.1290024369955063 0.05046115815639496 0.057240553200244904 0.010204041376709938 -0.10527622699737549 -0.05233164131641388 0.05958186089992523 -0.009069742634892464 -0.008018478751182556 0.13806648552417755 0.03919260948896408 0.05337453633546829 0.06700389832258224 0.1498698741197586 -0.06129193305969238 -0.10104415565729141 0.11690875887870789 0.036902375519275665 -0.19190643727779388 0.05154502019286156 -0.15504172444343567 0.015835147351026535 0.06519848853349686 0.10122056305408478 0.05918140709400177 -0.14790165424346924 -0.014206440187990665 -0.01959168165922165
0.091950424015522 0.075470931828022 0.03225615248084068 -0.0469566211104393 -0.23089395463466644 0.007754812017083168 0.050169575959444046 0.2058539241552353 -0.08277278393507004 0.02214040607213974 -0.07066385447978973 0.08616608381271362 0.05635632947087288 -0.010259004309773445 -0.1802375763654709 0.015436031855642796 -0.025744926184415817 0.026487773284316063 0.10145121067762375 0.03554923087358475 -0.003514152718707919 -0.0043565514497458935 0.19871625304222107 0.02663847804069519 -0.15158869326114655 -0.11596324294805527 0.03907591104507446 -0.005528185982257128 0.15599305927753448 -0.016353296115994453 -0.17513880133628845 -0.19978617131710052 -0.15490403771400452 0.1726708561182022 -0.022515730932354927 0.10248195379972458 -0.0427667461335659 0.016594018787145615 0.21102268993854523 0.17581649124622345 -0.053851693868637085 0.05131994187831879 -0.06302255392074585 -0.04379080981016159 0.12232312560081482 0.005659164860844612 0.1475488394498825 -0.08169487118721008 -0.04119006171822548 0.0688147321343422 0.11976425349712372 0.1947200894355774 0.0831226110458374 0.029491033405065536 0.029199929907917976 0.03264165297150612 0.061671093106269836 0.1518424153327942 0.09020619094371796 0.01563677005469799 0.037909772247076035 -0.061363160610198975 -0.19773872196674347 0.003490289906039834 0.11625660210847855 0.03231857344508171 0.021116256713867188 -0.08148936927318573 -0.2545665502548218 -0.055211156606674194 0.06763634085655212 -0.031970128417015076 0.009146698750555515 0.043375369161367416 0.010473215952515602 -0.06250650435686111 -0.07754872739315033 0.028383798897266388 -0.08035087585449219 0.029431773349642754 0.07983007282018661 0.04108864814043045 -0.023310722783207893 -0.03455960750579834 0.01949646882712841 0.05433185398578644 0.03478604555130005 -0.04901694133877754 0.04634319990873337 0.040667593479156494 0.16106030344963074 0.19898080825805664 -0.02509085088968277 0.06264302879571915 -0.27172133326530457 -0.031681519001722336 -0.0011709508253261447 0.002998658223077655 0.005754753947257996 -0.1278473287820816
-0.02263498120009899 -0.1523776352405548 0.028326749801635742 0.15396061539649963 0.038612060248851776 0.09417907148599625 -0.056009043008089066 0.008107874542474747 0.05099811777472496 0.056421395391225815 -0.03189641237258911 -0.18331576883792877 -0.14135819673538208 0.08773176372051239 -0.03298827260732651 0.03187353536486626 0.004429975524544716 -0.02588111162185669 -0.13893264532089233 -0.014635036699473858 -0.04993557184934616 -0.10100821405649185 -0.010877460241317749 -0.07375149428844452 0.01809682510793209 0.013366574421525002 0.10436348617076874 0.003621697425842285 -0.23425063490867615 -0.09670070558786392 0.0024015791714191437 -0.1523061841726303 -0.05463550612330437 -0.0887768566608429 -0.009447802789509296 0.0130113260820508 0.07253372669219971 0.049878958612680435 -0.03689723089337349 0.11007825285196304 0.10644350200891495 -0.07616027444601059 0.06134426221251488 0.009299674071371555 -0.042298730462789536 0.020377127453684807 0.11624757200479507 0.05121885985136032 0.20370955765247345 0.20145414769649506 0.15595664083957672 0.04781370237469673 -0.03519667312502861 -0.02321314997971058 0.09966231882572174 0.024324974045157433 0.011935926042497158 -0.1179390698671341 0.11298668384552002 -0.15560288727283478 -0.034935545176267624 0.012420784682035446 0.10875216871500015 -0.028745455667376518 -0.07804818451404572 0.024341169744729996 0.016112180426716805 -0.05157129839062691 -0.08333486318588257 -0.1459301859140396 0.0400681309401989 0.047625582665205 -0.005392254795879126 -0.011706775054335594 -0.10330962389707565 -0.1955813467502594 0.08322544395923615 0.04389868304133415 0.16512766480445862 -0.023163210600614548 -0.21370956301689148 0.06643234193325043 -0.07669901102781296 -0.09516303241252899 -0.20793770253658295 0.12171623855829239 0.054363127797842026 0.13594476878643036 0.02430487610399723 -0.019416626542806625 0.02837328426539898 0.1187087744474411 0.2461484968662262 0.17039981484413147 -0.1952381432056427 0.1404975950717926 0.012888039462268353 -0.1581515669822693 -0.02937934547662735 0.10779722034931183
-0.019591594114899635 0.10749995708465576 -0.03534198924899101 -0.07035749405622482 -0.04345204308629036 -0.1732572317123413 -0.031939547508955 -0.11070851236581802 0.025668879970908165 0.1272609829902649 -0.1323709934949875 -0.12114046514034271 -0.018100658431649208 0.03441106528043747 0.00724358856678009 -0.06776772439479828 -0.0959848091006279 0.02387876808643341 -0.022388603538274765 0.14434514939785004 0.12913456559181213 0.08254466205835342 0.10704236477613449 -0.024991223588585854 0.015259922482073307 0.06965631991624832 0.039738669991493225 -0.022641031071543694 0.011619090102612972 -0.2107856273651123 0.0864957943558693 0.01924191787838936 0.0034123538061976433 -0.06465629488229752 -0.055547215044498444 0.06166207790374756 0.3101917505264282 0.017574841156601906 -0.1370469480752945 0.03827633708715439 -0.12539324164390564 0.03778614103794098 -0.004091331269592047 -0.02064269408583641 0.1317630261182785 0.19313423335552216 -0.18337887525558472 0.11291874200105667 0.007173803169280291 -0.07260315120220184 0.01871563494205475 0.1565248817205429 0.09800037741661072 0.0407336987555027 -0.20649585127830505 0.06453675776720047 -0.03278777375817299 -0.010984956286847591 0.17162255942821503 0.037804100662469864 0.08897768706083298 0.15021827816963196 -0.09175053238868713 -0.13439799845218658 -0.05549607425928116 0.12211112678050995 0.11145815998315811 0.06993062049150467 -0.12515601515769958 0.06688158959150314 0.0137253412976861 0.08470337092876434 -0.15840964019298553 0.007828774861991405 -0.0468096025288105 -0.015194498002529144 -0.07951213419437408 -0.07734259217977524 0.1002412959933281 0.17360422015190125 -0.08392681181430817 0.23415455222129822 0.15032321214675903 0.1732611209154129 -0.05173049122095108 0.05924119055271149 -0.01742342673242092 -0.014614569954574108 0.014425942674279213 -0.050568729639053345 0.1035337895154953 -0.12045115977525711 -0.13681739568710327 -0.006732090841978788 0.0013845699140802026 0.08450142294168472 -0.08202117681503296 0.014622681774199009 -0.047528158873319626 0.06516643613576889
0.10345611721277237 0.004340186715126038 -0.03496135026216507 0.16976295411586761 -0.13960276544094086 -0.07018724083900452 0.03520243614912033 -0.06602109968662262 -0.2425127774477005 -0.025225898250937462 -0.05807267874479294 0.08758053928613663 -0.09854520857334137 -0.009166710078716278 0.032955046743154526 -0.024847593158483505 0.14862652122974396 -0.030842509120702744 0.08756057173013687 0.18014369904994965 -0.008421598933637142 -0.09205280244350433 -0.00424743490293622 -0.10267019271850586 0.15658259391784668 0.08073749393224716 0.11054206639528275 -0.18312804400920868 -0.09351911395788193 0.16903017461299896 0.06400218605995178 -0.0342196561396122 -0.0889047235250473 -0.01580844819545746 -0.08192803710699081 -0.03009340912103653 -0.01898599974811077 -0.027501290664076805 -0.047366913408041 -0.17268894612789154 -0.06943213939666748 0.048814669251441956 -0.007855401374399662 -0.11930233985185623 -0.07095048576593399 0.059270162135362625 0.008964402601122856 -0.052500173449516296 -0.057610634714365005 0.009440433233976364 -0.010669181123375893 0.17795899510383606 0.010649661533534527 0.16071844100952148 -0.1044711172580719 0.018474584445357323 -0.027479251846671104 0.0968349501490593 -0.051991987973451614 0.16174139082431793 -0.10407201945781708 -0.038717690855264664 0.1754346489906311 -0.07796647399663925 0.09458427131175995 0.094235859811306 0.13984131813049316 0.04102436825633049 0.04563050717115402 0.09551408886909485 -0.0016583878314122558 0.04239816963672638 0.0762815847992897 0.0018969678785651922 0.014929601922631264 0.09624284505844116 0.033235155045986176 -0.04176437854766846 -0.046233661472797394 -0.025232087820768356 0.08522812277078629 -0.17967736721038818 0.10545875877141953 -0.22506441175937653 0.01958531141281128 0.07946686446666718 -0.04390328750014305 0.01727117784321308 0.014529196545481682 -0.13412033021450043 -0.042506035417318344 -0.0679224506020546 -0.099910669028759 0.11693630367517471 -0.236685112118721 0.12019286304712296 0.15566986799240112 -0.10731015354394913 0.03912501409649849 0.2528124451637268
-0.15194691717624664 -0.2294117659330368 -0.06582014262676239 0.029507173225283623 -0.05030375346541405 0.16412141919136047 -0.04563535749912262 0.002531912876293063 -0.09576394408941269 -0.02468959614634514 0.12064090371131897 -0.011371422559022903 -0.020850656554102898 0.11422187089920044 -0.1466146856546402 0.0607324093580246 0.06917905807495117 0.14734157919883728 0.1651867777109146 -0.0013107691192999482 0.02069731242954731 -0.11726824939250946 -0.11929671466350555 -0.1202460452914238 -0.1415652334690094 0.09975558519363403 0.10083930194377899 0.012215212918817997 0.04645645245909691 -0.13919532299041748 0.030618583783507347 0.04309852048754692 -0.02708921581506729 0.013362585566937923 -0.17376497387886047 0.055130574852228165 -0.15318338572978973 -0.011243805289268494 0.006164839956909418 0.027723874896764755 0.02491077221930027 -0.03888625279068947 -0.13629063963890076 0.09205839037895203 0.05213162675499916 -0.1818445771932602 0.00921912956982851 0.24014616012573242 -0.08227597177028656 0.011036230251193047 -0.05572497472167015 0.005410740152001381 -0.016493137925863266 0.043358948081731796 0.0402146615087986 -0.1800280511379242 -0.009391588158905506 -0.08435263484716415 0.07024470716714859 0.014159487560391426 0.03052242286503315 0.02713961713016033 0.035807397216558456 0.18464983999729156 -0.2222224324941635 0.10103006660938263 0.13397084176540375 0.04920750856399536 -0.1574500948190689 -0.035688504576683044 -0.04224960133433342 0.18671056628227234 -0.1683143675327301 -0.03452705591917038 0.03341108188033104 0.028660163283348083 -0.13655635714530945 -0.04810188710689545 -0.053193349391222 0.19594955444335938 0.07825979590415955 -0.06229127570986748 -0.03173498064279556 0.021281998604536057 0.009982537478208542 -0.04450654610991478 -0.031123017892241478 -0.029364686459302902 -0.1574869155883789 -0.1453946977853775 -0.03852440044283867 -0.09509428590536118 -0.10431592911481857 0.1497408002614975 0.017276305705308914 -0.1916426122188568 0.06345497816801071 -0.057635657489299774 -0.01665753312408924 -0.011339422315359116
-0.0009320177487097681 -0.18029403686523438 -0.2426455020904541 -0.08921287953853607 0.03698527067899704 -0.09002599120140076 -0.054414622485637665 0.164605975151062 -0.016691431403160095 -0.07560311257839203 0.1510114073753357 0.059408556669950485 0.05859751254320145 0.04415155202150345 0.06315750628709793 -0.1701926440000534 0.05761070176959038 0.023367056623101234 0.08546608686447144 -0.11456616967916489 0.0818236768245697 0.09596671909093857 -0.049859315156936646 -0.029164975509047508 0.19449760019779205 0.04251967370510101 -0.017996523529291153 -0.007401740178465843 -0.0685807392001152 -0.12174482643604279 0.017212800681591034 -0.058644767850637436 -0.18890702724456787 0.07429610192775726 0.04030156135559082 0.12932534515857697 -0.11422760039567947 -0.0801938995718956 -0.07437814772129059 0.08426052331924438 -0.038988251239061356 0.012769157066941261 0.06526066362857819 0.11033760756254196 0.007124312222003937 0.027974331751465797 -0.01740920916199684 0.0007044855155982077 -0.14107449352741241 -0.19201119244098663 -0.02345900423824787 0.041345033794641495 0.12356635183095932 -0.12948612868785858 -0.027619967237114906 -0.009499412961304188 -0.03179550915956497 -0.0904613733291626 -0.005400201305747032 -0.20620526373386383 -0.1451302468776703 0.05243878439068794 0.032611362636089325 -0.04922550916671753 0.3352069556713104 -0.1380017250776291 -0.15949293971061707 -0.026571910828351974 -0.07491983473300934 0.1348152756690979 -0.06716974079608917 0.05179718881845474 -0.1580512672662735 -0.012957260943949223 0.047102682292461395 -0.04117552563548088 -0.08123542368412018 -0.09885169565677643 0.026530200615525246 -0.08498093485832214 0.011964119039475918 0.0005146045587025583 0.047043077647686005 0.024004202336072922 0.07874003052711487 0.07784377038478851 0.045512840151786804 0.13546258211135864 -0.09720522165298462 -0.126565620303154 0.09611553698778152 -0.02079099602997303 0.2008151113986969 0.07956966012716293 -0.029485559090971947 0.09668193757534027 0.08298462629318237 0.14352145791053772 -0.03318701311945915 0.060518600046634674
-0.018322531133890152 0.04327992722392082 -0.020715469494462013 -0.08708833158016205 0.005895951762795448 -0.055097486823797226 -0.01991070620715618 0.10469616204500198 -0.17820440232753754 -0.015833089128136635 0.03011186607182026 -0.059426505118608475 -0.16886600852012634 -0.11856575310230255 0.13647037744522095 0.051376353949308395 -0.08484221994876862 -0.18996042013168335 0.20349854230880737 -0.010516718029975891 -0.06469670683145523 0.03720440715551376 -0.026172781363129616 -0.16572682559490204 -0.07497533410787582 -0.029601361602544785 -0.10320107638835907 0.05988585948944092 -0.06068938970565796 -0.024932246655225754 -0.009455435909330845 0.11076211929321289 -0.2239205688238144 0.034926433116197586 -0.07190623134374619 -0.055837854743003845 -0.21737363934516907 -0.0907670184969902 0.09641671180725098 0.004459494259208441 -0.05421532690525055 0.24371764063835144 0.12940697371959686 -0.04541504755616188 0.022847650572657585 -0.0011091949418187141 -0.09969567507505417 0.02910950593650341 0.10189542919397354 0.06561853736639023 0.12459219992160797 0.08175842463970184 -0.10440731048583984 -0.08389691263437271 0.08634647727012634 -0.1244547888636589 -0.00896420981734991 0.1309051811695099 -0.13766205310821533 -0.048587411642074585 -0.04393230006098747 0.12672372162342072 -0.012235128320753574 -0.020007086917757988 -0.04369039461016655 0.026298973709344864 0.11396630108356476 0.05481364205479622 -0.01777835004031658 0.020968176424503326 -0.011648067273199558 -0.026064207777380943 0.03839723765850067 -0.04702669009566307 -0.06944236159324646 0.1681051254272461 0.03589608892798424 -0.08047351241111755 0.09600596874952316 0.007690856233239174 -0.33803460001945496 0.046979449689388275 0.22120173275470734 -0.06798993796110153 -0.07630492001771927 -0.05682680010795593 0.14952817559242249 -0.012797451578080654 0.003690436715260148 0.02371104620397091 -0.011733963154256344 -0.01790783740580082 -0.024184538051486015 0.034380003809928894 0.13863973319530487 0.03580955043435097 -0.010461387224495411 -0.06337502598762512 -0.08839291334152222 -0.2378411591053009
0.04672013968229294 0.04159694164991379 0.10621996223926544 0.08226186037063599 0.1777087152004242 0.005075604654848576 0.21963909268379211 0.10940223932266235 0.1090078055858612 0.07407486438751221 -0.002298208186402917 0.036970898509025574 -0.06524667888879776 0.010518193244934082 0.05358978360891342 0.04652683064341545 0.033088162541389465 -0.02516181394457817 0.01699686050415039 0.14138163626194 -0.05229805037379265 0.12305552512407303 -0.001743932836689055 0.09030187129974365 -0.015115288086235523 0.023022791370749474 0.007456000428646803 0.16907458007335663 -0.18822820484638214 0.01728094182908535 0.09696242958307266 0.0643313080072403 -0.12847374379634857 -0.15080107748508453 -0.13210421800613403 -0.050411392003297806 -0.05060989782214165 -0.016862589865922928 -0.09399819374084473 0.1552710235118866 -0.00886126421391964 -0.06777314096689224 0.21415644884109497 -0.15271703898906708 0.02339128591120243 -0.032163720577955246 0.11246852576732635 0.06884496659040451 -0.12716630101203918 -0.09305813908576965 -0.19623202085494995 -0.005489181261509657 -0.12406308203935623 -0.009351509623229504 0.06765051931142807 -0.001208317931741476 -0.027935637161135674 0.10955539345741272 0.037588365375995636 -0.043791815638542175 0.11938968300819397 -0.1547834724187851 0.023475248366594315 -0.0033561920281499624 -0.0775265097618103 0.02036096155643463 0.02337833121418953 0.08384840190410614 -0.06243380904197693 0.1225128248333931 0.09712632745504379 -0.01606699265539646 -0.036528024822473526 0.027492232620716095 0.08603047579526901 -0.22139981389045715 -0.22503240406513214 -0.005848576780408621 0.03470781072974205 0.10221469402313232 0.1876009851694107 -0.10398271679878235 0.0872693806886673 -0.18236827850341797 -0.001811573631130159 0.026729244738817215 -0.017055165022611618 -0.08177520334720612 0.024744788184762 0.1901196390390396 0.09766490012407303 0.024691982194781303 -0.01763385348021984 0.11875234544277191 0.07079457491636276 0.14307618141174316 -0.013686933554708958 0.1373475044965744 -0.19785700738430023 -0.04669729620218277
0.12160015106201172 -0.03652693331241608 -0.16483812034130096 -0.04851230978965759 0.0035411184653639793 0.009822698310017586 -0.0037710419856011868 0.19037464261054993 0.08113066107034683 -0.02922600507736206 0.004236728418618441 0.13997885584831238 -0.11935562640428543 0.05865783989429474 0.03713252767920494 0.13731953501701355 0.08021151274442673 0.11035270243883133 0.16661511361598969 -0.015316453762352467 0.05662012845277786 -0.012330412864685059 0.08675209432840347 0.07163365185260773 -0.22685514390468597 0.10081784427165985 0.07488860189914703 -0.10962776839733124 0.08068997412919998 -0.06255252659320831 -0.08020438253879547 0.03408382087945938 0.2667695879936218 -0.00853278674185276 -0.10076288133859634 -0.1406676322221756 0.014539743773639202 -0.043706946074962616 -0.055474668741226196 -0.012103443965315819 -0.05080687999725342 -0.13044236600399017 0.2619076669216156 0.10785381495952606 0.0436696857213974 0.059944480657577515 0.05299501121044159 -0.09072490781545639 0.06864570826292038 -0.029441025108098984 0.01749357022345066 0.08905889838933945 -0.1410045027732849 -0.1264331191778183 0.03433564677834511 0.10919594764709473 0.13234150409698486 -0.14619766175746918 0.05716318264603615 0.10839466750621796 0.08794113993644714 0.036553334444761276 0.06200825050473213 0.018758563324809074 0.06322343647480011 -0.12597763538360596 -0.19967995584011078 0.06616649776697159 0.12233830988407135 0.25214430689811707 0.06057095527648926 0.10111172497272491 0.011521185748279095 0.0473557710647583 -0.20049351453781128 0.05075811222195625 -0.046935804188251495 0.06740224361419678 0.07108529657125473 0.07496362924575806 -0.1103978157043457 0.043041348457336426 0.006007081363350153 -0.033200979232788086 0.02629547379910946 -0.09706897288560867 -0.10957352072000504 -0.010164380073547363 0.06263259798288345 -0.02892100065946579 -0.015481939539313316 0.02272745408117771 -0.08570774644613266 0.01069970615208149 -0.08182714134454727 0.03203117474913597 0.12029091268777847 -0.21036431193351746 -0.010871143080294132 -0.06491105258464813
-0.0845726951956749 -0.06841983646154404 0.19621142745018005 -0.03970436751842499 -0.06846470385789871 0.019931010901927948 0.009579228237271309 -0.07501445710659027 0.0010722351726144552 -0.020818842574954033 0.1006263941526413 0.044764842838048935 -0.012122273445129395 -0.16884885728359222 -0.06906568259000778 0.21877212822437286 0.01759057492017746 0.0863843709230423 -0.02321465127170086 -0.10778894275426865 -0.06536765396595001 -0.22424042224884033 0.014149090275168419 0.03717628866434097 0.12450423836708069 -0.005542440805584192 -0.32704758644104004 -0.06676388531923294 -0.11393216997385025 -0.13491523265838623 0.15385277569293976 0.06976813077926636 -0.016338733956217766 -0.01666225679218769 -0.009451813995838165 -0.17680047452449799 0.024716995656490326 -0.04458673298358917 0.04420297592878342 0.07269495725631714 -0.2211540788412094 0.14655332267284393 -0.11297190189361572 0.017086166888475418 0.16356046497821808 0.07773981988430023 0.026754170656204224 -0.11432754248380661 0.06965301185846329 -0.04174065217375755 -0.008600928820669651 0.17970901727676392 0.09388963878154755 -0.08392082154750824 0.042565882205963135 -0.008476454764604568 -0.05270759016275406 -0.11179538071155548 -0.02294061705470085 0.02962140180170536 0.1901891529560089 0.13133174180984497 0.2103346437215805 0.23629769682884216 0.0459093302488327 -0.019611382856965065 0.022332049906253815 -0.10687237977981567 0.035410355776548386 0.10886771231889725 0.036504194140434265 -0.11018671840429306 -0.08712028712034225 0.13633331656455994 0.03894639387726784 -0.19086122512817383 0.035550255328416824 -0.026079529896378517 0.03851776942610741 -0.08662055432796478 0.05420258268713951 0.011498944833874702 -0.061305560171604156 -0.023466555401682854 0.05439358577132225 -0.0038906284607946873 0.09269241988658905 0.010291638784110546 0.11849523335695267 -0.07296501100063324 0.041167210787534714 0.056004736572504044 -0.1310187727212906 0.018292561173439026 -0.008145326748490334 -0.002125790109857917 -0.003279510885477066 0.04815426841378212 -0.019489625468850136 0.04988393560051918
0.001294358866289258 -0.17661158740520477 0.0324929915368557 -0.11027252674102783 0.020363617688417435 -0.03862008824944496 -0.051143039017915726 -0.0393679253757 -0.12137527018785477 0.09771896153688431 -0.12912440299987793 -0.00882633961737156 -0.12364111095666885 -0.057472843676805496 -0.027354644611477852 -0.1395571082830429 0.14025001227855682 -0.06152796745300293 -0.1712775081396103 -0.1414683610200882 0.16141648590564728 -0.10765847563743591 -0.048709504306316376 -0.05898195505142212 -0.09523269534111023 0.09767226129770279 -0.21807239949703217 -0.026337843388319016 0.1208420917391777 0.08478415012359619 -0.08742360025644302 0.19954922795295715 -0.017539558932185173 -0.004542753100395203 0.0026291352696716785 0.012041334062814713 -0.03503580018877983 -0.018170392140746117 0.04938126355409622 0.048699069768190384 -0.020182132720947266 -0.052221186459064484 0.2301102727651596 0.0783083438873291 -0.054306760430336 -0.09764931350946426 0.1900441199541092 -0.08181416243314743 -0.07185320556163788 -0.1135411262512207 -0.03722761571407318 -0.05222580209374428 0.1347789615392685 0.21669769287109375 0.0019101749639958143 -0.0614413246512413 -0.03420010209083557 -0.02901635132730007 0.013826994225382805 0.057742901146411896 0.09360174089670181 -0.18775513768196106 -0.0827808827161789 0.034367382526397705 0.10193568468093872 0.088834248483181 0.08041977882385254 0.05767323449254036 -0.01803622767329216 0.05137074366211891 -0.0414082407951355 -0.07375213503837585 -0.0603986456990242 0.036490414291620255 -0.06275453418493271 -0.09617741405963898 0.1219990998506546 0.22537940740585327 -0.002615391043946147 0.0881359651684761 0.0022210716269910336 0.0835714042186737 0.15530087053775787 0.1348264217376709 -0.08993639051914215 0.07067357748746872 0.13782276213169098 0.04679561033844948 -0.20652909576892853 0.09232603013515472 -0.09271550923585892 0.04824439436197281 -0.0723978728055954 0.08436188846826553 0.016003744676709175 0.17105764150619507 -0.06245103478431702 -0.0809217020869255 0.1254221647977829 0.026779301464557648
0.0855623409152031 0.03276270255446434 -0.07183020561933517 -0.049588169902563095 0.09313944727182388 0.09654174745082855 -0.013013392686843872 -0.2888930141925812 -0.033722974359989166 0.060119401663541794 0.014652913436293602 -0.08809415251016617 -0.07121340185403824 -0.19176283478736877 0.02120123989880085 0.0041678776033222675 -0.13603542745113373 0.1565786898136139 0.1356445699930191 0.016836248338222504 -0.12051045149564743 0.2316000908613205 -0.09340569376945496 -0.0037407786585390568 0.04697588086128235 0.10441368073225021 0.12203670293092728 0.10950236022472382 0.08915521949529648 0.024061579257249832 0.14541620016098022 -0.007717082742601633 0.0016575251938775182 -0.037451598793268204 0.00017408326675649732 -0.07057256251573563 -0.14654001593589783 -0.1487501710653305 -0.02880290523171425 -0.034730374813079834 -0.06560405343770981 -0.029958127066493034 0.07780717313289642 0.17678134143352509 -0.12709324061870575 -0.08001038432121277 0.1511470526456833 -0.13027173280715942 -0.15074288845062256 0.13681812584400177 0.08531048893928528 0.14151202142238617 0.07982999086380005 -0.11933855712413788 -0.09401565045118332 0.10879877209663391 -0.10650686174631119 -0.1049601137638092 0.0009573143906891346 -0.007688792422413826 0.0673600509762764 -0.06000460684299469 -0.15945391356945038 0.07374420017004013 0.1088731437921524 -0.0015152610139921308 -0.016681669279932976 0.08156248182058334 -0.03238582983613014 -0.1465376615524292 0.11423870921134949 0.005502596497535706 0.10791229456663132 0.02125532552599907 0.0960250198841095 -0.10261208564043045 -0.05791318416595459 -0.14228719472885132 0.05688544735312462 0.018535219132900238 -0.0614805594086647 0.025358255952596664 -0.10143518447875977 0.04632280766963959 0.0017573441145941615 0.12221149355173111 0.06012141704559326 0.0032748994417488575 0.02404581382870674 0.005878252908587456 -0.26219964027404785 -0.06389874219894409 -0.11805801838636398 -0.029215585440397263 -0.19765028357505798 -0.015348924323916435 -0.10406436026096344 -0.0005311163258738816 -0.04705754667520523 -0.03489144891500473
-0.17606854438781738 -0.14307135343551636 -0.1738671511411667 -0.05849980562925339 -0.08836086094379425 0.07233048975467682 0.06013524532318115 0.047671206295490265 -0.06319784373044968 0.17555516958236694 0.16414205729961395 -0.007278714329004288 0.10208836942911148 -0.11685007810592651 -0.043552421033382416 0.0454460009932518 0.1051856055855751 0.0066214208491146564 0.04711199551820755 0.15222541987895966 -0.08553723990917206 0.19476594030857086 -0.03908604010939598 -0.10071726143360138 0.1286430060863495 -0.030529282987117767 0.1434338241815567 -0.10222375392913818 -0.10507664084434509 -0.02799314260482788 -0.08495976775884628 0.10306418687105179 0.05284756049513817 0.17099492251873016 -0.06344878673553467 -0.08650049567222595 -0.04321921616792679 -0.06610364466905594 -0.047522835433483124 -0.06938185542821884 0.05522442236542702 0.09732536226511002 0.0887235552072525 -0.0264369435608387 0.11666154116392136 0.17273582518100739 0.13422244787216187 -0.13379712402820587 0.2451530396938324 0.040142469108104706 0.029326435178518295 -0.20084689557552338 0.015300707891583443 0.1510956585407257 -0.1530509740114212 0.09190594404935837 -0.05535120517015457 -0.10013425350189209 -0.19363687932491302 0.015038641169667244 0.14457891881465912 -0.0252658911049366 -0.0691806972026825 -0.05607108399271965 -0.04187380522489548 -0.017256520688533783 -0.012466935440897942 0.08025013655424118 -0.06296411156654358 -0.015960458666086197 -0.06584049761295319 -3.2235067919828e-05 -0.06951125711202621 -0.08648205548524857 0.013045425526797771 -0.06604968011379242 -0.05811499431729317 -0.03591589257121086 -0.029087619855999947 0.14757677912712097 0.05471005290746689 -0.041425228118896484 -0.03541585057973862 -0.04454343020915985 -0.051069263368844986 -0.02961157076060772 0.09479988366365433 -0.05058380961418152 0.06800608336925507 0.0314420647919178 0.13857409358024597 0.21595118939876556 0.038490522652864456 -0.13626787066459656 0.10609819740056992 -0.028777720406651497 -0.13194796442985535 -0.0278382059186697 0.13734492659568787 0.11884374916553497
-0.08495308458805084 0.17087940871715546 -0.09236562997102737 -0.14626428484916687 0.15207011997699738 -0.0005836552008986473 -0.032232023775577545 -0.08872537314891815 0.03545314818620682 -0.05008570849895477 0.03125561401247978 0.066622793674469 -0.17545567452907562 0.047785986214876175 0.12056148797273636 0.17347601056098938 0.12632249295711517 0.03656182810664177 -0.03299935162067413 -0.007020832039415836 0.06459563225507736 0.014466337859630585 0.21535451710224152 -0.0608627088367939 0.09831585735082626 0.02957138977944851 0.09121516346931458 0.11158765852451324 0.018765781074762344 -0.025797905400395393 -0.10996347665786743 -0.023003848269581795 -0.18136537075042725 -0.25317466259002686 -0.01456308364868164 0.08849677443504333 -0.06122681125998497 -0.01496980432420969 -0.01623997837305069 -0.09380725026130676 0.12702247500419617 0.1604151874780655 -0.07272724062204361 -0.041161637753248215 0.06167132779955864 0.1358136236667633 0.11620175838470459 -0.20243236422538757 -0.04980829358100891 -0.06083041802048683 0.019275182858109474 0.05435584858059883 0.08856414258480072 0.029964454472064972 0.032568443566560745 0.07747585326433182 0.07508968561887741 -0.14721709489822388 0.008335771970450878 0.10369755327701569 0.014243289828300476 -0.18437393009662628 0.06494678556919098 0.006459621712565422 -0.22110730409622192 0.01806708239018917 0.08056039363145828 -0.02561664953827858 -0.021642450243234634 -0.09980002790689468 -0.02819088287651539 0.0443127304315567 -0.0794602781534195 0.13363081216812134 -0.16002729535102844 0.03209589421749115 -0.01654309406876564 -0.07020878791809082 0.029877908527851105 -0.10116451978683472 0.11944957077503204 -0.057875294238328934 0.11731720715761185 0.16851136088371277 0.16972559690475464 -0.06614246219396591 -0.07203512638807297 0.12587837874889374 0.028168175369501114 -0.03988529369235039 -0.051475267857313156 0.05949488654732704 0.17474748194217682 0.10267017781734467 0.010850324295461178 -0.05660463124513626 -0.008856821805238724 0.0002721264318097383 0.1462540626525879 -0.16192026436328888
-0.15956617891788483 0.0705888643860817 -0.017039794474840164 0.07175598293542862 -0.007500481326133013 -0.003947904333472252 -0.03777938336133957 0.04901913180947304 0.0009773714700713754 -0.1764674037694931 -0.07534133642911911 0.16916875541210175 -0.13998554646968842 0.0734148621559143 -0.06410712003707886 0.08148402720689774 -0.13955898582935333 -0.05201229453086853 0.016072353348135948 0.06415978074073792 0.05340462550520897 0.06938636302947998 0.012986327521502972 0.16163700819015503 0.18198800086975098 0.07430705428123474 0.09149260818958282 0.05055510625243187 0.07395478338003159 -0.0693560466170311 0.09838682413101196 0.09156323969364166 -0.15523144602775574 0.13581106066703796 -0.09989722073078156 0.0004666858003474772 -0.057398516684770584 -0.15165649354457855 -0.07766590267419815 0.16928578913211823 0.05484079569578171 -0.1007252186536789 0.08481322973966599 -0.06252522766590118 0.15685443580150604 0.0017968799220398068 -0.07742415368556976 -0.07170331478118896 0.12565845251083374 0.03820289671421051 -0.044318847358226776 0.09720014035701752 0.06399648636579514 0.00014883965195622295 0.09531752020120621 0.02194449119269848 -0.0031017460860311985 0.11060435324907303 0.09068531543016434 0.11222909390926361 -0.14580878615379333 0.0011311473790556192 -0.045049142092466354 0.0775163322687149 -0.0891750156879425 -0.1561271995306015 -0.010961061343550682 0.10004881769418716 -0.018992571160197258 -0.002988927299156785 -0.027633290737867355 0.01353632565587759 -0.06944119930267334 0.19057200849056244 0.0675167366862297 0.12801511585712433 0.061692576855421066 0.1876291036605835 -0.12354147434234619 -0.002941554645076394 -0.029692303389310837 0.054215122014284134 -0.2503262460231781 0.05433635786175728 -0.10678216814994812 0.16116125881671906 0.15498791635036469 -0.13275183737277985 0.0295884869992733 0.074960857629776 -0.17770203948020935 -0.07486195117235184 0.06984473019838333 -0.017720641568303108 0.13609474897384644 0.07188990712165833 0.04877046123147011 -0.020358985289931297 0.1761244237422943 0.16569241881370544
0.18959353864192963 0.012402040883898735 -0.040750157088041306 0.1680290699005127 0.05914278328418732 -0.03075557015836239 0.07374276220798492 -0.009538770653307438 -0.15707279741764069 -0.2654414176940918 0.00821700133383274 0.049452945590019226 -0.059060677886009216 -0.0055287620052695274 -0.08061211556196213 0.01867588236927986 -0.021581443026661873 0.1048240214586258 -0.042556408792734146 0.13248774409294128 0.027870764955878258 0.15198953449726105 -0.06522317975759506 0.16113650798797607 -0.023992041125893593 -0.12801189720630646 -0.008632981218397617 -0.22442007064819336 0.12819324433803558 0.014024199917912483 -0.13455554842948914 -0.04458471015095711 -0.11427398771047592 0.05306094139814377 0.0058456179685890675 0.016555994749069214 0.13062958419322968 0.009251701645553112 0.005579301156103611 0.15113352239131927 -0.038521431386470795 0.09115530550479889 -0.00870655756443739 -0.09673049300909042 -0.035385824739933014 -0.11109598726034164 0.04605451598763466 0.006379467435181141 0.005916626658290625 -0.015444185584783554 -0.08843112736940384 -0.14852090179920197 0.14096485078334808 -0.09887242317199707 0.04390418902039528 0.11217930912971497 -0.1595415472984314 -0.1765912026166916 0.04542386531829834 -0.18432015180587769 -0.009660504758358002 0.06540977954864502 0.021600330248475075 0.10343331098556519 -0.0929848775267601 0.05732513591647148 0.011467691510915756 0.14234322309494019 0.11865498870611191 -0.07784989476203918 0.060412827879190445 -0.004156269133090973 -0.08537870645523071 -0.12481668591499329 -0.24405144155025482 -0.11360697448253632 0.10335613787174225 -0.07655684649944305 -0.05930140241980553 0.06373104453086853 -0.08858116716146469 -0.06787098944187164 0.1561221033334732 -0.04745936021208763 -0.09257391095161438 -0.0417293943464756 0.027118060737848282 0.12271706759929657 0.1279628574848175 0.008002382703125477 -0.048622921109199524 0.0008998915436677635 -0.15384015440940857 0.06581268459558487 0.07937507331371307 -0.04838567599654198 0.055626511573791504 0.17202651500701904 0.15512582659721375 -0.017450354993343353
0.08825220167636871 -0.04215622693300247 -0.01675287075340748 0.000921642582397908 -0.07485119253396988 0.005125274881720543 0.1378980278968811 -0.03172322362661362 -0.032206639647483826 -0.07048507034778595 -0.039083946496248245 0.06830094009637833 0.015148496255278587 -0.2469080537557602 0.02056814171373844 -0.08790367841720581 0.008485538884997368 0.0578935481607914 0.13893258571624756 -0.003528623841702938 -0.1939801722764969 0.1609649509191513 0.14626915752887726 -0.20794907212257385 -0.12269967049360275 0.05901985988020897 -0.18780244886875153 0.12410884350538254 0.07655231654644012 0.021059246733784676 0.07411198318004608 -0.09388251602649689 0.07463017851114273 0.12887781858444214 0.1028900295495987 0.005284428596496582 -0.031101373955607414 0.09241180866956711 0.02215518243610859 0.2092210203409195 0.012689818628132343 0.03512175381183624 0.03169824928045273 -0.0492585264146328 -0.08574707806110382 0.13522851467132568 -0.07848244905471802 0.03000500425696373 -0.00656264740973711 0.010940724052488804 -0.1898598074913025 -0.17559494078159332 0.0137458685785532 0.017042405903339386 0.02798941172659397 -0.1479596644639969 0.03234599158167839 -0.14304247498512268 0.0950535237789154 0.00874141976237297 -0.020880086347460747 0.03731050342321396 0.044871121644973755 -0.14794044196605682 -0.19749580323696136 -0.11018308252096176 0.040351372212171555 -0.09781903773546219 0.015457292087376118 0.0030574214179068804 -0.10007383674383163 -0.16145218908786774 -0.06134124472737312 0.13588616251945496 -0.14627712965011597 -0.06704559177160263 -0.03394335135817528 -0.055473487824201584 -0.13931523263454437 0.020187998190522194 0.09740765392780304 0.011124753393232822 0.034953225404024124 0.02840295247733593 0.0069586061872541904 0.15386921167373657 -0.016241982579231262 -0.020402273163199425 0.07614148408174515 -0.09611143916845322 -0.0879623219370842 -0.16278040409088135 0.16694504022598267 -0.0003685179108288139 -0.053964242339134216 0.0469479113817215 -0.03130657598376274 -0.2628539800643921 -0.047991689294576645 0.10038047283887863
0.11333747208118439 -0.013066171668469906 -0.008450156077742577 0.05395333468914032 0.12210756540298462 -0.00729732820764184 -0.04486474767327309 0.008543851785361767 -0.05772197246551514 0.0010372167453169823 0.17509660124778748 -0.10858264565467834 0.02863883785903454 -0.14022311568260193 -0.0717906579375267 0.11725808680057526 -0.01908954419195652 -0.06193254142999649 0.10542943328619003 0.06437752395868301 0.08601522445678711 -0.0007668595062568784 -0.07729442417621613 0.08935105055570602 -0.046432893723249435 0.01300947368144989 -0.003705671289935708 -0.1196339875459671 -0.24835945665836334 -0.09221724420785904 -0.16809843480587006 -0.039245832711458206 0.051991164684295654 -0.04050684720277786 -0.10174532979726791 0.16476677358150482 -0.0038666999898850918 0.02626681514084339 0.13496817648410797 0.016887333244085312 0.041605278849601746 -0.03310111537575722 -0.19483889639377594 -0.018457598984241486 -0.04322759807109833 0.0003305434947833419 -0.11403495073318481 -0.1635427325963974 -0.16098681092262268 0.16073428094387054 -0.001396162435412407 0.07712049782276154 0.011128957383334637 0.1723528802394867 -0.09446612745523453 -0.12374196201562881 0.09954512119293213 0.01253720372915268 -0.057239122688770294 -0.15277282893657684 0.09564150124788284 -0.1178840771317482 -0.1107930988073349 0.04269403591752052 -0.08110451698303223 -0.22543545067310333 -0.058368489146232605 0.08900480717420578 0.003145379014313221 0.13429808616638184 -0.004144193604588509 -0.10560618340969086 0.1323336958885193 0.07488320767879486 -0.04199587181210518 0.02851947583258152 0.21917955577373505 -0.06323513388633728 -0.012545187957584858 0.16575054824352264 -0.01647770404815674 0.05279260873794556 -0.05740247666835785 0.2232728749513626 0.09451095014810562 0.03301219642162323 -0.09185377508401871 -0.10980085283517838 0.01988615095615387 0.0009371481137350202 -0.025162875652313232 -0.001138343010097742 0.013136260211467743 0.1227920651435852 0.10139943659305573 0.2180025726556778 0.0696735829114914 0.03939307481050491 -0.11582107096910477 0.10489864647388458
