-39.91140462087734 16.290055024489746 93.49138297938049 -15.633752472421932 81.82889022232979 -90.42730782895738 18.357011099863854 33.034961350053436 -12.921481185095217 0.8186122738432999 -57.62325009300058 -17.6168901166011 -77.62168175959366 -88.31647973758969 -79.07093598220172 72.77714694174364 18.994363328835178 -7.647097545531906 52.79227723930671 16.519450734590308 -45.88402038888218 28.04453626366137 20.87767379085588 -1.0292597140440023 93.19977833073364 75.54289540970805 19.266334331745412 -10.007076911808895 -35.33693101558785 97.16984729138852 -96.9924622415301 65.22114292129336 46.63113390037461 -95.233667783043 -95.67863959298688 14.013513175438746 -71.05775643407637 18.998617048870074 -85.98016379882625 31.489094680999784 19.789914480975895 10.406012511881713 -78.87465236062224 -58.702723567067764 -11.765871125874611 97.68445557592156 35.507427307640256 -20.010060099676792 83.41753552624218 -23.145111133768054 66.96687587982345 86.15335520233097 18.65156569496152 -56.217501081166965 64.42609094083014 -66.71731562507088 49.58592380821821 64.76523007208391 -99.30501263594562 91.1768793075781 -53.42789164416561 41.60182939837645 15.374742354358844 99.89997946742443 5.476418071760378 -69.34771298506345 -34.230403089058754 90.95607213123799 -90.94054915142206 -80.30336248836598 49.62282382931443 -54.180079756146114 -73.53601558979304 34.71258854224578 -4.822619935777681 -17.995678558956712 15.39911759532724 51.14382426891194 -56.26405118303348 -36.59983517689087 -1.0893418682225615 -56.57966746399325 -65.15643735478787 97.84108503221904 -55.179148804026525 -51.282438694427036 -33.689868953622266 -94.55655395222588 42.67946556136221 18.235948706195444 3.234878193337366 56.58201114241422 36.02954582315496 47.710511938931944 59.56899268512191 -81.75354085981554 -33.411578767235966 11.579591812662727 68.11768041832354 -90.43738364093502 56.24602877656159 -41.89195528232417 48.52063173651652 -23.23644657255292 -9.158389251529101 66.90110619432426 10.202034587124757 -5.718628683996215 48.96976513022619 -73.23605814362097 -10.083757138986613 -27.05912514114391 48.83128030083682 -16.174048651752344 96.64375708937757 16.114876683307358 78.33964904527377 -98.33672486285236 -23.189882978552717 -82.92228544674319 -87.98771284887962 75.59784658538115 -37.16562579635776 -10.839407037458756 -43.94426076449722 -64.98689692030928 79.15964637870303 -97.67461935276009 -56.51430109254074 -60.06046290834792 -5.778923962862052 -8.359673039869534 46.354803367352105 87.13524085844554 -31.84208004428615 -60.38374577007741 -3.1609835766282117 -75.94372601249046 75.40712143114919 -31.398149455644585 -72.44873800839122 96.68381759172172 68.61851174837105 56.19578827395017 26.25479383432952 -34.77293245315897 17.605663534819087 -39.89159545219299 -45.81857185743314 85.25766639807841 20.215840245674514 -81.64889516401313 49.53235380048548 -16.725836804933863 38.83240682012149 -96.21306980343853 -6.199169258842048 4.683282609277725 -12.379608974211976 5.0105124014747275 94.55871447040985 24.345643784676213 38.21195132872751 78.17090401014687 -65.17023685953704 40.28159935063542 -32.49563556064972 -35.19143978464099 99.59399232478248 -22.882992075027815 92.08410629186227 17.398446344745054 97.89449131948513 32.70782671821536 0.16695831412705786 -4.108408961341723 -89.26406890277327 61.546472291454506 -92.85643442135232 -70.49053239333631 -80.18441452307634 16.289477027463775 -84.9750259541179 -5.812174604844728 50.86412159142989 -5.053049679708451 -2.1542710747131366 -13.458771397874102 -94.6044984822532 -6.747404419311209 -24.747831273284262 -57.83287041958833 55.64675245731027 -63.01808792690811 72.97844167160707 42.549056676428364 -64.04757322365555 48.61188257642573 10.954181892467503 -60.91326945608688
-19.824558522095373 -53.94298580020549 -0.5799836840737953 81.93554518019664 62.196720841471716 65.76378610792335 -57.843908566350336 17.933329583055027 14.325853180153246 -75.44414007205697 42.61139551628489 -44.02128625796895 -27.68161076329298 31.1555702464683 44.66200788904865 83.2869099439691 7.193996986178348 -70.72525608184517 -55.01152949288384 76.97740398679068 -6.995517758668825 -98.97041915844692 -52.087763718141765 62.341617492811935 -38.45114946403163 -97.07143694658788 35.05504101031656 -50.77381876517209 21.943925092167177 10.26662482875804 38.85431998833403 -9.305483295561473 -30.235173069021343 -19.082091582726775 -63.14774365372733 8.301708633950142 -74.82481703591543 95.90423381951285 30.52642388778989 -17.418741578622132 68.20175427809158 63.521758926713716 -62.97968633435003 40.50912819173439 68.27419817005071 53.957546655070246 -97.31140139424726 65.56033440762991 -97.07230515681402 91.50020405448421 67.9888567353126 85.81184901499904 -61.72659773682243 -97.67917730955598 -91.05658411368118 -61.49147878382364 -86.25821960535075 -88.73541886953622 -36.47959544714483 96.81868339846486 -50.423729414010474 87.01463481193016 -71.68817665365354 -11.089110695910563 67.12203883483846 91.8287507150315 20.052527481402564 -81.61761595918414 -66.49633695888069 -80.33282281916169 92.37227417600704 -46.325290260453244 48.61480783184729 -24.589003453816204 5.541988012604222 -49.010344667133744 -45.4979305615572 -65.3183674515619 -19.601570690541564 96.19576652413977 -40.74252811632641 46.6173500294299 -8.435989262896697 -44.37663828743999 -56.98911388721346 28.416847100124386 64.4745294105544 48.42843933601475 -32.68336250037376 -78.02589430295524 87.71050839931263 89.09653651670138 -18.780836619444145 98.85434485646556 41.820838228411816 60.20137955957412 -24.060162664965006 8.425704949468525 -50.42230539837165 59.889117443912596 -28.597538445361593 94.4663264695753 73.20587738878373 11.9218038704457 -85.32088381843528 -12.254943917350488 -47.806029269601154 31.14247213047622 43.92232785745372 -63.98059114006445 -14.141714039967027 -93.89470535247473 77.46387643273158 -25.561915029276577 -60.82506508951335 8.413181689930013 81.51175864782653 -31.18633904287482 89.2179500040437 -21.169654242261387 -34.24106039819034 53.942059214606786 4.5832725262682885 -19.520121334120773 -93.26255186132506 20.0315070153207 16.249221708330097 -28.768928698514046 7.183146177474157 -93.13952105618372 41.24223039836505 -15.028452853914203 76.9762355512078 54.45050980035717 -20.379804182126676 34.98314744783167 -63.37611562950005 56.777484447828215 19.03524220689627 -1.5586894184753959 53.69602189980526 -7.273678069614846 26.44106904975014 -43.39776613279638 83.2537990784511 88.51745170926634 12.371871928229837 1.0417738453839576 -15.059502114816766 81.42627355764324 12.787446464250138 99.86887932083204 51.03977618320715 -38.394811413183305 -94.27289851561068 -49.620618514447145 -36.93221826787898 6.4767832590143115 91.58916190835987 -26.48530776391354 60.634121901410595 -60.007608033583246 17.41026792971286 86.69649235849184 -10.431417459457833 -57.23761301808832 -57.40646500828219 39.738484453595504 -30.327419321993602 45.903294086028325 52.986384686621676 93.81737697777822 92.97195578126235 20.41109405868285 14.871107841335245 -53.94454589871882 60.17742766657989 -78.96985977395097 -69.96094116509389 -94.07607878627556 3.0457918543600755 24.050367805946976 -96.1827521455925 2.4327821192571264 -28.338108534218435 59.67660625404605 -30.122187635067817 48.911494436485555 -51.24976709846092 -73.50784208359906 -51.51428543589891 84.9691201060615 -14.174925672961876 52.941335404933795 -99.54673983150018 63.55487354167769 58.93283085627584 22.796114212044756 -32.94175172492801 85.02534120736314
72.48036548459038 43.0983750773417 -35.74239973001137 -19.80336461047243 79.44744919518376 -82.37307963392541 97.22891746541563 -39.55014823236396 73.40553598563315 -54.11948965818887 -23.414492606662265 82.5276189641366 -62.47011943919598 41.3112338583102 -57.34996442800229 -27.307270325441294 24.972154540402997 58.943068829420895 -93.96078453624763 -38.74173842609237 -81.67235373205315 -64.00791654752618 -86.7992489179652 -25.236638407361497 77.21958040111923 -4.859843812509098 94.30278907860651 28.915038207753952 74.21152693314247 33.11284056087894 30.440827098398728 -78.39267905481094 -94.41659757163421 6.89942535790442 26.8485636089121 69.87804566470717 83.72473081701713 94.1276617575206 -81.67560459108529 -6.543316393359163 89.49869513489722 -7.4709539272149925 30.467784773857886 -30.224112064100254 19.775037929283656 40.948193896858925 11.334518130910041 11.683369113287952 -28.34977544227226 -77.22423010988709 -89.65351302090323 -52.60032497197156 -37.38712757887337 -17.56528887557836 -0.09587003801266292 -3.2385271612112234 83.43050509731879 -56.838027903301835 -4.1622794816277775 33.8917317501259 34.360391575340515 -70.04545021263624 -66.8360097526597 30.412389567098984 17.656275528083725 -81.54649635887364 -6.889857066840932 15.734108603275729 -94.20456108998093 -62.71322358271021 22.870023473885226 30.591419612277434 12.493341705111845 -43.07542069725376 -42.87131017559518 47.877431043135175 57.64641300940332 -33.86968110595406 87.98663985332317 -15.125455747951989 16.336239820980296 -82.09864127586965 -9.849559077361377 -59.60125153227083 -6.98368643307397 -81.85488900794364 -46.497769896158815 -89.80795409202634 90.5547115507024 -3.2623471598553806 -93.50431120915219 -6.164588395225451 -34.564506333215746 73.14280091983844 -95.09448730805161 12.367786227200355 -62.74508697666277 -34.400166020479304 -8.263209505171261 28.542944323695934 82.4934538189957 87.41540049460332 -30.473611431066857 -87.44051347882463 85.49106221165911 67.33800820718122 90.55035657218502 48.869309916919946 40.77762296048451 -27.211808016962166 -98.24329779776511 -60.26444865495804 73.55649299406787 -81.27973118542442 32.80559759511118 -87.61593124717501 -98.99859840536391 18.25045332756217 40.23081398165036 -98.14035579459579 42.44637998852775 36.08664610549732 -73.00650742272896 43.42962014492204 -62.850752769593754 -62.160375503192355 59.599179726809325 15.397804030245908 0.7998462133700173 55.29800032434744 41.35851797955917 -66.44095829742017 30.65236055962916 -20.609032186454527 57.45534388529106 12.287633908347772 -63.738962965474165 -34.8796507640875 -53.360227256790836 -82.22851214965183 -97.88979897756647 -83.51718482468912 4.869619824016766 28.994279847148533 -25.202966282009555 76.98634296520368 -51.73164527485725 72.88230360871592 -27.222092753783556 56.61551071929756 -83.8032361854392 84.48275742301777 77.97328377353091 39.87453845042543 -57.86069008894748 -19.815662416772213 -6.803222112778414 -38.25817546453385 -74.47004188124531 -66.76357406346443 73.59572041175426 41.770614077458674 58.79189107852824 -61.45952966946273 -63.31887847307192 9.820253204373358 26.98942584119783 80.60663548980858 -85.94165614541653 -98.68360611383238 -42.44554011561641 -39.18465322941786 45.675322868473216 -22.46053987718149 48.284980144211886 71.59867084856185 43.05607877048956 85.75648659497318 78.85430101612792 97.2558850691351 -32.72290251455338 45.436563319920765 70.21176147981575 3.7036691710269736 89.17542325615295 18.86600228365441 33.71261458042048 -67.39033536389891 -6.223403269673142 94.37869881321492 -70.26646793598745 -95.43009943576466 -54.163925308792415 -58.56875673828266 81.82942759595895 -15.391609324002857 -99.65539042243876 -21.050548241843785 2.5256626025954745 9.822341296152132
-80.38018449158947 63.31847068669063 -87.38096623917426 -48.16082219943987 80.54776688951702 83.47955232435027 -15.98418466708182 55.46080813039552 35.11205717037669 -47.72703969499241 25.95365671438404 37.10177769285059 -31.434055125969593 53.43877540203317 -49.77723643949452 17.38358310161017 -57.14882122362006 -54.834017681501294 7.741549176962195 -47.2766291198021 3.1683000622721096 10.467656855148988 45.664243650882895 85.28975894296275 87.23107129005052 72.06040726368664 -94.05937182764264 64.97557657584895 71.5816155162571 -95.13947147301009 -31.94736570702574 24.88671341684106 -82.19686755768274 -21.006562882999958 47.557446884526314 51.29914893621421 -60.22113716740514 96.82884463476131 -45.241854043081496 42.09742637627153 3.8797869127256206 -47.30700526581661 -34.12281108099063 -84.65906151528435 -4.966204981030373 -76.34212194980967 -94.50238351459343 61.797582541227285 46.81901396195505 57.8098689796378 -49.54053184144578 -69.07107372053405 -42.71787316943643 -9.466145921332455 -47.613048864266936 -26.16628750486349 -42.853082583012636 79.57415840513818 96.02974070432037 45.83233096661783 1.5794538927864892 -10.774932234333036 64.136206804169 82.71493575323444 67.99128276888806 87.75174168799217 -27.07678534436843 12.054009761004991 -30.438319830916868 98.62580826764807 -57.945436347649284 -35.333760092100434 60.977421288515444 -76.53099742579887 50.75713019123785 21.752475743786093 72.64221960754196 -29.429569743106285 -61.42526391303444 -95.83520942270083 72.85620591440838 -36.861723355587614 80.54054015281261 -56.63268546549482 -19.873678529871967 -24.16260928433283 -40.82985992608901 15.04988589770187 13.41140846034044 -39.17240414495309 76.6152671643271 69.37632063703239 -39.06143432628466 -90.9086670092614 15.029341042004091 -19.729738710172825 75.73822681903127 -55.96056099414612 57.758051690453414 94.48968909912054 37.36514573371389 -93.62283845273754 -65.50478334181761 -68.4885147639185 -82.6492962820793 -8.396259676122696 -49.88380239350161 72.59442814785041 -37.043397510999476 10.605374835765133 83.3467785057286 27.21603742769159 65.7105562210449 73.84028917760736 -10.191816972900128 14.630676363450121 -59.22771701551244 -82.12211442923017 1.5968305669899223 -98.12375140813745 36.28977278345852 85.04856496134221 -48.72265523871655 -23.947619974607548 -61.638795497510834 -69.16025722998992 38.08231521023356 36.04594663902668 2.623318427990924 -93.81114069225293 85.79502080441148 -89.89235854343161 78.26398405486856 4.547790891144345 31.948473064606787 79.22768454369228 97.63108650227574 -99.99486206548083 53.390700126049836 -71.4628229909962 94.08241566104715 37.45024984699029 14.175151412473625 63.30199222951566 18.289866872778134 -82.92826281193504 45.54794694601932 -55.56132731963861 81.37015831467264 -21.005549826193118 -71.62316590502682 -97.90801266423401 -77.10466520086038 10.890083258490833 24.40231806967384 33.537703569679934 90.61056336613089 -54.8483096961434 -1.648229125991648 -0.3393239110061472 -48.76868446247593 55.01695646746805 79.02570040308689 30.38515594616746 -76.78621307331596 25.037315669933236 -72.85517195048803 -76.4085407883721 55.84212843750481 57.925179888843445 70.06700013168819 -85.04191567861392 -98.26185823688706 54.19813427443742 -66.20483889207233 24.692782481334902 4.93189064373145 -53.3244299218 -74.24294041932174 32.52374695674132 -68.26211712532235 -97.14212782095078 80.3903641374996 -26.237248891783224 6.846839790886605 -77.40022388739507 67.11378070405755 6.73905277509914 -13.516888075332105 6.980137199230668 -85.26390997824112 16.302417757477713 -37.14619848565033 -44.5545750504889 95.29237832893912 27.482693043642286 11.761614057949672 38.953364667385415 96.40263408077519 -25.890395547406925
-25.785568796553918 39.83983433626517 -34.7392774550634 47.85156474813749 -82.4250360475373 -38.60006102903979 72.85779122765493 -55.26418705941134 54.50716607237905 -55.342052145439766 -83.87442814495454 -89.20577345331027 -50.03608641276631 69.61519450408443 29.578255633149496 33.52891149964225 -76.66407325266354 59.52611953744824 -1.6000433817824131 1.8000027720850937 -96.09480064592273 22.736379983743362 -90.73844608483373 -68.30805673336059 64.8115688026985 -15.375206231149406 -68.95824795365931 -78.43816904121219 11.999898347367662 -84.76734618964828 -81.56213492807856 47.59878242301036 91.74518462769703 39.550984163857066 -43.54530857816867 -27.850573482448553 18.76264403551953 18.104726858168704 13.371492057803565 60.054833013290164 70.73328136401054 -43.54767804742357 88.64103269067326 64.1797117242696 9.011154467983062 -67.137836926863 -15.578785577058113 11.802607644866313 3.898418423796585 -60.37362713639087 -87.16414548724755 -85.4715988131287 -27.751386355271904 95.57935275617868 80.62705508553935 81.31156956072704 41.526168507187464 24.877692255008284 -55.12147831288103 31.450076815800543 -78.52057699933718 -54.38137619799066 -42.83744731177288 62.69780375637407 -1.7000769818543233 70.88052704563628 -6.769183839356984 -18.24496694164293 -74.81356077417962 -20.411311699366294 -35.90890982815705 9.018313792882225 91.64945470814362 -90.2662972909335 -57.0783432669191 88.00190544018403 82.08046178613006 83.02714479180185 38.00350498540564 -62.181780353585594 22.4511465315737 19.899266867900508 80.38714614228635 -20.58338994008176 82.6748191695034 69.70397327500748 -5.87196181671716 -47.619435869878444 -93.48489267570625 -90.39484211518516 -63.44222046865311 96.20018353863463 -69.26067617206628 32.64461100334648 -89.04807321494053 33.87106610125596 13.53403221331962 47.39972173157253 -33.78422133276766 78.60521858888598 -31.928911522782016 -55.959707336738205 -17.15956918015084 -39.105960677481335 -63.927525665289764 -57.54469032862415 69.05710789476842 -59.333634325082876 -91.73724809579991 84.5187952926722 41.3650185851736 2.9426080272955772 -38.073882169029936 -19.055218221125926 -67.56906555343221 15.915926153156605 4.4493197530898385 53.63513564690001 57.349560556186844 -33.58184945713364 80.24848774546086 -95.7755310684457 -76.3307815156655 74.42975664358218 -31.969644754813615 -47.19067856056887 60.995834678482424 52.36309630180074 89.84940212061255 -75.0816235055911 -38.866147618378164 77.57744366506446 -28.89140454600627 -30.26879495891606 45.434108669240686 -40.34774935174836 61.609855510900275 -47.4195947900033 -9.803090876782889 9.928820182956713 -95.53461638469163 -91.02206961636487 -40.94211976215074 19.43834508613014 -25.529378859543158 -87.37898979236402 13.533992638968641 -8.00484940111184 -52.66985484061784 -29.21077647233554 -95.54387204793247 -72.88435997965388 83.91167762677478 -0.9789561368834825 22.92897196956656 -1.0954362913163465 43.178818958928446 -68.02820679177613 -0.44225907955039645 45.91444513552054 -50.284810215890815 -22.68273118718433 54.66189686376143 79.78923506201608 -95.63818710147834 -15.632164714108626 3.726121559979248 3.1588924057393655 95.59462409576867 88.57485739774441 -79.0047129656844 4.5796216985714295 -62.285654910676854 55.24654542090306 -40.54345066859266 87.88733998997131 -97.95756171653555 -4.843261607786474 -37.83554487342406 7.754155820879788 24.688455344082172 23.094391724127505 -31.945679792441013 78.67655914195785 80.10660045905632 82.72619269888258 -24.72611655439823 -0.6230866591697009 -62.13215961063068 59.99352963669051 66.46783554140242 -59.53087228774756 25.063616297529762 63.53310324285468 -49.92986095761693 -87.61981752780532 6.573963064358864 40.61954900396316 17.454648487678597 22.288054548238208
-68.5332943920812 -19.526040171931314 -70.26902959477641 11.640999461149477 -5.980548141735227 -70.60958558589036 -58.81868232401335 41.93473368748877 -37.89954326967373 40.18212255338884 51.67903484038345 33.08264684909847 -17.609046449408524 4.544802873615893 -91.34714703008947 -33.836015477867505 -39.51470207467083 -9.116837984909168 -12.888688688568209 95.15257756553964 34.978567000281885 38.09313745509732 75.47925362484955 89.93684809121928 5.50141189747913 86.37498069354226 -11.177617265133847 -58.79031956748597 -26.346096392525496 63.53726621532553 -22.37934949348667 -90.09987683462792 -50.050773118410596 -77.18316227933258 18.801201143009138 -62.69399024980875 -56.09167181843937 -55.326384042937036 -26.316447232881515 -34.3397817830367 53.167971477988544 -54.58538248761429 19.337623335101497 -51.177959606205505 -24.54053971935525 -75.41503602822878 -13.975019429582574 43.4670950703738 77.818983609365 -42.75808144994897 -88.64825954874433 40.499977280717474 98.26498239376298 -78.32871273408229 -40.65654171874531 -70.96946681116201 -18.949027038902784 -46.254503236855 25.830311605693794 -72.95136069885469 -76.353398961985 85.55847374859042 81.87238968321728 -4.138221795751164 -26.722547404642015 49.98287968909122 42.77906738441146 20.542289574218557 69.59158047965067 -28.484019229867826 14.391824119917175 -19.481001345193476 -52.95768817990296 2.5963744375823126 69.56573625481889 78.67294755640194 -36.03270353989272 26.937405683689846 23.306887500021105 98.18540923882148 79.09003855953631 -57.78430040040998 29.582449609123984 -21.305154707984883 34.67944859019724 -45.903435717546934 -63.42074905332622 -98.14266934615468 -50.64109612677407 95.3626347344289 30.70106766503821 -78.33710331000918 -77.98055297656887 -75.55693499621945 94.13533495172405 -98.75265754724329 -8.692850683504446 87.00882075054923 -5.592553899591806 56.40564053078225 -2.774189376038777 -97.42049154012808 9.982554030995487 -41.25502469499849 -82.07603351002513 -47.602662318140965 23.5537618082666 86.9571712045163 -85.21339310591532 97.54710889649317 -38.09247174814428 14.242575783784048 53.57098920834673 -44.495852556100424 97.11314296525626 -64.94614042969792 33.60549449269365 -99.64951729584438 23.674340390873155 95.16730165852573 39.444976087818816 -81.52332085360507 9.207090569668225 -51.958590178390374 39.26370666367521 -27.841718158793768 -1.8464444940153442 99.4363555641034 38.21929652137587 -14.300479835340553 -97.98807136862766 -27.07541743633506 -58.42034257229143 -84.3233482918359 1.7566041093199942 -65.53439148820645 82.74159042837618 -43.83713695879028 8.644050803252412 -26.2283570123369 -44.17885746157395 -72.02200911652707 91.5637066019712 10.991851347289213 35.978715747534636 45.28614867577227 79.67861103684243 14.377681525097614 30.23196425739215 -82.45496670642837 -95.41662241807512 -58.72587565145655 68.15184699148605 88.53100326469067 -57.8610716629234 -96.23109313922733 79.11012755542322 79.46575085039296 0.6159353614699512 70.36269073280442 -39.24644357793354 80.29764859411318 43.94499481100735 66.1462919032117 4.906247186705542 -9.411361975585137 -54.74580109517135 -0.2803214622660164 -56.96072775256562 18.02454756933271 71.68911882445431 -72.34206710925461 18.376035044823055 -69.65128445842635 -15.781476990747706 -79.35490506341993 -34.39826549792113 -96.56164693848417 74.36927701186306 56.789418821429905 94.2891516714161 -61.36389639902002 34.38415948107328 91.0207100482881 86.20420406379901 -40.59013715199373 -54.10256022351132 6.299259704642353 -71.13726397064556 63.712825278528186 11.851604701024243 76.46031195360544 -87.79324263499366 73.13272541125556 56.19809569237023 74.43640892752771 72.77345668752426 24.06568882379287 81.49303383882787 66.96668222534942
-58.10336985834876 10.356049979349336 59.943459934109114 63.83173800396608 -0.4216418369425696 27.458540910341853 48.64428821490867 -30.447070198036513 68.61584678731123 41.43023503306222 95.89099274560985 -4.868283071890488 -29.423505518162756 -23.990241152632308 -95.75249436545725 4.22388364794584 -93.84298425326489 91.7232500895401 -37.78689763435119 -44.14871326256491 72.04525430493013 -27.13540424247776 -44.717849346026604 -94.36089181072013 44.47445466727234 -44.186725475808906 11.663655136482447 -25.994257977887997 -29.669821219640568 58.92217835676942 45.74150392731403 -98.92836712196448 93.7405818396924 42.51479466126395 -61.07714289784183 32.966174047711576 -46.838655540789716 -81.18916455719838 85.92635823314998 68.44243110522271 93.26664197850442 3.3672016022435116 58.431996917214434 81.22314110711025 4.750695118911992 -76.60922140523157 76.31046698691685 4.8209261948259865 -59.263258033290356 -24.825891048874382 -62.13636762334287 61.51763708140177 15.232055415073816 18.342402985344336 56.28971511305002 -47.575842211531324 -10.919394987728253 -82.88570579081144 90.6916316095321 3.362373461530254 -28.90343268344853 82.59004523975818 -87.37876441797161 15.439117274659836 43.773084762477964 -15.943646872262235 42.31497866106204 90.3226739096109 3.407559984921221 -61.836615769745066 -41.0159586388736 85.50445012274196 2.975106741133416 -41.91654595586456 -0.24612251006116992 41.076408078576065 -96.87101620085896 -37.30865443822458 -92.1833581775586 32.32733364968203 94.73920178553769 39.99193163154254 99.02672024551597 70.84834904441988 -72.88050459419846 59.70157087045757 -69.98349810891993 68.1540963253102 2.939210676937492 7.663569570307914 70.5013930615116 93.05352577845707 61.262098154038966 36.07883066883858 -20.94396561295511 -74.590598614232 84.80676539359968 66.12981315004296 45.54869506951903 -41.0558877565508 66.10604207733564 -89.55867494703568 81.86774393327073 -65.0865105286772 -46.22892629031254 -33.13987443188675 64.66912723458654 16.725383429308323 28.093156806189228 64.5154271524274 -56.5779266782654 -26.8406257059916 76.16374186557769 69.16485028011618 33.754666707276016 45.53780091286811 20.460447351335944 -41.74213301312535 26.555444116768797 73.0354850102531 -17.816168905082492 75.04445214929746 77.36282963774343 16.122020816860243 -81.71743145335981 38.66133181062435 63.66868872954393 -37.99514936643939 -45.913912811516575 14.92725529061181 53.950672159361915 84.61331861657246 59.78312220513615 32.86613330195246 80.7676903784936 -27.77099016720352 10.133423594442675 -3.7619174742153945 92.95759003547343 93.57264893691467 -75.83007622051628 85.87971492068644 -17.681745021418976 29.146917161272142 85.43883938660878 -79.35175077848145 -21.13586659247035 -34.469062476762915 17.92825444422708 75.02143055605586 -63.53530601255439 -1.6108449032600873 94.30804508970826 65.6649895778063 -67.25786523180318 1.2635663655239995 -72.32568108460282 -0.6012145133439333 -96.31384997862126 53.338723812385666 -39.04106655074568 -0.09239997760974461 -98.15391758369078 -29.21341039425569 -13.270470132583043 -33.296462948626896 -97.11285033883988 69.54897663394823 -30.017620092376134 -32.18631061175226 -90.49111450970607 -34.922203505901734 -33.20818858995605 60.02486485080115 7.286632079007745 74.52077821733141 -99.62407753391642 12.020363937470009 -99.17357746999274 -61.38961527355524 -27.56229526020526 -29.525240398179832 -86.7169573466663 68.8455313474762 -52.50003664709526 35.00702511883969 -23.9426057003607 99.22854962645471 61.93126466781018 -12.751331340585878 2.4606413492207224 42.10322980578309 -72.50859179101556 18.629075681000103 69.17228076641732 -65.78240677257494 -1.8414949236069873 69.41730487794064 47.60977261069752 -42.70071238834794
-38.32669309405825 -13.11975491378928 95.27069044096882 43.17079484002733 -99.56463831026082 -40.889948961361846 -75.00214245690107 21.675464434352463 -14.524823147875793 -2.6067017691539007 36.382261653417316 74.15578948301317 56.37389003740387 58.5661392800381 -90.74188653778657 -75.45834889567367 -6.705259149451393 33.565037925176966 98.92416789993862 14.64940567020048 -25.760598419586486 -31.77235005413641 -62.87872232182134 54.268890242769714 84.7526059907494 -33.25153696701098 69.98590226475278 -70.98074723532991 79.0673205113593 13.115834907346382 -16.70583340093384 -6.626216434298399 18.854272083828462 9.20972354591349 25.457457124531757 93.38466614075202 59.53736609331631 28.77154837811929 99.59671383381604 14.758640194603842 -2.7692332138307734 -60.19982493229874 -49.1744969546821 54.21101948137104 -77.47682593177979 -51.45464692798858 -5.6657989171120136 -23.723209430959287 -81.98792969103704 97.39539133870124 38.74495762604994 -15.212758654831319 71.90477850293635 38.25388507689817 -42.46989014266313 55.573665086037636 16.327862335194453 -56.75660690649811 62.6913586686199 -31.02769507542493 42.98196837746164 2.805772051679071 -16.21905929616591 -1.6735441751237516 1.3039624030810586 -95.12539606114213 16.85988507929143 46.962597646920216 -99.16481704122451 67.39922447233445 -95.32152023721305 -19.660832179240757 63.03909736892891 -87.4631314409852 -1.3123466966853812 59.058880271183824 6.31785708342511 -4.540747632504164 -79.67470736221486 -51.18152625813115 -44.76185866354301 57.127960879165926 81.5994432154848 -48.527669010279496 -47.98958705734015 -31.109819705680124 24.860010825740545 66.80903772522657 -69.31342095559394 -35.6579446592247 85.28995999458527 88.49358012802918 19.632937316812388 -33.159712942859684 -23.767022652083497 49.49634715277347 -73.1603496853656 -60.59167678117796 6.669831181488988 -74.16885676220204 -64.41554139148766 -69.48505540844789 -37.173155383776965 -80.50259689376891 -19.751376243871306 -75.97882002610817 63.010534054561504 93.56724478189346 6.025510928590123 -79.03427820326374 45.03051964074777 68.15125081239358 -44.08575123740823 73.94692646846079 -12.72670948694892 77.80449055492258 38.67727425739341 61.392502790024594 -4.726928454545913 93.96578355774287 48.027482693211795 17.726186134475512 94.24293103434712 -1.8199807578311464 10.301157834305542 1.9964269672338162 55.6773660608053 23.111560798830013 1.1373348247402362 -95.2615314908378 53.604731306062746 -65.81645966919885 -53.23666224634642 1.0494173714027824 -47.12460126339897 -20.83936631229247 11.127691625121614 -45.85293131670358 -34.20383492100237 40.67985875047401 -5.423362292703786 14.989172343706784 12.021587607027627 85.48541987278205 -60.79563068196474 -75.76247280541162 -31.427083984346865 -74.07621614644297 -56.72376749326054 21.57991833694055 -24.511043558880033 -17.95913796266734 -24.846999105229187 53.011261949984686 74.0460715694191 45.728716891841 67.2469976215279 53.006578302294514 -95.8998857050108 32.22775167314026 63.40634303306757 44.55131121251651 -76.41582347857042 -40.56255765738028 29.383196204838498 0.19158015134557616 13.597987233212905 -61.97315470440819 -10.485647384199098 -62.837985891191565 60.39502482193092 -20.822400924538883 89.92602793339836 35.579283982242174 -64.15899084956176 87.99360175643153 -29.181877646459924 -62.95006127260241 89.35198773037206 85.67245597158924 -32.25602356376689 -12.642755067410903 43.487867804255046 91.97479876209985 -2.7131106769357416 -37.33958796951698 -28.702150877086936 94.26769125170631 8.18835007752601 -19.562522170619687 -24.770080787013057 -64.39400026035793 47.384749022109446 77.22096068880327 37.045009716559406 38.6390359386759 17.606523980349536 -12.224855347943063 -87.11683668047385 -62.849410657065754
69.82960379440019 -34.235292847599965 64.43350316664498 21.43305078141111 28.19800007876603 91.13354215238877 -53.7090091741071 3.6631192664894314 -42.2476284051787 -22.85774090094077 -17.18410310872933 -47.94789838753737 -3.12082511050464 31.231032464014987 82.4776422856965 -55.696962588292465 -93.1524941163492 98.0009222095533 68.47156172194536 88.27988112006412 0.40046821320460424 53.49879400789101 -61.72967655055081 84.84006112792801 73.17737279833653 -0.18866754756625426 -52.19126466132784 -33.040526190969814 26.65021502068842 2.5947682390358153 -74.16421223457007 -2.7406003944925317 -0.13417319095916014 -1.1091118228621042 25.771214831976536 -92.48990292944319 -63.634892934206036 99.37254339086459 -93.64067088026577 -46.4240374883516 -4.951767170141636 60.09280301255586 -29.21685350978673 -18.122294930485268 76.71310530194734 5.565608414101433 85.19433017189527 -91.46523118175212 84.44967639219945 -47.547203996110476 68.3699277571452 13.617877696892378 4.466800994124483 -85.55609084509524 36.01827690175841 72.06060571455325 -25.891779410972845 -7.978378809063841 -33.90684111004754 -73.04397576165528 -19.530250995846217 -12.147550291001025 52.47337335227357 70.49855105750297 80.49327726621323 -21.162143175387243 18.65013176084682 2.7338319473142434 2.997065974461947 37.41914670895591 28.41220972911111 -99.34979552511282 3.3920205113162893 67.71289649306243 0.5745740391720773 28.68211216824099 -12.667173156016759 21.510354137513303 97.70770314840556 25.684057430536882 -27.41277460534775 96.57236435111565 38.45955713264027 29.414182774420965 58.462339961055136 -46.164903717966155 70.97268326952167 46.96018159292882 60.703122079437605 9.91096100202347 99.10197738136023 40.44776077552976 1.8179132809065948 -44.75044363312435 91.30606523526436 -98.19393717469931 -77.54082701265585 -49.14072066451875 -55.67273397153527 66.78641967880245 48.44088464333703 -79.70609403024497 73.67457741491882 -14.600166323445023 -84.90751742314961 8.366264987227908 -86.85398383982728 32.40565694595682 -80.77207508844921 -51.72533099389931 88.99686455954071 -43.36657422665651 88.96801828823325 -19.667004405366043 -43.84448299094137 79.49636171062716 -22.37355503865119 96.94692440573277 3.457525160217841 93.55750420788578 -36.03985006457167 -40.347839150345344 41.90576000524106 32.007195528681706 4.258378643004775 7.650092433885618 -36.24989345845804 3.4733169784571913 -20.19851012725742 -44.1045325230055 -89.23952027848185 -14.61024637562656 -46.89076855800989 86.40175199572053 -98.91833930799567 -11.157099110511709 -43.464790169245006 -59.65903467946694 -51.39873782739719 -53.822177208061774 -84.6766586108951 -33.58204841590877 53.45892593901877 -21.30593103366283 27.261411926710323 -89.68293397642677 66.70581336533209 -50.2625373388069 -74.12695811750616 -52.74959674811759 84.72381486880064 -28.90855187246173 82.05633419759027 -90.76941472565325 -36.76910482159015 -15.854727709153835 31.58989512007585 -39.251128876666755 -41.41487775554076 -63.627573355877054 -15.870909627821717 7.089298574140528 -25.155393059275383 -25.80668550383845 -8.411949693964061 87.3757505381572 35.48972124373603 -83.77490976036393 39.424628930184866 69.91498768855976 1.9143181508344327 48.372834249220176 -59.489618895459785 40.65466927329527 15.022901335393072 -98.04255873766662 61.66600386219446 -28.80658441255288 -0.2890718802671728 33.17454223250479 30.80424559348421 -90.41454206670898 -72.79790828941925 -53.78299517013454 -44.431628791953706 84.85895106102424 -77.62462310709724 60.10818674358899 -86.30162623247506 40.01569470932523 6.977918785705199 66.2494230007498 -89.79897961735057 -56.1699310275434 -66.29994792226842 -27.888180880091994 94.0612244627971 8.181358413469326 56.642649874425075 -38.658043918947385
-21.98237917282154 63.348459791797325 -21.924018232634054 -17.194921668460196 -72.12110205150005 -67.61476912109212 60.42109236982873 -7.3028030664308545 -70.76664795656235 -14.620859280785396 -15.679180441586155 -43.58185227553175 48.47002616042576 -77.11075090298777 -90.46433350844252 -27.862057874045348 -61.05188439080573 20.170637296809772 6.071273944288478 -78.279985042306 34.01683218516291 27.486725497897595 68.7304785394503 -88.36025011470838 82.85248910426449 -1.8552760948645073 7.717862991117585 71.7590195265752 -13.656889357919894 89.00949554677473 -74.24743690004425 -15.094448940678234 52.40133620305204 -49.11262562256269 49.41396221908295 -26.63511976809032 -12.457852386661855 37.94338604378987 -84.26092739955624 63.04873803842014 57.89692555759635 84.7410355217448 -79.73348024351628 -4.187785632982411 52.834048708313816 29.62946847208761 -67.24287399867077 -13.743396702585002 54.65713199038157 -22.886450914665616 -65.27444030538776 -97.67073065132732 -63.64559376573338 -8.218773836317368 61.077640438305934 17.010105835976617 41.31734298622942 15.64838379904117 40.33064999525428 23.39327185856392 -71.64104606263962 -1.1944807356671276 47.9135922719785 1.2727912286802763 -18.17069677500382 16.365278672270648 -82.68641127312036 -77.31680754352101 -19.35224569669616 -86.54049214999469 -67.46519384552106 84.82647618761922 -65.0740566657031 -43.007381742952646 -27.587915715237827 49.89138785226763 -66.80764202918101 1.7920892995570483 96.47405467610747 64.06346892978743 -58.02232925307433 -76.54836540196628 16.918094410978952 -61.206153474205635 -31.678191038921327 -80.42498680694057 -27.874208254828574 -72.99304500122004 -47.62337353323487 -78.98049233379552 -20.067974123629796 53.42307441014711 -54.48147373082784 -43.413991729982705 -68.10688126693253 -97.48834833958166 74.2314754016214 91.42623411173008 64.2946324366691 37.05725563987468 95.66124804518739 -49.357841906128506 18.3748389362775 -26.685495495198296 -60.6130823023687 59.418655995097225 -46.53354276841011 48.601193372454645 97.02606590043263 61.889128236753635 -94.13564734197797 64.38332711102132 39.18027464474963 -97.03266951425893 -40.225546842605 24.287105799766692 -1.8998328335818115 4.974250882090203 -53.77696674477945 -89.27199042263587 78.48316948385929 41.34718980157379 41.230791660674385 67.20351037062798 -49.44369238838371 -76.3459497784782 -53.717127136195856 -30.551813181212808 -48.21142059455212 39.40983208420664 81.57765730916495 -36.70350694304165 -96.77323194389959 -29.200672633376797 96.66618464499689 -65.3836241693919 -36.55850289383491 7.734741177132335 61.838455248098825 -32.882053460855644 -26.146082695365564 -49.26242943408581 78.54112779633948 48.69439766357792 -77.99193186733325 -23.187672345113313 67.90650151309038 95.61582926002632 77.23402353788018 92.49818584745887 76.29165247420934 88.15093556398222 91.19909336851703 -25.567622607887515 -0.5125176845129289 -79.90065860515654 5.53147659197009 56.16437417322919 49.043252839018265 87.65827323366602 42.449849035873996 93.86396497287413 -12.09721320879882 39.76294913785759 93.42271007757984 82.7372355429865 -9.811759468212074 64.66827270397786 -99.79296664234727 -27.712055510101692 82.82167064488573 43.8992449493644 -35.163140846187034 1.8099643513811685 -44.41404275595018 30.7772797632731 83.97189953026555 -50.66217572764478 -37.83647051153489 -99.19560376007368 -96.09447359616877 87.61941257496807 -4.721875710939045 -49.06822166768809 83.17547682930041 -62.19775814467199 -29.44541751400702 -47.456229434482225 74.2111659831537 -30.24646135872264 6.423575233591379 -76.64526551734177 -14.948510085748495 -49.36031565046986 -98.50373231263596 35.3019592086205 -47.355664956595334 83.90106725674457 -6.555663399228081 -8.832057251558155
97.91949277342508 64.24041664264035 38.465083975819056 62.94168891653263 65.0261513286761 -62.03157646750841 3.0333263230526626 39.71346599523835 12.838880134193346 93.83843332897476 -52.05618859680479 -20.786825118998763 -19.359281489350593 -92.25785307299694 -75.74563554502403 -93.35053818089298 -86.56714933610343 49.334940529711645 -43.739421202174626 -47.65595298603691 44.000190104209736 86.10772311834765 -19.753414306889354 -10.960064996261991 92.0888956913503 4.501318596695654 -24.388748501170298 63.862639698374466 -76.52366069274939 -48.11034926668587 19.113945307275216 32.71519451961129 97.67664960295909 67.55799452761403 28.747292948846706 -91.84479533947676 -73.55220154808065 -22.681970114438244 -19.203546555662015 -44.29629881722279 -98.61391763222052 -38.28065497752144 44.507845576243795 86.56653755086387 -61.79260776279225 -16.07521369672631 49.64267161639577 -68.82205464143468 74.17306581644618 -7.825323768285301 21.93580548362786 42.6220570459723 -82.42645792957317 -93.39994181486402 -56.470604879336925 -96.80574440315463 59.23179781632021 -37.600968514277234 -75.72693266414127 -22.177262694814303 9.99714254908443 0.8379803257996485 89.52339508877245 -29.851818259843725 10.932601585901281 33.268430584531075 91.29332882627801 63.005006118133224 -87.97140775906422 -83.04688952914765 51.29547615033795 97.32865575062402 -7.646257222384321 -12.913538325502657 -3.3393408499703696 -82.25549450556566 63.805278157251536 49.09405679562943 -2.7134195393923193 -19.57006326565734 81.52933617132973 -57.357103429000645 49.399553926877985 90.40335190263062 -21.36058010837006 -83.57626020210557 -87.43053346003452 62.17154237692202 -61.783451892318155 -35.240059169091495 89.21174907201754 21.053661098319893 -29.973743701557922 -56.79981306177972 87.10353892016946 94.25580939890824 55.716196071593345 59.36917654609593 -97.75064589151985 9.54483704606237 27.724383539157785 -45.13874827419093 -60.67461895413133 -99.87269472836387 -87.48489790564753 -85.96793843017335 -26.189667577556634 -64.44470943568037 14.73972378900956 -54.716284059661845 38.32749091642151 -44.58181163851227 93.73110776556436 -22.088621415728397 -98.9011981573395 -50.42624772256203 35.075439899999964 17.010030508485016 -48.776300187672184 -58.08042169200394 1.469910388874169 -89.85503722559932 2.684751454790458 -55.57473430906521 86.72350486059656 -39.072483384143666 9.115619916994149 20.067501009503005 -3.8780449134332855 76.31185722657219 -16.880370417026327 31.065208972475943 97.17866981895466 -89.61321934954019 66.44676241558727 80.50886374811509 19.418991546055153 -22.572993582724152 97.9723977702686 64.23098534482966 99.80358187764688 -51.27430086935028 67.23891529358824 -18.022708100880052 31.229732357621714 -95.86289638995655 63.246339628408094 -91.00206232906969 6.788520795945402 84.95968759884468 -32.78577846634025 89.83771066833947 -31.377038378260494 1.316981526186467 67.79929318771207 13.64572696449251 88.3724755387781 -77.13714620283397 55.54829082726175 55.99586779920298 7.300111380267737 47.52505130685421 1.0912191712860277 33.87999934056819 44.43496512147033 -51.44253570900783 -36.243413403881355 65.07509832317703 -58.91279673925851 38.889170441479024 -36.461108255072446 -92.3096997995428 57.56037563699829 -7.731687832046987 -50.40258179209709 13.211828884329663 31.444214964123347 -53.713160046822225 57.88812844345094 -83.39851914071694 -44.827832811319944 -41.5513154299924 -29.976163468489275 -24.84264340237894 -86.6426062630965 -52.70588419562978 90.77338565298123 -81.73576044173392 -52.82510702385026 16.23533348770718 39.73367615624906 -66.12938087160198 87.72436326726478 -1.2605024846604493 -25.733412522475476 21.329036548529913 -33.581039312870615 36.88467584818798 -98.96103692169882 26.33109241090021
-60.535929418111635 -67.16730686654083 22.2940657794215 72.53396804995117 87.5432348069807 5.945612476275002 -12.342050711675938 -40.47577553696491 -15.475615358344427 -58.1992150028974 -91.74454530654306 -19.917856895078813 65.31228140828031 99.28870051294649 -14.637730879455745 80.06375728014305 -99.28464875181578 83.70762368705971 -91.62098720055491 -25.813517682747772 -71.18142559899638 50.999593232401196 63.90091037388106 37.20002357226278 13.959679992786704 58.110900202177504 -75.4831973693692 59.016865507211406 -44.90569602740075 -6.822510620757825 78.57205417811016 5.81984401177138 -79.30053706167229 73.28761526809564 -39.448927425818866 75.38320162267098 8.522374912517378 -62.41076166403305 -48.352511001808 92.64146282141564 93.2096590740098 -79.54921982541101 88.20156375691747 52.61396806496285 -33.603243366505595 87.91453796541612 -28.50863646634994 -82.59449324048288 49.74234204739625 -46.668787733539084 49.53154485537857 -48.33865454869228 -58.28012886748488 84.71461071970879 69.70177850332283 -66.81928424026523 83.60254825399414 49.6121952602104 -0.8541394531770692 -74.59934649134937 -94.49732929963758 -44.41986271846541 73.42316855556888 -85.53043224320164 74.25136792668414 27.167809925914213 -17.246687538284576 41.7565571493426 33.806244180948454 -82.46167282710732 -18.536227721430976 -55.54269138119985 82.73057058197051 35.692441735176686 -12.922164901046813 -57.50712189015756 -34.1027716801068 18.05560859285569 4.4238757260042405 18.117342207495085 81.01260286248205 -50.267354307669066 -86.61326309756754 -84.89163137681186 -25.071766829128833 96.73765754462514 71.0210007693176 77.56307977417032 -18.373687367930813 66.88784749139575 -86.65841893702697 0.5085698854100116 -40.49703112430094 32.9048095087158 -75.5979535193913 76.16482610409923 2.9010516938628257 -24.298880949978766 -75.68064262421865 -18.0955390607932 58.88425384935928 77.62639674858454 -12.069567128111686 -35.05086153737649 -79.34596656278912 -97.2288891880743 91.9187424862373 86.42183460400733 83.43193779626256 20.66333092522629 -55.41750599880917 22.431054581347666 28.75572679557098 -51.803864941254844 22.95446290434873 49.28684468109935 28.158958100758866 -98.04667299125214 -90.16180207845959 4.461980685374243 -7.224450020051705 29.468060715832422 -84.09047400079209 39.36329248863552 -22.24923212279674 21.14645668587815 -41.16852589556363 -73.5767155775376 12.549141918115666 -21.203568819448464 84.71589764081722 -73.48857973145113 -90.95629219122256 -71.81109133725616 -74.13721489975651 14.47110194448527 -15.037653204212958 -96.83354205205904 -82.66532986181738 26.7699642774613 61.67250880549744 -65.04239588492953 65.59637654663615 94.63203536267557 86.80688882110516 45.978378361016524 -49.356372591547085 10.051622765064423 -4.8172393956198505 -81.15256125863786 -65.74982853384009 83.9508752478769 30.376881902906547 91.59845886783779 31.598768490601913 77.24532244169774 -16.79317658397086 -77.52171793028259 99.73742197403251 61.43037889069038 -29.980765206893835 -0.6543854811719854 54.090425240640684 7.4820164229637385 90.97148851957661 31.948128592501376 -75.82919926253629 -58.43183123547298 1.1989689899010614 37.95338830849556 -14.495461410644552 84.66363964217174 -49.16328561935737 -55.49636304734433 -27.21896659950744 6.880896439896404 -41.936196736678234 44.9926158983495 14.877868837898859 88.69244927942398 6.422659576020905 -17.98757944657379 -77.27621847708077 62.46022482455734 -9.379031173829262 -51.65047590361402 -52.35628118694458 79.28217371753854 -13.278981222189401 91.37220883862355 -76.76507097041068 -54.62051837968058 -65.49257876136012 -48.56089891736368 11.722354361947907 0.8919934316377436 83.79689029183467 -16.49592306295628 12.10407820980312 21.39449151426814
16.869906290116504 23.74313226643217 -65.59576408792623 -42.13946382651377 13.195166463965165 32.76114473814306 27.082305219099496 -92.82538676114376 11.834589152934342 76.752130038166 23.364861102687456 -47.98961093517333 -47.417268622303446 -54.46465224026254 -28.24191083239245 -22.680731526194492 -12.86055508877466 -66.23485676684315 18.176965553955142 79.94060532624755 37.661512539682064 -62.44864708574953 -15.908669062697882 -32.92058083961933 53.518050116604456 69.9844211019269 28.62725692725496 43.019012492377186 -24.269399511716045 -10.488569406878085 -40.614798819252165 88.45409347886121 -66.32343491733005 -42.01880368494031 -42.22596497973245 16.950624734328997 -25.50037085701544 15.548559635483983 78.1514333549265 -51.8729315914858 41.44551331763725 -97.50970950836108 -43.97286534706839 -66.77244028768581 -22.547639790586686 -31.738045952663725 -88.61636639039519 -54.39353793836992 79.36733277741504 -84.25363499675342 -39.174890948344256 -46.96037919207134 -97.53550740640817 -28.915307173327292 -31.180751821473834 -45.56297590295713 64.26001284248929 -47.73038154131044 55.039299343782574 -88.43185922698966 -49.86710852716962 18.326102957511537 -73.27185981529603 -30.45778254598062 63.979222024937485 31.231225813587287 -59.14840639180934 -26.014242877379743 65.25201801126892 71.23907366418644 -52.737908470546245 72.87523800147477 -18.242299403856606 -40.935598774495794 12.068353302506551 3.6589630287805335 -2.112663000569242 52.2362012535572 12.918561033421398 -31.04053689179689 -33.146609653651566 54.452079929320774 16.99794394558502 99.27307538151578 3.852996446253073 45.38394685176769 96.09346230232313 -66.95557092385928 -81.34450007308429 -33.46670587300511 -38.98832588511476 -86.60213044528959 63.60737818046985 52.35504704720438 -88.28704971472496 35.23204652545061 -58.730399423226174 -67.55539133712463 54.92215769385379 68.66342110266345 -77.70534346269748 -47.01517844117187 -50.12805642586764 75.99821294610891 -79.06140658168586 72.53928942719011 94.89851240110656 -4.956145594073263 7.755335518704115 23.687555993286622 14.459047540419874 -82.8451082204248 -4.693840254783254 -83.17005803741341 78.93274067292933 20.91160797098493 -36.06042813921357 -77.66512640085637 23.128378341076456 -64.91346953795896 89.92877762531123 47.430128376683996 7.015403992121435 -86.69677445774053 -38.69721489805733 -23.063221515421944 -99.31176473348593 -73.16864888434031 70.83085126682022 33.666390734811074 86.7608019701205 56.18267579794346 73.87855079840256 33.67269956910715 -42.79767926897702 31.084029016822598 65.14952127062719 31.51482919894616 1.0962945858508135 -51.8194079294245 53.448379351451194 -36.417047057677095 -10.63398109885307 89.80616410724647 -17.08626995904359 64.9911694027615 19.53160269567998 87.50952418140528 -24.82374165636668 18.38580606051056 -93.2951877335332 -20.778439171626005 -95.34037253743878 -76.37359404895051 82.34159472599964 6.684220527078281 -70.03818368677095 -32.783840255992374 -56.49184669538696 0.10886915477672687 95.83272472950327 35.277572465047314 54.5331679365415 -15.888405646022719 69.1302438179003 0.9240311959665064 50.248493582116964 24.60402681792344 42.760450971081156 18.224788807436738 -39.38922745741389 58.613410347922894 26.82200824829725 8.46511989763998 13.75420209826818 98.07743048555227 49.10462342536229 -11.566589945622326 -10.012221171579185 41.24852270278518 -21.133614912675498 77.61333790476343 49.56139912035658 -41.84228335202249 -52.09596641548482 69.52460747868435 -28.554280747410843 -56.388081817968086 -51.95434518917337 60.937229277865924 -63.19167380038022 -72.02063772969657 -48.48283087560985 -72.77673700875901 -63.781209740182156 65.72963888283462 -75.66923273642325 23.90926182683863 70.35021675448252 -69.30059657147017
30.64144497286574 77.7043575798921 -23.445895793075877 26.30169772480609 -87.15026450773378 -5.031769513957357 -10.220835332039726 68.41498930357668 34.28711372151113 0.8141017429411477 -30.509248492637525 -91.69884107039323 95.50999460818502 4.516241417292605 -62.69027199897139 -11.285083103089178 93.76512588838563 -0.29677447884041896 -71.9074558108167 92.17009113981794 -7.595384321853075 -44.71823143697256 -46.69549638911275 63.324916114527895 54.87056839616821 -58.20330822853308 -9.316064298663946 -68.7204043905831 28.321618103804724 62.868869463462204 2.93732882919673 85.89969065183294 -51.20258756943299 -68.14596948175631 61.976613664651296 -86.60886483524443 60.862140293283574 82.82170626025297 -87.94661134783783 -24.602714994665348 -79.4965042478885 73.33841328694291 59.67645111779666 -88.61172987529287 61.64157459430595 76.71243064135837 -50.29467588869932 -10.702545303194782 -83.51072825138786 49.29872849554374 13.441043002111996 -41.409246662707375 55.47759138448606 91.2452747097509 -36.58878895274953 60.966328325187845 50.359738109414025 99.80096805759331 -12.592275788855972 -19.774632452561633 -17.086880840354453 -55.751802280390784 -36.26115673708776 -6.44361319680155 -75.21572772290975 69.85848803835844 -57.16376008193564 -11.065319906194858 -60.40306407424336 53.2667173249574 -53.42779603255712 38.58939497308006 88.76053583180996 47.92016982151807 11.289867361680024 65.6915758642584 -1.7863082124521839 49.03222371985055 -55.18744306846091 7.482696333615493 -48.878803359221145 -11.190584877134597 -18.16392278435714 -72.73419238526877 -19.89406991107589 -35.057882144783164 -54.771428989876526 31.15596028897258 97.83406342199834 86.6007109256065 11.931352686947065 -77.24854493582743 -73.09303067148926 -99.1199097371339 20.152717951740698 70.7192182772059 -58.16742018307455 63.24770572670414 65.22105403409765 -13.080752537951952 24.16867753210994 -73.04963324217246 -45.72580378837321 -47.06316635689984 66.91305831142574 -34.40972075474767 -90.14517134542122 40.954661451256214 -63.93582436779766 89.18163605918684 -61.69144486679989 75.95061381684692 -84.55307077667385 -75.24443999277442 -28.515253495214466 90.95042276806248 -47.407949066811206 -94.54930690102574 -91.19327578535501 18.82729114395623 65.34546820177175 -66.62048367639758 3.5369443327956134 -60.328624369049244 97.96893695490516 -34.69050345539574 42.40358268262139 -48.76428130174191 37.406147984996494 -87.90567826776486 -77.23765667226289 53.70689966652813 -81.86579904876253 -77.0119393189525 -54.1679887014457 -81.78781874381221 -77.1985321762801 51.17399463851936 63.21019969910523 95.44723355626627 -21.441089141345216 72.7411098952368 94.40624681210289 18.439940917494923 48.987170526139465 -76.98085001432553 6.525009821188462 -42.81609436908704 -19.29178541615471 36.86776577410271 61.80030605052619 -72.60677506001763 57.29970958268814 -40.12769938538832 -56.10161077922289 61.974021824606325 99.47562886808527 41.178908195043306 -61.53758878961959 32.42045356920457 97.5825923044946 -50.84691721500128 0.695204871489068 -77.44081632960366 -43.748804004819505 37.73651348918307 -43.84425500401996 43.44385313238806 17.506524999928246 86.1119333780762 12.05133188151757 50.06637649877712 -84.08125812834973 -80.6372536608693 -32.81490488669154 -5.720202424991072 -67.58688434364385 -58.476859127264305 -1.6721269917066621 -22.34140988827052 48.783638923399195 94.43874549209812 27.724332686263324 -89.91181398975318 -6.5475491788062925 -58.79016378144273 -19.342393335353705 -48.229951260082096 -41.12191484897947 82.0824416673668 -97.97048319265127 82.73019434327483 61.35123047877758 31.570872657352595 -55.80830545545534 -63.04547294582712 -99.86492964175184 2.4980929479955165 3.9823503591436236 23.12073599938836
81.3876912714878 -95.16240616431185 66.77820016151699 76.80410691922276 -78.80846658247893 -75.92199059212939 45.74557047167954 77.2230593384399 -63.22816165335195 63.635902396384495 0.4206456716729434 -77.69956950154602 -20.37407701435305 -86.04909654464605 23.809865881244406 -82.81968396723154 -69.85643065183862 20.07296840058288 -62.67282323056891 21.42356095019619 24.27882209755019 -68.66624952344249 -86.73413988585936 24.10099066833493 92.17655970525897 21.2898548207573 61.28416793222132 7.587598073906051 -17.74662219598919 34.45269059065242 -39.57721982947999 -55.69940937714784 -7.6112210750416125 -64.68954674632745 -56.339148854183165 -76.36370064784131 14.143839589491208 11.467498210180622 -17.91378871197395 30.564517729157444 85.19111700665246 -88.1794077313736 -36.31878956790937 34.92021752426268 34.06480667350323 -68.85743504702157 -29.02428207698233 50.23052934283331 27.455727542682666 -43.878511327953994 -64.17693717550159 -62.557009528982846 -30.411643104109203 89.680929253655 27.42693719620941 81.08703768239661 40.304306975656345 -16.649010759753054 -53.868538933819046 16.810332055649283 -74.75749349904498 -66.9292053928744 -94.16005955963173 -30.693810574483678 -70.06091538235788 88.71072145058645 54.634838998878735 89.68130608587578 30.532459612784635 -93.95759666063171 19.798370662974534 5.773240664986361 -46.52864692157785 -91.17737333612047 -14.467034657196493 62.0777940857148 38.34658208852392 -94.17874844387713 -10.064774040944343 78.37706054764823 40.716442865664476 -10.659449503267737 95.30783535885209 -35.07967324144603 -41.54079210403183 40.87495396386268 -33.3995202114244 87.3357341788037 63.416621651040515 -40.64074606962371 -92.46611654411862 -86.17955205171721 73.160766695945 81.52665084906985 80.02712133370764 0.6575163087114646 8.444587827381753 -98.26282960099711 25.538300264076753 23.45085000754335 -55.66450523888739 22.144538819857473 56.84658470594215 89.90796855916668 -63.622179840294145 -71.09279966036843 -22.151257041716207 83.27127856409112 -3.859049202321586 49.24845188727818 -81.03305165570944 22.488829564761232 98.4875185063006 27.334433802143437 -95.38971244882497 -5.274055076004757 49.24498578453955 67.7397944675418 -43.143325840816175 -36.549180471094836 -65.6911241950119 88.56683901765584 46.18567479906844 58.1856211846825 28.85556117775525 -83.18019280903937 -60.966301769157695 -33.54104172198535 -94.1869648154708 -48.813159350273615 -66.00440061650978 91.09417257956355 25.287642617374303 31.052955895296606 -99.78888487101729 -8.77720570097982 -27.7097087894187 -47.03425393365626 12.463242831843473 -94.0539929174378 88.46231430351628 60.76390603088768 10.218039359231355 -76.27801350583351 -6.632889952103383 39.72898619162535 -70.43206888897467 69.46099695355852 -7.514153083422698 21.44658156815818 95.0522354106748 75.44079206373152 4.831636329553632 -43.54686650344417 99.70354196938044 70.25207032659512 87.59013516594837 96.24419667278815 64.90887602815701 29.143083119548066 -46.40493169573779 -28.07781091252086 50.67542985747656 64.35482265306035 -55.07291490151467 59.154525741185495 -24.40090476164643 82.43327081761868 -27.81539227898942 -60.32401834843248 -99.73082828427205 9.614625093922385 91.0375595425532 -19.732857768617066 -14.99527906402595 55.818061593303185 92.57554786413758 -80.5302301640176 81.89695569490459 86.53784804472537 -54.27091881709587 -37.23075504844575 -2.1782039728786913 -50.51964477414841 70.08033198376697 88.24658371764647 30.015961411538825 39.75820913698897 42.30792853049934 -73.4050344063183 -9.243811886212214 75.73699346134416 -85.16074771770315 -58.01238395941375 -36.793031083691695 14.084750343287666 -64.90342333352993 74.1692399840224 74.84858837334414 89.27888110006708
3.642919128874624 -47.10695826331632 -55.115012936945206 51.0107930781254 28.207416344638204 54.4348491042382 31.901516677561546 -30.464514360539724 75.49878774703132 -96.0878305222002 -52.25077338546888 -74.46438936052112 64.20173963070192 -80.72339421575253 -48.44155356042994 66.37896408253303 -48.595893382212665 -26.657053598994025 63.54011264323054 -67.90080885002789 62.485107727129986 58.484076171593756 -93.9607706194813 68.00162439019937 83.32830281960204 16.42792773161605 63.57429899465072 -89.8192474640614 86.87824527132696 24.96988038537917 -36.78930781433905 46.70335473157536 29.941613035576296 -47.301112623139964 -23.85181983854008 -87.00128621150472 80.76849163641603 4.820868793680333 77.1663849551166 -45.13564194644084 -64.40294254063795 -87.37813712676788 -33.1007766135768 -86.96873641025408 -4.269986629891733 64.59554265479971 -82.36459958529785 12.091344790430838 -79.22321017976788 -57.09832065367917 -10.296518130420893 -20.66400615026889 67.33102454493738 -63.578331712727135 32.062427517632386 30.382530970585123 29.29801974878535 92.01275333714932 17.000639314281486 86.98830912401178 41.51713119756886 96.32420951064717 -52.47439805667358 2.1808201938405176 65.5835447169855 13.524070533389022 43.089818604441405 23.514904427533438 -84.39603253789537 -28.060904774162026 90.6072901742518 66.09677062105123 -13.349337782022275 21.534497711873342 -44.62619497700384 -35.027485625694936 27.530727648127723 25.879122871791665 -77.81850506977341 86.89027317634427 -64.66163026281437 -13.060355179852806 82.79629357248135 62.84440562177005 -33.49319120630099 -66.61754638814925 89.5624247011034 -47.15621477259315 95.34678617550182 -18.698150613767766 -79.44274280417345 20.943837207004606 -65.38037769163762 -77.10680337717318 -60.24923603925947 -72.70929274290559 74.92604847542364 -40.93523287061307 10.902083436274523 -96.16679252643662 30.331895652049354 17.51023177677864 58.64447287360011 45.83919170069498 -2.224754973218083 97.1900936120858 50.223434219733576 -24.34563995464663 -79.69712932916369 72.94957759952413 -12.72077040336903 72.41621454345238 -11.94848369775221 -52.41639626800823 44.25576537430422 -75.42229253187497 -25.04439584135693 -27.224784080001214 70.20149591447833 -36.79375937944778 98.15496747984207 -46.65676137156611 -15.872489998825628 -93.35445420033128 10.17642687477796 17.01181011399389 -58.0858897905147 77.5802191680223 30.9027462305541 22.434714817069178 -60.42770780893791 69.70508359249274 -99.89877001169995 -30.11753510434427 -6.735391173209493 58.85743890417967 82.05439592711946 -78.82081946155051 27.795165750975855 99.60564375290261 -0.971370118926913 80.07854797536751 -68.78257391608386 61.392059143547186 60.52732886169835 92.92997502957203 21.13230614883041 74.61198182126867 -31.818157715959572 48.39909831182797 -56.750603700171645 96.7753150339122 47.01018154469861 -21.555612343704865 61.13471147591471 -91.27429817385506 20.256584203989377 99.14174359249705 51.77931609729413 -6.761990578642838 19.304152342058273 89.00391982956504 53.398684539124076 58.805250251239926 72.35206786717833 69.75239368206854 17.78999709085886 71.36395901956115 -82.049759640409 -32.71020151152612 -36.728786450815456 -98.67025627423729 95.42035996267444 -86.56837216450776 68.91378600926873 -86.22144400859051 -20.373391166190828 80.50244860868196 51.94695954249718 98.04725046515844 -74.54199236862253 84.90739162394982 46.51829267273405 -84.13096439282688 21.428313915646015 84.38448513513924 -8.428680447833273 -81.21590608353986 -28.083549437365335 42.08010946474161 -85.06242615140019 23.212236274639537 14.759668338538717 -0.6930620081336656 -19.064135600509175 97.71534663693407 88.12413565617771 44.85850814576594 -72.35372250348996 -15.130213194868873
-82.1195783509465 52.94635479865275 -38.320036575988816 -43.096270454689204 -63.205444288795995 23.462479069286402 89.21276266144324 42.2986856527053 -29.069242326543176 72.72910122741311 92.35063330471681 -48.67491556654586 40.191087203396364 14.414156438869412 31.121447887854288 35.22338804766832 78.9578853471937 10.662300590202506 76.91030184509108 -63.84292742045532 -65.59844681784182 -40.18361694232742 -39.145383062973906 -22.352315415680877 -52.86109378066834 48.89522247027665 70.6238484434869 77.24706204048147 45.89727284205415 24.122588997298934 -34.25440443097949 52.192016022174556 -9.564315371871118 -27.767443032462353 3.5965572297100863 -20.507850692031695 96.35669456652764 36.03813527382886 -74.94121836883205 -66.26821889514218 -33.15674591168781 36.409834633502555 4.200104061429627 -25.756755790683002 -38.261727322533964 -28.27907403448478 41.92469246057769 94.2374332278439 -70.61143527781384 88.2144901965639 50.47288776218002 -44.616740088498275 -61.48066250335986 -28.160569404388653 7.767638117502514 -20.545692039984715 46.81277363642539 -50.203744986747466 69.57192688460401 -2.6231958942489086 87.39604744536669 4.58824676688765 -42.17942645345043 6.057796047858389 63.20885574246057 -49.19904028682092 16.09236420432974 11.020566010436866 -57.46650174247962 52.41667654376249 -10.203623799585372 -64.54602559054536 32.64234359339571 -62.34345648655844 95.17748425844857 -21.149355959411324 -55.43198287478401 -66.00298126654249 38.01641593629358 92.99607300708323 -9.879798330278362 -82.37401573337009 67.45982886486362 -61.94549384443919 -56.948553581230854 -73.62712369128721 -58.80570638883229 -90.46964605186325 67.27909550251692 21.8968428308292 22.792067635512964 -3.748734840067641 -91.80236453511014 13.162612702880466 -3.497934422361766 89.66209780757941 72.39970529626285 12.98050130909813 -38.13913437190901 -75.04853683028112 -12.664263725489121 49.82709694455673 -64.86575503565479 17.941454705469752 7.843945146172743 72.8463739250036 -13.740439400215251 -94.07595449323081 -63.853031463511975 76.72325418900542 -85.2508831967949 94.63917461601815 -93.5256063350981 -87.92922686071383 43.685671046763474 -0.3023024573401045 -48.29488432713307 -22.642194331588314 -13.72970534668714 -28.507811221699114 -40.094139542201845 44.38478855309964 -12.341659510566316 39.02569783168673 64.9230039414017 -88.96716726008455 -63.21863848252862 7.7527083514554676 13.290326592601104 55.476478006777654 -88.40270327968362 -20.58930253826459 -33.25467257570243 -8.723014070346451 -17.0952584004407 55.109521795396574 60.98064929077958 37.992463766281475 -40.31446690719742 87.87009886359968 41.307087112419225 -14.546450941148308 -94.61431913737373 77.87791500494649 -38.50678630101423 18.287015864234107 51.71348018993979 -1.492776527788564 -77.95644018028898 48.126949880960126 5.327626537652776 56.52196100391987 -83.94372263448972 13.973667666368584 -36.5190972709009 90.44486255200974 -34.844444326144554 1.7325558362370828 -53.050520711184056 -24.66782488610859 -12.63895735220612 -85.11941104510605 -54.86339026739451 -26.372127409344785 -52.55883454165624 -75.49722792567404 87.09645900440375 -72.83417155863484 -37.36149369547146 -24.819907621408206 5.212843113270708 -69.34683271337248 -31.330821204605797 85.38906870223437 -48.195216100706276 99.2731350476011 81.71095433425708 17.997406371169717 -84.53806972746023 2.553817114038452 66.38555999950628 -43.66775718586786 67.60139705656829 -91.05240719057188 -76.40706670269304 9.251035930273417 -85.59346604784206 15.650267612492414 -78.49569129218486 25.47901191016051 -13.57562752133235 -53.36669621997634 -11.113427864225088 -72.42055341392286 80.76531354256122 45.162983452553306 -37.634566419575386 -33.73439709744571 -34.665496344897505 62.927568911091385
8.383621965394283 63.35880771907114 -71.10311807230934 6.126914929319426 35.958640008177014 3.248844169904743 94.64613676965973 -8.29527628828437 91.93360263233893 82.79549580534194 -29.41449551971766 31.582505239997886 1.1962529353528595 -87.97442089859429 -94.31382117177256 -10.45249609548597 -48.919242459160216 -70.8600750021715 18.762793633390814 95.88613722391867 -91.72177777698516 -97.67771864376083 24.074697905706017 -41.65911866024228 -86.1631879760453 -67.71368498537663 50.612909874591594 -8.968198055717053 90.7381055210092 -24.244865417238543 3.4907654161445265 -64.04929010066694 -76.17079367561617 84.90242414832076 -34.66307207681521 -10.147961955798706 13.477361069849778 70.24300144160742 58.03878542106716 18.680781896587547 -4.055964984816725 -48.78055463651645 -80.67455025648019 -27.317838755152508 -37.73068586729222 -97.58305449343156 57.16426106500873 78.42820929657574 -91.41862955261047 -87.57254665348586 64.00973745218786 -90.68679684640301 -64.71831142085503 -14.63788796404026 89.33197401751983 -11.472756190379528 -66.54157034793815 -41.87473779905528 -15.66188810651579 -30.78527707638419 92.91191711124779 -44.522422519765925 36.02633561916372 -55.94838054109496 -45.6136200151112 -63.730385076615214 85.30881386911301 13.469769676746338 -57.46681050118008 82.58285934304581 -34.685661606603844 -32.890114850219405 -46.301639220476055 0.8524800699176751 -40.701743444129775 -96.48683260832844 13.135448290050775 -72.73378909666815 34.87587857440417 -14.937727238516672 -19.542525977218077 -78.28449700232511 -85.08045446510093 39.57321746832082 -90.01448805879633 93.75754360832511 -34.01821838685201 12.967569301938937 17.10471637122619 18.76416618813299 -58.61252716677925 32.330783390017984 -47.94365987703804 -92.15927275615758 -29.90348866954129 69.95802523849224 -82.72741905492052 -27.285792923425547 92.17567116897385 -19.993212469160554 -41.74891266718588 72.07227213502617 -39.71278733110457 70.85374128593287 98.01885162652792 -22.303536223223986 13.696831421526738 -25.14731543823781 90.20900768310653 -13.156383714914227 -83.18191316954666 1.2272328821829888 70.96106847171794 15.69446561172387 74.01875586091333 52.39576142594947 57.61520127947958 56.98568502174129 -49.894658705303186 -57.12053248811508 -45.90315850636713 93.84683257049454 -57.882514136730045 -47.51841085027175 -71.21628634224587 41.28493949097637 80.36619928601584 93.93334592591 79.53193867773399 7.956582214031144 45.19826147867775 -82.29907610255513 55.63265748479316 -9.420709071494926 -62.44967993014798 -31.40971374697203 95.85056584673242 52.85612498595077 33.96817236542202 2.874095785094383 56.096060398143266 -16.521773410989482 -61.717659841113125 93.42592163162772 -68.34877471290646 -21.37203541851254 85.16372698148865 -13.207564782624146 -87.26032636674898 57.96562313428308 -69.85014606194767 -44.75101134360058 13.884549756168596 12.111000102089093 6.333216297569976 80.42447282578576 35.296631330557915 74.87276556803371 85.5532152917728 31.793696614693516 17.867200815136712 31.818900761602862 -47.339195787744615 -1.9803111787891794 -85.01896004648064 -92.54589156101531 -75.16480047547299 -55.383972578042126 74.69127170053315 60.35769386105173 83.06025529394026 55.82147372012935 -25.53541576827567 14.788367406497557 63.669242367834954 91.73240637564206 39.66327063361197 35.24856383194043 -8.468943647453656 38.27624242969205 73.57908258429029 3.2464868100095003 2.9290480136615855 0.023738508042541184 -56.6815370341961 2.0822715096946496 -46.74077219178115 -40.71878482844109 -51.213373357930706 -20.86755515898271 -97.38005666628138 83.68502458775623 -62.87575020631826 -19.0158035905458 -94.70133577631297 -31.589638169962413 -96.14808716623591 -47.46455854868567 48.76047593106111 4.646837284685461
58.12739314301126 -78.37264892233198 22.86807698883102 98.4449141214908 -40.91850331529192 -16.58011743942795 0.9588213790628259 -54.359814629088234 2.0314148617450343 -36.82273328801002 -27.61300868998056 17.074098521302176 -8.790930646504577 23.222882635730244 2.7178008870290853 34.212589272153394 57.673204095322376 74.77361317643806 -14.79388107866842 -57.242437491853046 17.676531300041788 -98.20846030510336 -1.0129692635074292 26.402163818405853 65.31879607784194 29.294948572603744 20.0150815136205 34.80878504307307 70.65044967670983 -50.911986812921725 -25.83753489956902 -43.55751368911167 89.08303520398101 -84.13207747984347 -26.62157670739542 -80.1115697530148 -19.234600067479477 27.361149646553656 2.6998613828224336 26.88742594874256 83.01586304531256 49.01702523027015 66.0548612686826 -2.6576914984417783 2.259005622469388 9.571851516078425 -99.60646370896578 -96.72300470494038 -15.20942492423363 87.39737247766558 89.80057840968979 -76.21838561543323 -47.911507670586715 10.93334554500909 12.221659447237187 -69.82884638989245 -2.4035320162204528 60.71804436068075 -86.44619453053 15.245452979524998 72.37512913455055 64.99506736298167 58.47449490222101 26.55891646878939 -75.08548903334322 -40.589250967741734 -53.6395288378064 40.650070247773016 61.49984948838022 -58.58032076500563 -37.141666855773266 -72.23164852839787 -90.17886622559818 59.52156436235214 41.661803616341984 48.530031870382544 68.27513023416265 41.98424887092003 81.09975350551753 -51.30460704602584 -94.42491484178841 -31.13841533909776 22.138633186963474 4.944974439869213 -48.81265099343044 -33.43306310375671 -28.035161708780947 36.39436159489995 66.62970955774898 6.481869311171096 12.76514574167335 -84.01925802274495 45.13701672120314 69.06582932231692 -0.2904133544469687 -72.05584674642998 -19.97300979692737 73.18644192659343 -12.721700938089555 -12.160546941058456 -81.33029045976039 6.239278568556301 0.722608108554283 -17.799572571234208 39.42835844586301 -11.516686113341905 58.702539096333396 -19.774752607813866 87.53932362256961 61.031643981981574 -89.36976304149351 74.8753062875679 -4.423760691223393 -43.23584429239475 40.10186332676301 -49.84365888908795 23.86567672418738 50.78131546462558 -50.20318961935841 20.467651264142546 75.94026170670571 -74.87813735436683 -1.7174734444649857 -4.113123342227269 -16.815877602283933 91.36037532864708 -79.00348461170219 -33.95896724693222 -55.414383455199534 95.53387519882097 26.245157601055354 -9.1666354888863 -14.920011462348228 -16.87723263850971 65.91510584601275 70.56967057764018 86.9050333554853 43.323207157659425 -5.9433490742070205 39.380992878706564 -3.297388921051862 -2.544615621312701 -32.54420393223994 69.24853897726456 0.39869555989039895 -27.434817911637793 -76.70353888046834 -37.86738296241161 -12.918085842001204 47.67894740340935 -99.06263436432646 99.88094085379532 -11.1736648147033 32.59954656064551 -54.78727136887933 -98.39741174324463 -43.161538597764974 -4.0570324477429125 -76.28352224012491 37.89779269903693 -36.15189184537413 -52.678640700850266 -24.653383788911626 92.4422217070294 30.660646165306048 -52.01033647824546 -79.10911816333576 -21.57668770669561 -73.75589172093962 12.079013978632574 -33.328634072466684 14.911412886808677 -60.083407178231084 94.68467822737716 -71.82269434807336 -93.02948851822843 78.18867266461095 3.4915144228586854 -23.45006885344216 -37.358218422820144 -96.73216773095905 96.56296715805243 72.71541766123795 8.811010185874778 -10.285616940635677 -60.464432832903434 23.437276563790903 82.6452512497286 24.9769831193734 81.79789551680099 12.088222937959344 -63.69976793604686 75.17949980523778 -24.719785493139184 -60.41506298026687 64.03909735216843 97.21079773814219 71.25816176566667 56.57955713295911 83.12759287346105
46.679740151379974 -26.516897139975242 21.58687720142956 -57.74547121361915 -18.63230474884263 34.37967651949205 -31.251298319587505 98.08299687131284 57.3718282875262 94.43225842657722 -19.400904021089843 13.142590557748761 45.61969772453682 -43.576775076849096 93.5346871085807 -69.90369111513846 -67.95825723304162 83.17544030525534 -92.56966044689176 74.58206299412026 78.6868261599246 -81.64117539300746 57.86152331417304 -96.35951807284833 -69.96808281611425 -86.27017944981097 -54.455215326137505 96.15264657638073 -63.574176351785304 5.5753572384010965 -76.85689593826986 -82.12610957792974 -33.24539173338974 84.16868578765457 69.95871970371729 13.195394081042394 -5.054570515311951 -47.22766389063635 -54.40438572721236 45.96404513069422 -48.433993672396426 -62.830295162082585 -58.366270116345255 -7.458472179496354 -55.881396366869886 64.958333896189 -22.024916673832905 19.740166299079803 51.16534817980241 -16.128371416392625 -46.905990899491414 -18.281598654376992 -32.52805295680601 -10.427550499413641 12.446584431327395 -67.21814909964989 10.79595994897214 78.00021644674356 -16.360814147173457 -53.968652843631325 91.97264558189494 51.29886145402881 64.21259021653171 -51.21781133841381 81.3578456219422 -45.844103740706046 48.87902712522924 45.05600882732722 -1.6916192880341612 6.354483731802958 -42.922027423634376 43.762850978186975 38.30037964149571 -78.83957574345919 93.14352669992115 -34.85737439318153 -12.893899499333642 53.09466505514112 91.0003758145022 18.31918856046464 75.19508670142713 19.66646864626472 20.207312857281906 -43.11356646508637 94.71134880722914 -87.42012248710355 -23.61953094207017 98.84405309709103 -9.983850344679368 52.39175613268668 22.28396037770264 78.54311434192093 -51.03751564848407 -39.24747849534749 21.13835432477819 98.3828471329754 52.2332388078992 75.39406839811053 -17.25072087916793 -55.628470186946146 59.48183058105178 34.82128499265406 88.05358111018339 94.24837124830134 54.56795632506041 -85.53869488408607 -1.1598242020115066 -49.05597799713597 6.403456258473071 -46.597347759094454 69.92873031149983 -32.57796288560351 47.37257527499648 59.07589636184878 -75.27348958620081 -17.235249383138367 83.71637590863295 78.85625528874507 -99.80204751183915 65.67468021805368 -54.06091363048671 -27.395640369562642 55.402697687169166 62.580158500208114 -58.18842442056207 -4.374141690496586 -56.71319096525893 20.684906791191352 38.15455400058897 45.52222831126571 41.14486112487501 -89.20366438802114 22.994963440530086 -6.765217217975945 10.253304176414616 85.83855594294397 97.64811060636171 42.633093542336695 -37.87795783918422 55.31673546326542 -21.97077187722485 -37.47434367067564 -42.060480258930724 -46.783402706365806 42.3396701489518 70.06364874953766 41.67995481413675 88.33151744166196 -35.427259408915376 94.00611752942197 -1.4063706943403815 -33.58026684900794 -92.3632625170074 -80.35771732148291 92.56889736080169 57.67505159346922 87.83841867346678 -39.077929219534724 -87.6417680186512 -76.46303045961426 78.54872642003124 -98.48066224570096 -15.612985364514827 73.4607738313953 23.707249001542934 -36.73291290727949 -6.1372842059709285 -86.6590864762743 -59.85131748444494 3.1006201709589334 23.713424985605315 67.22775702689958 -26.308490977821506 -64.40224945979472 83.60517430659783 13.80430009563807 87.0418441507978 -55.54450393392785 -63.27628697326482 -24.336081186135857 -44.79019041731145 68.77953855867881 16.37415594370215 -71.27063992204282 35.460383639688274 72.66936822778896 48.825180269939295 -80.66845615290863 26.800332130852127 -33.56401903128601 84.42471950669534 -46.48576098891431 17.396440814250624 -75.0144096784856 -31.776950807398933 -49.24976335694702 -82.44787926275805 -50.863480098561276 95.10810038226984 -31.200320780655204
77.73522189636552 -67.37329775962344 -0.19475187329906873 73.73450493697118 36.35710180274444 -64.32097907849851 -76.00069596110967 -25.7875571628267 -49.00451869097762 -42.586554831719404 -5.052918305255332 -72.10546333994546 -19.49787689264282 76.43981111335935 70.1982497862856 -3.5804107211717167 -18.85631696614658 -26.35915430067402 21.00818593038791 -72.6622309753036 -34.87355912818279 4.128714380417222 99.3499971526119 88.46378964251332 60.40284487963052 74.0840406667667 -37.44982780064381 -32.10904412664601 -31.2526790047487 -45.66309233451502 23.988101239442457 2.4531802858933247 17.01832720933743 -82.33030470262324 94.78976611025791 96.11568394250281 85.81204944491336 95.27685141809835 -89.30504354514765 38.95159753229203 -42.73484143751971 50.8704573382862 -9.399279596484035 -52.11922767049053 -69.81593121168197 5.330018260758564 -89.48615878997649 -90.90915604735694 -19.304152004674435 73.59748968242036 68.06037077498473 -89.59033654678525 51.57328518308586 27.890125243451067 -65.58086323885118 9.99954577017293 37.678538295160706 -90.13847551224521 2.3330419592310108 36.95694044582481 28.526855151994027 9.313531709542389 42.522039531170236 -59.35954315323073 -42.21917508487864 29.129129734178235 -1.4899806720642061 -82.77379442083623 41.822120010079885 58.850433355500485 -46.93280365963071 54.309954748100466 -42.10835231998482 47.93284653926551 -53.86605153882289 81.83068075196303 -76.34776947207938 -60.10803800282582 -99.729787884417 14.599483074757075 24.867151807473633 -57.893731409632984 -13.87054894218467 -69.33606414675803 39.92670580681167 25.811904060008374 36.21001149445803 1.8305429227610404 -81.5589293439131 57.280891898097906 64.97038450926146 51.10277506817377 -71.96426917394867 -59.74864736939458 -96.50910615383933 6.810450314784688 -78.77951102962058 25.08632674833595 73.77893584150024 28.160297597991786 62.22403343525599 87.83500744421659 -14.512061032416668 -42.1783753393473 -0.18307832284672543 36.04855345143994 -97.15752166706835 -53.95809457786604 -41.72609721129723 85.50459126549853 32.67328062947604 94.10139035284985 -71.92122744006954 -95.64674148718115 66.6303973378777 -17.172027118531602 -63.794417559755345 -50.577740451776606 4.29826103804227 -73.96554861475929 45.815755056137164 16.840510485237942 44.12965451268647 -39.51185802566917 96.4615323119574 -97.96079330271282 27.61233034321424 56.7961709273105 -75.07274309187122 -83.82989428103735 29.1554215697401 33.56676334790339 -7.252166903873331 -49.84789355956869 -87.56632583205413 3.4512309005695556 -68.04095498695702 -33.80645144464853 -78.05548825243531 60.84927058886248 -46.849527740673814 -60.20261830259697 84.28803999866474 -41.69298218427719 70.60923630976345 -82.36896119266422 -98.64885049177339 -20.778045024603514 95.16685763940461 68.22772143459278 81.71083520189185 -39.52098048427701 58.02710218104167 -49.92107507527428 27.945040680158954 34.701675897059914 10.330031092666545 62.429050684023 60.42016092674609 80.22450862892578 -73.74724082196073 -95.02221965270377 -89.26838522958873 -9.064447422532893 -87.6193812841641 -32.27931172405923 96.42667759514765 35.55356669917708 -50.376762750489476 13.803803428699467 58.85842519894652 96.30564308265241 -93.05262340535691 -32.387032830233636 -66.01420458380751 -78.22839422835324 -77.74064764707644 9.91440653201603 7.067422793473412 -40.35891425335967 74.52958334716467 38.608501697436225 -97.11051312023761 32.78837707639423 43.98688990790819 -33.95635071697957 41.54354774412002 -88.49009846604704 -95.74684702133685 93.86589898120926 -71.18797240772832 9.249115781722608 53.96394306799718 33.96465447798889 -8.536770903140138 -2.4573041730049 31.048457011958305 -91.70265452858035 24.611984071835977 90.40811669164947
59.48579329595441 61.3991741898528 -50.05317976803121 -81.67272449843182 67.25609325618063 -49.13329586507862 -20.70407931485856 32.522212055582116 -44.845551400770624 94.95499289914548 -59.26335464366505 -1.7689092299239206 -87.79535708736803 53.45677462797937 -63.92827276931092 18.73401318457772 27.525936234942478 -60.150990916543144 23.773382788543216 -98.11673130271659 66.60952928358756 15.081277201725385 40.50312339709586 -62.43004067564688 35.47323978824855 35.61121752644837 47.48683690499425 -62.0664949393646 -59.35964523954158 71.81722709803927 -66.13193637404711 91.29277797150434 -70.23865544850963 86.48625314924544 -62.91958489114835 -12.780787831524435 -11.096727535010658 31.453203536898258 -35.7283373118572 -29.007796230948742 -72.4095895870274 1.0506854923987277 -65.5541396293564 -27.324015757199277 -90.79067853638183 -17.308467882103187 -85.91297641939859 38.841987398494126 68.43471454114629 39.426069218781436 82.10252475644057 -3.61449142097878 97.58706648081207 84.4907605340214 -33.29453100104371 20.49808057934345 -41.73670499703446 -33.068966877757134 -82.98825824646718 -86.56118617794218 -21.868330686801272 52.092802304396514 49.68083996423067 -65.4857153955735 -35.4519310003579 -5.28037921546624 4.020417718563323 -42.276828045497524 24.06164468176368 -93.51806665801607 -95.33346773023096 -33.410942298325836 85.7002903135363 26.249550897080894 33.5125291229958 -20.474477544737127 -6.801907915316093 -97.95447099607209 43.452837606300136 46.70266992594259 -95.73670743170248 1.0302751489063695 -87.94344281615665 34.32372316438327 -35.22858993519418 7.341090466988078 -19.52871843022794 21.24060647746289 -36.46661497046355 -71.03740358210527 -22.677456404076054 -24.990736293896006 -91.4598846355272 12.524116323940035 -45.05937765725396 34.05333348238207 77.84376517371811 11.532738168432303 -12.211192100127406 21.07110793665545 -85.37718620200852 -10.238350290383536 -69.26771418030091 -67.34796834412033 -13.693368279144607 7.139225565173433 -84.82733664315086 99.17589289221502 40.06259735385703 -9.364428481326613 60.42174414921345 34.00250887874165 -56.43768270377827 -88.98231917445922 -41.08181029497236 -61.103525132227276 -41.637735961145594 -12.940347744425452 -19.46464671149448 -26.840225658047288 10.917751105342404 -65.73206731779982 -64.92303498012822 -94.3558809603466 8.799232474036643 75.7700987957846 -3.8614731877633517 86.314849424514 75.07497268919502 0.8404056573996428 -96.1451535534334 74.40115318292538 -54.94183472616319 -11.589304556856476 -81.46651322405975 -18.60760608320733 94.10309811380446 -93.21925943031584 79.92679938736015 90.42323950902562 -51.054620391642594 -24.33234881561755 77.82311525862613 97.67043785333925 -8.660653777932907 8.624255616292317 70.47686270662038 -66.21711586684829 8.994707281355957 71.14845349187121 34.58453151093559 38.84327736735145 -42.67949069295371 85.03599394506236 -95.827143746397 -78.8353691220508 -91.30956384105187 -9.390661698859489 16.419760922724393 -95.77607194342683 -70.5940050847901 -95.40703296041933 -55.33046991075678 99.9802451925608 32.209008813733305 -37.495463132587645 -58.44298519016697 -33.06456565832572 -70.54743389380953 -26.557553459494926 -77.80610135315642 -31.73646272980524 -36.61014654944963 54.39009545620573 54.6689218600705 -57.1507548569486 66.4255807436937 86.96221321196822 -10.198078812152872 9.711195310398864 62.832146649484145 42.22061383391923 29.129210877275483 55.570417265436646 14.499714074758543 82.92792722545022 59.001100332648775 90.3484045578567 -80.02916242801071 71.07786645972001 -25.075019380367024 90.67665788867177 64.37568362021406 77.71364621808289 -23.63561524388369 85.54013883071684 7.722124691025485 -82.24313143435016 17.848939910026914 -2.5460424086646043
54.886909690041364 -48.61743251667725 -9.66304590270559 -49.756453224293516 42.04306024660346 -19.754388477447264 -0.322020147895401 76.79790834173974 -50.53908030436476 -83.62902732066992 91.57896178725622 -6.360756076015363 53.407757182080076 52.78008120895527 -55.27118602080427 -35.5193991339722 28.53177430273837 -50.58288812837366 10.895081323332633 -33.971372604418136 -49.372784297852235 61.76136282008861 -0.5621672007186618 94.10080869232138 -0.5936780846504774 -22.665321219862648 77.7446138355408 11.227105772053903 -25.082289464696032 60.57306607204967 -52.669395907223574 25.863063375284796 -92.97183240022065 87.91085984253561 54.77777983204618 -98.6086773280519 -92.36970360882009 55.733434316212794 -98.08910239487439 -96.32365974847174 57.8325794891654 -68.24927770171058 25.25878273943583 18.094544425420537 42.50326285951826 -73.04866984945599 -38.514138895136576 -52.24117726542179 -47.05863423008958 -42.228944819108214 -64.76080980248904 -60.048288611047454 42.883170099580525 -32.721957009401436 -14.754084578051277 -53.36677923741138 -65.66549239004316 -71.27853391924155 53.371380728789404 -46.4550907816339 94.02495802216569 29.770101977835026 63.30664540382199 -42.80070426876299 17.130010461463357 -92.56837053569652 -15.89384778726668 54.319932322643325 63.62889747629711 -86.86198176349198 -68.85254481289584 -1.2427704889727238 57.930468892461846 -53.23897550985457 56.0973111461154 0.8534629256907778 -65.96442117488635 -4.314705966657172 -34.87110175141257 81.39463395986272 -30.57166070339197 -43.86989377977655 50.576403167585084 43.35389255098053 -26.399093935253546 66.24393706308368 11.992442104235295 57.146564280607976 45.85841205012028 7.552535914367468 21.850256136377368 -1.1057917057801632 -10.15351643329771 -72.52931605885595 55.00369515900613 -4.51737848062119 74.41685856239073 18.072514059252924 -18.606310057869194 29.154028084693834 -34.871666620704204 -50.29901049622853 58.09977085651289 59.571064691176645 35.671773792057934 73.47815976027252 -98.44357141876672 -26.313295666846926 83.30483013610547 -66.54000764532185 -47.80926397322525 -70.1453772370259 -67.04680627378248 4.215220612633814 -49.06709466860421 -73.98271937250125 18.444403846044338 -21.606799123507628 -80.74862465913675 -46.00368272104545 -8.124979879689405 59.948345766608696 41.691377674475774 -51.95854126097519 35.53719564126325 -77.26859633700556 -83.79388764399485 -24.232037090783678 1.1996488569989054 43.60287412549593 21.601390133530046 -77.85798735303975 -69.4696969199864 -46.156837578558864 88.52329980508128 51.258474840780934 -77.1831935436775 -93.89850321049775 -17.09504439675993 60.098660591922936 83.89233026510018 -97.55961080039361 48.12604268993525 57.64715190614547 67.15310344106175 30.62127249516101 -84.09425859628206 -26.131237027385623 50.846816537655826 -23.410634840374243 48.4438208272573 70.66911737353604 -40.85524789606543 73.3942013761112 10.73414554959669 48.457172288918 13.222978104318557 13.422034764340097 78.10939818615375 -45.19814381490368 -69.0690199701769 -45.73337435730873 -5.829723612856824 -99.22654322028379 -30.135704382683343 -48.42464001957014 -89.4393471818905 -62.72657699104869 33.33707659755481 -96.44610257789247 -37.27328520478223 -80.97809771226427 44.036209891224445 11.332715918389113 -79.01932427781809 82.26054176616637 -77.87239442442741 -59.34857460411693 -86.4336579035909 -0.06942884432525886 -45.09348044669397 -92.73072929873388 -41.702939089757486 66.36559583147624 -31.3905042581398 -57.141490801270464 3.6416193433378936 -33.17701401005651 -67.60918521660543 -98.42377596912752 -0.02201330381359412 65.30787560587498 66.7137407450806 48.74680177578975 56.42805815823573 52.40135945977593 99.39382939895938 71.1652383948512 -62.289824848254646 -96.31433947215771
-5.105668700648707 20.269050562478583 27.076758273345874 -76.37939617349889 36.262488763237656 74.42011083563739 -93.84531534569956 49.651976298704824 -16.518418593052047 -41.98102670694346 -59.427473735360905 5.0314037392767545 -29.096810518361323 -67.09585323149207 57.97339796184497 -47.55317181700982 86.86779569784903 69.1528751128211 -38.244819203014835 18.295340371601895 -67.97449031472189 12.896397772170374 18.197874961135312 97.13663541115287 -71.63768636964329 -23.314347353548584 -59.628321410168894 32.663736793169136 -78.95559395788025 -76.97814901262035 -18.109493974745376 -97.8718650021778 -39.31676088777307 33.618407760135796 -29.094626700239587 -7.708195620980419 19.237936181406724 -58.79510377145509 9.45709827448718 -83.46458048166217 7.416902057189191 -1.1280641277991066 -42.45903922412635 96.76259515660513 -58.11430122863499 93.74030030782512 -84.81317221888128 -23.90926350741192 -59.992500301312155 24.36415534945577 -22.21759047349296 -2.5452995355460075 40.514954040449965 -40.4671861800068 59.32943400788142 11.251271178748581 -81.87903591513424 48.547719823569025 86.0110700571446 31.67335283966051 89.70392324075186 86.63022035556742 -37.05125297930907 -54.059776374523175 70.60834663238447 -19.33217612301121 19.510649132307464 -67.12998033886672 -4.561807389978469 -84.20198851741176 -17.40799517726255 28.473460270746273 47.87842072715799 26.771061727582662 -26.943900432327126 95.08598251475624 32.92846846927853 65.12401872572127 -28.920575983472418 -71.48519011947583 0.2549496904452866 69.48571327991988 -34.404428203865464 -9.698312000827443 79.33334912994547 52.47959863302157 84.0000204304745 7.781941492681284 29.049921095133158 -61.16829751962547 14.7796768256312 29.383055849805118 -27.22791166264531 26.241391237892245 21.169390189699698 -34.70162680224466 80.02731162431326 -25.429069035547073 5.406624279386946 64.05694497939186 -38.722891249755364 -81.63780147536073 -97.75711761646568 -56.431405011204475 19.068503307157684 -80.60436295187458 -3.4370538742467716 35.352960455420686 -0.9211085879591963 -1.5128859886491313 9.19050911604549 40.95644003772506 -93.4628263227277 23.709521797831485 3.314242107013655 -62.665747782307065 65.08231986257235 74.28544884894342 78.03387530887076 90.95456669906628 -61.455402845886375 -56.4025659746435 -0.6696470713809362 -17.180978071871465 -31.35433335568814 29.049701671120147 -70.54368597552458 -82.20440193530654 -58.44632993459366 -6.631227450993649 -46.83519294070826 85.97225113751358 -14.553972787179418 -25.30047324849187 -80.84197742027905 0.5329767219079997 -86.38693938376855 -30.566818333350355 15.056257576407603 -76.57023098887885 -39.13133136131517 -28.283158820335814 14.312044497886816 -66.70822048843463 -1.133993174690147 46.86354965191697 83.24314540481882 -76.47436356281176 -47.119304639528934 -50.43450687004412 90.5294923228067 -57.41661337598354 -52.482276352977195 65.53794383210285 -94.72216591288314 -1.7172804451991937 68.4019999171567 97.85771918214289 15.848428808483277 21.377652676819707 5.027575658601748 -0.8131034041990688 64.53539016408502 12.20242913076575 32.230620113409856 23.475133994305125 81.75500913146618 -77.21727532570542 48.55428324868856 15.443574994209769 23.312447861795377 51.87663946217691 -14.029218790595792 -28.851544865530727 -55.235601326701136 -18.545231671822563 -57.77847474800897 -46.28702587541718 -15.87615108741332 -14.654838481122482 54.23473465228881 -26.119426078543412 69.23463938711078 -8.519907897826215 -69.7118508142639 77.8956695360863 -44.66385528026522 -88.63949041669605 72.87630894845236 46.250417219495375 -51.30700665217005 97.31641252207902 21.735430952239128 29.2497896179853 27.71677700742326 25.834715213375233 8.479981777033885 -64.63511748144035 -79.40040998591724 85.53736098603301
-67.47019858170704 85.13547327076611 93.60879008396304 44.02927234987362 -59.87478669143205 -77.92268299338673 63.32566349698885 60.36539168887762 36.357367975451496 40.217844236840904 3.3150495471521992 6.042927273753463 -5.40437189472982 73.83656066073237 -11.474918421748953 18.845440863323162 -52.42054937212679 55.53975415048842 -9.45182891239753 7.176081155231557 62.12666963658299 -48.62737541161566 -23.007347222116167 48.217912851954594 44.30540389772685 21.878884102890567 -52.42871522181745 -93.10261423168762 16.329409943745674 -7.3248155670426485 -48.0954173632675 -33.122204098462205 79.41453329549236 -76.15816663033586 -35.44198996084715 -76.27891706284349 55.530294868530234 14.901116860032687 -22.481092240519814 -78.93699094250289 36.72343382011479 -3.7504908049014176 -18.835244664844325 -10.81235266506593 -5.560121077973193 -15.92793873252623 -28.574809883718544 79.586843866453 68.14182487611464 72.1711582413538 38.05370566248584 -55.911650301748786 52.57163292433847 -25.249129473861757 -75.32790221635915 48.68894976029824 36.08348888079294 -14.251395811967498 -55.27363408961965 93.11140727228201 96.2768075779876 94.16206498903193 -99.50314039091532 -85.26630941980164 44.045076111109296 -33.04819412419633 22.905421519180962 -17.890566871468195 -1.1808920550908653 -11.429489954639166 58.114775522695794 47.779200547983066 77.67364241415859 -55.98316284117468 57.64353909794315 -53.7407035876605 -67.98328338003068 -16.613084103868232 94.0343800136875 -98.7526669118674 -66.91560287309389 -43.914960089870966 -17.948599428768276 -11.106181021949581 -91.67082510580558 5.3445244895453925 -4.9128140791798955 44.85594544263495 -53.46151768428249 40.9801917933726 57.4485333950409 55.242365459845786 -99.50704646026307 -5.792994569803042 -39.18489598355768 10.721601459113273 35.888759264556995 -98.569548106281 -48.61466684648947 -80.61091052605573 39.78823487938851 -36.88143796925134 -38.25376361371631 -85.46363702448024 37.55076099058135 59.83006664135965 82.191008904332 2.0287693840155328 64.37300164734128 -77.68346662065251 -41.067328368908164 94.40307907358999 -83.51006882479129 -42.12719348942222 99.42753284567556 -25.984446450952433 -12.310064201903998 -11.895426690621761 -39.09250781499456 -57.47679885982846 -2.1119581089050286 -40.81487831726531 -24.93868690090177 53.26832904949484 1.3184279490715483 12.8423458435514 36.22955183050615 -5.588700635554105 -56.72234624371411 -1.6301724931340118 -31.29072840614198 21.365892475406966 -77.21160966554206 -9.53431042656301 99.86208417242037 44.47087720818206 -26.865889997884636 -99.9064722994024 95.15828685882283 -2.1825359074036754 -90.29856615528698 97.32122511396432 -70.54496792533564 96.86838892879385 -53.51481718160742 83.89183118142367 -51.08085711491146 -27.016432853585442 -72.37376722580379 -52.57130203680782 -65.433939428477 -89.96991512979776 79.72874359987185 12.338472214302442 24.399138518683984 57.408396974947806 81.23002196389504 -17.677027802653612 85.14356438840144 64.83896318658196 -49.60350352768999 39.88068046860923 -94.56200639853172 43.448078400283435 5.053285844734518 -65.7964323857041 -97.08541256786214 -23.631375470932255 59.57610214106066 69.93325478039992 48.290284445967046 -57.756046526564965 -28.737161330692757 96.54221664111245 -71.80109397649366 80.09479256061755 51.35153487297845 -99.30916151791997 69.00359930396382 -15.452139432989398 57.72962368878106 -77.86117680707989 -9.81031998316098 85.37936708122331 -57.923346954426115 -79.9322703648773 -1.418097105367977 -70.90590557562031 -79.7233151842466 -22.81706509389356 -91.31923572376218 -72.13908874263682 -14.726798518773705 48.08652294231186 99.80693899278342 75.06150167474357 34.82957261559093 38.21474363690015 -6.258469283157936 10.65916573133714
-41.28798682401862 52.27076061770748 35.387893912811904 25.20884713236127 -30.715059360269777 12.73291085327142 -26.020336875883586 76.9805579272828 14.05226393055213 22.14966587461005 -50.59073199571014 -81.06591315005997 39.015636118676724 -93.89095527775683 49.10453364911376 4.4522167156515025 9.193668216157391 20.124263708470664 0.07329001325679485 -81.41333233478733 29.488009395323587 -18.541931843194305 -90.26177208677069 68.00593640313431 46.68401746100682 -69.75664816320825 -20.459874364644406 72.06513626225203 64.42598449055731 -12.733078669163376 86.55782034256217 -76.49858328880703 48.68007223290331 -62.56227086750248 64.28342762652974 24.222297295745435 86.04100231172225 -21.771163648862384 30.340420129442663 -98.28250221428583 93.30587863604012 0.4319688360595819 4.336804199699344 -60.87418788284755 11.082217819382365 -11.445951411992297 83.25740936265726 69.62246101055598 73.82949406133835 -63.92782082026092 71.28283936435537 73.61796540031676 34.28994040630596 -95.30524991552218 97.59581292963611 -10.434719981862898 -54.01161203807621 34.49363305927568 33.61688575530383 -80.59635814517779 77.30082192517631 7.089625046569154 -36.22107052662251 -68.45509664260445 -11.76938913932868 -62.526392185001065 48.111145395776475 64.40155591149332 -26.441043693301978 -6.620397481895353 44.85192305756857 84.01961635592514 -89.35575217339209 -79.5208544226238 75.63329879212864 23.525357848955238 85.00364154027983 96.45062608176306 -5.2897632294999255 -50.576039010559136 83.67449016402475 72.90073289081411 64.77088268183263 83.64807087583907 -13.873809164540091 -65.17894636979628 41.55163167402216 56.07582408654034 -88.27833590663398 -70.04097305704079 -59.899702095582775 95.8215617957892 43.99400172647333 12.036830271594411 1.2340198447158741 56.826338058719074 -92.28672298617097 65.30269013875125 39.22322278417346 -32.06246585371626 23.86283573585459 44.06413680421289 65.08873635445326 9.076117080202238 3.1583905217460853 -16.92992628654582 -76.21774346120837 -1.7715577840147603 -58.19242455765647 -70.71322353797638 -55.01629422931915 -91.0197575149358 -18.521633270631412 5.189364270077164 -14.988995859067728 58.71115350721507 -47.132301696873434 94.8547471777467 38.03530331512573 24.077083428749546 54.008177925266494 -90.81508180342803 -36.05682433171575 -15.472631862558075 83.66103816085365 38.39135029059892 97.6100826113526 -69.6729919875894 67.29530774610151 -95.1232310898504 64.02307873530313 -42.12458131422636 42.34779479344252 19.116089285316377 -8.161068902704116 -13.147701441126983 75.69825076323647 -41.884034179160444 46.81483125268696 31.227057785859245 -93.75338813837544 82.65733414931671 97.64477488705717 33.94217079112133 85.53580976802141 20.626244506213737 -74.26719709643632 -55.89796802305764 33.112615156333646 -6.385590419135994 46.89047761518211 -42.34779233232515 -84.63751544764835 -67.5801713647717 -10.350092228891867 33.24235448778134 2.219221532717114 -11.112574945657713 -63.28426789719956 52.137198923011255 -50.7299299888091 18.020933739149214 82.06915582182944 23.772766531812167 -35.682638234611645 17.018425951177434 -21.85979490562879 -12.751610133600593 -64.33272319785993 -11.647912460562623 64.57980209277548 -18.72674503015108 6.730929006236025 64.23474844123325 -10.38438691438111 -16.490195718789266 -17.720458753126195 -78.05152946399976 96.60343212802502 67.89979701553364 -92.45406907551255 -12.215282200112611 57.20839557569869 -17.892332528425015 69.70344631580906 -78.00963989629142 85.76401206232413 22.158849331252185 -22.939302614041495 -18.72001556552854 81.98462757966439 60.25132998424806 84.6681200966799 24.634981693750774 -50.984209468781486 -31.300495292998804 42.53254091781184 66.59972331944351 51.0227163668869 14.98243266989283
50.1862396110231 53.666219979465666 29.003702445286734 26.922311917822753 9.938218598905536 44.6958391878168 -24.178820662707608 -6.645937589034574 -20.2612392869477 -19.261570527521997 31.576372313653224 26.41419930901303 -51.54634162887432 -94.30470919881328 93.45446509367582 51.11869023780949 54.74910512787895 40.17083844459253 -26.289149118003266 -20.869994025727706 32.6475928679092 20.012731895145038 36.18043849632417 23.283698854993858 31.79344729446035 -73.3321656756041 -27.80351442230311 38.98983862844156 -26.50881587430773 77.01131619517153 -13.843804837273012 52.284061064460616 -92.79767999644758 -32.65976144336594 -40.25210187892456 -36.33681336133807 0.8479875484274118 -27.072107809459055 -27.07074258336813 -64.75912793055613 -72.59560884341818 -54.134302133460466 38.046683971228504 -74.31281237497285 -5.522894719622954 41.16399938353348 -50.373717186818624 -86.02860265938111 -41.839663798349406 41.50177332910144 40.30601417157976 -84.0996924629529 -18.890005372187886 -10.19792416909769 -84.05689326504186 24.811390538419857 -64.13037933261568 32.81657328913039 98.36054748494865 -61.45361094471331 16.154258422353294 4.625953805767466 -43.74049288763728 61.32857245660887 -51.849979045334926 -20.05067418201716 -27.25345747348844 -6.75942334488893 57.82212403736787 57.68377577307609 -21.759850912770133 79.72733381886562 85.94202404314615 13.629630985699663 76.65818912523704 -77.36762070457752 -74.03298027301216 -23.308448703056754 -35.40979204984825 -7.330677037522946 -9.58943050949486 -78.35361138358633 81.36524329761471 91.58187840285407 -79.32327558360308 66.26994646734312 -48.37475042830521 -91.06699281615698 52.69448326541914 -38.209523332177355 93.65900616610776 99.73378791964515 77.28748407122163 44.45845447971752 -34.378921620904464 90.35199810857483 -83.81594924481661 15.48691937807493 -89.10743679032377 91.85192416835989 61.19694522056244 -74.36633198124582 -54.260241884237615 45.34637622148051 -67.90617282664932 -62.282831031343086 -38.116602650099885 29.192394114861315 -42.48947390988085 61.1582214077614 16.24817726053452 67.75578071484352 -77.31201295291135 -61.78263767624077 93.97124239526121 -35.16827989491364 -5.476977468144639 -75.92778783840488 31.262596811102668 3.8112791607510133 -74.7403121384645 77.99428088671598 80.29431877702001 33.059724480387416 27.41554958687651 73.34316882337731 94.32784631006285 -89.43330670127459 35.466235114631615 -32.58183975779288 -93.51661750068885 -95.52424353846789 -43.65092064130152 45.77998422613595 81.87465459882523 71.5490504300233 -2.4203316183511276 73.30089806612605 -36.26824439232974 -13.664923097585486 -41.40813800436107 -18.973000228118437 4.211589025443047 87.03338696233098 14.479223921393597 73.835880194862 5.230057845853182 -28.556963528139633 86.61838167576087 84.84287861819467 -78.92782258546573 63.44777111393742 -0.7500970740550201 85.8902455158985 66.90490486069982 -2.321352712799367 11.840354077129518 72.37611419470994 70.39140773588144 -61.53299127422169 -11.789251813499817 46.53808223580006 -17.947949439886244 71.45085109594578 0.7433585408610952 46.98165814874545 -0.29654247105503373 -68.21235060890666 29.594898583368376 -83.61661252799365 81.82781460302616 -59.252715077419495 0.3287730823860642 -69.52540428615154 1.8328618095309963 45.085074014659995 -27.896785956613286 12.018868082045088 99.70123837874016 -2.6684129695237857 65.81087429151896 -22.516214075000306 -3.871478371185063 41.08926419148253 96.22088240867171 -79.78978066301671 -17.371451543497457 69.93541602491734 70.33036221683432 40.43185645786053 -22.979238126123676 -28.6557267760128 22.363037239841546 13.6103552148857 -15.20865998001885 -77.38931016741489 -86.17304790184916 67.37848594847415 -83.97802907895237 -73.37606986824665
-14.820127101702411 -5.304560873781881 69.8218418201941 48.533639500689844 22.737077253230282 90.98568459844464 55.24491880322995 -38.97003901142531 -51.58016088420767 33.4920217552621 -96.44505292872199 86.39205679494509 -76.66376404713313 -51.091257381018785 -42.08946334056709 -32.38244679484876 -58.941981657840884 -50.37981024530613 -75.4868467911599 -65.6101807126535 -80.78670037982747 39.19707032303418 73.84482791047438 -37.01128255635706 59.238219415788876 -66.77439921574498 84.89859691166586 -55.69342218429816 26.817425175410477 -76.62144040839102 52.893413584103996 -38.65723868207165 34.89010424355149 -25.33768262616711 -92.92488264568131 29.608657480326485 -61.07047503931933 42.81499957441633 29.01534537938963 61.403838256882835 -32.76701182946118 20.48220366869711 -15.35754743763438 1.539139044607012 -86.30986072818759 -35.56915069106326 -63.05229589096677 68.49613919602572 -42.316738801867906 -70.78654968450246 15.207731515924678 -33.199205094980314 -69.06360430260328 6.938570086426239 89.96361801172372 -11.842352406848107 38.9305567100935 -5.565139928987946 -62.53230993268559 -63.129093677194504 64.22198856147511 -41.77484635726585 76.04428496573078 -62.400551178009714 -67.76578236981308 -83.72196992994333 26.743432783766735 -65.62857376946909 39.538085639030385 2.894860292801596 43.41745329606198 63.937733266183585 69.2848814377985 50.31881719836008 64.05551103944634 88.71532630845124 81.66815488049735 10.005479495201968 55.7941044125711 -74.57903869473957 -51.10925492086393 16.168664184476043 -22.80667985061538 -41.81519594503771 90.45518224767139 49.239052321904495 36.86062288515856 65.67867211408671 -61.970991592112966 25.369599337362956 27.17292631475479 -82.48654764012562 6.991931837289414 80.0146590246157 88.13070083496171 47.03721952088614 42.170898741078986 42.29490895605605 10.675971295445493 81.78933895168032 45.89076275403673 -83.39170090453156 -47.02282060820701 -90.27926584636464 97.22242873766365 -72.50823448942111 -80.4709874735665 87.32793277198368 35.602515210131145 11.71649570592075 -51.698381984958 -82.12987608427275 -50.91785060685965 -41.18230772974005 38.37250159028156 95.64392484146828 6.862090055471299 7.313108186090034 13.457690959074014 -89.6065984946198 27.696398558804347 -16.204531747198757 2.2493321480032904 17.190511049955816 -55.52876854947475 54.52394118104084 27.60788181170058 -88.07823156969752 -85.81263460631361 -25.627092212413388 -10.761674307317378 -20.870493609374407 81.79836239212977 61.5875564946011 -78.34178251543145 23.318263218376984 16.083482144510498 30.828707327552422 52.62046789931131 -8.745915665908385 -98.66067166577767 -93.22710609331514 -72.43554696275692 86.23602013660525 -9.097128754063675 -81.05894239328421 50.29529259314941 -61.74209327640136 64.62453853591327 96.2225769376565 -44.649274757558864 -59.83365419018784 11.494269030272818 90.74470190714138 -24.157737919709746 -60.86197358414813 -12.981539794973102 -6.898228413738423 -38.49321310722418 -86.4349160529142 16.45230184072868 -85.92648519101007 -75.73566120058281 -56.2262849625885 99.62506291968617 21.286796438186144 30.895488508167745 71.4241127879574 78.46283822071575 -25.580566288108784 -88.14702564723956 -14.52999787348 66.5233249727226 74.87834205551937 33.97942306648673 -69.56782517466942 38.29658033317489 47.91189151235352 89.91923513007794 -3.850822554714739 51.82459534453966 7.365525517822974 53.80594357682668 89.40575731420631 -96.36660708822669 -38.10338897751411 -78.23913914911698 60.43844563440112 96.22091643985488 19.53319328083103 -92.86609947152994 -26.656794351709493 -47.48785778318523 49.623310194323835 94.85494990448234 2.1756311138748146 53.14794397781645 -39.021559413262906 28.220068440645406 -51.41307618395554
72.90295796521781 -9.102754637933927 -32.170936194342104 48.96429650393756 -20.160092488512134 -60.86283589638863 -21.024995535383866 -84.44842624160935 38.12531975257525 60.31525122120192 18.817208967856615 75.94198067161125 -15.029347120007827 54.581195378313254 -0.04018113950519364 94.90204819857442 -16.308211732933444 -3.8502334990197227 61.73162514029525 -0.5716105805762481 -91.28833056162699 67.13417531300843 35.52943324992265 64.24892834622383 -54.75862220882879 -34.29420012557148 14.865199499483765 92.08557577516888 -60.61233244109401 -89.45852211505527 -51.04436424414573 -27.771330145710778 0.6749119686413962 -8.290773102299639 8.842973988191957 93.5348408418161 25.035396704634437 84.11935039293127 -43.5877584049629 -60.519624265399365 -52.44608088409413 60.16975592469268 28.93023492911044 18.32485146282488 -18.095948943343515 49.15858885539029 -59.20103402177441 -10.657472232730171 41.9443375145851 66.91624434996038 9.434030818217835 -43.47754424999266 -39.07192767767982 -82.02224630268189 15.273224823109487 -26.90387198477886 2.9577235625753957 24.514365595181857 18.235630644911623 -0.5368779355416962 -67.92662268938955 54.33604337796626 51.41159401827082 23.12714588268338 -57.69560678337313 -77.2513469972512 84.52047345056292 -16.150782471722877 -60.26236253282959 -99.93862379407312 63.34345288862215 -80.89100460439519 -77.58130573594428 49.050339863009015 85.80805990722197 -76.0530120271016 68.82037938019712 -99.99396028867945 0.661664209787574 -22.539708309262423 -95.88790406761314 -67.73644141017522 95.12049496846444 5.081852975096851 -61.862269525938075 -33.0699512138539 -55.43005931046081 60.43424288414275 55.095223506393125 98.04044027340092 20.463511644602363 31.279776463218553 -77.27793182110682 21.370306095068344 4.74888510795266 -76.73631153510978 13.164931880633304 58.846935970285614 -45.156585075306175 50.41165618671556 -25.64702908379573 -27.36746270131843 12.56786162025658 -11.775490998539368 -56.86596590413868 -39.17396861699724 43.22327672379308 -55.52988007164716 75.98859267083034 -53.37294399921093 23.494698696324903 1.9888840752373227 4.130062094863064 -10.134868279453073 -60.150708698021816 73.24528681841369 -45.63303887348178 -71.44707741089377 -88.09078366321062 -52.97719838183552 -70.98603738951749 -79.87013442562017 -88.41280190908394 69.36042955540961 -26.942497464872844 59.3942431503487 -84.46319228031919 -17.724111459014267 -98.48491098412944 97.32536615736998 -27.90064698974919 -18.781174562287788 -7.016975920879929 -35.850327984322334 33.149425867698454 -97.76648093570903 82.68998812745733 -36.161048235840276 -76.0492016471724 95.99603655276465 -91.50570628741923 -9.651809712274854 16.303931989312886 -39.70969109779878 -6.158855193247703 13.917460133809968 42.58091876554536 -29.602344759134766 79.12665242190096 39.33783383898671 41.176782463402475 43.02439086912767 58.279089775903316 47.58072494290491 -48.1515288184843 -97.17310968592166 -25.423534794469774 19.409559190518365 -4.36552181894416 95.64670858971479 -36.87699687736104 -65.59638224416477 98.36948350726175 1.1286477725550554 23.097939100130517 -22.609333142345633 -48.43848541413722 -81.18790877939466 -93.32083361296053 -89.32028515147061 23.432432642039885 -8.098542941304004 61.85394375115624 49.065505487893574 -23.271758596060806 -60.877354151873206 -50.49342665872909 21.43981514621636 27.43444469344405 21.748057174523368 -22.99119076762956 -45.5034413912786 14.406625589389051 -46.26763647041605 -52.93174354529548 -43.64616852625216 57.45581486362744 -5.611041157550602 3.521345430266919 -7.420113755234098 -61.03383069707606 -67.02160580375842 75.46642576400652 -51.12040394813704 73.09762729347054 -84.15562247316497 -15.71337284798038 7.794412097220231 -51.662942924190624 48.868572355533246
45.89432626372272 48.379368206958844 -37.98202147166086 -74.48696864648153 -18.607569888396185 -69.07873516448535 48.247727605867055 -95.35584487688142 21.237623232737207 28.818234130607067 25.482753506574696 96.88988867177457 -38.571389987193605 -99.71570826090411 -33.46756280895751 59.328128710431685 85.18669078562232 76.49039433776076 6.367288009111931 -20.08925322532727 -28.49137240209683 -23.150021634335374 -84.92629495645699 20.69204604218085 -12.987753755428173 -19.892447207179444 -8.696577731253498 10.418441402410565 29.42336670867647 34.653696435704774 33.17875286010968 -86.1953535475445 72.13525744688855 -82.49065260835262 -0.3487547413442087 -15.613386771582043 -75.04284958831364 -45.15089815186171 28.31212182031132 73.75219039658239 64.8922205461622 -91.35071263774464 -44.64738968437185 -96.16603898858042 97.4131282596752 -40.82065431780153 -48.930992524224834 58.65941574880031 99.45491327073151 2.2531720131687933 -36.3124125164235 88.54639397095133 44.79377658276508 69.17153333870388 -52.72787446082787 -92.8861687802718 -17.01969819541938 -53.8067682971469 -43.37465399002911 -90.51229369564291 -87.20136044669258 74.40688439541384 -57.22280887037981 96.6101673408287 97.06614096516276 27.11496772917505 -32.17730177695151 78.39234340302283 -23.90016737947265 32.26681751965276 67.96022537780127 74.86124704107752 -63.6119471567832 -96.84127191235663 65.49809506788839 -29.41770176719257 25.647810897450313 51.686433313118954 -63.676439602693094 56.03021565056946 32.13686809523952 -95.15706318514651 23.455652608986654 90.0646539480893 60.67238838063463 -72.8780324160572 47.31750333286885 71.07773836126427 -5.127424112770768 -33.84530711126 92.92617290629451 -77.18733275272834 98.40172032142877 -51.50030296774004 57.15261552521804 -14.10984496609015 -67.08434974290134 -11.897676332762416 -59.548287168724535 43.341606855998805 39.19763326400084 -49.510625180120904 -47.64387326153139 -63.084875401287576 37.61914317760076 78.65288972983413 91.56718245440578 -33.77930891385563 60.79082651490771 58.01131281257156 -92.69015054130546 -8.406724248959677 -76.09984977291538 -57.10402661675591 80.92768116658212 75.55681870786157 -79.57652565377256 27.54464109293812 -36.60563108712045 -43.65839189562932 -67.0315131829557 8.227036324651621 -51.507300116033704 31.64437294487908 67.44003936355301 99.86330328255335 26.445470805083843 -93.08363079176993 -18.348223512060983 58.531240325502665 33.31680151834931 76.5252860194478 70.70042324126467 -26.648528786124757 62.86340544033092 -67.29481392395519 -52.65109904535967 -21.876449737285554 -9.752608365968769 72.88224220679402 -55.11866930377969 -11.464656379371945 41.21067064935329 -27.934618619293005 84.27835731220534 29.19749263802214 23.284317320280934 75.17204241982989 42.17627806112404 93.53944279910019 -0.3587697980738511 -58.64911610451009 -57.26767867869251 0.4322287217912475 -96.94033461272167 23.244058400740215 -2.900948834195759 -82.68382297983526 95.72121413241607 84.89366309804925 -51.945433661789096 85.47839638336455 53.73493800880996 -83.17525578749036 1.8728169804417263 70.8031955270437 -14.744300567554063 42.700060511691845 -40.8386499403355 50.97458635345305 -72.00504276762192 -50.471298049312765 76.11843245234508 -9.745075896153182 -90.82082929334376 -92.93558152678212 65.26582330820798 -25.544861779423854 -7.881886981702607 64.86368949491495 -2.500161613654555 -0.6672391152501262 38.70783620759386 18.43762282650063 32.06297952136495 76.96563589819877 42.67126207644597 -13.0329486641742 -7.277347013162341 30.21325082439097 -9.93293390488985 -65.29552298750585 48.39652981776658 3.5319914519167668 48.44276214534784 3.892482647694578 -59.55125475333218 17.190503888632065 -92.54885617899066 57.16623562781513
42.16327398893881 -64.09376255203128 -66.4214001507793 17.679882856446284 15.676375924420398 52.853141079106365 0.9540780976016663 -42.5184880700525 69.13018604375404 16.125331612794213 78.42549792817323 93.29377063618725 45.309807381516435 89.66558698063042 -19.10830804226795 40.28078846893658 -45.39666102082218 95.93506313811784 20.310892630253534 -38.8494399658341 41.53993744401757 30.583059839115435 -69.73528289583221 -89.57603426625376 37.77068685108989 60.205665504228904 -59.84018211336917 61.01207453854997 74.59090566317138 95.03058170140429 18.28741720272218 14.097841173081889 12.177530139262288 24.623759098017615 64.75249576069783 -56.75592061035173 -6.4504570455354155 52.99893813725865 -96.51066826610733 -7.709458142616725 20.31062738322727 77.3861899364914 -92.1419518333997 9.38899919075567 56.952989937180774 -77.99206679366277 -83.55264572433947 -53.887398898514036 -96.17463301869873 30.358333290819246 -40.32396550849491 55.86007208968488 70.7761527608865 16.08781880425296 24.076856767638134 -21.41123546519954 21.15967161819343 8.27495507540516 -87.77293537532658 25.462603220276847 65.67837768691999 8.199712559522126 87.55966203793687 29.63009838906595 -19.74235205968826 -42.57854890284021 99.06956273261434 57.66696653684414 -55.68745316113015 -95.01135858626648 -24.85526060997023 17.877084933238436 -68.16293922140324 82.81902009548111 -57.8110990341925 -88.47723403965668 -48.32442345611536 -8.533647515443633 -44.4853144258158 22.083694116884487 -51.00092410213901 -84.95514061851921 -8.60171264921054 -5.780066584610296 31.87092060348229 -34.96484084019163 12.011427205858766 68.98429637473288 -74.98812321387851 56.764291758115746 -56.697400142595015 91.45519585908843 35.4865785578921 9.642343201072137 17.533263152953623 90.43614592199879 -38.07126214365824 16.095782576744043 96.48924190139601 38.741503727729054 28.741799538735364 66.0661265798582 50.864112061402466 -44.88207743548334 18.922627144283652 -77.29597044319942 -56.56770832910736 39.297721026647025 -11.321914583148413 94.78759268043189 26.317649679827255 -41.72101557895467 -1.201569239279678 -24.352699317984076 89.8718882056709 -69.35789896442144 -77.81902865600301 90.54921751745303 43.876499800628636 -54.580604947794775 41.6872154695358 -51.14398302288554 -50.76594279141355 95.85242719879338 -43.929920828324185 -29.05024514222157 -39.05076554870179 55.548795837223395 -60.36791676896183 50.22401853387893 -47.80502906178947 -89.32807742161575 -56.91724323389003 79.21409963447036 83.67289065066512 -87.28165671217528 24.555618191695544 49.264675248989704 98.1287872362227 90.56856444264116 29.90680248803227 -4.977471827905958 42.24412745068565 -23.515489965756387 -60.07543199390008 55.58991180364464 92.29977262993995 -68.536918035599 12.872523115106446 -68.06292796362766 -16.781791274764373 33.52048194721402 -50.728200364887634 -39.66770046762878 10.57803853336668 17.612268586936636 68.74265331730092 -37.578196058426116 -28.706298182595276 -1.5794292588367824 69.50860225896253 45.90741123056304 -9.604328752057384 -9.252537491275888 39.54373887056914 2.501411319876226 74.70603478749359 -1.8190691270264097 -86.75462044014246 -91.26456266194249 43.14670559648681 -60.98588138695615 -45.5853376049103 73.86493052261781 -81.723460650791 -14.740231531472176 67.01086743602622 86.02108196888736 -50.53797184137676 98.7279990909621 45.06022425677753 74.4926969439465 91.46140798501133 -2.996392802758649 32.10120928671722 -91.75526809950283 98.0364474460612 32.30039419692048 -1.9510783243629248 53.89853278657816 -65.83887134742257 65.99519266524047 -99.22625470357214 -48.87640654616172 -8.510855720946338 97.4175406912878 -30.44772649573187 26.990734383119587 60.62370013630559 -68.42994869924036
-46.71477761371059 -18.549447160065952 74.09794241191042 -91.0481356382414 41.10229712942058 34.44592577070708 45.83221587483882 72.95136248347393 92.944987328049 99.67014432565537 -78.4994853124621 0.003408022664658006 50.41705922295884 40.1165375819086 58.36756772813419 -34.34517406393107 2.8241760042388506 -72.36786677013211 69.33784661925165 -95.95847911917335 -83.00109413105376 -84.54965713855374 92.2249985900655 49.11772963455502 -59.409930735881986 29.58870809084999 42.6065577849931 -9.168144139757601 24.034698452475055 92.66841689801882 99.70671720547978 89.7947585508173 -50.20030222905738 -27.62216731466063 -14.42057028754651 80.74520710381657 -1.7592922464808538 73.25910915317505 -3.191890233221173 88.74452207067586 -40.19035304666534 -60.61986393534102 36.76547408457458 68.90159503421299 78.37596514377375 -28.39395093069659 77.13288253485234 -83.31903512508912 2.1588778367765116 46.21135939776465 -31.28961314059366 30.807496851087166 99.40257386622565 -0.37339778063767426 63.87664809823755 -5.007601613355789 -79.39713264490854 -55.47049289128161 63.28066933792772 -77.0475247456839 -13.1115108704887 -21.656146579483604 88.12531999335266 -88.0010204164119 -17.951695356834122 -89.94207517122761 57.71436010171888 50.57263899689124 -69.47920120486441 -99.67213383827027 43.93379151286081 -30.70079467895404 70.15052703251715 -70.08928841151985 32.174125072959185 47.91544622429572 0.2745137045719872 -40.396092675171744 62.464039287057005 84.53660192714983 42.57389203247445 88.10221993000786 -97.61054690176853 52.04364149479491 32.104360514929425 76.73043777036912 -5.846755652563232 76.58681201001073 -11.672938248246993 -46.652861078161266 17.96676629107978 -91.71055163683187 -81.0978726580417 33.12082758460667 -23.135813973381275 -81.09639854541106 -67.16737900841802 -43.87584352553344 -76.21307798532987 -96.29284646948166 -93.24663126217312 -47.33807205997114 28.670337911740063 73.41606931959996 -72.33694576803691 -59.28801785070106 -20.219934002208603 62.42154319142631 -97.1227021257713 85.22946825638263 32.6708843804216 -71.5846477305572 -69.91868039904305 46.34319535071589 -29.61697174640365 -34.37415309142074 -42.64659803857755 -73.23947292446596 -22.79913339148625 10.95771043407656 25.6198927754902 60.18327413619434 77.9333713685642 -95.43002481566296 -49.42281749353985 91.55432048249429 12.63694113528075 55.73593518707827 -47.66391637800067 -91.92773796695937 53.671438126593216 34.882919714464805 -6.318652442901012 99.25817504217719 72.54600809760089 -79.03180586047094 -41.492895928603815 -48.05903164285263 -57.194901070777334 -43.194055980306786 48.609721016558325 -21.63445635740871 -28.733620332997447 -47.217363036858885 -16.223694119181346 96.61501388124913 -47.67349311600122 -20.341676029873156 4.968600610402646 10.572462368956906 -84.49524828630959 11.510307946825904 -27.237814587510073 -33.71513990461817 28.236664577119257 -65.52810386258159 -80.96415576975964 -5.546911227497532 -26.05724740263959 61.1756109885786 -56.16318686220703 6.90683691869387 72.66563226635645 74.43591730391336 94.7177584577814 -25.43579938917921 94.42821349003748 -42.43896260776481 -42.868168745793646 30.304642332435975 -23.112162027066006 79.2437582908247 -25.861277785020704 -74.93328418664309 88.77998504361815 67.94729485767078 91.64612544170916 23.3405972558556 80.91866733480737 -38.49803953530069 -31.636948657200463 42.90320834688464 92.5629949909976 67.05349434967013 -47.318471417242655 47.14440605896044 23.920985966901014 66.43277864581876 -85.05305407881949 -26.712055785543527 -44.20645417686542 48.459047917768345 26.170373342006144 20.98046932438622 -31.528761892047356 59.96476711364619 -95.07367040807266 15.72275399584801 9.924925821261013 -2.3063268402188157
-26.141648087127777 4.350609616165542 90.12776294944254 22.175726691723227 25.787768111803942 55.55645037745845 93.30576011171706 -77.28757130640915 92.80505639128148 -97.99577364148308 79.20772706035498 -49.85446098060549 35.21239690921453 -2.6125103173508535 -39.906999261726895 37.20623624559303 93.10700066126742 50.22088334083591 59.02553260527122 26.574696914524935 -61.57183432367208 91.03573887909948 -85.05888507066133 18.568874181636218 85.26524351199564 96.2791138105031 -16.330381570402167 -7.595435373887398 10.224366183041951 -74.06491232478866 -60.43794795912567 -92.64565509659259 -1.2477992053398594 54.413780913296506 87.83649164847091 -92.95131011298778 -37.91929763911377 -82.95108332243409 8.955929077004427 -44.374167272226 -97.70950876188127 46.43776992062388 67.95955448925565 77.11490240151966 89.69362338626252 -77.4413151092737 64.95873346385218 -23.47578780234923 51.42843571803152 -51.133059226911335 -67.9779339425814 89.78637033529066 93.84585067962456 45.067021490711625 35.314527309682546 -36.47055656967535 -62.34983298354335 -68.98215751023432 39.131471144193284 92.98334324689253 47.79443864039342 -75.58685639341707 -48.73515358874225 -65.96080537452531 -44.17213955453363 18.423765089662197 -4.567215469723692 98.92451109998257 -0.03164008808809626 -30.941020924818957 -86.8753073756746 28.03615382379192 -42.63436476986169 94.8432220347469 -66.72012056811863 -54.945366171348 -66.20259165714681 -89.28675672572624 57.10627217545235 -46.62354583265434 -55.28238449201008 -52.55506033186415 49.21209062882909 -75.4385874131109 -80.9676712169373 -87.51685699236734 -74.88164102184706 -56.87956296073708 39.93845009441327 77.95999197413406 -44.53385751241472 58.00455682111598 -6.127821794608195 32.767775781357415 93.45029507771531 54.831749339875614 -76.37896119368278 0.5140034932043136 14.678469120937706 13.898190197274346 88.0141172531604 -87.54639272568541 -2.857287455727729 -48.00729989673833 -57.840110072778586 60.719320111477316 -5.1558734279715 -67.35383551741492 -28.663801842605835 80.07264751326363 -71.71181031096437 33.99387863187695 53.29200606720491 -51.86868941400371 19.022273603850365 -9.87612634523154 0.6489141032011787 44.64556178438241 24.903633923967902 -19.75804976048157 96.9490147671091 94.2634425344589 -48.55176390027274 39.20262110225141 -53.309457533839975 -70.28981742140098 87.19849865733974 -23.604197588804084 -77.14335435116035 22.847853689407003 -23.71207002266773 18.297426050966095 -76.04725226827343 94.55927228366306 -31.695000298527916 -97.73726614316836 11.138572805344339 -45.11731077911971 24.07331886615451 -69.58531897817844 -1.3566921488651644 -46.284294390683975 -67.7947271667729 27.000817521313508 16.22898686710346 1.4816991294313908 -37.37577170732922 -74.31437429950773 -25.589151657036354 43.132199924948736 -85.06703377985782 62.1953862782037 -4.980089520354042 -76.23861547065604 -11.198356723083222 69.37442070228411 61.692331191674555 -7.735693275320983 -58.38809006257695 94.73416434522483 1.0179785534161283 -25.932286826044688 35.03792924351302 -93.00249423079963 -98.38991225577051 36.71986839522768 64.84533555520935 50.16760463914159 -77.03387848274734 -24.76532758481315 -73.64633261691822 96.71064034300241 31.170674223598382 -38.67999234572353 -68.57729819847651 26.882088688159683 -8.31712773677134 -1.9486904626795791 6.17077794815593 -10.219942303896957 -43.314562183665515 -56.22461376906121 -86.07883158454368 17.281921807417262 -7.784858105061517 -98.18046901140592 -65.31305077650904 31.15303282100595 54.23204289032424 1.759320074218067 -21.938489681571752 22.038710659134736 -9.745136210138554 39.609407303853175 -84.326494986376 -86.20468068266325 -91.58636968069462 94.22995896273417 82.31698921570018 -31.489552243928813
99.44356974689859 -58.01839314693649 60.66063077531564 -52.338224193902015 2.0818857519710576 -43.928566522209735 14.575096315575792 79.16665071204582 72.59600690756383 -90.04025325228079 -15.478025927352832 -66.06780999857696 81.25480560400214 42.561175367414364 -71.70639149878511 -81.87211236558426 -37.1165833313607 33.313735213329664 -50.26945574898563 -66.25022055128505 63.892572896012524 1.0069632078448194 -40.79597905826884 1.9111346000908185 98.0826387057281 48.457850225031024 -41.19759609139657 -70.81293480100965 -37.24437325267695 47.29149155334525 29.45138951020101 -85.44645186614429 0.7684431009625996 16.975237265310156 -68.25625106675184 -27.606304902686787 -82.47362516261383 10.76483282375915 -4.550303855498967 15.731587707559868 -6.626504169183974 -24.05929306756886 -12.623083716810243 43.1332534927181 3.9901694733313775 -17.596849153694393 92.58458974724917 -12.934634127339706 -25.785985375583877 39.49330691480111 95.26410353338045 12.054558446471958 -39.32655078839065 -22.61258638128585 30.8826808261191 -16.326195276331745 18.625580479626763 26.58853355784629 59.94623527326226 -89.78261493661945 -20.01642859126555 -66.52690810016146 -49.491652961138996 95.88210090739503 88.4273041417351 72.4312020686798 -23.756802413631007 -77.37787316942222 10.835539146005772 -77.12443376761604 -67.00909543402207 -88.12419996669534 3.6316983848052615 -49.39454098757541 -5.848976892390851 73.35653532357159 -65.41436769767259 -92.96914119127766 89.62821140170877 97.03024296117536 82.13397007664042 25.527748126604436 73.41474197756298 -84.2934423888422 -66.50004001960177 -92.10788962221537 -46.618089328187054 -66.02242048150836 65.0877284924608 -37.38491113728819 -98.72228128209332 26.58796546774869 36.626875397570984 -25.215184662958535 2.2475902011313877 -93.42971135449514 -1.8913294573868171 73.25019138540856 48.22009568427862 -84.67543047724872 -0.49454397683052775 -92.70128060013853 -83.05028167642078 38.41732609128289 -47.350627307113214 -75.64396138630383 88.70148050094343 30.032011399488766 24.877491281331714 95.10952391763107 37.38045716089675 0.4517401082629249 -96.35976588237392 -59.88994564583705 29.12528685122865 -97.4221237872203 8.077563710547281 -27.81224554956681 73.5393832317414 -21.00384402646405 -61.09111840400922 -76.502045615875 -21.20339730535119 39.92952858001857 31.163144531789925 18.209425953597474 35.219510554304975 41.93821076664173 90.33907513422548 5.818139141680746 -17.475934558194297 -16.015842333363153 33.21809220659179 11.577770007442751 67.86389520256964 22.361007268162453 -44.71797040969074 -62.8382098463568 11.401941596233954 -9.967468696647714 -69.46108642475726 -62.6852214347247 46.45221952250344 -76.97822875518764 -94.29460406337651 84.44876660039336 32.29979904123118 -77.56073813102562 -1.4621355478574287 45.34610306268695 -37.505027769726354 -2.878778121575664 28.64319240042417 14.79076932918042 -58.75160592272244 -38.973526618952434 -43.51563600370982 -43.444396950048514 -59.43307003282503 -95.61080071383417 42.03075212543672 41.75762562375627 78.00569256338545 73.39562327412494 81.81808306097261 70.14534022462996 -53.902248667063944 -50.89969512082655 -28.518715123570132 -70.06400505515514 -45.23197300826154 -97.63765017155612 -86.23962449983739 -84.61650528630238 -64.31710359478012 -12.024123900798529 19.74835332223266 16.466106892227188 20.18262711884107 18.86323991374364 -7.66314535833321 -5.295667033113631 -61.019165727200765 60.50015781060526 -61.08829143432579 41.69760994676716 5.80362081967769 65.20043325995013 -77.0350056834281 4.119298837968159 35.000363060321234 59.26711083285903 30.94493834391392 72.66651523107848 -29.827010625474387 -33.99284136748091 66.44146758020554 37.33610359709246 27.058727044351727 -85.60820772857676
-20.82635498035954 51.23471611180685 2.4030008358327137 -82.59819544191572 -64.34705522265365 -45.82841297316571 -56.24391624741498 5.411156682336255 14.315248554853781 -63.7794482654376 -5.197118060897907 -50.77671855755068 -83.91737472002976 6.189406404385366 -67.40791144594829 -33.74851931076965 -96.73060514355318 -33.637487368465884 -17.868347232352505 6.4154400783483965 -63.906601982180725 -60.025042140561546 95.53146197639 2.704346594545612 -80.32960497326675 -70.6592685007317 -71.70480359639562 22.12487598566615 -61.80012957150749 7.595104369520627 -70.53024658309452 -58.9171808037678 50.479099468420486 66.12068502371983 30.818195628374042 -97.28845709012435 90.03431996561113 -61.22655297745992 55.955246202658884 5.068528094076029 -42.96939758795466 -45.64030788356212 93.45344423978796 78.37908266318519 97.30928270913878 5.089950111542763 62.66060349815106 -72.18536658500689 -99.06270260413051 -54.52838245042548 -85.4989289885798 -43.87691392305748 -97.04929493096246 -18.01017595956668 69.30793929058285 -73.72193980313205 -56.26308838764928 97.2322337314709 -0.24847971000090752 -8.66978751823541 -66.79483530801642 37.939398178399415 -95.18627602117307 92.42442325355853 11.503534474979233 87.46725594048718 -68.911932239072 36.174333363038215 -18.328095095273554 -81.87009438126827 98.73419023748556 -60.27737837873928 -2.9238878958408634 -8.584659567816288 -14.893975617384214 3.9667204573403865 96.10293196529952 -92.22551889108274 -99.1160517172867 -12.155194903623752 -83.15268612538591 -68.40136981364697 20.570553095588267 -8.674813069646575 50.18457219608737 24.26378812206356 73.10356699815858 -49.60948045767193 -63.12600486720372 15.136911788989792 -7.502091275788317 27.914578366642857 3.6225831384267195 -88.80827104492147 99.38285609417397 53.64804804656259 75.90087737023899 -26.433994039345194 -27.528291136226144 93.82228466676713 86.79670216021836 -20.22054951404229 99.48373059589278 -41.14026491448601 87.58690770386386 -64.82848404523924 18.561937895952084 94.50227959830787 8.438719009405602 4.064553174994018 28.942551270143866 -78.1445932947066 -89.86065287113418 49.65456561179417 -81.00560543517221 34.953557267250346 70.61468011945905 23.36161073918133 43.460972471971104 -3.9421790209726737 56.41772248346933 61.57963696032735 85.05913555689867 72.93851914974945 -24.73708828012873 -97.66526250088504 -99.05405765273633 32.26206162049871 -63.46179623902262 76.28161367263041 58.58409848410383 -46.54456759586301 3.324885265853837 83.61983560329219 -53.03852890734666 78.00530965557945 34.52099850525258 81.6949118102898 83.9862432527789 -41.89483006006493 -14.747965630413546 34.28823799726686 -69.31449739974418 -79.09245395092574 -52.72657125834761 -55.612799662801415 -4.350414263815637 63.49279197769647 -62.43237345682107 -54.00181808485933 -13.573937961539556 32.40302486032516 -17.309088365210698 40.26689791292762 -38.761435045096924 86.16170134458264 95.6856239035906 -70.73211365548538 42.60623660517348 -54.67094872993159 -22.811426265298635 -72.61633626894553 -70.75581674550489 70.64482833199997 20.93404173082274 32.39915698263496 -20.253138819931095 -75.01267548291224 11.778543383553199 48.99964236889713 72.00766186527824 62.39998023501303 66.71362513279985 19.79856517997777 -32.48714369618068 -29.169311508848423 -39.02974885194443 43.731803489394395 -59.209184029641506 -19.229598771332675 -0.17614101544613447 -77.67565847835331 82.50154147869654 53.52543525244198 49.04114480221108 -71.6637936517453 -59.474749047404195 -77.61275409261457 8.444697972263498 -61.3890824916522 -89.20815569882254 -96.04659474890612 35.1207961894346 44.310307372696116 7.822222219722946 62.53179809489268 -62.455700516777625 22.914404467691114 -78.23110287416509 -45.39869932216958
68.0267027422187 -79.89009552853275 -47.29128660789645 -70.33225773388577 -59.2472261792736 -45.80729024879775 -91.2042777773048 -49.3518891125895 97.1719275515434 46.250187874529956 93.65703915655018 54.50218247201798 -98.55278550291172 -78.36073390786704 23.42415698584273 66.14681714778027 8.487458213811408 -29.941611624208136 54.23546135727048 56.3837864084814 -14.419167130918225 -56.31255123330712 83.29576978614702 53.03774148366642 -75.16060321123415 38.15865627654921 -36.99638621866972 49.981381963335906 82.76187538284401 91.42205269988267 16.546133344249682 -33.39199679694826 56.04702382249326 -8.843856997019572 36.028332548908395 81.62098697526471 -34.88942877211396 80.20917964659517 99.67321951050195 29.631104091508263 -88.00942457202963 -12.614101942482336 -91.18045084213999 12.031486735648002 68.58355097914293 -38.533528815723585 94.1354032583869 51.03165327642549 -95.05443484485927 73.80485033228123 23.200127328728072 -39.0415602497371 4.766620083339703 -9.139259121998094 31.92613279088954 -11.34404374069571 34.03505676914895 97.22076568977974 86.55708882930125 -4.767789234914716 -52.37229234844803 8.811667829999621 -45.035998789095125 -15.020364348151105 7.533291465342899 68.31993621691183 7.298437344706542 85.97651620126686 -6.7779167175824995 43.88705548993056 51.60621956199816 64.0312540694436 41.08807641641948 -64.84942780165954 -19.998864409330693 58.656519061529195 -65.13492337009589 -11.061491095045113 -79.4632861495443 21.28915261048276 -37.84478962364848 -15.4128147176489 38.91850883229003 65.33280093066261 -94.61046073814043 -89.62772250373527 69.24820752558367 -22.756946082618597 92.13306369560584 -13.057560999518032 -93.95926504676227 -28.97219660223091 -78.22341998960559 -75.00674707024078 84.75939944950687 44.66701708557463 -21.268347517327115 80.59604510180742 -38.393689412042555 48.216113987568235 -19.21605691557562 -78.12196961596027 -64.15737580393785 -77.68502849011139 -62.34370809832255 67.75351552646325 17.83905502747504 19.927557096328 -66.13704950576293 62.56706429542547 43.25152273195141 -22.42324578609427 71.92974342331408 49.678100402376685 74.23373887688157 50.67562896251735 -2.4379709941644734 26.62784383789885 -55.64733006051301 -55.11185916010153 51.771332520761206 -38.22984896823441 15.836170649288235 1.7415926781295639 -86.7502462729429 -47.92785735896674 -97.94801095111552 51.356460503766556 76.0647011963814 70.82267723261162 -40.71586258366165 48.27880386677097 8.568313338044817 -52.61889784541003 54.47175227000406 -64.41735157599115 32.88547662739214 -84.07260456023317 -86.86485218442735 -11.877846937246431 45.68891250360366 -24.863158397686007 95.25719783669956 -51.292796963339015 98.79879739082412 24.504690944305338 -58.04339859792569 -60.973387046082394 -85.49566775793951 -45.18266031697162 -96.90442976637068 -8.242736642124498 -33.82060488211252 -53.071926999190325 76.72123714301046 -8.243778313871914 -14.114010179638086 -27.08462208709463 -35.697810368066826 -31.924504052250242 6.780025437676841 -98.21755052784337 -65.95946807204562 77.83392716125911 52.869906748583304 76.78383831208163 22.113466524205563 61.99100214078513 -48.656277592910136 81.52335334076335 99.29569996397765 -79.65181063034396 86.84026357134346 -65.22150811649033 -19.323094916583614 -27.675929408420274 97.86623372086268 63.878843076774984 43.07601982293298 53.42793395227079 -48.93795419489273 3.465577471589711 75.42186798768248 44.70806231825051 -44.94327386239034 46.70382525045983 72.18747801017298 19.193753654337527 89.43158947591334 -27.834189396607314 24.918517170912963 42.27309912630551 63.545788771658266 87.50278551835632 -19.04576494657239 -24.14959945741191 58.37446523344815 -86.19014431956973 -5.064429743685196 -67.15724470251575
28.862009697172255 -93.4637185480238 -47.247996513778155 57.155397360878226 21.745315026731717 -54.1687697549162 -1.407149103879732 -35.24437686458441 -88.0014894289703 95.94587118464875 41.8783934228708 -17.771698401519416 95.579530108131 -75.72610591556261 -64.1527260972102 10.132109295164753 54.484371559444895 51.02021658354593 20.364760529165665 -58.98002752208929 7.143612227700331 -35.04136968133804 -82.0262057956563 -74.53409976658918 -2.3091245793546165 -4.142258075135885 -93.4175616327789 -54.670698805998526 -73.7172775533256 -68.13908656818484 3.7403116850701394 -66.81510659974658 11.064488221869226 -34.856606383244156 29.200203707373134 19.618043191718044 -28.864354602375087 -36.42598676458577 9.140100269280055 -76.4387860242386 53.6824362724511 -9.094614258076533 -23.061851722166168 42.404136995863695 -0.6415003456713606 -22.91897932539966 39.310623472470354 -47.325778446646204 -21.622693879979394 -10.230308235836844 -42.14901559212656 -10.876006690111879 -97.53288752920875 90.23156439115158 67.6921550960594 -21.10291893236689 -15.160997374253554 -34.67770625824389 -76.89398245300868 74.46178418084196 26.762282842964666 50.48716723028835 55.011740335714734 24.390127268464497 47.76976623223439 24.1542644848346 51.067267995795476 26.469961583292218 46.510607483711084 -0.031432482571119635 -59.939809502102314 57.88854576198909 92.89469443648704 -52.92360309813331 -36.428205751397556 82.36437631763437 -93.86015285185753 44.18264056536742 11.21821441518172 85.46964014055871 -2.3260583775962544 -37.09053386447714 50.862553846337505 47.197202006735495 -99.933839587826 -86.86277868708314 -11.208091086950333 85.7710360511307 -77.706567473364 -71.15998882380197 -64.92529907273037 52.9829292801289 -24.83805200785814 -8.904384197712261 -57.42882022574187 -4.445527737448046 14.839690962063457 40.20496784148071 62.25449339388604 39.78726560046857 -34.36341443713043 -38.37782431378096 95.45561610941274 -84.06619143707839 90.63593021883943 -46.33238286593395 76.22896521937292 -11.865666842534736 29.349352175884064 61.42607527424744 10.003399885114789 -19.79300762027934 35.49739277589913 -63.65276776570832 -69.89501706319454 77.81025000373637 31.111608798175297 63.04808044777835 -2.4351142995190997 -74.84306868996381 49.659326812197435 -47.391784458510244 -68.2360124547043 12.334030131500228 64.28471473049146 30.574188929909496 -40.49409539212545 -94.41216123633056 48.68148056814857 49.95617678739731 -91.08956136172816 33.53873877886136 -58.387664550746535 86.9101527625493 27.714092014796492 43.00201447178901 38.974737427168236 7.492202644739578 88.50207494308523 -52.55825161819367 -35.40524482718983 -73.17631144221106 67.21314892009335 -53.840447859080776 75.16360913468685 57.86980278957114 27.400499485471812 -0.7341235158306603 -50.22527874745768 36.0620357079776 -16.356425985346547 -29.69901625237732 22.222194531712972 -31.960592085578796 83.3499472711911 45.887372402433954 82.6334839245076 35.561073659965956 31.254225594046062 -44.68169710079148 38.482621829042614 89.74085255866885 41.02058692384614 38.75220125351703 99.13834095287925 -66.91831080546172 94.4154453829081 -16.40669553345326 -38.72434114209759 33.46727801809186 -18.498197031114017 -30.756482187057244 -36.765948979447046 74.33519816271789 -82.32319748879446 -20.395102282863277 -21.167866352624088 -4.715712393721077 26.339420870184398 96.91280322069781 -3.622788986529173 -55.01367711424747 -48.58171707448231 43.00114434909611 -67.37984283222411 -62.23100612457455 -73.99771718016308 20.401704390563708 -34.04001032386792 8.612191109577623 -90.81905148201255 33.65116559334328 -56.48499501322768 55.72261061354803 27.757014980534734 28.785797867960127 89.78342474067307 0.7761748403682276 63.1298952160291 72.68149140951488
-71.59245300694059 -91.04009040241374 -83.00345342811596 22.80572112460419 -90.11594647913486 -65.03415413391824 -85.11472841962255 -85.40678148062784 -68.88611946319082 -11.909811371740602 10.041139960514371 -89.55005548792904 -62.253604063803756 -73.53239920872979 58.67328117732313 -40.44632723636015 -36.770579603121554 22.473385015902863 -71.0259136395071 95.82603579391355 90.90955263401727 38.129457440163065 0.7643176461363197 -33.14215030842354 82.69935781419517 68.53262039318585 -11.847995524036577 56.18347465926459 89.46403951084099 -98.16012087331796 -95.6119608792229 -68.40272353315113 -17.320139088907922 32.92555837771141 -24.92879923623906 -27.560357728432322 12.78952380931186 87.28902870749039 25.386588870250492 -72.61845918626442 -98.6176142869152 72.05423504334141 14.468693352442827 -40.575915146789995 -73.04984124351333 -60.284400153709306 71.94625439276749 71.68545316407727 -7.738857447090879 39.7428737608121 -5.366368893020066 73.32990425278086 4.7217078187856885 14.402408142895041 -98.23652141628673 59.2430437035604 7.4517310766885885 57.76240657318883 58.87243010437001 73.04259404415058 -88.04034947003916 50.102445392634564 -17.422818688751647 26.061245162922702 23.190828082172303 46.92365457587266 76.10227933735757 -46.347007517222785 66.45954338821895 96.11315118263315 -14.633157346692144 94.73765034213648 -45.74082280602336 54.54989930912899 84.94384058884376 -16.665337616317345 99.15119396592542 -91.8840787934677 58.57353639744329 43.95195701905757 -74.56931817526336 -11.822364200810156 -7.788956539640296 -53.19313941987187 -16.161584396091214 -54.41231740129089 63.87730840087602 63.400757905054036 18.502478298803695 -46.095371327566134 -50.54784708685558 83.55920089477505 78.01406912154451 -83.54917405379105 91.58931708176974 54.3995208634536 -67.06305543476407 79.97876400676233 -46.549425966867375 -73.75027853305744 69.93377239575864 14.215034655508802 38.42490615521757 -3.217906276048126 14.757819908850848 -33.179674172164184 -49.886239222096805 -96.52224784387668 21.25748620539902 -98.37436634636181 -72.4042685262273 14.761856784702559 -87.96223740159846 75.97458091423735 -81.50600619491088 -79.97409592374247 -62.009833674775415 77.7664905403841 -32.3673730171451 32.11663112683695 20.245396352093906 73.66076469442373 87.63429352349468 -32.48160628751762 -46.75312304801103 -59.85160630997193 73.40209969355703 -34.024527483737984 -4.807135574079609 71.21426201022078 -30.663053928810214 -17.719348144120488 -81.78209939032172 51.893180721418275 62.188811201624816 -68.718563142251 33.849956031521 -12.55111176309012 40.11194364084963 -17.662906169987423 55.849332498146964 37.41444981053462 -16.73377301983956 -28.998822215711527 -20.805422213532637 -21.275017126273752 -93.60981147141992 -23.58200114666782 -93.32843994621062 86.33415640744983 50.399570634897316 -3.209685568594665 78.07910815672813 52.91576831336846 21.931869057712447 -50.94108709593434 31.1050983581014 13.39611687993387 7.281752396319433 -58.90211531281171 61.64272373311408 -19.31734912926335 46.6609051315327 -41.01082540076526 -25.742230760467805 3.576690612489159 -79.3454093068315 -26.45305539592235 98.22013421273815 -99.91672622933747 90.35487723643845 55.011320970560064 -41.28646526984554 7.603692860581447 52.64931067959466 1.1650293072495117 91.64865349365178 57.77146519267697 69.43595685175478 -77.39598232136966 -38.71584540836606 -12.240096274990918 79.77757714118741 -93.08962978520503 -57.17992299012433 -33.450600010565836 -30.98877630210268 -48.521626984041035 76.79944373630451 -38.931964290752475 6.771597789744632 -87.84572402928907 35.7776460002697 50.782076680783064 -94.8165873049574 -9.6016622651603 92.70313129453612 -58.0651293302701 -82.93499668630604 -98.9700860156663
-31.42522319063083 -38.535263416985075 79.75590304097642 -76.03837501641306 -7.41041077480422 21.166100006362214 -21.007186901812204 -38.53881091408822 94.95003829054326 -74.5079045481379 -20.576122583991108 -18.219312834084775 -94.40035770257799 8.256845086544956 68.50497657408101 6.979316837910133 -78.42984360997518 52.814649475155136 86.59148342224037 62.7255734244587 43.72412605718958 -48.420622599129494 30.661772514102097 4.904498097435564 -88.25220988853101 -6.158531975367836 47.34557053168885 18.474595946509538 -85.1216207385937 -99.57288913496174 -20.012407938862083 -38.3839460503743 71.28423740405862 -52.61935795784092 36.99517821041718 7.0526311676698725 -43.50095455538976 95.27887660987474 70.0466298247768 -77.9992403104011 11.676477474586065 65.54383061012825 5.513071353699345 -2.732568515636146 -42.597173744948556 -72.53132020041713 45.72401422123488 -90.69654648267507 42.34587974641721 -48.845619225360615 -92.77842613366794 -71.03872642007734 31.163872818026732 -38.33967599117418 -61.897746710445304 26.671160428994156 19.59088915659359 55.60078274625306 -26.54141311561675 9.92195550110138 -17.708257227985527 -44.19024811032563 2.9214521264165683 28.470000606975873 -44.550075743977445 30.647473810151723 87.45976972259365 -26.279718892042766 -89.46366590853108 99.62239949447564 5.802655475871646 48.95110065606042 88.03832399473751 25.133517444634364 -68.26117580194494 -60.365034640464124 -2.837318266235428 -73.32108052465591 67.47144452556026 39.44182419924928 -4.68181727927653 -36.433123467657126 92.15850228574826 -1.506573150612951 -12.429053519516955 83.46851293116075 -72.85336409244312 14.636708249312449 74.76585195368085 -71.85966501512932 -75.11378429636386 -77.94187366463463 92.2143459315449 -84.525276720797 -14.07811000348103 81.7185478827528 98.10064236566504 -84.44243755200374 -54.67085117366366 -17.493349373925767 11.412541259697775 -36.48296139436105 36.562992503656034 -60.372486986043825 -10.90388810107659 -30.05332896733958 98.14494901443572 -15.733373617349173 72.49760544097455 -30.503939758630878 1.399300279085054 -5.639251394486195 -36.722571185374186 52.17151613380952 -12.491385167386767 66.0394381777999 -12.972213632874997 -34.54273678156967 10.879928029129388 23.686479529716806 0.18316683120242772 -47.10986601539855 -24.632194549795145 19.52869560747108 -74.64450473107809 46.99218273291433 63.17191749670616 1.3700871513057535 73.74865296800832 47.63247187060111 58.23386959988383 -20.810951450115027 -91.83252465959097 -44.561029633767 74.60325658335023 -41.7145460604081 -27.85945322007335 68.64258621214026 28.65804373927577 48.39154569714222 -7.507523816895571 -72.28392991429135 68.58090777512734 99.36575983723057 94.48620412982001 36.45243440159683 2.7543399533245463 -61.82073770311271 0.1778627426985082 -19.095773792224776 9.142395343904681 -51.05476419788706 -39.00522962036157 79.90715033466088 -49.08996834546038 26.60158285329078 -43.39077268130496 -60.39644583673434 -95.33431545912048 4.12947342306515 15.070568394656547 33.67799549180259 24.36684343837085 28.69460799548139 82.09847762571064 -67.70266650381791 -11.0191562436829 18.292112337175425 33.3055823052791 -39.21830322584494 87.39248254040572 35.78772632541049 46.76625850224124 13.956654005728325 64.76226526905995 -38.634410735700556 85.33763155044244 -40.700515619048176 -87.71086368851635 78.82450473439818 -8.403907396672423 -33.841145379124725 -20.06175613781322 19.547084123936884 -77.46162722194589 57.92399713274412 -41.7004652215315 -14.733902688038356 -96.51881426631914 -4.222910447992973 -62.015242859653966 46.402482003342726 -89.1790257793561 83.6255049681414 71.88350439797887 -73.6518245254594 -53.54146372751729 -88.56647987588642 4.300187627740797 -88.7058143475864
85.0271439263127 -85.09506599685544 58.417829613813154 -51.98872698398973 -72.71093698937938 80.95940897056772 -50.910079034695684 -37.15837690146777 42.504724798356335 78.89808975921315 13.787244326228262 64.64032524787092 41.42642939367926 -84.54274056571683 -75.84789110329658 30.688051183037743 50.49243404660123 58.39608183974434 7.411622914804354 -59.106447635067006 95.3006652087646 -45.63281080916484 77.26042143872368 93.60819008501329 55.775229402230565 -24.433348757432768 -30.641586844460164 4.996618154011131 82.02312296531156 -59.08071786103879 -62.4263295294641 -18.383379596979864 84.30957951055541 71.0877978719833 -84.24846529103904 13.524901490894365 76.41090071176043 -89.23634577638948 -82.43140139318632 -66.33404360435475 17.038886180577165 -46.95091791276871 15.14026738108663 -91.24004369080872 69.76216856096488 -7.412430162487354 -6.266306911843472 -41.13571767500657 85.88818766072623 62.20945802943979 53.78771169183079 -95.476191293661 -50.07177907541329 -73.62388714589467 -42.83331027825727 38.22868044983494 -60.70409639130734 -73.85455312215916 19.012979449505266 -8.085030923936088 -29.46521767804407 -98.43162670677226 78.48269826946276 53.172514448319106 -11.43063807221229 79.11339108871181 -80.38557375652853 -34.50790690883258 57.92197462334403 -42.956661678041776 88.72442599011595 -43.32663712270357 96.99172237603622 -33.807841333320155 -72.75050137867194 -29.556216257355445 -4.525441837285044 -14.651134926521763 8.380286787957274 -83.98929458596822 -76.02713809317387 73.88282892793282 -29.039498404754923 -19.36808051276175 -76.58137666395871 -11.047496456978848 36.52110196671444 6.783010867447331 -43.907776831691734 -28.395596228488884 -91.127582466481 89.29901398564343 -79.11353030434547 14.529186533318821 -52.17723121674089 52.81856359126559 -52.37863203981217 11.105154859815485 26.31172321524305 -71.40073967342539 27.145330479447466 -81.29195228314143 86.97524950380085 21.916567707519334 -12.812856042029992 -65.98959263351077 33.48668104798378 -66.38348391650479 -27.928170367852417 -9.653460798125764 11.365248095927981 46.137458251853644 76.42337898331695 12.500926812364582 -66.5783625287155 37.961630344957655 -71.29666576386381 -78.50163283894776 -94.18171786281478 -81.62834510013495 -6.591699347559384 85.80288495839119 -56.74852525519201 8.572011134814986 56.71189723162345 7.290511023587243 -71.93957474130494 20.905354544707762 43.29317842658941 -71.44861252665922 -3.4537671648864716 -1.942082474820083 -83.7084181551578 -5.269156159655282 -24.840601600125908 39.01200725164972 -18.02996107579493 54.559314907014596 2.0543074363413183 76.6897447613002 8.746245222406188 21.114988049235038 3.5928375638754773 -34.3296308642191 -5.5085281822003935 -65.06618535924503 55.49155945104667 84.77934590564814 15.726031797246407 97.19325334977748 -22.319462105981927 94.89642726168202 44.431685320491226 -96.70441429955629 48.45375987048635 4.713486506008309 42.75695699099526 93.20849556747493 20.959214142806687 -76.94235153439092 33.800696484869746 66.57467146907089 -9.711411624060972 -54.81226147828231 -39.173642839626496 88.21154208354122 12.651350409450288 87.7888651185358 22.178719954861364 49.26211734651994 60.45267473143687 69.56830908525484 29.230042690036754 -41.784093142183295 -46.299414314787455 -21.7031975327304 -31.081567979656157 41.86502645604361 68.685090092942 70.12901738291495 42.84820616512232 -58.798370049661266 49.78601183274887 27.40228827553311 -81.19471750836722 45.29970075435571 54.54528688629563 -33.44185060522362 60.460949788845454 73.38123192952924 12.833729266303067 -35.89165039732487 6.395564410022473 -52.88980544670609 -66.24146339920864 -18.8764497385242 19.3833879444352 -50.78156570124259 49.96293733554265 -39.81543876977618
12.838716727567274 58.20824473594385 33.454880784000466 -29.65026851786881 81.90424496021132 -7.996911783308306 11.953900712618818 97.34846513058451 -4.490761794789648 -54.04740121303004 -78.98835730967167 18.47005558954858 -32.4426480846179 -46.25912720627958 -47.426521359332256 -1.7074383213174542 92.60891124320929 -13.304776550934577 83.84556186753355 -76.82785797062482 -15.703402767315723 -75.67326098666507 9.5112745071104 75.44557200929134 72.2056338039724 -37.81610482329225 -23.10381823164542 56.331978563001485 -70.11583738016569 -52.10467657330802 -43.00180597601098 29.759611818958575 -9.202828133666088 13.12623272474707 -51.667206337102314 33.60538327625008 15.769070530483063 -11.86607084320552 -5.328858790066022 -81.15938131622922 -31.165790751668965 -90.27486955742654 17.447670877679087 -27.60412727506609 39.83657652698386 37.19223051205398 54.274513055879254 23.855269993608985 19.08432025852605 65.7136216523711 67.36908954227155 8.930365856650297 43.7320929599139 75.08110560245888 89.0470551033684 -7.431026886012987 60.10689766083922 -93.82326423793543 25.33596521869353 -98.63875339300023 -54.25082279065181 -6.372689250436167 91.29437357843807 79.334886959952 -68.02907651443881 -57.04652925118185 90.04245481339018 13.81915882845199 25.370480500282966 22.806525769538993 54.31195140249156 51.89204196212614 -96.40366397920816 -97.32707559476204 22.920660843825075 -31.678923709827373 15.122462570805695 -51.54966728741541 -51.98461346740682 36.15773833939039 81.19951225002188 40.12312182309222 79.34256492162166 -36.71255479625422 -22.677697150935245 -96.40374068959079 -78.66948864176535 76.05661842096603 22.6803430232452 84.54730126963449 -1.0881812922091143 0.8745432854389179 72.2907179114367 -69.87055550018206 61.510144518967536 -31.67313879156343 -65.41112846696298 58.26621839561528 -61.1032088639518 -23.878714258371843 70.70810406123255 55.76536984925525 7.102046132080034 -97.46918547072254 83.63790522710926 56.95000113351122 98.70578897810728 -23.008262418010787 58.82333748064056 -1.979618172278606 -22.37806300740614 78.55766226625661 -14.607273516875566 -24.349111355699577 18.562371034219765 -31.030477720596238 -83.89533401435972 23.05382137985241 -95.9738086874746 -20.14248526671261 -16.534906326153845 -16.834276331836335 34.64255416441864 41.619218843203214 60.22512921062756 79.28720748763683 -53.25308841780427 24.063989433350287 56.12337181512953 81.71489638586641 28.601484162764677 -23.143729017573776 -59.19809400227756 14.895794377465421 4.0613327619171855 57.748945081569985 -12.056704008837599 88.37327677068939 -99.51893479015786 -89.2670844823614 -1.144168932302449 69.08205664935835 60.04398518817328 -14.798568165757956 -33.73946299879445 33.662182215279216 55.800532544712496 24.62184777545231 74.06482667600133 -12.765548745052186 -81.41333919893623 -44.93149594014956 -54.69122899584627 79.4317240806881 34.254866840468424 16.531908129275408 -7.801961002058789 -1.2990864903392065 2.7646281438571663 40.08022581975632 79.9830335146575 52.38564016768791 -72.76454035007644 77.40682634924374 -55.395108887616054 -27.41269027255055 -58.06604653298344 -46.3217264451343 -25.204484964477984 -62.327291653131624 98.17675898832684 73.6932528397879 92.43623298878222 -10.708710223468998 77.18947087035 -33.934631771321605 -14.801171115688632 -88.47740713683427 28.29760885419617 12.782011872868367 -32.53673256384408 10.967395300375827 77.02698560907533 98.45986990475996 58.50251248603925 -98.67401587108195 91.60022833210354 73.77597763218157 -54.48957794412852 -20.94101809349816 -33.49542052926648 48.76664472992064 -37.82789634755028 -58.76168212038109 36.45607803198598 30.26282910285289 77.49880247988176 -47.38375101128645 -79.45730645910518 0.18086557212986065
-61.82912317850595 79.47388136254915 -99.54026808644201 26.855852997316788 45.28596457498878 24.83302501807563 -47.49581717133295 -46.54698872891303 -95.44525137286952 52.66147481733398 97.66591885122122 -63.76530274998626 -23.0459586509605 -37.947943208835234 55.157736698935224 -49.18517793393098 19.855061617579835 -9.718917854905925 -79.56102803633043 -56.51784417319108 -90.5668114249806 -16.552588730921897 -79.87268054140795 34.40163891422344 -14.401193691275836 -20.218132814815704 -70.32960775345973 17.923322479645137 -45.05335647158959 66.1900939202684 -15.974227070248915 91.18854511927569 9.093337954264015 -51.103954003411545 18.455073906873707 34.59307921132165 -67.8204269117804 -83.14906299789202 -46.65035015937633 -31.280654963920654 -85.70473321248136 25.27379293739962 58.49328518784003 -89.02562879806403 -96.07168696628932 -25.84229429111302 -5.533561157170141 50.455055564552566 73.79437441543416 25.127911406486604 35.374202472259384 -44.64890515942606 27.580786137086193 10.07358673544499 -6.40053561566485 -83.6662435870756 73.22795986835402 -49.619708658660386 52.81953620363106 65.13498761574121 -58.13543696019672 53.912904205182485 -34.40882996415601 -65.17000196312719 -50.89738108542989 18.035256029960237 33.41414874597518 -9.231081192246364 -20.924349664292862 88.60902763686494 -23.679170659368197 -90.36033529845776 -62.07401052018544 -77.0383345368665 98.24037216892552 -37.0647580615693 28.800036429134252 -36.32361257632868 -87.54882133798058 61.17810754952211 -62.10946831045951 -47.6692731960912 92.07127766493775 -26.503987854077522 76.79801380992933 9.359318431888482 -54.025795015854364 -65.87916260574546 -91.93438758084595 90.27672922866142 -25.614236507732528 47.49955822982088 31.888174359783022 79.9883338739732 -63.30589043062689 31.69325516797406 -25.644764412764957 72.89326331540792 -22.214082905910118 96.04584693442564 -98.65766240771254 81.50448479646158 80.77261614293073 -4.732153650636633 -9.087799271777612 73.83279621476265 96.58103804426858 -39.52303372982535 38.87774118466737 -1.228743323384009 58.559803992881456 -4.575428153400864 97.54204656439475 98.55576206867192 81.77758126445599 -66.82441500373584 -61.181810635668874 42.47784407673697 62.50201222335036 -66.90707754296712 -33.13021925208008 -3.9707686431023035 -70.75730636484951 -49.73012926338314 -31.187335081782038 -58.02369605067654 98.97083677371069 39.1865449712588 53.62594008812965 -77.82968413575378 69.80579408435236 -9.59925341760146 -50.54071620601963 38.51172163721458 -8.238315945943413 0.8476672188982661 58.192790745753626 -69.78893224515875 48.42977482663687 -78.81951013738906 63.176678139431544 -11.716752290340906 75.73831442239486 -52.04704818522919 -82.05423330929955 51.249865137241386 -55.267434078637415 -80.65624676871815 -88.16613859969954 37.82798374401489 60.79829725999758 61.19454663442133 58.09721955119463 78.63123969390699 96.05763088820291 39.797341943901785 22.931834195308824 6.021362355866543 24.385416031540615 -20.9327784317324 -24.83885215899089 38.88671942992431 18.295313264558473 -94.4894963992129 -46.771167297161576 2.6104858234485846 14.725499017756121 39.011208707690116 -14.692555136466723 -7.097912277806429 22.827916248004797 -93.23959338431006 -11.758457590029053 42.62257590984777 98.91613251928658 45.25898353821833 88.11949044411094 -40.76340783848662 73.60313484579561 33.65058751899858 -74.23982072418596 -64.96223794275994 18.90858854541979 74.07612234097479 -98.5398619843413 -43.90666158662253 59.71099038566484 -91.97879634014068 58.21051782686246 23.296199597767725 -99.2364436505982 -81.8661203586269 -14.128772202928829 15.79128850515066 17.986561627571973 -47.59781809838471 97.97725544828091 -87.96089214101481 -65.5604741190775 -66.73286158086218
-4.601643084184204 -61.31377922394903 64.39659529808705 -82.69883440339055 -69.81945212083642 81.49908613212156 -68.04096420372339 2.53800836061599 -88.86478250997895 82.94392231113733 32.12194577477544 12.849073586098257 43.557927779313076 -96.74579078063292 8.981172882346016 60.648717206444985 13.478698316788623 34.66630047228526 75.51849769277632 10.10141638158835 -23.613695674288067 -18.729027771836286 63.27722000303501 23.906464834531448 -31.476589664494355 -38.95201311669481 -98.68483544503648 25.685777306889108 63.48706219460888 -57.39652535863369 48.89076571116732 -69.57765484331084 -51.77649481005959 28.504541222618485 -0.04207550848987296 21.850175639090594 -96.16861262432383 -45.22296722794137 -2.2894911945876117 -73.41910781284162 5.623709510374525 -19.655513770786655 -4.268900043544363 -18.094759809878354 99.78406069668125 50.730724060155296 30.727059212946926 45.085747296679926 11.83269405241063 -2.996670955655631 40.91002282379091 -10.788462387798845 -82.51215311347391 -15.065159016952208 80.38348298262937 -80.18706965973459 -47.31045483379064 -10.099681999642513 -24.833956292579558 70.17648407054651 31.185738824085036 -20.037612025138984 -67.41819681259753 33.59209934918687 68.52055815193245 -27.83478873266661 96.22958137638253 13.185158475703403 -87.38907362418158 50.15602644532959 -6.783323550365992 -85.2660518702173 -90.20435160115869 55.518861043357475 -74.83547332664384 -80.83944596152568 -85.36700070655077 27.927271974661252 -97.03061257498993 99.51753572637938 -0.4971469305885563 -24.018880133845812 21.89767156006998 -21.159752360372735 16.208779606967354 -97.02802500013144 21.00016669217122 84.27511083027898 40.679218837966175 -70.05238218006349 -97.9078868721542 -45.46560627562399 33.932980155706076 -95.60216813014044 80.38328351869743 20.691652570643186 3.155870722140051 -79.44179793296611 26.464844745668856 -79.37381991847545 93.55612335093849 -58.458347193568194 96.64902786610483 45.84033281651347 -33.49514823719788 12.288384588743241 16.546201685522675 20.91350844351976 -72.75221586086211 -36.6817743649652 98.23652552962267 -45.85562212577577 32.807225043244216 -4.406565192087797 72.36083575017932 56.52475439901278 13.295218292941229 45.35032191460866 5.030362180374823 46.13096740633006 -92.19342102440847 -43.15225816938928 -99.255361509785 -92.48121233814717 15.592802948158592 30.877751671606433 -63.40759422953368 39.474143798192074 18.542538601404246 62.953873059713544 -73.25109088386243 86.94802428159932 26.186278088384498 -8.769844990177162 -72.54540913839351 -13.53972926660036 97.07244931354285 48.74588545498219 23.990811078569692 77.43280225249723 31.644155674548955 -72.10034178736792 -73.10037518994102 2.7901017183175014 -86.8860819771528 -85.78051207317145 -36.58262925786777 44.437712202801066 -2.8053927155484217 -19.94611331576415 59.51920202302924 58.12752261096031 8.267289075608204 88.97478526851984 19.538297056441095 -44.4263666476721 -75.70875009859202 -57.74499497663517 79.93142500238338 -43.840399157407475 -9.243654058421157 88.05175484449171 -79.24107661131201 -18.572811544283766 -24.86518979523065 -7.969458832881031 -84.46800076526777 -13.892715471368874 58.209993010979304 -73.15718518052597 62.267587113801255 -9.886362568367346 -68.0664314451594 47.219910663453305 6.592830778890416 77.46818670863865 62.80164549898399 27.71039451799966 -45.695823197315065 74.61368913657469 89.22382838447035 -51.4901889297193 -18.86420478657196 49.41937175906327 3.2831763991993768 -60.980684297132925 -36.4022444758153 51.438981692381844 42.071942309459246 -78.46265634674091 -22.691269136332764 17.80883173262417 31.61911718329182 25.055154022916668 14.008826402742585 96.69928791034073 72.7097464996657 -56.005479992574166 50.59634508811433 88.95815958460943
37.656662992947446 -42.29719913371912 52.79012060049078 12.42240449354756 -98.65709974645911 -71.20431679300302 49.709499906915426 -16.55625978654973 10.175321710942157 95.1071542101322 9.44329393327638 -71.7024509847193 38.426628515051334 -85.95214732803993 85.28453554824972 -12.014013598408894 6.9683594151040325 74.11563340302376 91.52076041935061 46.89131799145511 -88.1165938350156 -55.32579924274577 -92.85896361332364 77.22331397293203 -21.01433351073956 -52.718591529102696 74.27142159310861 29.09113935028276 8.312728164247702 44.69662215315523 76.16674636001383 -99.73034579225664 -37.769161775331185 50.3501866622081 94.56157523085992 73.08404072904275 -35.85106410118317 18.395876974931213 92.52114275544034 -41.06939000543524 20.162917305126115 50.86167905099305 -16.860425831073897 12.561623516620486 -4.122887256324589 24.302680418182135 35.64149819125774 -39.67249182104919 -76.41969057490836 -47.80552170411241 39.20826648548518 -45.79223823025165 -12.728417175685706 20.294218401687118 -68.42583741635595 -59.96752317935461 -84.14888764162829 30.737207070151186 -90.24590700665804 -11.913400367944078 -92.89667486962985 94.26343824969067 -39.589577998495095 -18.824495673628448 76.2627150505366 48.323733293048406 -19.003529985874195 93.50028151721875 72.44183238570562 3.5070575496072536 -27.45582394337218 31.71692974969315 -70.10463347052325 -58.60303656881527 -11.391938951790891 94.7252513391283 -91.81018193226211 -73.41792357684875 -76.58602502960044 -20.068820705062436 94.02821325205696 -33.11648927308602 64.75112878725383 -99.66426996880153 69.61685972163497 -97.35743338999457 -85.26807128221432 28.30885559417598 -72.75179483420118 23.088878535884376 64.39866035725464 -61.60693235033394 -59.820454759135934 81.46738148688283 17.333656398043146 3.564242337438344 76.05979102456038 95.33204883852562 -74.55126236169893 -33.42959242865413 42.111156256050094 -59.95473474999204 37.62964929319807 -52.183082231883084 89.95777217099734 98.18956929901469 -81.46817892638546 39.548832282186964 -52.55280914843796 77.00442109138217 -87.40358559639179 -77.31612602387028 -60.67650838292755 48.10206859731929 -26.763576799911775 65.77778254369264 55.50889038926411 -72.15349129335225 -88.08652527731111 9.243584827283641 -36.586765827054315 -82.07868873061713 -61.45901458802345 -19.920811491166404 50.68658880987206 57.69002586353625 37.042159020581494 99.35883603304708 -71.3482618760047 -0.2686206428585507 75.03663361083699 81.3115686218724 -81.84424595970881 34.30635527788519 -34.53783547681621 -91.97224308482646 -64.80251841037438 0.9949871110853934 80.30790849939385 -75.71496048999524 16.504536067329497 19.025923274483915 30.916226338300618 -63.85648573691978 -99.68425896279314 51.804953225329484 8.884011680329678 -19.710057840708785 86.52219094413027 -7.0822438175192275 85.23318103443168 -59.89340103825285 -12.114762189597059 -51.32740800025737 -74.15429926930865 79.60735693480802 22.092302187407924 -39.01598815454768 -39.34603910843912 -59.28843430909281 90.39431988885639 -59.94506993830919 -95.3590523272696 16.33145421688853 -29.77283212341706 8.199519887984039 1.9685696753753064 -3.863421852729303 -32.907274776039316 91.50687663277807 -68.04736997363754 -59.33425045599372 87.81189104370506 15.938439177597715 76.64718134788575 -67.71156466645063 80.08546965664883 40.56075807646488 -32.739201545620006 -91.29517390832737 41.078214873950685 -18.748142129086062 54.349983232840856 64.33497031548197 -53.3722230257389 -33.993584999310315 -88.44603226934753 92.82746324328363 52.032063692410446 86.54497163179494 80.80132918433947 46.189648634214535 -15.130904511002143 -14.72568588972942 -1.0052333197669867 -49.99591935590371 12.277449590751615 -44.85247360933104 82.14040985532145 88.86535010935845
36.51572939063564 81.87763193379337 48.787934735589545 45.18759490614542 13.836014287184682 29.294821835231033 36.2159161650317 -36.45480938246557 -83.58031799519483 97.3285490874639 -11.637945553759792 -34.94778920215981 21.169156912641697 -36.68595481001613 -22.038073370844884 -19.6620377846463 -1.8312428905951776 -95.8771723585766 98.654920455048 -5.367501812192572 3.677669322700723 81.69091376170707 69.63420616377982 -65.80480703512038 -6.116316031105001 42.689563169538616 78.06784286339729 21.4494874524446 1.090764853731585 -9.894219158446887 21.82491555762887 -79.44806923304897 -6.048288683763815 21.85760194636262 -97.3538641242184 24.68457219811286 44.39766998296645 82.31626918923914 32.94945331183905 -86.10514321065628 -88.21127430163057 -57.16941732074255 67.59059284256224 64.22873698116535 -7.433003510583006 18.684581954210273 28.270492848358856 -59.670263169256124 -63.4888773402299 -77.00059984062764 -41.95180584427898 -51.55881451064346 -92.46621803148965 24.6502479128621 93.0938713910858 -54.48248376659743 -4.669877589059567 92.44865705918207 61.970158316794965 9.43173633547893 -47.501521002167735 10.656111530813561 49.33947785445608 41.38011109013348 63.34764243269703 -42.61509435490369 -69.92583458794533 -71.39704593645925 -43.717671388643794 -82.78797657237995 -75.27767088621424 -70.10908248057142 50.83373861332399 61.7540819102166 -76.49818593216919 -19.1056379433641 25.80190414248227 -73.97146365606446 -45.86227302308008 -49.56930603523604 -23.032022745978438 38.735166308718306 -60.062929807226496 75.17602435406025 5.2367359981240185 48.60596037437668 54.8463075879431 -13.961245160868671 -48.873906979627726 -33.988623145052 -47.21668519390241 -54.2378894978802 37.65478032629704 82.46502717577556 -55.989098832681414 97.96467479243617 74.64411642463696 19.833290857217605 34.2755921915539 24.151261744130608 77.03046037762553 77.48000360981499 89.3590078785127 -44.18942549375819 35.24315348843871 -42.37522908282509 -41.63199335491032 -75.94953587853601 -44.75613192271653 45.13861270693636 -56.47540639419826 -73.80962419511185 -29.557693450210493 11.648042845049929 -34.329334544542874 58.52927214939206 30.39449873860417 -0.8683246269476967 25.062864956701787 -29.81907911957782 42.44853864922689 -47.116926664742365 8.81241564424542 -56.554052636965736 -85.34380699173843 -5.889345488560281 66.80949099260326 14.720755174875137 -28.82259996760787 57.23986455200537 90.64563434506019 93.32297173837676 -61.480810427928304 23.170035123810933 0.41314369533462525 -73.58147353892055 -55.08415645709155 5.789263950231955 -5.514778991873243 26.689516236358287 -29.489250866861468 88.71242545237567 -87.82478092955634 76.60607890267102 96.53155271343033 -34.59684007776731 88.52138678079507 4.99109728980433 -41.05492939100219 83.30016364326647 -86.36034747667614 -17.201069850451802 9.337573518334068 -94.56108673067625 -15.041370935231086 3.99412605993507 -29.604297848044837 -48.9481982408305 -40.92712497574984 -2.7103364768673828 74.50171661208273 -15.795155973786777 19.559100261916583 -62.330817163318606 -91.3580843632173 38.27879791448245 -76.72444511995838 -57.00576567501443 -11.689261486030489 -43.06670901522156 81.22366793589228 90.83913791781777 9.415827284340693 50.68386658974626 33.182858743913414 -29.49223500610485 -46.49354736579132 -21.09737240337492 -40.27369329252388 -83.04978723265914 63.924879167419704 -75.26500772941449 38.91770939193208 -10.334831176673504 99.38279867566231 48.09255751171068 16.1644653177448 -67.76336298877182 49.46695159712172 -31.569151702493684 -34.313060427733205 11.409143618658746 -37.64669385586663 -92.32185967741955 -31.777102119149973 -31.65425762253888 -10.299752104274944 -28.735182991382473 35.967100664915506 82.05804491749237
72.44428304808835 83.31570582514183 98.67344306391252 41.30545516513715 -23.442839882734162 -92.23812122672888 -48.17597744314042 -45.83067740585669 -17.922350360104105 -27.0252625391812 -53.29315719456187 -38.54836209120669 -53.99843300854403 59.616807571570064 68.72844005208788 -21.925581744986403 -64.15651731056028 63.99495511825572 69.09832700661778 -67.41333758482634 -60.06970109230802 -63.53598750449547 -45.2148643316715 -25.094876972767935 48.489917300710005 0.06359990748072164 -75.28524512485335 76.63898531974198 -76.49324496611257 -18.058217893983382 23.689938485402266 -62.655462356851686 -50.314333676176794 14.708045934952992 78.37093280269619 -54.19874072373221 -98.81309112229874 66.4817799529203 -11.80260185273687 -81.40359432076303 -50.65158864271804 -39.44787865606945 -60.106869227381395 70.36287196175954 76.041246456713 47.46791595804228 52.302418286938604 -33.61255393056446 -4.7901679233461465 -95.9092225772219 -4.609250096216073 -15.381312033917823 -89.2525850555696 -46.29416789178613 66.3777825279904 -36.429905819066 28.266770186313664 2.84988673031512 55.170879823511825 16.979944601294903 -69.50304549838344 3.0136223964151867 18.449822656664352 50.80738394079398 -87.05720238486944 74.69558197817904 -93.79364539056002 -19.565786427709895 81.04667094024433 82.9229329526278 85.80206277774113 15.616346689049138 -32.06652663780436 4.947522366373704 -38.30226668329286 40.568001666389875 -18.311410993001374 -69.90063019140457 -98.07308950412728 61.62889577509321 -56.89316291575452 -75.2920558966869 7.238799594142705 -17.61663199133237 -92.68895228570901 -61.47364243272406 -35.078502936107895 -47.3987836084504 -92.85685271619766 -51.67282626367204 -7.265825309278554 54.37178566523971 -74.20071904202317 -33.25347911415135 2.9203271448163832 -90.49026999928938 -49.300933100739066 -38.49266659287935 98.42123404047646 48.08307551771506 -32.48169794902161 -14.008156105303769 -1.0587217779630436 35.46939766111464 37.28915102405671 -34.248029654873164 26.420796000564792 64.55836667842556 74.51253501931643 19.24629517323436 24.368225819534345 93.69672805707728 51.03141146074785 53.67630097878762 83.23896655964666 -55.99148008657649 -95.04132051025758 -94.42010516847765 -80.57757840880866 45.25827972638152 63.146397257266244 89.24733692469624 -96.5009269094161 27.773084723916526 -74.78862297672168 4.088896817222221 28.26951669639945 -39.617927957317576 -48.99252393195172 87.45890726610978 -99.54333194337019 -19.549108093260386 71.67996483335332 55.45188409369749 90.98103810856875 42.02546018619145 42.90633386494352 66.46362794922075 44.130680864147706 84.513916946201 96.55101125724207 -39.10022597346039 -43.40142436991024 91.6220004409189 -45.36046408943734 60.28847999960087 78.8436872430762 -36.840103733000596 70.40430247921063 -72.0613206062435 26.703112720216907 88.51769241907786 18.069355059426528 -72.10998041315636 -36.01879253641576 -56.676220454195956 -96.95830793660325 -13.759633578470655 90.9462701198089 -92.93579367917779 -43.58545360923494 -5.194791760790807 85.69394682866084 -77.30634076601169 -51.62055737100359 -61.76559985080854 13.68189516163308 -43.029255217893024 58.36182598855848 -26.957976873074927 49.62696658332388 -70.96433341134072 66.32292710300476 23.50834809949535 -62.08624628700756 -89.65660184523614 -40.127769157964785 -27.722374221469707 79.22409380449454 54.61903789249888 -81.00213443800925 10.391081102965515 4.857965447701474 82.32849895935962 39.182725951087065 74.69655879292324 -77.74510278920566 -8.152651190297846 -96.26985754072635 8.593955768295288 85.14303389847291 -46.59922189283703 -22.226891209482005 -60.747332165277236 11.137842140801752 93.03732363662786 -81.3767639244412 -3.0817715765708726 52.80627162439535 69.66342293161446
-42.04340861524651 89.46011424016268 27.573698194453385 -60.3153778868309 73.32631124380006 -70.71101805751934 87.49845056136854 -53.58969376081306 -10.797011377099523 -55.43636853007894 53.614455264640384 -3.002519656153524 61.179306634129404 86.98881686311813 -42.459464563180795 35.457446906932745 87.51620953618331 -38.527457337127125 -51.13839575718062 96.9802363342624 17.05784433461905 59.0329978872725 91.82621424271943 24.210581543403492 -66.22746046358637 -24.925931161765916 -81.97527772800375 72.1500065914081 -66.89768053633625 2.7404144927497356 86.42051573364981 66.40088804009511 88.01629806121028 73.47447872386337 -16.639351518639018 -53.93431395646084 -60.470466271792866 53.72341450715851 -33.83962511552387 54.15954281501189 71.39869195874812 57.29848987568664 -87.32398972406384 -4.085280167506795 -10.2561793542246 82.69080943200692 -51.91542240199747 71.53995515694885 24.66268319508349 91.3787866378751 64.5635731758857 -42.0899454570864 32.59048677044271 33.946180451990585 -32.53099547016399 -54.10613348965163 99.32921040221532 9.600934556327516 -24.32324321405335 65.4312139905903 82.86048685574323 -12.916632810030265 12.651152170487379 -8.07854032247917 86.05709484455645 29.76758446145965 -73.50269129973319 -8.863368167710519 43.53830546336869 48.32019939520771 -50.43416448882785 -7.530523586763223 -27.6347157218203 -15.63980064560026 46.58841636149856 75.27059639098294 55.5423101174203 12.682484512072008 30.901671246995733 -42.5739151962923 -60.34170766788651 0.08300567087002264 18.30845781550316 -33.15528915277129 -10.863650627250593 54.1648650446306 63.91159592774275 55.760747844367245 -53.65514586766147 -35.154948498679644 -8.61930078441307 -71.69363652910275 -86.57747437435131 -59.516409663672974 93.38717325670208 -87.47278668347478 -41.74281130485149 -91.9809897186706 -79.53956708546397 28.893106954918636 -70.16720666961675 -8.388354024409452 -99.64366036831451 55.96102742742747 -85.8377246331174 -18.13398134688282 -59.903872351807806 -89.48380412232382 -27.801782287413374 -18.97069265800708 -1.0567521178901416 61.84688158014711 71.70049721384214 -6.585146076672004 -6.082359097952292 -32.39836859489628 -48.9347078252232 -0.5659877661030777 42.16964349632579 13.4295257356152 49.924599268202286 12.090208800238656 65.01128425874433 60.29472286522878 97.40526657138068 -82.54599577266231 14.556698011529434 66.19740243816835 50.052932655921154 1.6269157787097868 6.804269750250086 86.5238743510823 -92.37749278895346 86.04580028523122 -16.35048655360272 96.95954579447158 17.595615005157967 -86.50412543326686 -13.292196481049118 -47.86367218657437 53.14650299811447 -66.00803467613869 44.99427360831416 -83.51664157449135 -92.61561055707377 -76.53718473655265 -20.078181650209032 -69.2524926529293 62.673078874121245 39.68592339169808 -70.43568774220297 99.16238120735713 -19.527871946532358 -43.51902586895944 -31.199674740642408 -9.330172828872477 -73.07778768191476 -15.983243111184734 -76.07014520543727 93.80947124325456 -14.903778595389 -38.51071744408387 -84.2507207403144 -61.590135012504255 52.92385953764537 -74.94451112113506 -28.55431203858825 65.53423947571679 -72.84165102305546 -25.99183194568613 95.93925983112388 -11.09251232518406 63.389163010896 -26.812601173663708 -37.63453549722724 35.20282586837652 16.36513089177012 28.978981205358366 -99.63762143676765 -75.90678630431277 -66.18843501814953 -14.162859486189689 88.39628133728604 -37.9833026861649 39.08803820696494 22.707343513741037 -72.0038480483648 -0.8037536464040187 -36.58081649580971 -10.49868877474897 -1.569150143629443 -42.835914682072755 4.697320600785204 83.99661065261904 87.60629327639643 91.46074898546476 -78.82286588144768 -50.607110717924186 -50.96450823232299 29.362137601403305
3.589767346403903 68.653591652053 73.80796606516512 32.182043628845236 86.88012461489078 23.40462542699659 -93.37631411544176 11.53832709857987 -76.72886932542646 66.66887812148104 -73.09742839954534 -84.36519280477475 49.75075406143844 -59.81355062310809 -5.902530250649178 -32.06945160293169 -60.503299427968436 3.5059231734120573 84.03064018036409 -50.612809651466904 74.90937379501733 -9.466714252990087 -99.46421550634881 72.42465720324228 -60.92142015041156 -72.03651467776133 7.122203286127942 -55.445635366615576 -6.134158398494648 -89.04744671828921 -20.679965939669827 -25.62484760122885 59.95400871587324 90.71726352287868 44.45756204934901 31.621835454299998 82.07124948222281 -23.27456131292709 58.28936772312403 50.32203567730801 -29.60378917365587 58.587650126477314 -69.5044799042812 97.82580318240483 -8.579694622202922 -61.85454698642398 61.671267461469796 -71.35146091929813 -73.98099522429371 18.325979460122312 -49.11948134173774 -96.08534323577373 4.8181288072382245 93.95222341626982 -81.98566012422978 -14.059601695088404 -99.41007637933797 15.076808118624825 10.96458161587978 -51.36396990983923 -99.2746007663271 80.84671041928851 7.766484126816891 54.86322542338144 -77.70076911518113 -16.136203230106474 -60.745100915551006 34.369447561688105 48.11978206300225 -13.601341922956834 66.25874431933946 13.49119278655138 93.67077931269333 70.63811851916594 19.344148043759432 64.16016010241015 92.87056320381183 45.91981475743219 46.296854063578195 -65.78112167818331 -45.41189411898241 -58.229081228432264 33.545059994405335 89.71195083580773 -38.14892779820216 -67.30436390313835 -51.05697628527377 6.149388478975723 40.66666337346743 48.20392350452752 39.125908782886285 37.59544507523128 -88.37414732198911 -78.13053359890091 -46.48967466526124 8.333492997091895 46.172743119220684 -84.95494550043183 -62.831286253966546 92.59858297252919 83.2169823410544 -99.33510907037568 -42.152404364038 -62.60431037296787 41.22746118152253 -64.03334087028729 -20.87371243418457 -30.671539121940555 49.79838851769293 -71.84168219380331 -16.285170510556583 99.94121891322871 -43.98451089558601 -61.795072731238875 -65.23651586305412 77.3271554689201 53.69134411085176 93.68375334099301 -39.00786238116027 86.01570727496994 2.2308072956406733 23.86410866929502 -12.64002836329648 48.362184463633014 85.74032258124186 -85.9605570228176 -30.05943840011534 -80.04288800140904 -95.99421022311265 -30.4381110482487 45.99440390497844 90.73416162423129 11.770469760059939 -9.845757257069238 -57.247423559016354 -99.82361154372188 4.765020587104544 -27.696619508822096 -59.39736058687652 40.375349672355355 -65.93332641838464 40.03195638373734 -12.494518504774277 -40.15439876761781 -44.53160683598345 68.63564412866972 81.90709838263629 34.7823486132759 -19.372283829225708 52.51891749644065 -13.751774873389365 -12.581091065937102 90.81861040244286 19.266542766543807 -76.12253668484891 -85.12797338574276 -91.99017040284842 32.58319309361818 -0.5962238330255047 -14.174971078155622 82.3261449307999 -67.7607789186969 -70.50879178169251 -37.52141262105147 45.828114533340965 55.503822555501785 -91.24643229213612 -99.52042600840862 -85.76531491543685 -72.10176955499254 -43.76811829579486 -16.82774756601897 -91.32632842304717 25.83006838506725 83.2896650136507 65.70521255998537 -99.4753705455532 22.03145543956009 54.157781019491324 4.730859903055176 75.75985266590598 76.6636482460448 48.77394487662514 21.314457528426843 -25.43854441708646 -22.866741476595067 -64.31730030032392 -85.48211730744674 80.05893305056438 -28.947327616143426 -28.08929036927674 82.2997615104652 -62.22582392194966 84.31455402691711 47.29330038642095 -52.252468327627845 -99.28917112781839 -16.993690045624106 2.8698914631364687 -30.19690626002283
53.56085828507972 -49.46672526733078 -94.673465296665 15.395183854149437 -93.22289879053002 -51.69126872999965 -8.417414745956805 37.50241120979433 7.248003167019192 -51.50839864328096 44.2339827996702 -79.77323575873523 79.42104472478607 53.00138716089802 -72.90535365533022 -60.23773196385489 -61.889148551078364 -86.13115729363376 3.985188551226315 -95.23655293284918 10.657708006469633 68.87881998076855 -52.77708978183573 89.37566562327751 82.83236615350998 -82.99289712470987 4.603009506782712 -95.10681672380603 88.41976002961272 -29.705162199205887 47.55230178473053 83.91158808183147 -26.109786671390125 -0.6650084616442342 29.444700423898524 81.09260561907718 26.51937829521664 -61.48724467799455 -34.0106565073058 -18.201721721324546 -40.104286680759806 21.95863240419638 38.09866778253004 87.11075122606141 52.956782678140485 -63.08148362549388 39.10971035424885 54.30713830942548 -38.68086037055458 1.7007310273981773 59.08214686457336 -55.390180283508194 -22.30611550499293 92.8859932417864 21.441555469492485 61.867238658496746 -82.73898945444384 -6.758461931276386 90.62214864788865 -30.572540864323102 96.72350738648558 -16.124646082007146 4.593553011399479 -18.079634293065155 -45.73327661188997 43.25183882240725 -35.993716156679014 81.47919142228974 -76.65264652886921 -18.574472250137106 4.328807619649396 39.94121239122569 35.27058218846423 66.77807733949552 -7.423658539430306 -81.59539318698488 -56.2409661732296 -17.987368448727366 87.71675309884611 -64.41224516234917 64.3477896201531 -70.96267608328924 -12.759966220072002 -67.639814630471 22.049515575559298 21.689408739091533 -71.22738264716877 53.24651754475184 44.43819237755514 -35.934616165044474 99.17260886872816 -6.805414306420872 48.75062023913276 -21.477889084789453 -97.36304557657083 69.33421320768454 -1.7913121353436026 31.636674737138804 -71.12309482736413 -82.8178373464199 12.821303926552858 35.36424854376324 36.582179986133355 53.931791089670895 1.8319584715497967 5.158586759540725 -45.01942497324865 -39.25009499897416 -76.69841518355425 -9.446883586638208 -80.26583727710971 -82.9277072973008 -42.96004526857724 -89.7494614212071 51.82260590301445 -4.568562652095068 59.95990211978017 33.80504192653481 25.360924261497715 26.26021824940807 96.9517804176038 23.12337322132572 80.70386579921117 -77.47569225436447 -33.34878411495772 49.146584969181106 -98.27056376611571 -40.05167921397916 51.06072484917917 19.506405329889787 47.02970164246568 67.90444245122973 -92.4784960504934 25.59058381874945 78.69592524224493 -21.742532008094557 -69.91409518560164 8.102359908251188 -15.867733067076315 71.78183862167947 -63.99480075680384 27.171882570673006 -92.40128587860679 -19.730806504472426 -96.71394228030098 -93.83968022196466 46.7790590484953 -25.04725532345165 75.84061128550309 20.74503995909521 -7.625542233091593 0.9053711668912854 -36.68185704167437 73.54142332510176 -20.472461179377348 65.46318601269249 -51.14412204021206 79.35363954594615 -38.16961061898998 40.47944610093967 -41.61649902240918 -74.18942073988532 -37.52927648238589 -11.39308683299815 20.825350619333733 -30.260647131070456 -4.7464489244132295 15.760312736037193 -86.15692241054045 -47.20988456257571 -2.582089311163344 57.162085122262624 46.48249830370278 -22.081255616473385 -1.579701022114378 -26.16286120970463 91.82415405154677 -83.01913518433044 -83.10395467639921 -9.48882469280315 -35.12839082509669 -1.3216114886117651 -84.46661204692842 -28.199458244332902 70.24524917545557 -42.860010763433756 99.87348551965667 47.35140927811361 -89.66279933658473 95.2163924643126 4.530416334046123 -96.68242530044628 -94.50747818708858 -54.056875368502055 54.81676085860104 23.441921024335528 88.73699864955458 63.499822535834454 -40.82061570925182 -24.17192793496463
-87.09905575678468 69.38361293976686 41.77313486362431 43.20025630900034 19.580800831057772 15.419804070954626 -21.033944647741535 87.38215211999434 -35.73185939322691 -26.827745109303606 13.104109612329125 2.6617344087520536 -97.77060589760676 27.659810553735653 -95.82004992921445 -55.90592947007924 77.13592403167826 30.073353354968646 33.34576830596728 10.388009587975475 -26.385143065392327 -39.22485503204069 -23.530809913014977 -91.23185755695017 87.02440218278363 -74.0347928411494 75.83256691641975 50.90174634202236 15.816090896886621 28.521173336194266 -79.3298572127853 17.996364847505802 22.957016806725463 -53.88487773780191 -96.09681054018542 16.16534836929297 -70.41892682169386 -10.71596033916758 25.404306851784142 -20.915055387906662 -92.0828701293939 -33.932051372284164 54.47349588363974 -59.738152519269484 52.152373899414016 -19.920057910703974 -42.16014981603931 29.62079623193577 -9.642583307033092 -42.30264731216364 64.00233516226953 7.9093687810033515 11.032547591370047 -66.06766132460014 4.728144114324337 44.55924344543729 -42.32807934879788 92.7507310058883 99.97277182302417 61.23096209488662 37.24491304962757 -94.08321069741604 -24.79629901240456 -27.522275385057753 -51.41534020512679 63.4655915657668 -78.77200744493764 9.958020524265649 -48.740833045226495 64.64688638837939 22.87180754489846 -89.49955937513428 77.67218992267274 -63.900675652752724 -70.29253198545624 57.06170416123794 -91.57948230386559 67.82628766868166 12.14367731815338 -3.9277568184162135 -76.2012514510593 42.628615932850295 3.6402749578809335 -99.00302274422552 79.10548134444497 94.43732319430072 26.731094529188468 -79.92635556431607 49.46253203381565 -92.0840113970391 14.919172178306226 -41.23491311766987 30.498351592178665 -0.19257360395153 -26.111121588841584 -50.451449702713006 -20.450353855747053 86.7306041061587 28.335825607536947 -61.73526169929522 -24.55502498413263 98.3341410625062 -29.621655196350318 90.5541074648861 70.58361310295297 -43.67305153885979 79.48526480467388 39.47215175439297 95.558635185643 -53.1131233884913 -82.15569392279396 13.648206171861261 90.1944540114707 34.04125374814984 -19.659005809912003 68.7249001906533 96.3172469378261 64.33248648358065 -37.62067691130761 -67.62895077108072 80.40373439202736 31.90823247118101 -71.31767136259728 -52.903256648914464 36.047918837503516 94.76607684104579 -81.24688447235486 -86.89187096313533 41.3560080378366 30.659840384005946 60.24135325722813 64.14546749971214 35.73297984178484 61.9340852844212 -81.26152975795624 -60.31027141162086 55.460694406012436 93.93808957898858 29.28201910610511 2.4144208337971236 13.931867051072473 3.844295929069389 -82.14414026258063 -63.570951889471594 63.92233773613515 -57.62846991569865 46.62606020682861 -16.471385571477583 -32.40606115727785 11.704233372680562 65.52993518763031 47.462986792825944 -85.29678298784673 -51.03899020357061 21.502583312352712 37.44345211879326 -89.41988967734737 62.86894543151834 -87.68348554916861 -99.31916857242935 -10.146495122348 29.034443996373426 -8.450641910247143 -46.08356610096234 12.748634798477681 32.32631591513558 90.5981664279162 5.1022691043496735 -49.378894408769455 33.32331651430215 -48.71104467211011 -63.85434431955965 92.33746039008156 43.113428440256996 -20.706543109412806 83.9802593973456 -89.69749895197606 -54.67516399385439 47.956320280367066 19.073563736678395 17.221587227368687 18.69782965156952 97.56611651714394 10.618294161340387 -54.54687084490646 0.08246387141544176 91.5428228264721 88.31987329347885 44.079542854414825 -60.31602101266482 83.37405149397514 -84.95902336454056 75.66296392472859 15.15047804365446 -2.987970711273661 95.83576772063807 43.04036247648503 52.5700005988227 27.95368085892575 -35.023806837634595
-2.4526253004848684 -86.19845159481348 76.24933669504688 45.259031002760764 -41.81889059465442 -51.52177725310998 96.89604279610606 -7.055869607082087 -71.01037376927252 93.138080718595 -81.82755929036159 -0.8770789687002463 98.20243248254505 96.2401663761649 12.99590843690423 -43.307115464150584 -49.402728556717214 -20.93396073670411 77.94221864641275 -51.78902277141908 -35.129844179748275 57.62326719732209 47.52257270904025 -91.77118157698017 42.879821046138375 95.17994520845653 47.21426854137778 37.87656947379767 -67.08312148160378 18.121742775840573 8.782061939496828 41.035433418966306 -15.994590678385691 -26.598086831960615 82.11736756170717 -60.28009768005449 -12.711142873330573 14.248003441434903 -48.80444317461388 72.33799783769445 82.7870077055864 -92.30759389722067 83.40706703798364 -85.45585221069936 -74.79179890657326 69.46889221058527 -34.22522432196109 -43.24102648054513 24.081233142155668 -57.58042292699197 5.737178127687258 -83.95470220523451 68.79757646704354 -20.570932777008565 63.1117538060428 4.767386928509893 -31.93992319967633 12.878977061111968 71.30318662205019 18.68293038595435 89.10182970545279 28.663105016987572 -77.04283334563355 -55.054835836901695 -81.63731077492493 23.072896602797428 14.758498164135105 -48.201362090729674 -98.97761230456017 -80.3359287893303 59.377421605969516 -34.78444274994301 -73.11997364625367 -71.13841235528503 -59.33484009955568 44.683249680692114 -1.8157640626982499 93.93739679142737 65.32676185167583 59.63194850400001 33.32688930010133 83.06086090360532 21.05679545705479 -84.91516063479779 40.95759857686744 -63.00185544530148 -72.9852128164408 27.507741991529983 -16.240470712911943 -53.30836038806086 -50.52921257424436 -98.83174839703743 90.24038986562209 18.065594031522465 25.893797674454078 52.68316635405165 97.26657363098386 -51.03325732726067 88.10006945176832 18.884990480380708 -25.160894346580264 74.3516323191408 1.2743266346132174 12.880019517378855 43.6595002961933 -13.869206152434373 -20.124478076621585 34.95248476398325 25.63311070932386 -6.295512945745301 -97.80840965294952 99.22326319051987 37.354078443152844 21.285301748589333 20.314813396632545 -80.73059476929885 -27.886270239493996 -90.38308032046487 23.90100092658605 64.54552037934519 -73.24585912248487 2.8842145946480287 -73.61760147790926 -57.58150994394428 42.045161425629544 61.49191181211961 -87.07291209835957 -48.87972199525657 -75.25669909141482 70.9989633643649 12.177722368154463 81.95159099709116 31.357433454833682 -88.00987643444131 9.708607981153136 -5.498294374112689 -74.39157897994767 69.90306891319239 -65.3390560378215 88.4463453499331 28.218568419689802 9.087041430138456 67.03928226159249 -26.533638971785095 53.95773027030853 -66.39337850332066 61.517787431214145 19.541064610512123 -11.89098661769097 -24.527752544794794 -77.49997517725285 -16.600091932309383 -61.64145697334726 -28.842665702745094 -48.366909989251994 63.39718712743735 -38.619076317311766 8.73100348590647 -64.71441757107179 75.52237929645474 -15.60005401881969 48.099463677258825 -98.8662278513043 -98.51982880090023 -90.20095587315602 11.414533339822498 -20.32367364645691 -7.633344287322046 -35.92021519863306 -94.5288843595622 10.603124653466509 -55.59846184024651 64.4284918438467 96.96748319386148 57.0079583553449 -56.55621950452034 -40.669247125715025 -84.7519781567238 42.081874411365646 85.97692573933406 17.707126323255224 -99.40667901498468 61.778128773079004 -90.35630440893163 -8.980335924049982 57.41389374844695 -26.635883818738492 -94.67136789749861 6.694804146181625 -31.16032505585129 -87.69821283809338 97.59193045169044 -46.570727203987275 -71.4352553631116 11.628202108404807 89.78551087777615 5.990207039747574 -77.52446367827297 -95.82756539923906 -43.78758335640525
68.82216970068424 89.4136679959224 -45.305439705680506 13.86936498628404 79.79884044851309 -81.91835768062651 -3.5831385632176307 -65.17910287590752 -55.04737781944797 -28.54112946713616 85.15165996691582 -95.37972241241874 -58.13574542759985 45.38262306334647 -91.00145834641786 90.05284101672734 15.418260706610056 -56.016116626612366 63.57391008258543 -28.508290963569436 -17.049866144323246 46.99180216656919 -26.23863549722914 -32.72562178185625 9.861248873208567 -20.598699288624218 -21.6641844162109 3.7309626442362855 99.61281291162149 96.17558780684215 -46.578224974159 -42.327834353563574 -48.79761934452122 46.65246177664858 76.0259661482387 -67.38918362933939 72.48381103964314 -99.90623505660724 -86.70772209153515 -58.62426475196436 48.87480421354172 -8.06441026241933 -15.64733067232828 39.07943019655494 -56.98145238780556 -51.130027902620334 84.025052734604 8.326540048583794 4.3786938905323325 -90.94896734691534 -94.34069288675764 -74.46219727566283 -87.71913632182068 -84.47042322636007 -86.3013739519941 -56.88049436458904 -50.58786209245512 49.33693405600229 50.77570798986184 51.17248699046337 15.23167857996826 32.79536756987147 -95.08044279857792 73.69265752737871 -25.161227397059463 65.48065818951204 -51.46370419820086 -88.51882247812577 13.949045817983858 41.14003401884443 63.26959307797793 99.59646753611841 -92.73104315919096 52.24045026755002 94.48506930231929 46.5851647207505 -43.77394363389131 42.45400934791533 -15.163099392686348 -82.95386755852188 46.3993416357377 81.68837985620328 61.9464659207986 -73.62468435401732 -74.08115062936385 -30.74635144590978 19.83641439608519 -91.33125276968725 -23.609664443445922 -70.74827472698499 -56.6164628390744 -46.43698057840968 -33.38609216377213 -75.11978348337827 -39.80998189592311 -10.57178511638348 35.16700421740035 -80.67879130782285 66.86494982647096 -95.54250503575037 91.70862475283377 56.757645586908524 20.04025577341193 18.512475151596846 -29.674550828092492 37.066360001146705 66.08145087965354 -38.46674958733922 -43.475913207125515 22.479076191096198 75.9782201708154 12.319497416399301 3.8247188932010374 25.727711555272577 -86.59789681884773 -96.32723620076422 44.203381857264475 80.4142829933015 -8.446470560867027 -92.65043722018301 15.762555917671378 -44.63697926982897 17.518332129813857 -73.34385357921207 93.35950610507433 49.512412637331806 8.719366594866784 -75.93532529575597 32.74635859570887 65.4467556750678 -38.55726626280234 -31.34489067979102 -54.353785800997635 10.951768163310433 73.52270870617329 -22.72741417935329 -19.540646229237908 3.92077877817907 17.77981163402849 -50.39301563361502 11.067330402794838 91.251417210033 -51.10914730234939 -97.1515089309763 29.74763970297201 21.019630844600186 -90.42340944241248 52.625821533749274 -31.595616351733298 -5.480692984913489 66.05811776654298 74.2498457910653 4.515274093450671 -81.45035109299826 62.49634742023261 -67.3587914278228 97.93173461964182 -81.11482966036247 0.7015456069081552 61.39453960578015 -11.871215618231105 17.49572987728358 -11.010567557949827 -78.79538050135675 -97.11125933866522 -32.32311578934619 -15.822544237867291 -85.97143891792723 38.14421622322453 18.760726233748898 71.97999929652309 -94.81765462116749 -71.42313849792423 30.1330205737693 34.88621528312865 90.14169392990189 90.00183929810075 -57.31381280545263 20.740271730647677 67.51306972637207 7.756166964314758 -9.217657396439137 58.00973127519012 6.834932761259978 17.969843154440127 79.94920817669077 89.45263830003324 -29.878267233311846 -87.39291233891662 -72.53218543548041 -26.68976684569384 -73.09370728601098 -80.00599809888996 46.455596900117 96.72312710363047 40.18709361017747 -3.497977872086679 -31.2664151280826 56.424587977103045 -24.686000806169346
20.763484501128033 1.8931953054955244 -15.737128744187729 73.82035115859026 -76.63386306404655 -24.42804652555175 20.34865690832565 -76.49731713765557 75.04247392100771 -65.2025540590645 -3.9586520501528923 -38.013427546838784 27.31271092557273 -31.278881828624748 -62.58288350290404 75.02262886233717 75.05162307452576 14.17905626657496 32.954198903535 -26.92215386538635 19.56060920254332 -20.530644046531847 -57.370546974744016 -13.777938467059343 -7.7594695020615205 -24.400595903351558 63.97898123754064 -91.93724992071517 88.84945724262465 -87.84953205891478 64.84038223261251 -82.50271657620473 28.048765604093006 -35.002533365281806 -15.14423888390543 37.013421706204014 42.46267468039352 75.01984917223822 -76.7408956398921 -51.785504394177636 -72.49678194862568 -58.27913555791988 89.1971999118177 -97.75696605695204 -48.47785596600496 44.627775320741904 44.85735709754104 80.57299301702383 -56.176367737012534 80.31090773050283 -46.5913069924609 -43.583631185639724 81.34893910552776 61.974764030295574 -65.6535758581914 -37.43904776207554 -66.57055236294518 88.49479998275203 10.839630380578896 -30.047640479515863 6.837359240191915 -26.0192169272063 8.016927927374851 74.94876896469208 -69.28638998658539 -59.81478908624249 -85.12032641062825 1.2254441947407315 61.04639497898975 0.2950564232270949 -65.10116740111793 -94.52343963031437 -50.062160832104105 68.54207352401772 -82.82728597757398 85.48992703207944 -27.19986699044395 -58.21400761954385 -41.897189264874626 -43.94115411117063 -95.63272826397132 -12.352577402209633 21.717125070060405 -73.75245516068327 -0.24743304268875477 19.784778677827177 12.60022525430658 88.42170359154119 30.18624912591119 68.18952213803797 88.4804918806328 -3.587847475768484 -49.44679671566708 91.3026725763981 88.90914578934536 24.693083599448045 31.488367049316196 -75.90117878969397 -58.65136196642746 -49.318123168318785 74.63814823920148 -97.45714067437162 -26.50033079857495 37.973024744562025 12.637227542240154 -52.17540437124322 48.741595453838926 93.57899877197971 18.80623283537828 -29.236777399487693 -40.754488463981154 -43.12845452158771 -67.83149416011452 63.73601231113369 -49.40154445305651 -13.082893525431103 32.001173206266344 -96.45665347530593 19.676909575829413 40.91583248876992 -57.353703522851916 -65.07483920662102 69.19893351100987 72.53686255117768 -39.049802942904236 14.346795885547124 18.278305878275773 77.36325519248257 42.152666166240664 -78.03794030864466 -72.54912758449719 2.0003307843212923 29.64969870125418 -54.5481795782206 -92.24553420571182 82.22812635439038 -10.923814418836614 -64.05889317700846 -6.763183847006047 -29.468539931477494 -9.84095099654212 64.2653971998825 22.918227996523015 62.250184596295185 65.87448432847336 -40.92562611024639 46.38157956498884 36.4449400283178 68.67983366963472 -73.50075231848376 30.263136620942703 -93.23251827110607 -71.66470097779967 -90.19641473160154 -2.8182420024903507 14.980788262910977 27.359612402725645 24.33358952008173 73.14962315061396 -68.62605944756221 80.87019304258797 -37.56378927968911 93.288500233582 -25.1473587352139 13.200024242141708 13.987250251011815 -30.135509041950883 -3.6730728523150162 78.67156498497337 -70.23449833664998 5.522887846892317 -32.55580813906404 50.06315463551414 60.48774100090168 6.986607793476949 45.386392009453175 -46.487637177074184 -82.86285688737003 66.31820899311708 -88.69615419453754 43.71958620557879 -2.486124684954177 57.1737020105347 -82.56079310437288 -19.884277081484996 -12.211982086709483 -37.09216939769831 32.40581006816521 77.04135363736552 11.626171301520927 32.564123111395105 -78.80258968263752 -71.19814275169931 -49.772408275751005 -25.239564195758774 -40.65818015992208 -50.92642915051091 50.20314919320998 96.98614234279773 5.6208993920253505
40.26241267405916 76.86095795423017 -26.89101638673705 -74.45002001619528 28.259890770509486 -52.1779192546217 70.21160993153856 70.27069998561646 -12.664465097964367 49.366794309314685 -98.25854936031615 20.314452567879954 71.17155164480033 92.40065918545122 21.02101059306871 79.77728636266707 64.86332652755277 86.27738383006812 32.57243197112004 96.42274881703878 -49.6585209861188 78.2396162103561 62.768014377219515 97.34247446964886 98.94991816851328 75.35062369062081 53.18999675443118 63.19492221517865 38.04788424007552 26.03844290152489 -81.00817793060443 70.10855690716667 29.80510031592513 -17.859287990224274 29.268902783784995 19.87234531881184 88.03250912811512 -18.354656547949503 -65.155511531793 64.35233438337386 -27.539785140241364 60.32546996836567 75.9513985163031 -98.34000183113763 -59.9185260918226 -86.86816718333449 60.76675867960034 -0.2278733868369187 11.48865299098037 26.67277942930579 46.52508753410078 34.4398579239631 56.00387636873427 99.11071003761677 50.24997558504893 -4.982849051029518 99.8423731974531 36.4920959653611 -21.713177196854886 -97.58217382528112 -20.021058945931955 -58.55969470783955 53.87078991559662 -74.69333040485392 -11.1897662493367 -29.632154127209986 17.001051158990975 -90.1593937984528 -26.385508376623278 12.936798660659306 -17.870972294151272 36.46199477579347 28.216538141181644 9.014514572086668 -95.10528889777152 -13.216791372018704 -61.26798986458859 -82.85623535644113 47.421792492147176 6.128099918498137 81.91123491294687 76.30907112095727 -31.94279119911576 74.80355376685381 94.28615939333847 -15.758764410029997 91.9301213091588 4.349231907399442 -54.32162481542622 84.69311317779068 -2.705885873098879 -12.9762717307093 -27.484105465360443 -40.822172853689786 39.12109403238034 26.577522731548143 -17.573393026842552 -98.11415688944183 -92.53015452485216 -85.42060701394087 68.59458050135979 55.06760011854567 78.79435793350544 -24.56104879674011 -64.45799058578474 66.3573683482654 23.10151969924364 -46.761461203906364 14.96996123564655 98.99069507165686 73.82682934569468 -19.7207750143386 70.5168888445044 -47.798691537420844 13.807669617121235 53.866038239493975 -71.76192079863517 52.49523188492071 -7.946009440998239 95.01838739533505 -67.22119435184271 -37.43758758984217 0.8002028434193562 -90.71427882978331 17.62210803394825 61.8678340221112 95.5235586666789 -31.81437282412969 -33.594637632403135 -89.99051092533618 91.13873780520296 8.225105664490442 27.720145160356168 56.68637426152944 -48.26346874846643 -95.6090609115527 -41.019172299403884 33.277984763985415 -67.94222718056251 -27.608831026298958 -14.644764092581156 82.21388105181126 56.687378658239055 53.50220849213028 12.819413965416231 20.49809386259423 -16.40973468208557 40.235877831039744 58.76709598005573 34.372586545225516 -52.48612260108714 -52.314516020632155 64.80595721224284 -33.35770160562548 93.3418590447769 24.12064722911262 5.906959932676642 57.58484425891223 -25.178320414473163 58.175730282933955 81.67418041363558 79.43245062552 -51.878502955736394 84.69734517075548 -1.550122292448151 -97.70396119006084 51.12458418723503 96.05489046103833 -34.50282969575724 -50.92657009034194 76.82383500548804 27.474011535293926 -55.45024480205845 10.922882479187251 36.59386449451216 75.58014574563333 90.84703613732592 -24.23587762346338 -33.53750360366914 -81.80495409086792 8.238982383307075 -39.17580870134971 29.55822615516132 23.873860217253792 4.819132610915361 50.85602318496083 92.92114560248112 -25.123322100347195 -20.254998599447816 -31.840765115332687 70.37563575151165 4.4396814336156325 80.47463556859262 -13.83016812696043 5.3720692141917965 -4.25929790960069 -63.9814992322882 -83.31051594931726 49.58832910379064 -38.25185299761624
27.53628929031558 98.73220926067077 27.116527750680703 -80.63159593709442 5.988572491926874 10.897750468155436 -38.87372849735349 22.43456905868048 70.69454708293125 27.100651924640147 37.965642798854304 -88.51267469272108 -99.02377200026436 -82.99969209967959 84.20947653307977 -46.41037444090248 -54.5331021657728 -87.2531574581956 38.51849812238004 58.822186470581016 -93.3761885147203 -66.61642535336597 52.56388839161562 -75.31172097516648 0.5428143602861866 -16.601456569760643 -80.1480578971947 -62.42509046006717 -12.539575535847348 -71.03512030949398 -96.63198468493712 13.24668510839831 12.605425754276695 -26.16095225596122 60.32843812911875 96.64601530655753 -83.24956810868113 65.51257116395769 13.910691874368993 -92.0070900279205 2.6104038868574264 35.957419677630696 -4.975752227776127 -70.13901240548074 -58.19413523689436 -57.78682763273715 10.375424054000177 -77.55302219007044 25.183293608208302 -91.32171397060922 55.02353796543571 82.29039674061755 33.1019436109475 69.27265980549663 -51.11307881927518 59.48908668806291 -63.008897102607705 -16.800750811797755 -39.245012063404275 38.67682978136176 30.04484387154082 75.75113270001091 75.19862227155468 -58.41214490878952 -63.01177955850002 -30.839544822456276 -77.84979323108806 -23.96747196232684 96.04350779582575 -2.346282307494093 38.73235059099699 -89.0003584802739 -99.86428484812113 69.56026972491529 70.71503438765103 48.58476517635745 67.78881264759445 28.874858405681863 49.44266734651973 -50.83176309169248 20.53740141239895 -45.52458226087466 68.50317145556818 4.5579027490317685 -81.73897734550533 17.150519659530403 -18.160610383191056 29.290303833092736 -78.2371219890683 12.518881223789975 20.78958960868107 -10.704325878946207 52.80837700566218 46.48336929111977 -53.79039246387072 24.100159796204593 3.3643283114820974 -26.68459197440312 -87.99991536884093 97.07083608019684 -86.18619108877587 -82.91273656037417 -78.93098806925865 -43.47687147394388 84.95403571914233 -38.69590174107225 -21.341498040884233 90.31413240964875 -7.413233702696019 -29.874318376422252 7.007217296831001 8.373285041286692 63.539241897374694 -85.55178488473774 69.9656556349293 -58.07358102782592 53.604453662315905 -68.4187094723994 53.907661260421435 89.99131264606979 78.8210484162 40.21492143893289 6.690457489944748 6.190242031566683 20.481905813269833 62.987458050537924 88.6119261796897 -31.72695718581022 -14.671798078699709 -99.71977839721933 55.50524263905933 0.020578431352461735 -7.711344169607145 15.12456127882767 -60.4375163045014 93.28465240911342 47.46425836850611 -10.041458055273239 26.955760861418042 67.22426419249325 -93.69716566283361 43.23160655039379 -16.500350047893647 4.324831355598562 -52.29933886813163 46.500184150109334 -60.08640830631935 -63.86427712728799 38.91223776000638 29.337054077696706 -92.54677487829437 -44.956786391083185 -98.11826391677285 -88.82756087311851 -33.863152256701284 -81.16761595038167 11.181453954369843 12.190768824873615 34.8231720889477 -57.89083731927083 -53.57536299280894 -13.373528605299441 -64.08741913188338 -10.049479396786893 52.24075523619675 -75.33776407036325 -10.15733839353183 -98.10390081637604 -91.31588594852542 29.377799223543718 -62.31007261142649 29.602294459924792 3.985633816961439 -69.49005468336647 58.943840727524986 95.86932183487062 -87.17702006994385 76.01253730088033 -37.8138862404042 -77.56835256145251 23.71667326000491 -72.36624023356144 -69.0336215915502 -56.148020253575304 22.324778935866647 32.39437605978199 29.22832601557218 60.65020870792503 -90.6301227986972 88.94985225235754 -86.57176935114956 -4.33864620235353 -81.57884804852529 -1.2421226111128476 28.521978200597488 -9.33282060711575 29.648437605648894 96.66980027399902 53.31047736481128 38.59103383591588
-23.83636837698664 63.674406803128875 -55.32432386855932 73.81049318307646 60.54680133703107 -71.19749983442576 -38.12003792474474 -91.9654561517703 88.93739472995037 4.510548003293735 29.29358092500712 7.116444855792949 25.23394962187251 36.3593776533846 -40.80976577052917 2.6299209782067976 -35.01018254481674 68.73623931129498 6.106205981202436 32.93921908397772 -76.05113877704571 11.313858090942446 75.69051008158982 92.81040897917543 -51.91008657579894 -36.53570029850535 31.480473619298834 96.69094893893259 5.689612170433932 -40.09458660339846 -95.06077261986306 -55.13302736286996 -93.1271903853929 -7.918868472859401 -29.44080438365016 63.375370688241276 17.173450109529682 74.98694842961677 -85.66675141381741 -38.22063034573644 -90.07519242402692 21.279171523254362 15.195070331423437 53.74383174793593 -65.24804498038978 79.45110290421553 82.87461441082058 29.854708569852136 67.55909281108231 94.8891271596195 95.36706490907315 -52.47680077204231 -87.94249267435032 20.748458717764223 51.62432048335674 49.32621717563512 31.935220345243778 30.44170341062005 64.56240799140895 76.22713521721252 -76.7906576527843 -47.43509975376463 -43.04982968463398 94.60816658304088 -98.82253052334731 58.02192634176072 73.03110296560587 66.1690206661975 81.08506651041549 -57.21465255489662 -66.61370340299231 -86.73959682470758 71.33051811845652 -12.55632652577583 29.833061761667295 52.94724020533522 73.78133672480672 -80.62642762702406 -79.22918457434088 54.48094153601883 0.3025737784432323 -5.494109465699637 -62.253714794922075 79.32386743436831 -66.50795469239313 -85.56124715999798 77.17232466142246 6.070058658972982 -73.59637298438358 6.717679979199673 -12.345223754072762 76.75950210496717 91.36342560980825 -18.865163662456425 77.43075885359349 48.242022352319054 90.6699658648269 69.93892120053832 -0.056178580405386924 -24.17230531246429 -53.75831439401178 49.80909457226022 -98.30122132460562 54.40770131122562 -84.83032257095884 -10.065548007486782 81.8030346548986 -23.61325977601514 -88.16056436993667 -3.143876719082911 69.59400224769126 -17.31867206207845 67.94658804174912 -54.30864289589601 47.905270633554466 3.0547687910771373 89.7174962101497 59.87992342641121 -5.4703767352566075 -94.33576565942063 56.30053320020204 39.00689554730636 -60.24318350965974 -72.92165116383727 -86.01947141800679 81.78813845514398 27.17960340060411 -40.84647190098944 58.7633008646298 74.62046493382104 16.011440452232122 19.12586801830645 -52.17556990231933 -64.26857576535494 47.11463372134173 88.94598718887838 -78.31625922862928 24.79886021901659 25.465148022002964 -92.89505824530137 55.829100768221394 72.97873316999224 59.005913721907234 -11.615975164302881 -39.86349170799599 -16.835777951277635 63.53207949887155 -74.09516202969995 -33.12651227205667 89.78136823352403 -67.74184413240502 83.30381380217628 -1.061261482209801 88.35180693355312 68.56307990648273 -15.611634058129951 93.8311051902692 13.776469970282903 85.1921639683404 -81.23881114947842 34.75678428354641 44.17808916072161 31.92107248974486 -8.965410327194334 22.936158180472034 57.87730110492123 -91.15309896996658 -68.66470367746129 -44.441638736191244 -41.340941576521196 18.261496806974705 -17.337627098252867 38.087953908039225 -4.926686773613824 38.343584475817124 -28.969425717942983 76.80557206380053 -56.54241338246122 -27.496560451260592 -41.854584207856504 -36.37071420100648 -80.79677402332695 -66.69369718844425 51.390402605740235 -37.81557598942633 98.090090463391 -76.01262411563927 22.590682826176533 -63.039249132554296 -14.090716084383374 -64.51807380846117 34.42860294978405 18.453589223187066 -56.5520335823706 -32.417852607118405 -87.06092566361177 -83.52179526421307 22.775501320404132 89.93924149552174 -73.64575243622153
-40.16057769214194 21.746497930129706 -21.166142544233566 9.588496724082603 45.131168165314705 33.950600469050926 1.7993513969499304 42.47503548344855 47.433160316189884 30.963946402225616 68.20062721275511 -71.68896489246879 93.800442769824 -5.241305700261307 -13.443540580225587 16.069095502267828 74.34740589035593 -59.32347772121813 -34.46184171883222 88.38054475238059 -76.61431778990746 -50.17729763069223 -63.782874407527835 32.56960120757745 -92.55573189726016 36.56999658629502 -68.31467740677311 -6.52436965747691 70.83306959117724 -90.30088797281208 83.2028765611224 38.84631777850586 -39.10235230023389 74.51108596870958 -84.57962213920453 67.366182037707 -82.13857012044264 35.16540386695888 34.999785429464964 26.904138032282447 47.652852724997445 13.801688895442481 7.0881331627830235 62.8138409503392 20.112104835723812 54.367271322062265 70.36704712189422 91.82088442929825 -64.24152737143567 -51.76324528102691 37.62551479602354 -17.10739687371074 99.88045246351521 -26.342883412359285 51.46385234661389 -64.74510010654586 -76.76500672085155 -80.76467701407597 65.20843577908474 -99.1863588423987 85.50627294708568 -23.83687229349472 55.935576769664095 46.72494384124673 -40.72782721739723 -89.68245479396447 -29.929684499136954 57.257769011778976 -50.983588128403554 45.24461035264696 73.37974264478925 16.54744673992907 -39.264295972436145 -15.207712879853162 -68.66306615474711 -93.12856877306275 -97.07634468504696 -78.91879307855227 9.293522064753361 54.14325201140926 -44.48909486295673 20.66687995428171 -90.42957293620277 45.88717881024843 92.88325768781101 -22.9355706831641 -37.296481716224285 -38.73007701245405 -56.333941095823306 -31.451935133968178 86.71340999746195 85.21365634210653 -63.94834877851112 77.72864589103492 -53.22993666505316 -79.34739155025667 69.99796929956759 66.23246022472105 78.22280916005576 -43.9101000003357 -54.579528384627295 58.01748472840433 -51.27371998790511 -63.65600090175339 14.583027043450826 24.67491618839766 0.06680683260351827 -50.5578751038273 -95.4552501091407 29.430905622265215 -98.2208840221841 -91.48016013682127 -71.83955261098913 54.27112900365486 -31.84253915148352 48.030952242205046 -69.2976954798882 -55.709193838904916 57.76130924551822 -29.724320775615936 36.26125003738082 79.195951983382 76.1990187071761 -78.91435554427149 20.41611479766867 34.036147393454655 -75.63552010069954 6.384589263182988 -63.260208738466204 -33.19227038808445 74.88194253377424 83.84539955407243 31.637147914442295 93.69303640724246 97.46152643984297 -94.17735885751901 84.83322527765907 -26.575481213948223 -33.67387847239584 -32.51181698656964 24.467179451758042 66.96198830879712 -78.68912406954928 -88.39681319485624 -26.913836440586337 4.297061222918131 -14.689696256139158 -47.33910952471936 -89.78632980843955 21.114289120116283 -33.10240019907033 -22.233428244167143 -96.5535016882442 -91.8753867341032 7.381446970404923 -54.34756684243758 -66.28990141053497 73.07931589115057 -47.809759246134846 80.19497856664316 12.588963171871754 -12.196090505680317 -42.25694338742279 4.729247070975134 -35.871508633486314 54.55138061837033 -99.7039710931968 -46.39251793669188 68.72559414182507 66.74256934298123 75.9651808326571 -66.025752710396 -86.75741606100205 -79.78730174389167 8.702674232397328 74.710314778525 88.12192443765366 40.826966441196845 -40.32393639747396 -75.45992003556762 80.27039588018334 28.16158897165289 79.64960812873338 38.54598252629117 49.753743530272516 -71.9444338634853 12.07943397386562 -63.65665714613187 -17.641710286698185 -61.40554644481999 47.997307178335774 -93.7001987087696 98.76611820646875 -78.2886862921262 -57.36817369004101 -60.830588842614986 71.75298841611385 -19.321102474515726 44.00782598484099 55.33254128376052
-16.484743265800887 64.12338158360157 21.719125464321536 -62.45368161839326 -7.301168938051333 85.32236975488712 -19.272921197816444 32.44913206114387 -24.000854131667197 2.293832762619246 -31.508518951807332 46.13436827457335 72.09752439193863 -65.36542944776689 -30.560068457666503 5.124785659832924 85.17112944766981 -83.51623359911443 -91.29359843949831 -78.93870662840126 65.00247351247893 76.63558996259167 -9.845491524683041 -2.8378614655821366 44.90813390502524 -21.48403505056227 -95.7070407139739 -81.08934467695612 -46.3556115970015 -84.56423376331762 -64.89714777855175 -57.56462809165011 -64.22184325882594 71.19353622736668 -90.615707190392 -89.25887076586521 91.5480271282974 78.76066717387425 -37.87644397952612 7.947264157840323 -86.17047691285376 70.08996203589456 -70.55170913956911 -61.736264189470134 88.23044026251819 88.0315785198342 75.81244848398174 -43.315502158582355 -52.37846023517414 -56.07919688601617 36.05140210763622 59.13149436476425 -8.983673185493927 -47.478461173840984 52.833875634141606 39.80480014813142 -54.764314341029795 -88.4891607536851 -87.60766734336639 81.07046073304434 -87.81073624694164 -73.5804146784202 -97.07035477597945 19.846017596083 55.61386487933834 61.80913059387652 -91.86940209239279 -0.8545619061315364 -19.74038948582087 -96.15429414037668 55.60231515620217 67.17303902776973 35.77926263565837 93.49860651815456 5.953632297157213 -83.9488037765769 -80.59623195983016 -90.67972341386528 -9.720695996699206 8.426697309331587 50.20575723397897 -27.727333010672808 96.93767857628359 -45.12636630864488 -23.185369637667733 28.55711237949953 -41.56821756585198 27.78365617434079 34.70951711333936 -75.45081139052836 -28.25951941480953 -53.380840544788974 1.0419793456440942 -55.81792094911724 22.873329342436534 68.5045818891281 46.624629197214745 56.54807510396017 41.95277590503653 98.99395302398156 -40.53003813283529 37.20933499195121 12.188806244989522 -89.0542283602988 -17.22103601327973 -3.178011046158332 81.70247703090652 -77.86962959676313 77.38262925623908 -92.5970045215863 63.169701814171475 -61.78958880247818 99.77424873937659 -95.00592340169906 10.698965026650683 -71.38601906825173 -68.17019567189202 -8.82186303546284 -11.60903698101265 40.1361911893637 87.02619053498753 -9.171869795010352 -75.80984731202803 -69.89213780867851 -52.7368378647582 -18.497280619545535 72.74743786105779 5.376207459024116 63.865531468225356 51.85154019847147 71.28332968371183 45.89979999023629 -85.71200881266074 -96.30867762322173 -7.042649636759208 -81.96932805738962 52.78303903111282 39.099898287674705 17.117066468598964 97.06171432062916 54.59408861245083 -82.72905689331122 -12.682381506056942 73.77599634547605 -44.062688277026105 -2.117056773224249 -57.37777775501913 -3.2927466650937163 -49.251822903801276 -21.30319656525201 -40.45436264797628 -56.621438891830046 80.48436523036281 -35.67233186073919 -77.14077177660175 -43.26401529918278 -67.33001524000744 44.17478643752298 33.03703032180604 22.4085057239146 97.86523465211724 81.60496656250632 -33.9051211194664 -56.41999853410577 -94.37883276276789 -4.364087677778585 26.9977901226478 -53.48595087147905 -98.41932544015724 96.47954615245132 78.38515619112454 6.990177510611929 -10.285197911577754 -73.2051473991334 73.52571464251918 -40.2392711351891 -52.2279770426568 22.146146490197594 95.40051848062095 -51.68859731340207 -83.34897456733651 -78.41235936956397 -82.69885846290188 -56.5942519793972 -23.10980092475883 13.94621982315374 65.98180051799355 -34.69827339575377 -30.193950239616314 -75.78727650625395 77.47768764775608 -88.73082998715857 70.76427783431458 -85.96916755185924 -51.30043958745598 66.66129004980178 -30.733255813725464 -2.6104809350687646 43.236580770513456 -65.87151741722369
-4.261029278234062 53.015008795360046 -85.08564482481702 -89.76398790670068 -80.17263132116136 -9.836171530125256 -54.887348558482365 29.835074068434324 49.063903343952774 -96.94963318574375 -15.017708734791782 12.012663933294874 -78.90024974336494 41.92024851983666 91.14774660826521 -78.0915595391364 -20.70510339230674 -22.938010444313093 -37.569436772144996 -67.40155099696125 55.124071430912835 10.761476110125898 35.961207907114414 -7.561634345085338 -85.79412465829483 56.139272468646055 42.08314946151154 36.44523366357731 22.06412635954011 -81.758911646439 -55.80507222942297 -3.4124608576882878 53.16073609541775 -2.259611932486422 -91.99073026359063 -99.83334232181453 -94.44098343446407 31.179728292577835 -91.28009399371103 -98.87250357377124 23.026997486541106 82.15487501653564 -35.177323103245655 -82.66379579773127 58.044456672499166 12.730483801806855 -56.458199248780396 52.051816208470456 8.312587674539216 93.87320594174255 16.597767346684705 -79.73390840912798 -22.339879908587037 15.520660626164954 -50.1473836548177 -11.006359786378539 11.152670102229777 -15.324012351833318 3.1874242880797254 -93.31354549445822 12.137982700359956 -45.42807725882376 45.78833607442894 -75.33013254086572 -72.87350133128494 -71.69432684046895 -64.44728649980773 -78.46642454745528 35.96998250575925 -30.507351195949767 7.089998476599462 -85.44075192087186 39.237817464715334 66.87931808173474 75.02845691377385 99.50885782546638 -53.34515432236855 -42.276231578042896 -39.89779495837418 -67.38268583646763 -30.015970435947594 -86.91168088215247 26.009110169884053 12.343995499681796 -41.995069458770054 -85.60353772772615 99.94182075601225 -21.46590346540333 -0.659661154915085 -67.6444921241982 -17.84884231118255 -63.148896490174344 77.21610485824826 -44.30177734884657 33.539693364308704 -47.58274440607535 52.033994795214056 -13.1697214724866 96.10205812893824 -42.5751318086357 3.041866343167669 1.168026239545327 16.423160954020815 85.12076913492328 90.35192653303588 -22.89117399492045 -97.84056196055874 57.56385261142421 21.816824859450563 2.2236011516190644 -85.46682684789664 37.069805944148044 -31.424950236608737 80.57551250649863 -42.419759908284746 -92.69395965443896 -62.732481368105766 36.180665275966874 55.48059723856366 -45.17771858074442 60.77899219070818 -72.12153040836532 -83.21799048532557 -77.58541336693571 -48.921051092736725 -63.835757461481 18.799136054060426 91.0415861305957 -49.65886590666506 -96.40225041931869 41.89701613457595 -45.77211977322813 63.9791172389688 18.263965340951316 69.26498952257234 65.53912784258645 -14.11280699556545 53.81956147633679 52.67197962389554 -38.08593204150335 -65.94092368054112 16.578895863539003 -88.7706093633958 30.86594855187937 9.942214715319892 -64.1170696458195 67.10519196282652 83.4181596866643 79.7729241338526 -19.477904404811497 40.16044165420951 47.558574826842005 -80.3065786842789 -46.16790800129322 -58.85983766399161 91.31508527726012 -96.5399120935051 -46.21721891145276 35.52502305166402 73.78703004881342 -56.21924808332248 77.08780999657611 88.85249207014246 -0.5123628355551801 -88.69057364003905 82.67735536799393 -0.16807853854319887 -40.82883724013702 69.19783381880973 74.42356897335011 -54.79859996128167 -55.71796972786694 16.035523493766462 38.72915242896764 35.15033387142671 70.9819521235193 -17.406152582269 -39.59102655902114 -43.15557426863712 15.317386319864795 54.93249448291073 38.019884935260194 18.082052903776585 -95.05045168493638 91.9248410955982 -17.801574982799664 -34.733902575230346 -86.84416594254006 -89.46179281429676 22.179294698397584 96.61826899993545 -80.72132258608013 -80.33081874235151 91.5352486952734 65.3530402246156 -57.649217408017606 3.8981891466224283 44.91719838570202 -91.6313467803015 -20.689156249117005
88.55374387828462 -99.19759438063225 -7.9783696085649325 -65.197809161659 -39.88470116989755 -7.4476181178785055 11.679058895732354 -75.73976153516841 86.11949573826729 -31.305229684261974 34.2504945727801 8.41146934378898 50.68673390268589 -33.743534706920684 32.19164757356515 81.70953446585375 75.77505491805613 33.64556202587349 91.0671862715268 -97.74298551918434 49.80615405769447 32.365089137906665 -67.39097524445019 -3.9726008408132287 -1.9342089389541002 31.428615561999948 -87.56623708714876 -36.386567300480756 82.59661749907625 -66.08120473237508 -57.553272226616855 -3.045990854827892 -7.251833059938079 -5.212750712922912 -63.4001618191987 -30.873106607496908 33.413136941682666 27.587114670964667 -57.43754776435297 -8.794649005993847 -0.1589985175077544 63.20034546391659 71.0486952669452 23.560004957260134 64.83818782578712 -37.83017237857893 -86.75583530826307 11.493740556560766 74.10008072353469 69.40369118842196 19.88528007553454 -79.11267198591527 -30.942958360099126 -17.97609802074885 99.20815328844117 -27.833054315661983 11.362126824003099 2.2941677006013634 82.56185213819495 19.096394773664542 36.069608658849376 -13.407704976872296 -87.52242659746747 2.065365331658313 -29.508421116791723 -96.87981524954338 75.57895890635308 -13.695397667986555 62.97846495049504 47.109461557849556 48.68749231165776 92.40749166200527 -30.259777572304472 -17.98441876366425 9.024224327754666 1.1060005073872077 48.08344595108744 96.98766071552899 -14.321618117646679 28.556530702665412 95.53088551651462 -5.441834711021002 59.132909511328705 -20.893611624251747 -51.511446017392174 -12.787177255108546 72.16036739068443 -11.43881113562108 78.28139897638178 37.18602780760611 -20.28350473090366 -29.326949438926576 84.84248258464393 26.362871257073238 -12.100026923474516 -15.996721495135631 -74.73563469569365 7.65338641214926 43.39697190442436 -38.763884622134356 -82.0492130510136 30.586554440567 -6.997492569858821 -26.994660934913455 66.86102038987974 88.07127093178039 74.60826360317617 -8.80918674640698 -27.599933662567963 40.13760539547849 95.83071703489244 -16.490639654033785 55.31690039161049 -30.08405297529964 98.53850304015253 88.03089387942913 80.27869129520354 -85.99804037172987 92.85396952961139 -30.654514246133417 -83.96532278717947 61.48308460374349 -96.10084997175763 12.707335934159957 10.850398223794855 -99.38087143151463 -60.01300367230964 -72.02904008410263 15.801034159229133 -94.91722923190544 -34.78394694132581 67.40816851045605 63.10985922614259 -52.73590176986445 89.61449379223353 -61.89512677291504 -19.94324997375992 -90.31574286328903 36.863452847901044 -31.03990357732104 29.168424522124155 -70.86057585690972 48.79473171416785 -33.1497098575429 -49.20386347125096 6.549303334995244 -32.08320183931241 58.49954138285 -83.01008183737409 93.04565743242148 -48.61267550594306 17.542310386462006 69.73068967244265 -96.3412636639182 -12.330780725950461 -63.64246712302044 -23.88015207700245 43.353385807261276 8.064874291270655 51.03059736947921 -63.88635451162432 -7.91623677874523 -14.111317308914636 -25.150202273806173 -21.09309410266458 52.35988638842653 -35.59247798612735 -33.15796825666379 -7.04215429337323 12.964879998987257 95.7811112729967 -79.49673465240193 -74.53626783721681 92.10673093012451 -90.55586714816381 -57.813903434168125 2.5315202571996878 5.984336532908799 -84.09086049353303 -50.451257649939876 -90.16929978534611 82.70354007417316 -51.22727497478725 -61.51706343785956 52.549341736554624 -37.15909842430196 -12.379282039498804 -91.98001900219582 -17.677912437468663 57.93742006887186 62.45616249357059 -38.0048887496186 -39.27349719200093 -8.654174213736184 10.200142731780602 69.02997937486398 -70.12583714279566 -35.7264946300355 65.01128717961669 -65.13500992635628
