-64.66406109276078 61.2211876669524 -26.072659880584382 -68.37311027387376 -70.78671140559277 95.42577014804786 24.634983207449295 65.15064234602545 -98.04850211243654 -53.36128447589634 56.359962370782966 -94.73949263198472 -25.63559434233153 -38.296114491696564 36.425079207337774 74.37127720088407 -0.02896544807286716 -64.25073482026913 79.48452788551526 -85.10835590358754 9.146460151703195 -38.43964479918532 42.52818982465689 69.46017711398537 -23.08073443563346 -24.232179373050045 69.99181656730934 -80.68438442649338 -4.783161820043475 2.5665876119956437 -2.3205027510089735 84.86886249500333 -45.62754467443722 41.59978212718272 -18.35210418904849 38.040397276418446 -25.875096630989063 50.15420372409437 -36.56870906887995 41.27080585436701 46.21920243657678 69.99264869172649 38.17933469831013 -42.78721504335363 64.55667438396483 -34.80753622626622 -3.6929112065925267 66.31977725324973 44.559437003455855 -90.082847214442 13.956847465411599 -95.77245734038102 -77.8114353260435 7.833269443594219 57.39608842007985 -13.583380790892292 94.89285162949605 -53.67801596161807 -77.35554914234245 -94.65612368854552 59.829465671047984 18.927838372059227 -91.53888578533768 -31.956614475098718 95.44082644587212 16.694393559590125 77.08262101409792 -64.93145812104333 -98.76950330920363 24.334027567007283 -16.56625276780042 56.30247279021151 -93.29807348434407 76.78832729166231 35.11429855939588 5.135817635982548 -0.7541946217803712 -39.372434197384365 5.65838060957131 -99.47701936301343 99.80039635034433 -43.68093173763206 89.00964900625081 98.76816830432693 72.28981609654048 -16.66096776117878 29.716320020344483 42.28177448877949 -54.320373906252506 84.54271216182198 -60.714878903810465 63.06593813435393 -47.91124256221047 -18.17637688444708 -8.573173294547544 71.55918838572512 19.33275632440889 -22.399438279772312 52.31821418036665 49.64365491200246 -52.5436075754502 57.76205901199464 69.58800138122271 -21.389776083436615 49.938857529895614 71.3782008343218 71.6466750644874 22.341145308784263 -83.91122971372774 -97.432548112751 -85.39165132152753 -57.32136929774938 -50.10936144420213 -5.503598161096335 -73.93601942009546 -31.58389164976927 -13.716079533643864 -19.06021610750952 -88.96301975375613 9.566708804385257 64.12202539828337 -32.49179469406083 -10.919451532774318 29.57219530613409 48.95134111815443 40.061666075774895 -96.32951883790255 -36.326087302285906 -88.46866605073676 -13.792179279316287 -47.28639989737431 97.9717153612986 -12.549360717325513 -79.94283730309647 -47.45032099320434 32.66122562542094 99.90400094875099 55.3328220619903 -78.82328839799608 -4.004652485427229 26.100367042396684 26.174644520502113 81.19931632629317 80.01062801502528 69.3507154099546 -23.255088944059764 52.832849607694754 -62.679318032572496 3.961825006887537 4.6578057546732765 74.09886553310724 -23.80825555800068 74.17304754365912 -60.14976271948689 65.14306849734729 -83.00081039899172 36.48271149599731 6.435380945739681 -11.382330769768686 53.21280531997442 51.296907732064255 -46.118539536456794 -90.71717798330225 -18.529001190430677 14.808761318116808 8.74969353468633 90.48860956688964 -44.708927166514265 -76.08119632527189 34.57655091910789 -76.53509864119299 -56.09805577089837 -23.733152845453304 54.88943614549359 -80.78864779282017 40.40395420453834 -12.73043995550502 46.36798901318059 -28.810988952074965 52.128367873291864 -61.9884324486444 -66.53499422908556 -86.72803971779382 94.59633938273114 -24.58264427372923 28.15578831624893 80.12281086420862 -88.22491883613156 -11.308539512936619 65.53992763538497 -1.0714261227188189 -18.394445109661845 -26.149985024283893 14.523576577890168 93.34612548812939 -25.928668272605066 -88.1184161735873 70.82936157249361 -6.836571043352919 96.57799848672562
59.97845192099581 30.133781444693312 -13.15136686938041 83.92140094272924 -54.522457833494876 69.91204077292599 18.965131544645146 -22.89378006332217 24.679306282633107 -98.52039028754018 58.37828945693445 71.60986156850706 27.41206204619462 -9.949131095068495 78.18543897848264 8.14796762783783 13.803733601294297 -20.928210318362048 18.038044920604705 -52.79554196742377 -15.466601119968331 -22.005829194086687 22.7764745093137 53.85965869873283 24.70081012284082 29.66868733733193 -60.31907497012441 -45.23717552821667 -20.887770293062175 14.530414876110981 -12.584049474142574 26.72849244923117 -36.52816128467145 -28.72992278858935 68.39871998581833 32.18213202393244 -23.603416138216176 85.27190554530705 -64.58578611224321 -28.436840962627173 69.38139459739776 51.33718989313965 -56.706797558063 -10.381060510445678 59.74443152019265 32.54669681343486 -97.93279199592308 -77.09101449364664 -59.293605106775196 -56.29363285366728 -83.07787945484009 0.15519197931573103 -74.15939204822399 0.7688150048711151 -54.40623998201373 43.02233755644909 95.684319948563 18.2282755786144 36.37218471831869 14.485751697342891 46.150004985164685 -36.97756512170622 -15.400086180925342 28.75090382948659 -48.661226782082956 78.10278428083228 -28.849569919846104 -87.61582296519647 -46.68667562712938 -9.469983861778815 -36.520354704537475 -35.62274640680063 40.158490162929695 21.15059022689867 -32.12518059861826 40.53511415562977 74.68930465693924 19.75856848155786 -2.092748521817086 98.75561896638439 29.50399201266086 -6.018569029868075 -72.62932729017845 -16.26976666334903 74.03737616910408 -51.60786979734724 -3.486016851029518 88.32242089487144 50.51662032730738 93.42988132187475 -47.430200323503115 53.49124313213477 -4.374991447466542 74.13051763922272 42.14550714427935 -8.873441381962593 -68.68525510252886 -18.346853220224332 -15.614510746879645 -28.043124606392183 -68.63162624592147 -59.44261351629076 -88.69798318572701 -69.63011259302448 -49.297919134376734 -75.67700959323791 -69.0444626123055 53.27165901410177 -27.49208537714108 87.16571792346986 57.134723335622226 17.210955181743685 -82.01502967426993 -48.9270464315424 -71.64467495722467 -27.903950281905338 -86.4391244310705 53.11778544741014 61.06103887972901 28.30763838424741 -84.29357934967507 95.74943667157487 -28.6649334409026 81.93870168019785 -65.56025972155292 86.58656740072533 28.718821981994495 -68.87913859142742 -38.157328247413915 30.07213815534064 85.27421498937221 -32.657344531179504 89.93837701155704 -47.51577707336408 69.82011997297181 2.7503405125203244 67.71604687955988 -97.48684606334406 94.90910758758628 70.58127964468221 3.0738832307184936 79.03110576405794 10.037775505859486 83.9365337720597 -25.65212723962955 -19.720148696277803 -65.95774636182104 -67.98991839909255 7.675821028070317 -53.36620133013743 23.761370319601 67.25645499562961 -28.252193528316823 -14.472702222897667 -28.397012856238987 -15.468946348375496 39.23218738598922 65.45160092694539 -81.50843411145836 3.58710080256013 -16.72055284332697 14.656501132131012 57.98327383318278 65.9116821936469 53.86918076518839 82.5229906210445 49.97802234807665 -85.25449614875428 -68.27622313092758 84.59757571298746 -22.349257258423734 27.46690823048685 64.70484847265229 -52.60883240505927 -47.44636602582859 -39.37704612991424 -71.40746987586166 87.00581218714817 31.271139142281555 44.336969141696414 3.2140144646850786 -79.32970294498122 25.32696598073518 -68.8551234354415 -33.11688311122391 82.01320533049852 52.28303864678264 66.94247343166961 -89.71836787340963 84.45040294109316 -20.219385124963424 -72.33086681805912 83.59025815539383 13.653468207721914 41.43709085375886 75.50737698583706 -59.87972413931928 46.86928560415336 30.76051254877487 -86.82886745690097
-61.99062520280714 16.494986227079295 -97.02369157551722 -2.0501928010447443 -58.1985200847136 -6.052687921208943 -2.4432291884769057 95.13808795784928 0.7871939032070259 -0.4792775313852786 56.72164749718061 31.01098984803508 -92.27254934038305 -56.30819657839308 -70.39825660791695 -16.669794252339344 -76.7654171806573 39.63289133634319 -98.52220277190311 -10.615180541837702 63.626690877658376 72.87570007675674 34.536276410607115 24.253813479835486 11.277068911227587 -48.94124895637082 0.8640431543660299 -53.822587850494074 -30.28514252963639 76.82158909645003 -29.416037633497112 65.5458794012196 -96.56367081699901 -23.90474063834887 -63.50464388669399 30.76069481727589 -25.664593007922406 -23.459138428784684 -75.69778805884681 -43.74940702272636 -2.1990540483685947 35.32893579212191 -98.35007433999303 87.24981108103856 -42.55290052474692 -77.17009012887073 74.30605382551562 -95.75685649324683 77.85173073449155 24.120387233238375 -60.72737534670611 64.06276661089555 -5.330663335106607 -28.990071312445636 8.324072301325074 -88.1391943944021 -88.28538048962588 -1.5826766574867435 55.38964478311499 41.9863433065311 -56.42907832930695 -98.74379756130558 -31.498875252526588 -8.787253681539454 -29.268177056548893 -93.06351370770747 63.38318194903661 -41.21333220065524 -63.94857436993655 83.39784370295285 -45.90880983265826 72.88456444650882 30.573307148935072 67.13880672387648 -28.93713491622421 27.794507629882432 23.775333270845508 17.259204741808574 -11.823962525186516 -50.295317323759335 30.199840169375562 -38.61910201973791 -99.4780590953297 67.34300516256627 -43.605101354222306 -43.92313130373615 -55.494557536879796 66.27552102654664 14.563796455904708 -90.60480740017638 11.587583666017068 -87.08648334198963 -80.9983145301326 -48.68400035391631 -43.94582615224469 -20.94291702805313 -55.053317109493904 40.652574592598455 -53.72606793655239 -59.30000647165432 42.71090185702204 -32.58118058356516 -78.37600292402975 -26.435719767124937 -35.6889740321418 -57.02997271456902 -47.510853555943136 -15.657777787538578 65.55095177660183 -63.60100510389648 1.2825173638665603 -62.83521553949218 56.70619075580478 12.364901369428168 99.53178705940854 17.818829986403188 34.40519007113349 -22.229691463452056 52.79451828144548 24.451981214912394 40.632581549141406 -23.73208306489751 65.82899886937719 -68.2138783772574 -72.08917295159773 44.063219785716484 -72.34236299099695 -16.922347268315335 -29.818516518844035 -37.34893716570413 -90.16344454657244 -39.77267352856493 90.24594809405943 -37.616398953890325 -69.92006708927661 87.95921981901981 45.39836559795984 37.48108268061239 -29.925206603775607 10.443917950670809 -39.82709901739505 97.07759512354932 47.312252566229915 -52.60544221692722 22.676485221776858 -48.00414410720306 95.06030856056111 -52.169878086163514 -91.11769954760032 -30.93084917614823 -95.40114537212345 -48.556756859094996 23.246677703816147 88.2102511366003 -81.94164054216824 -4.079251566729127 17.37438325181975 87.081146263546 -48.2989417208761 -15.1223542933203 -67.54726731900774 0.7447251083595035 -54.64074731193358 -42.289986637186196 93.53394514570999 -39.21166854232532 -3.8533480725498492 23.56969413622889 50.39829059552815 97.3363820151103 94.67052293078356 -58.74426767494016 49.52583342762679 8.81624317990702 98.86778260730736 -55.91015625343878 -33.69481042666351 -46.72179707758875 -3.2046923872190547 -61.572507178092195 16.866662505221868 18.48214597698859 -98.4253802966114 66.35003924105064 14.8314245584195 64.18524749082408 -43.837982877535644 -4.685514145548126 -16.136743538445344 95.31918486017548 95.67594945521424 -96.68507876713525 31.57777410482612 -70.26567390172221 -92.97351173880335 -8.287690343754562 -41.03613940962993 -58.943331888510016 -75.0787069281057 -81.20506507585489
71.32693258745812 -79.81576516773694 86.30002176796697 73.58769245083064 -51.45614515414889 -94.11720175270737 71.51929242839373 -92.49140580575744 43.86364280184233 -72.61820392191972 -11.37763472361604 3.761280343953729 -70.23521321719608 24.014163090484146 -45.5849487138116 65.62997395662771 63.85297576795827 34.358508651690556 -19.93519377333169 -27.066065245130375 60.14542916732313 -14.881087589723975 -21.020586615938328 33.2003782633989 4.050551863551306 25.350649028904712 60.217329347759375 -62.125886300819545 -53.147398492701605 -31.72210818595707 49.81226236863253 -33.858378076222934 -39.25907101059243 -87.07534194059782 18.62088768449175 99.87721785985005 48.73522156233142 14.253021956764698 -14.913242813112788 50.78181189541539 -68.04382065909327 12.142258208033766 66.10691589580847 42.68398490560568 -64.64811560551749 98.19327372548517 -86.10614799472074 21.93692259359588 1.5076968945889888 -7.51250483738481 -99.13478967614672 -7.088468273936471 -68.2472323032417 -50.00777239740981 -83.81544278739685 -53.43135305259423 -40.72710228534244 -32.078901953095524 63.96214432012155 -36.77504840020283 -78.16907532250346 -52.854080689640966 63.88093907702387 49.66431886934794 68.42967609222245 -38.46685845061746 -72.76310660376222 70.44565514252838 4.4155081371821865 -67.6794951187307 -80.92629850972384 48.194673020704556 2.78062273035286 32.884504990525386 78.32810078465391 -36.6777788846069 70.75419156501081 -57.68218013363624 30.733237013103093 -2.468334591792072 77.17135240313863 -27.599198793886075 79.28516081712363 0.03556349983287532 44.909802321058265 -53.62527005342652 90.49414488839099 -90.28615383238864 11.177260761979184 1.2375772344787208 -71.4237406535155 -83.89319997235047 54.74208079389487 42.264159899945355 51.69400706045445 -3.4689938351382352 -45.80808127299492 93.57568158385013 71.58854396375415 18.506337085899858 -57.36495515903084 -58.09331615883324 -74.56029205852259 -46.53707065565589 -86.92732829498185 -64.19622866562142 -87.11270721703785 88.08930935270354 -15.68240664858618 -68.23423560906024 -11.326036414728932 -10.625630525285288 -64.74463117983542 -59.783552378003705 15.31958541262972 5.4962782789422135 -44.79302273061811 40.61550428512572 8.187939467059067 -67.5277308817968 17.278619749095057 18.73636321384531 -70.49571905741239 -7.58890188055139 56.59724486705838 32.28312071923597 26.98617053536458 95.75100225811272 -89.66268457609796 25.557708113825626 -20.72469717048395 -72.56437222271681 96.94859835661342 -29.705566202794344 -86.56182461209964 -96.32161151065814 59.808151453973295 -22.674452273995428 12.702925902193215 56.275199536115196 -81.45720646761299 -98.96678188248238 83.65551404602644 14.325038420363384 65.65321762248735 29.72042644383717 -74.2965015279119 90.2179841438352 -42.82031569656412 -94.22728671468603 33.4173948217331 -9.301845908217771 3.2480806608512864 1.3798218730777876 -26.647301963757513 -53.07637887079375 41.87005312926436 61.57789934367568 21.030205793601 -60.78562922704383 -95.96781733217139 -46.347691679596316 -80.29721335616932 -4.44520182863026 55.84258989226231 21.19278724044524 -43.42034913428024 12.66160490767669 52.44980483973521 5.243703714657542 -37.53605123886976 -14.701557212418706 -55.199819559197216 84.79147894376814 92.34812964990229 -75.31013690605653 5.203968841978607 -97.71216802918177 47.50167266143305 -14.006293480337348 84.9559316014107 -62.64309890587627 67.04208093039793 87.76477692705473 85.22108712651851 -2.1682702982969175 -6.69730728103859 5.843689266606617 46.902657499121176 27.935760029169714 2.7419403551994606 30.84363576224743 38.79135191862673 -22.516684883195964 -47.73388134472933 22.169031969968373 24.89362363940866 -76.8477427717756 -96.8954558172866 74.36746665394611
-29.31170598607251 -57.231567092883125 59.67373029849031 60.12858265028606 -93.2729735252968 -2.229981011113111 85.47248567305732 -14.095038166948683 -48.16053720421405 41.363500638087345 73.38955947250736 -67.81830790467644 -59.06487961595579 49.33851175345632 50.39514892930157 -11.08898754073573 94.14489140818861 -43.06083202657987 -51.43318654525657 -25.778662759380808 -5.3739547975932425 -85.56592527078321 2.2250716257151737 86.40748708446498 96.10905984598313 3.055963090995647 -34.91228406690985 81.41226974888272 -79.52552431670293 84.46051869331339 -62.119760189454 -30.335541238017456 -97.94280513355864 -83.52094891351823 -83.57177027637891 26.402739778669627 33.205397269675814 89.89593147356047 -69.64295703626237 5.559975504641088 40.80943749569448 -76.99197925730319 -20.650782861154767 -97.1593394875522 -83.40262591802679 75.15421460944705 -40.94238139577795 36.12545988818388 -5.4650660688962915 30.016868728456558 2.7783437257595835 82.46022409565416 -27.52055869018821 -30.255273886940188 -64.30410220846909 63.87112534274323 38.88336153950539 -64.94093563275246 33.03133532571465 71.30442592925746 9.394752609452127 -33.26134150243438 -84.37164558440497 38.237678095675676 -59.769930464418294 95.48528643304672 -50.55079665953881 23.736037326469344 -81.7015859783843 -34.10630564937924 32.303899476346885 -25.31760719716732 21.75774710660619 9.330938927528322 36.29724420590907 -95.62997051340967 -61.015551509413 88.51754815388117 99.34014477217363 -17.30930357853073 71.56000468447365 -62.739991630806834 -71.76769287743343 -54.68562917494169 -18.864754161990078 -57.3887872805934 23.17633322206764 -81.9231856905448 -2.8877867246077216 59.246675390185004 71.86356898986958 -97.685988977142 65.04723725419944 92.85380048726489 -98.44116467441934 57.45637685990047 63.292968150063075 -50.36844162815184 42.94302866204012 31.43121249622908 18.20783213723098 52.221244968280445 -21.881923778364865 -62.23313793574836 7.1652774743600816 56.299030294694774 -66.16578133914126 84.3604633742317 44.90472806513779 -16.5355223714393 54.484518194650434 -10.632605210105979 -65.03363088166964 2.605480674054945 -12.960749803372977 51.41151996669353 -98.66189115104422 14.400350611945669 -38.131105912898036 -53.555185470065105 -48.39269823308303 -41.17054282409891 12.981417341663317 -23.314277501228744 24.33729021426376 84.49094951818125 -96.75538790743803 64.61973530169081 13.31424595853548 -53.24962702971394 -58.00708199031508 80.54131523286173 77.50779832647501 -14.017160117920739 96.15238942844474 -99.82095313957828 29.00178418779859 38.8504159267321 -88.71537012987869 24.034076302908034 -17.279598743466636 -82.56591583958237 20.83342762961162 4.238059793734308 -30.89715172368753 92.88954990095425 -29.36667488305747 -55.31861103505968 -19.4875350747606 -76.1631705707841 -55.23758346372804 -73.11684292762465 -88.43410434617489 21.420881290901093 -15.713782313164472 -5.621989912899707 -0.1698167622929958 -14.532327783689553 -88.1596600419212 -80.61018213172312 59.130962504043794 44.42511971372491 -52.61741084585061 -19.370815939412296 -76.79759750145499 -28.43520011771315 72.61055820153481 70.35887892323385 -77.56329970743585 -29.168820755023162 80.37190696762929 3.264522520941071 -63.85938016423851 92.31007318864138 39.504413129841794 -14.596621162597728 -8.63674062142401 43.432101568714245 -40.96321760999197 14.442874140900301 -25.118166147723358 -5.044066814271787 -97.79528820448355 -17.028749727807508 38.323698304090044 63.86520564881667 0.6683925651731215 32.972087470991056 -12.986683243960655 53.4031265746394 -58.42095626164432 -88.71427554955085 -30.106491055445716 28.253544894440694 -25.62916315878374 -78.45629570050139 -2.3621784740641942 83.48667585829199 -37.74816476086631 -47.31039464396296
65.53240507735589 47.61992964616152 71.23000254143156 21.46136542728469 -44.602458474484095 71.84006586247278 93.34908829522678 76.38405659889128 -86.07536692741193 -78.41362333740759 -84.96295989361843 28.033969864243232 88.24159603306282 -36.26754423114633 8.47235482434121 83.20066219047925 28.15183934683759 -38.44522872021832 34.825964694355974 -69.17295542467102 -68.04459702418129 78.57838181415386 71.81454029864415 -97.07981267956755 43.61473409212908 -28.27888253737663 32.735996831554104 95.26181729694125 -39.95460394399688 -43.57568800778737 83.43895315989391 -61.495402246531405 93.68319535732209 13.337510783827142 75.27847871527052 -0.656015614406229 -10.506510594883792 -10.486434038117196 -79.37722655351746 74.70417228211721 -48.49563759818463 -88.50379926695662 -18.84777565889273 48.470929086851214 71.82389027575269 21.145749128827006 -36.453736687383945 -50.4287145959333 -22.87226816142571 37.96711336791245 -41.38590142377148 -59.0035536002288 13.27526020873428 -91.62258744464584 50.22333297273764 47.15096023980928 94.05059331601095 -71.84993314439272 89.68722238277826 -37.07389860664878 -86.8036159866196 -77.26444452835806 32.965652962584215 -97.05423288751464 79.92691587413407 24.748100115780943 -31.188610468247703 -86.14113539814716 21.37168318362592 -4.198376070629365 18.289058594892055 -44.78558420520351 -44.66000265069538 -53.88362860384615 -40.27420923664824 -79.60005270861683 30.587056081227303 -38.52257050101062 -26.93537949414673 -83.3268861105412 -1.5892110372063115 6.08207711793203 -30.066943572236354 70.4209883885838 7.467463458832185 -74.15357298510827 5.096124979394531 85.38039301970935 31.441123099131858 -35.91516152163052 44.72704000826303 64.58336263789445 -12.878825033542029 36.36570874897686 -28.884698685719812 -13.527352007841259 -74.5579775954019 89.48426189350323 30.950561390552025 -46.48122930650152 76.49108180689672 31.008364552315726 -17.599716137315085 4.351621625936957 49.88599325037197 42.47234877919939 50.405894369918144 98.61159669410131 -93.2942636561997 -36.441520043067996 -97.77905333122155 -53.08460173975116 7.297119872709999 58.02426303561114 -81.71224466520013 -19.951838684075355 -61.19676891671379 97.55469080420315 49.389340592885475 -77.59838746965929 -20.887133693312364 35.317223277291276 16.993538523289843 -51.43027847745925 34.00674692006561 23.245856415926553 26.884822039504215 -55.02430484075942 -47.940149569727744 52.3228245425519 79.73257128487046 -55.04306576767903 23.67562352979411 -13.070647122874377 -62.55256754585217 -18.897139625224682 33.16095172637324 86.68857201694584 -29.325793434189777 63.479977831292956 56.62813655839153 49.42023176665268 -76.18365535428879 1.3941645530940008 -11.555215931512649 49.19411033632571 -49.63944394638653 22.490575240088063 90.83083008594696 -45.3686348593612 -22.007691440161096 90.88471719313844 -9.002876188604773 -29.298702184447876 31.388948466862757 -84.89599577698688 5.401373367647722 52.30925587983347 81.79271618644185 -58.75940317918895 53.0473764215111 47.718640619610596 -7.272418051400649 83.73065540486101 25.331482018144413 15.886975979874833 59.548661220477754 -48.85274354156268 -9.382396169994877 -2.8540205835899712 44.07359260159615 -69.03938444076654 69.12048137170495 76.41649046673501 -97.12033314290558 -29.431843571802702 -88.80187374100133 -63.13869233994669 9.021698620163647 76.75737698797005 -76.76504623683307 -54.747909470984354 -51.01574784840934 6.690134335503828 -7.743009929457273 85.98697807826179 -22.945557736719664 -94.3810656482831 66.84470985624483 -38.31013950868818 14.237957580738978 -54.91081069897636 -23.537370450561923 93.86820872769928 10.740971673670899 -92.74067682428179 65.094501256179 -90.40197090533128 2.407462620614865 -26.526722112667585
-82.71239998478012 99.59160842370798 93.12487217893843 -81.14591601311577 -56.48448949806513 -50.43698133000631 89.50223120518416 44.603854818456114 14.998209486259896 30.157711899060388 48.83292194324986 -12.310612300758564 -58.00418935481781 -22.51467900179796 -75.72968781142822 86.58518393082088 -33.352424114260316 20.7473635037625 13.821096895498556 -73.2248151833654 99.42629638806596 96.18500586452006 -4.731660336844783 29.790010679723252 -76.87914503879476 -21.183534486737216 -50.736135410396145 -90.49860265755134 -85.504739808917 24.727354900002794 -19.297588978327695 -19.867184400749125 -52.018280957148555 3.5190134322284194 54.021631590934874 -67.30264574621503 -22.988530865904067 -51.63353381235485 -94.70701760850233 38.926307092521085 -15.823571889345672 -52.52541336740426 58.389291462409716 -30.002916245591422 64.8699290911027 -18.759733591580257 89.49744278365512 -12.691076418134202 29.49721680290557 -98.29088251710381 48.11920950546465 37.828189281267186 35.86642919297228 85.42704770549184 -51.840968793429894 -60.146727024958516 63.30923203350707 89.4421841416027 69.08162041264072 90.88188711070453 45.62356316754713 49.76462058393247 0.6642121418952911 42.554815598385915 82.44725047830315 -94.54929992490435 16.46942750510891 -47.091798472364665 84.67102781492872 30.35412372426231 66.27725894820693 11.134677823951435 29.87072149261195 -56.451519375935646 -69.76532668123511 18.930505421081364 -22.62735462636715 -77.02499566649038 -79.14021238770196 11.175988625140334 86.39819825253429 -10.012697830279677 -36.218416486848604 -88.75668817804186 -48.8407400854747 -18.190909152778815 -78.8977248231025 -78.84401105062516 16.35367579703299 21.307484361363976 -67.01234634363213 12.185843900910825 -33.085972475463635 35.03247411486683 -5.9689622335073125 25.89579504815424 60.98946402440052 -39.211649880974605 73.71771212029998 44.67349646925098 -71.54210275682782 -91.76710578855443 74.72079404064084 46.48728724847001 -10.53425092313664 11.11288689826992 -11.059429007832762 -43.058386995111285 41.39934489680019 -23.233172356664838 23.47203422874142 72.86231993664666 -28.667569734404566 -23.283405729669383 3.181040183825786 28.84675513560481 -10.370318596214318 55.52190616439404 65.31882771068089 -17.440071074895542 82.0998636907162 -11.170954440172153 74.71734358834382 28.81644936780205 74.63537682602353 -34.63031408514361 54.6007741430293 82.41423870423651 -80.47751421069552 -93.2685703603257 81.42309784825912 -63.373516421348654 22.51899585661461 -85.45745637070166 -99.53712318902255 -51.32409583160289 -53.95167457134169 16.475860693133072 -62.114073565883544 -72.62752690211568 59.26215663585424 10.228573631107963 0.023556237229556132 79.78927376684479 -61.70295236036976 86.9462952866356 -19.896588377209497 72.70628159784073 27.24336000131389 36.34736736893288 14.85774494371303 89.9195228024036 -61.59227285457103 -61.74204586193524 -61.72653401277897 -60.67744924775382 60.956266157953564 72.13003199806505 -52.538335983025334 -59.6761912521177 -66.03742395609733 36.82310438430247 -42.588430662520295 -24.492341487826778 69.13362606153203 -49.514519372878695 -19.778520536912154 -19.624901653410888 -3.8342648436225772 -27.700463120371495 -54.0587706817617 -42.558415712087275 -46.28300905984612 -75.4114190665738 8.36812521198975 10.120989835634234 -45.57232925815031 45.146107626902165 93.26319644064424 51.601152073521234 60.522332674982465 -53.09079554950937 -93.83853808711788 63.38622484428063 -54.16219702709428 36.619178438104484 -74.9085466152114 -73.22399516486789 -58.06786345922357 -81.23581280176322 -77.03526086096653 -51.085560422125795 -31.13512438522632 -1.399102093809887 48.23729493826329 -57.98470684625676 -33.626948774600066 -27.550963515996614 65.34992824321927 5.282218946656926
-59.19575734703197 11.556727716221161 -32.468863960481386 -32.463993079420334 -46.37761028064376 -49.918987823468086 57.96932193331983 -22.377189166896613 46.841875382024455 2.3944346049758565 65.73265819403437 7.213363268606287 82.13907994937293 -59.74746951643412 -87.81046535474628 92.35430269488177 39.820460275065614 49.5561834464645 -32.01659065220382 -65.38453086586924 -15.9165131348433 45.39908437274377 53.78242106765077 -78.48866234844556 88.4252848738384 7.058119387991653 -77.02089778767657 21.866606597425587 18.13638250378979 -29.695318226542994 0.3363333292048196 54.56123847891405 -91.19193593443673 33.23321359622901 57.459352956718305 -71.07815872077181 -88.22271514252569 92.17686734438033 -16.722712158240213 -69.33597728568522 -20.477830081066557 91.85345156499528 21.081872100391934 -83.43393330199673 33.10640134459044 -41.273163272416944 72.79536050597301 -92.87288551944019 48.398339870948945 65.36027390016909 -79.4906886135252 -32.69074239527896 58.81801369763775 -29.007297988638598 37.40907671883957 -16.845440064714666 91.39029842966349 15.837624289349023 -72.03794581826429 82.4012144787641 22.105491357831724 45.51185297736865 -86.325301987551 78.16596627093958 18.235939976250677 91.19061206224424 -25.73389548862106 -23.529451722761635 -35.50778163802788 77.96722749758268 -40.22342789660212 22.856300192726422 -48.810189361568376 36.693591523778935 4.793988042699041 -21.56037215861444 92.06568491626749 10.872125168607866 -94.68397870547997 12.27172369809999 20.703722285752676 -59.54212158500347 14.382723076169569 -32.97021341307706 -62.22397409719436 19.441694163258333 50.68905071307361 -35.49960878821766 -53.310213653515845 43.013967171651416 74.35139838217407 -55.54155033857302 -61.044235871197586 -4.59058997262143 -73.75529981319049 -39.448934788349874 75.369630046591 -70.67816919861747 11.632411435865464 95.6032588337734 -18.936252682083804 -79.21015775284667 -2.0316553288088244 -78.72362891608734 -95.16624771247344 -99.62742436455426 -91.93814781922816 56.83892229329413 -45.65153927256009 -37.601784552603924 27.31817495304807 29.538000587918958 92.60083866474355 87.64918520051685 -97.93780500182217 56.638114987644 -62.81983984073622 -39.854924845750595 56.722286525779936 -19.190646770761077 -76.65983406232195 18.888374303794436 -47.79763017938221 -5.0288908289035845 -80.45957088379916 62.4173550617831 49.56163936576888 52.478371345254885 85.07687615611948 47.431766343388176 75.8017423665662 67.05197581051317 -33.014873447081 -58.424010131718205 76.39680923658156 -70.3910845207854 -82.57822294926686 82.40751840609812 15.605701770873054 75.76759051880975 4.248678594582572 -78.69903790294529 -77.02583445754179 -76.33218929285617 -80.46016903818447 -17.183919627485352 33.754802223693815 74.37306512387943 -2.4513253678270814 84.71428636239128 -25.996785978407644 64.52378450619594 -93.64235134440722 41.651247787301656 63.94377536965047 -38.74651104716427 36.630277641554585 -56.98009389964862 53.86521315497447 74.64092080780085 -35.50372274800702 -86.46127833560506 21.980709985944387 60.16550839184271 -1.4380598572900851 -93.72849926757019 87.10096705950366 -10.108049034942496 36.05798261813072 51.37913673046171 -95.23031310983205 -71.68385845091501 -12.216587413628432 32.618194906336896 93.94819632546464 15.424740146587055 11.07271167790229 43.22868432550888 -90.94139209147347 -44.0615814057908 58.1631225502754 55.17416727098416 -43.859560418751855 91.57849562963327 -23.057752189207022 59.06619811391366 -49.58905145463217 39.86466853757264 37.1448860696772 53.95025726224782 17.775403454143188 16.037743805058156 -96.91469584210219 71.58442100852372 -71.86453832823187 94.64974923040492 -6.0811725684661155 -29.896080612805605 -62.71892831429382 -53.19899415420342
79.66829157547065 43.89961290330808 20.701119058234525 35.90000617495218 -22.72414033373147 -60.40543058351415 75.08297230840128 -47.16965123969856 77.61614485479396 -88.50438825634217 -79.56311745830675 -51.5043064918469 -92.9170211383275 5.288315835008689 -47.61532138316022 97.81047181730474 41.1433515484498 5.841987431367301 15.920093400147323 22.029745196008733 -4.3541175867233335 -68.08582319754872 -97.05707636014387 -14.530320165573357 6.669271247869048 -46.16157385380677 75.19798838562315 -69.57464391006005 6.023774843612273 -5.777201325556632 60.505539017388 95.1910107186967 -93.60714052889996 -73.53412505302977 -6.076122715045429 -4.585779090987941 -43.1190381911823 -31.897928062892163 71.31564672076868 38.80682992294061 48.69327702684774 38.05424855734901 -40.667521382441294 40.921938215577 -13.400227200645247 89.00649104853866 -85.88034672404483 28.539862925489416 -27.25642614367223 -54.98450249702789 98.09716742630204 -61.71742313935704 -48.1446799868815 -51.495268601797115 -69.67311413241953 12.627254645825175 -58.381883135754805 9.970066834380447 -90.1394461867199 -9.170616968041372 56.17367419795369 -48.382420989481204 1.9659792869178858 -44.71044710641543 85.07851690979598 19.055381766582343 50.33392155450608 63.19557985984153 -22.116255257503227 73.3326097307853 -61.3824045668329 -22.422398811260067 -36.97558895936874 50.35452023926413 4.544574178411537 -20.589423140255846 -91.15322353302304 -42.0725085398469 9.39727379279131 -98.5103687122737 -37.41797606071895 -11.693040261020784 77.48352833501644 -24.028116514608826 80.7884648429557 81.3751090835365 63.715315145823126 -65.25607876204225 73.739837866682 5.595002009602453 -38.08950253859686 28.98560405611451 -96.86078223281352 -15.79666827467328 74.0793663440133 46.35265884625568 77.8887792590229 -40.90810178184305 19.263914273665804 -96.40480957896303 41.82725169470686 -84.82821195611956 -99.20404118547496 58.05673490516807 74.53001555954208 -89.66796201677963 81.40294927951999 -52.70473042789754 -35.68984005214651 -68.4069797473072 -31.951858093355725 -79.31262201218664 -27.734005259251134 6.1126997417998155 -45.576264179010174 74.66069386301331 -52.44077638841303 80.26553526890444 0.2306546895979693 26.804617268527096 77.99729056081136 51.96026552637366 -29.097609780998184 -28.258241984026952 60.073534026737235 -98.39263880459445 35.30625176247719 96.49335435741943 56.87106992934034 -13.161937165948913 24.07039636454411 66.22267534696027 -60.67226515265052 -95.56773037549841 20.773699624299397 -95.31564318074777 78.44697236665706 79.96348061824347 13.656111016942901 94.74149305513248 -73.04542879411575 44.66464095311417 83.38200052390326 -74.32006341770759 -8.827215268614523 90.84933470192811 64.83206764533318 48.30665813649816 88.96031870080316 -74.66033160609146 5.345544143623144 81.64710424533627 -0.08746060533013633 47.38285236456659 33.61234484704653 66.77989659605922 -24.342164474788717 -48.95254304335237 64.67199038480271 -77.37961088018903 14.066153633098892 -96.09325196834241 -94.49795816771069 -75.13147976203278 10.958865172308862 25.773592126838523 -74.05832775400182 -86.98809491060669 90.5486033454263 98.67967375021959 -98.54034745795943 68.83445173304622 -85.84038217401435 73.649437339516 34.09523362529711 63.42968067633973 91.37094893364161 94.64147231140046 42.2797541344552 27.89480727163496 -72.88893772248832 56.32828448921575 -26.294321141188576 75.73610929516673 -81.98739323237258 7.416276868389076 78.06601840393057 -16.461637808382363 48.858021814095025 -66.84974013051676 -16.558789367498818 -76.96639251420294 -43.654862071926324 -53.300300961185656 -25.58341170420455 14.538964781904525 4.346952288013142 -15.582672227027075 -75.45825939368262 6.9515567756094185
72.99862509067495 -11.25380837153314 -46.674465572272126 -14.044902484951209 -96.74286142920685 47.17449521405962 -72.4857136292429 90.28570104456216 87.2907715373205 9.64258811349606 -33.14176348011692 -11.44302582566003 21.9365205002249 61.900705233763006 66.85067749583294 57.68409822773489 -58.441227071481116 -80.80398298704327 -83.19045361903939 -96.91490145761543 -11.161082323423372 35.83576359439945 -15.40966267136848 94.00485919460334 -42.82411949005438 -68.05029596837993 -14.409422672701226 70.68922871658663 -20.526872112288203 -6.370046801121745 79.97906690846531 -14.943170408113133 57.848071348727615 -93.4900776107944 -63.29304502950534 -99.68490877040044 54.94018808212357 -47.468778745294586 -78.27604758904991 -5.188116480712495 -66.13747147092857 -73.22512726395216 -41.37184263242708 95.91300171022266 -64.86196964773221 -27.71941054116347 92.36468393450136 -47.17559895004521 60.496924773496005 78.77434005106227 85.30226118196873 85.77437369643383 -43.18178610744403 -66.96245514698998 2.573771838930867 -95.86916864240207 94.00053809482313 -58.18730089733351 95.70823171357742 12.4585821107366 51.842531817721124 -21.738462838287063 -73.40380804802268 -83.2903790035262 18.862175460167236 4.473503940586895 89.550912916425 -85.22554801258622 37.70826338713718 -93.85007962320941 -26.04319638095636 55.170541421327925 -37.27386729997158 18.676434407066495 80.03727732857229 -36.265010398367245 -18.606268345749072 72.70229269304338 30.453019987298717 80.25977083156135 48.66455986311237 43.54800307590264 52.891959667118726 -40.289920118289515 12.811629622631983 69.23785035846458 44.070444273694676 26.039115419918744 97.85764705904029 98.19896053850084 50.90642733310912 53.05636234659937 -59.456086243488016 46.43962496338611 42.67885545299265 82.77010356330996 -79.54111436494728 -18.611179089425292 74.95603457231013 -30.45553553487919 -38.07205705202572 28.282787216157033 -36.4125156021597 57.9321213076509 -21.57157958761735 -68.74535778964363 2.4831814514962787 5.071255540506797 -74.51428824713369 -89.2635772001521 -21.412023593320995 77.37875770295261 -50.18688651081666 76.8292039822916 -93.268929839994 78.66683382047859 33.40685913791356 -32.91695945113197 15.67381839700721 -22.806696982762006 12.694698056922732 43.370539862992814 95.51997546820431 22.732826579365238 91.0148546039301 28.28772541366007 27.17921166367728 -71.88554671190089 -98.2323681157767 53.30480308316288 -22.612588750646864 78.53800373862694 -75.44573643548118 -98.97702617021584 2.012529820868309 30.24528789297841 25.86998651326644 57.071313325922176 -70.31404495565472 80.38817483886902 27.588873171966256 -29.31306229698565 -46.99961950928557 -76.80293217398588 2.4879468669830658 -11.213864889569308 -74.45956866840066 -5.369772134469571 -51.80608088098963 -25.65800413759223 24.625286179418552 21.99775878531834 90.47285707939218 -3.469864090941826 0.6294834766704298 24.949013522180124 80.03081763742364 11.750354560547265 -51.754259477119604 -92.39819290056073 35.41798266852845 -28.99977914011886 -83.39159604767147 -46.168829342525 41.76354295547162 50.95365539859779 -85.70239319888704 -45.44679383103472 50.71738567921901 -63.17480128481401 -39.516406851571716 -76.78224863252538 -10.548012387599883 -35.74989157643414 -96.79295801022685 28.254946708863002 86.05244894281984 -53.721531972044055 92.11121800759585 92.15519727728164 -27.03360750637613 4.146035486336714 -22.619504619104603 7.013705718754707 41.829952802114576 -36.220143742550206 -75.48608578394969 32.69446768712595 82.09111740640489 -35.69301163845789 20.724860462211964 76.58273916682882 -96.51001899465557 44.102893921331884 -44.90918926805205 52.07826673999901 15.023938504799062 -15.614018272249822 92.13003622915755 -9.032635015305871
-32.96242520281669 20.381443814470785 72.98898603654757 -1.8207005705365589 9.92051716941485 16.964733488901445 -91.3041514526171 35.404056154646696 -8.12200615769197 -77.89975336242769 -30.002122717697517 82.05605487812275 28.656367540919945 -45.987372974225835 -44.21230470877258 19.773724862240755 35.135650060315186 -78.32628536594532 -10.18495929842986 -72.91738688251384 40.38749998983917 68.15045518367674 -63.76070594695298 -32.483178694094434 -64.53951900701962 -43.63640852039226 19.065481850078612 -19.011091523771313 83.71691047109854 -14.948554151103338 -96.64375843557606 92.55063898414818 99.65018604624959 -92.85516538484215 62.86141409441987 49.53587339610644 76.25589646697574 76.71636184522995 -51.86957649278972 -69.84248902405234 -19.545577069726548 41.79635666258267 -13.627850363024493 60.8185882522686 39.546546833243525 -37.49489377194857 -83.82684166716064 74.48427391884314 -3.0321996216716087 41.87659787794905 90.76775877228314 5.630490659814512 0.19366663266269768 -72.89482401828813 -41.34903038080382 0.06676698095166955 86.12973457839587 -2.8254457970547975 -6.576873639970856 -42.551897114214256 91.59459289263896 78.67222497955987 -8.230465535298578 -42.71917236313669 59.334368653322855 92.95635154481414 -13.892673645433447 -45.93648161324355 -93.66561277095722 -64.6112844934633 77.62253581797077 -4.868959026485896 21.03079306118218 -10.6677310442101 -52.63202928636901 -82.03697847828128 50.477456100596356 -58.05969284647661 62.52829474540428 -14.538445498993042 96.98379546210575 -96.1996437999418 -2.4412822656146176 19.708973342987463 92.93064648736063 81.48534824612759 93.96564571667469 -94.44478742660385 -42.755980584496434 -19.508617222074264 -92.28325973406848 88.46338173530438 -19.67988601551211 16.151142453641327 85.22756963633029 6.923070756867801 55.008405963769064 -79.26853749735696 83.08868704178249 -90.5958657292214 61.81117909405532 -60.77785770702637 41.26143052192171 -89.24842866564231 -14.07108881792523 -59.79140298470635 -26.546089717900557 -16.034669596810417 0.16062086048546576 27.004327369134117 -68.05477619812797 25.7333363662906 -82.03704405234775 -22.465528852665216 -5.7980939159462395 -88.10546734241906 17.344458056769454 -70.70763844948013 40.54826705584628 -10.562197478641309 76.6457710690153 -65.74688465155876 -73.2590563337536 -92.03697463157481 33.50557378535527 -55.93223467846753 -36.27735408906829 -36.35485136807801 65.29216328431829 -90.6655339197477 8.918373173030943 31.52833562130445 36.16037145011518 21.398337977310916 7.187303656157695 -71.35504941746632 38.853652647485205 77.50374763782494 -36.97322529500462 -5.580033273999874 -57.16167023090506 -55.211523510911206 -99.69313039629704 -58.02036904247567 -91.57546995570766 -97.12240633962614 63.43468528179662 93.14364667982713 -21.059585919448807 95.40064897104725 -82.01852665856926 -58.17277285129081 -0.701917810026913 -70.4152081627364 -98.36608075322815 27.737094849625564 98.10424750977873 -53.773090016778255 80.1699627803257 7.636111668368599 84.67876487952663 -34.28734512888711 -38.98888200970507 -10.87117564037537 -73.67793791927164 -17.956724541710784 -92.59673621172281 89.90394589064454 93.60431070007152 -31.597648649998902 -39.66806971695866 74.6322165119389 -30.347611207614406 -78.96312029415348 31.20580256765288 -73.9954287568211 -34.03555357598913 -93.75965340295636 -23.776376308130054 -31.202361246362557 43.09064977302668 65.0708171448795 -24.83161363822113 -15.293818639752544 79.16287357406611 6.030253451939956 -73.33239550682906 42.252872259645955 -99.83959297540304 16.577223844879313 41.89289442322507 37.54055962561668 -52.51944851100323 26.6092700519211 -13.915639123587837 -2.14305001084702 -61.51207066021844 -17.30980602790204 -62.30332760218742 -31.35558645719614
-0.12589404060037168 -31.867453456082046 -51.767700475862014 11.274029348572626 -57.1822874437852 67.57825316169607 -12.494414677170113 24.965145261358444 -99.56113472245629 79.01174471587652 16.759403768523455 -36.73676597703501 18.281773081301395 44.36717299016911 30.672465741641332 -17.123084532694705 -31.645339662228196 73.79403597694733 14.13139308937457 44.02967685628579 -46.36630074690784 -33.331549830933895 -21.51685313701215 -30.006101973575184 -78.32916174661923 -14.198956246508004 -68.19375724717445 21.789816415765515 98.77400341330366 -44.68040288128468 29.18862913346726 -40.309496127388385 -37.21684070283766 42.23934967004601 28.216341436121525 -62.3062785440065 -57.44786945184514 33.97837652461325 -3.2226718233199847 46.890719848315 -47.43390326672936 -41.5469579468209 -61.63976998830238 -31.86394097433798 36.459615571512046 68.87632901487132 61.3659956336318 66.10229709067002 -85.3612085015077 59.26725798354403 -61.72254845587823 96.42372153442167 -25.533124956196772 12.583749981947605 -14.041317951109875 -45.71349211744429 32.9318415389769 62.154392446540726 -40.07154064883694 82.23255505447372 39.71762893751895 -10.178696320375977 12.512811785316885 18.49180416763174 -61.087209897312576 35.40425622265758 3.253139571248397 38.51528535241164 -20.193367993152705 12.565577149009883 78.5108144389882 -6.456483355552223 73.55626293296308 -95.67544361822146 22.89128358265249 4.798770905705567 43.830477823385365 -9.802183626912779 -99.05864781495627 -97.35458961107295 75.75166493556961 -24.864977513564668 -93.94239437414376 28.26484167975059 98.36913860118523 60.949182296834465 -76.41880557395662 77.36778065304938 -46.80213809185232 -94.85380461782628 48.6048435635669 -81.23812836578375 -34.09523408344042 -77.33769615847426 -54.4962150191703 87.93613029104435 97.3116007699908 -20.349951883559484 54.20971884674631 -98.93697847873273 56.142140542627374 12.448863659126658 -51.46384732179787 -87.87766488603276 96.02058474962581 71.58953716114166 -5.707993599542661 51.86462567705712 -80.78786476738098 -22.57813249731919 -64.43346239030197 -17.577590250195314 2.513406925247679 -7.42592051355841 82.9687174949479 74.46050742913809 -32.74229537011284 70.4429549674827 -75.39521927141 -86.86324514358677 94.62107742105351 23.48949504157578 -91.50797053105985 -0.47332734307533997 -56.02250397857007 -22.910793540088846 -0.35068993509779034 34.16268082075143 -68.54361685061062 -85.62193490693939 -46.35473149324143 -62.176867866127125 75.63224987354837 -81.37928045747726 37.79313961709286 -79.88108643876728 0.4733746592553274 11.57161671689515 -28.66737766799349 22.624107523572377 21.865876621392474 -6.9833161716501735 -6.052247793008831 -87.47394594294684 3.19051379144517 85.21532816874719 -3.9872949367103274 97.88402269914087 -72.63268547691214 -11.290806592399846 39.21921608562246 25.96034369375961 42.815693337758916 18.8508528908407 -58.59598036145557 -91.89473119783031 14.983702050815936 -92.53706947412748 85.93167984551843 64.06465192405525 -77.95292978413981 -88.60859680256755 56.10491168285992 62.077417455177596 95.79548359945466 33.698612328695674 -65.9845436032648 38.3991502003129 -3.3806759349119204 -22.83152783897104 66.60416440998776 55.12195048273571 39.605154534841944 -66.88612232181985 46.05105056929341 12.582540227281513 -81.26566573367549 -59.39720462185023 77.3592251418182 2.9218825129630375 37.325864648236006 33.14796541477776 68.36754077699175 -12.542813017492847 -17.25030442025735 2.029208772495622 61.82429829123339 42.56540486652622 96.76624843930685 53.382141921007786 67.07442643513872 -68.29036724177875 35.7057399668339 -75.92025716817699 59.40665556143398 49.91131402689254 77.0657266988691 83.89482251862742 -59.69410723369191 79.81198972508724
24.854225853599303 -27.460497991664894 -5.3512524730561495 -96.39795600320937 -16.18756040951787 63.83972015272798 -60.99297654286442 -69.79566894831606 54.508079766790075 69.92031295045823 91.74229689751269 59.15830475663981 -35.33337474443779 18.326050662517844 41.76511030451891 5.954634719367661 84.6578526226842 -70.61628316614419 4.727533131049057 -56.575036838296924 16.671560317196253 56.53410743034394 24.753042074973138 87.08450383552227 -81.24943559207192 10.401781011305573 -3.8168389286851863 -94.09351026317405 -42.137456502714876 15.501543858684414 46.3752568943423 -86.3653510005045 -67.51477717829952 -93.39180734051516 98.07393329285213 -5.405284412935558 96.06686610996417 -31.02527289440951 -23.74734116856338 -60.964141318141806 -71.33613664201576 13.59799068918197 -4.610728689001448 -96.66812085774626 -60.07137747112168 77.18808051994756 -17.53696454177036 -89.84543275191908 68.3032170887355 3.7490763685857758 64.28801864817368 23.84647505386664 53.99095673469995 -67.37550338936273 -36.896739108009655 -68.16393302716072 -60.03134484858137 -73.91369173076828 23.35847334297398 57.069456812158904 64.51633490953893 93.61831368569835 49.7900599884922 -34.642338056986375 5.135341140472761 99.11656879826444 1.3771210020061346 78.57968488462424 19.5845213273097 -80.28438969372107 -75.18902569149937 15.381435405901954 14.847778614583689 -87.62831654088843 91.44075233330466 -70.24064068106881 -8.218533241886576 -7.072135656736748 79.95227504743985 97.20421761858833 14.26600402806848 97.63308775784435 44.66834163700892 -3.7876441779534247 -11.189922035498086 65.09755444718556 19.36398242944408 -5.3401466974059275 -68.15183321202632 45.82205127079524 -13.497039873495027 9.11205800801251 95.19066282882568 50.40947162687684 -86.68878809508985 -36.58818461472792 67.25790993008246 -58.38702235642681 53.50740479494442 88.49861963473097 48.31202116128108 -22.943516148405593 -23.075968329705717 57.05802409495334 -58.0957637869554 16.20627025768222 -38.79260912552287 77.70860261650466 -10.438372858852404 -6.968116832380062 32.063510529437366 86.6918299924707 -49.56705944131763 54.972635684291646 -57.3760503842111 -71.84075449605092 41.70506713278428 51.61394094338016 -1.004045418194167 -39.12322775061101 35.44571773923221 27.162884316598593 12.73332504312161 -13.341320543235227 36.50646170577258 -62.274869276189705 56.779296336725395 11.998419429045342 -98.82612360140422 19.961645626395438 -37.05034635934854 -28.82565719123737 1.3380354293273626 -23.16840260152135 28.582355943386943 -33.51408500520424 -86.00059351407157 6.120277965227942 77.24804026989796 -7.471871025528415 93.24862129775241 -23.903923297254835 -20.662972798625233 -3.276074024210402 -52.960477793170234 15.788914589973473 80.61831572321881 74.72235267536215 45.33014365279061 86.06344124114159 -53.72845202661394 75.2683794534588 -47.236661010868694 -94.1104956154527 93.78640905368025 31.11723299941579 65.94332625840755 66.51770446818139 -15.79105170548145 32.07673016982221 -39.63268085425755 15.105002544584195 -2.556980098224244 32.9675723325451 -61.554708961463064 19.645319503528057 42.189783251173054 10.341102217771976 14.742537745425693 58.96525393510299 80.07490443460173 75.70262102871249 8.850167116895676 71.8753642413597 -39.73533206390061 29.29177179838004 9.029820427957617 54.9342925567432 -90.80013563446055 70.89926409163928 10.878028925044745 -64.39247618307371 35.34379834818668 -66.29309836291179 -8.318572846675522 68.07403762469349 -82.4920243265229 -17.666660504219763 94.78399114314007 -81.11468378342907 9.554170519223987 -3.141204454710845 32.89845075553126 -30.353107341135825 46.066501295217876 5.4900662604317745 -0.20902114567343233 92.61916459915454 23.16877453664013 57.79851344103929
-40.945512975836664 -50.562421797173855 72.82744669920581 -76.03409074072755 -59.89887034879686 -40.51756895192496 -26.261087518679105 70.79415111040842 12.681337250580029 62.91001031229257 -92.33719622126395 54.03501271720364 21.81087781998106 98.48408056725327 -86.58192373208647 27.487608252948363 27.83945895360766 14.526276175211336 30.094904791344078 82.7896266256914 -33.15247620561637 -49.00672958502612 -50.81700332844559 3.554831849515068 5.055357253761088 -54.370257011612935 -37.022462518796594 51.28787560784852 -64.96309460180667 75.1829771211444 -49.688655806661956 -17.69397361397489 -36.36203475181008 -73.32079712375304 40.99495276255578 34.579891222448595 91.34373945801829 58.17074228768746 73.69528751818802 58.54431736676236 80.14309194046541 -42.5177679319956 9.726664799560794 36.07072096515452 57.244757063162666 7.0480213316714355 -14.543890313387166 -79.59095405729411 -7.219249971606345 27.421860970942475 -76.16378126249501 28.34344619052385 -34.69198480686859 -33.7578529275532 6.211757090777326 -14.810309416651464 -91.46817845176108 -80.76826476199204 96.55338943308948 -35.16031382841402 39.74376446360296 18.99651979841512 -11.922842495180845 -21.80938019466703 60.12256758173237 97.0446357490415 -28.796771152711514 -83.46103584276207 91.25898338051397 -98.80055473207531 81.18490350336555 -31.617525701513088 65.98891341484511 -51.40119686529863 -4.204532958296042 68.2007070673007 91.98640839365183 94.81137744354564 99.5437194536218 -6.517564371491204 67.12190647226191 62.43958818533483 28.775107024334233 1.7110661684756678 -59.99008272901951 67.28607139097562 -0.7512619561585581 76.04078654769532 26.20691533733661 -83.24843174054008 -39.66516426767615 -99.92299614833253 25.287639727016796 74.5233334635412 59.52997173029897 -29.833045107477744 -45.60636900176816 83.36293973720669 0.24702711031967794 -32.31278908419186 -33.634065888312065 -68.84639088832611 -32.403979571747115 -83.69111779459143 -42.18195217571821 32.9730401184367 61.245711214750486 -96.72088768418747 -91.67017451641723 30.983240579583764 12.018229512057928 95.36287978428018 -70.48228369838256 27.801835976366235 85.1437972676529 82.10340818058356 -74.70852036224265 -41.1651275101937 59.57301163371636 -70.8542482647239 37.07855917808868 72.59625541452192 11.882865355348613 94.48100260779654 -8.308580494438033 13.210254705205045 12.72948370059295 -91.68987944157266 70.4430135259287 -76.35198548476927 -26.099091514706302 -49.079514251482045 44.701750993799465 -58.136686100421706 30.571886574702745 -92.89602997080205 59.42492182388301 15.458901958711536 73.62781230237704 -7.300280051645984 -88.39063046377176 37.96097327392371 -18.794129367222908 -10.7848632466021 -5.873199515946226 -58.91751220080324 18.45529194976821 22.6794092759353 -78.20032058444546 38.00587993970413 66.8524582221437 -43.65852592923483 84.63247005351874 -99.34148082849813 8.310338649758648 -77.30898509177484 -2.811085234823281 -94.92617515517256 25.151082501392153 -47.90135059984917 82.19024065992139 78.96400422650669 -57.66935126160588 -72.88650198394026 29.60265886053682 28.45158729234433 45.71840271441462 5.233346821403174 -39.66596130039311 -5.4184035412646665 82.57834893704788 32.33832986347238 -88.81555654757346 59.032740364434204 -45.00956468425872 -55.199363505849 35.34164504661183 -73.90484161387613 26.47724219503141 -44.376056808287935 38.45856062658032 -81.40478543201914 56.77941871078394 -4.473757247627859 -18.503420572229274 -3.6725568576057697 -32.79130213881834 -74.70566451593513 -88.49771096792745 -57.49578492024641 36.54934880011166 2.6418759212788956 12.42879586276473 10.898645475555085 -60.31818846600159 84.41966573634318 15.446193973593353 55.66567813757098 -44.06486516307901 8.493989680172348
-91.20979747929788 -1.3910892760470546 77.83167281493718 -64.96135755155423 37.14155145659967 21.273725306130785 88.9042865540066 23.78861108652228 -90.27876408991918 21.123260665315755 3.915916360007259 -79.44936225678151 -74.39589435418137 -67.07204568986735 -20.659939438617343 17.13873980986203 -17.897613569346007 -88.53070710005291 -38.262584665259006 -98.15009333068916 -81.89508138536547 4.0690077037386345 -97.15013807552246 47.27115265076526 -31.412102349521604 -68.46094833313904 0.9856182598268646 57.64138034579392 -61.65791024326914 30.663969197318778 -87.0390915669525 -95.93385266613983 92.32903801076705 76.6212891292501 -29.79684132433249 -58.89075476183678 -27.295071928800112 56.78932170112833 10.49387687441883 42.085050293986654 -38.56785741812323 -53.81789667669956 75.09317002577663 -37.07363543091835 -24.16312239170233 55.433290554418846 25.89617060083536 37.59229178292364 -70.90625906553538 -14.447016764176766 57.00095339232155 -16.533259860520218 -38.57270643393167 -61.87477723812731 -33.58548844571952 -56.91196896599635 32.11784270703092 -91.00114694405461 58.11003072086848 -25.222317535047296 -1.8517891462473983 99.07339712802363 -21.675042336784827 64.68479930531518 -14.560014445374065 37.446037714212935 -20.14054989589711 99.1984360985926 -66.24579731896958 75.99786419259652 62.14417641504687 83.30164110484966 -96.00834752040998 78.16882855453414 -71.62194470285476 9.435603300315961 83.3315109185099 50.214200801871954 -96.87097321884288 -76.27210596961487 -71.36053617253005 -11.719365707702423 -26.70280282210659 -74.50171124337935 -64.23360449218944 84.56520610206113 68.41310334439618 27.368982799812187 -81.94833001972914 -98.47739033449872 -11.8999041330365 36.34945460147867 -12.065316962933665 -18.80556316436656 86.66096680395418 -55.27364977027207 23.51197579750574 69.78214690795116 41.6159073552227 62.38073329785064 38.94954486827592 77.34430571980607 -81.32467842825818 -43.673721062454554 10.157374517786295 -72.66017921511019 89.90199692338362 27.126192726690903 -59.707211515286396 23.173062599646798 -53.41984185474282 29.063138818804674 -80.39183377204088 6.16847033992623 87.88367627436952 20.789669907504276 86.54679856940413 77.99543106633507 -81.91293962281051 -93.39304841859861 77.34832752462376 9.951838692745213 -75.98550466012844 27.69756684658968 -85.15487476298193 -88.0042097923486 39.20220570816872 0.7095044341062504 59.23783157188109 31.011530281213282 51.20814152442776 -31.25506661699417 51.239441975579524 62.896402781708474 -5.388695578047418 93.54173777576517 91.36494366045537 -78.46215210654313 2.6407623031794856 -96.84107963859772 -44.96662199689159 -62.62034560967231 -83.47426696483103 17.298785461911905 -33.79484603121685 54.845502382732406 50.0669636360538 -46.20744607956135 -70.17175824945795 -53.17612648826322 -70.19201758185429 -90.82100417745337 81.70283274338962 13.030767433413843 74.67655719269851 40.46709240975528 29.871965845402855 -71.23532296860999 51.971742444228965 -31.724696325808495 -76.33832472013471 62.61979683086918 -30.00613178940725 -66.80708399302824 -36.75913098871031 -86.83009962065285 70.75443816793893 3.3516571110541378 54.02461654982389 -27.359700460018317 -42.87817991449743 24.133687065320643 2.3552196614033107 63.03140362139749 -40.0800187137512 63.02893837403795 82.3839906918347 -99.40686046376366 14.598000330883053 -15.649132234762192 -66.85982434403613 6.186487684882962 18.787837358375242 6.9447010592739105 76.228484558986 -70.23789848490267 -44.32750651925299 38.13719510687932 30.288358170624207 8.10960809598393 75.33353870657967 -94.4417694107834 65.70657735643636 72.9727613515852 29.16492155251089 -28.671335992643037 -67.77318639524668 9.287583029978379 -57.24429335442795 23.811891963312306
-38.89891287158691 -43.32397801911154 34.62670295005367 -6.46969741284768 -15.386471494737549 20.670852319879486 -52.34850555282679 37.99223177365306 -45.311165932212646 65.41916747592012 52.65682364839273 87.32189912728717 72.58576763293655 11.58793852141254 71.219330135152 37.141908910070356 76.88890755698418 51.72256337715547 5.926632670400011 -80.78624222832416 54.5628157681345 38.07552887068596 -17.109858579603426 -37.91929975806576 11.869022586961293 -67.81778424178928 -19.699288706324964 -86.87143672014217 12.902014082013636 -55.10735196702448 74.26476432049668 -23.184294772036054 59.37470289957605 7.738947640787245 -94.50345961622486 -50.5070727411139 73.73497776802017 -18.039197428495825 26.620259191074425 -20.716565660234238 -64.9762979559441 4.829743057686372 -88.99185018536323 -0.42376988110342495 24.818977932237544 -54.78107037649369 -52.2618458405095 20.973597578909548 8.996820919150267 34.59547184998141 -17.154958099995895 15.2804110535683 -89.55198037267141 -28.50015888484387 -94.25299722807648 -30.31912272084203 70.82733000263855 -95.27320629531457 -90.640648780605 -35.097299671107265 -6.2468479580626735 -28.58979187280164 -10.152578254808304 -42.72194688801589 -11.396138167723663 69.49731214279541 -18.98379158667916 -70.4737973964832 6.268994850122738 20.20977803006315 -33.587792234420945 0.9694392418785753 -73.58136888370353 44.91609735147003 -88.36792377122835 83.34647243697478 -63.38794942554307 75.59956106801963 37.94191910639455 29.830615987659428 -70.53327971302832 68.59695817902755 74.5751890197875 -39.101956914759704 40.769676329622484 -27.586144678526892 -84.5690701536034 21.512336540391928 68.32317843866252 -14.947423840851343 -4.46930510976722 4.3016324857066905 -46.59072136056261 -63.7435111794054 25.298649440542036 23.617942675968578 -62.894013447599505 97.9213764632602 -59.33498021419052 -97.12718844635451 11.372063859740834 -35.44909129763887 57.72078025698406 -11.336202654966954 1.025918548258403 -51.44436270863355 -81.39546858471012 -30.83765377280953 -37.119121594411084 38.71512899553363 79.19910211057169 -27.545170334626604 -65.71717150284263 -5.970273220307092 48.81496880249412 59.34848175454974 -65.09329728920028 86.5127195485249 -22.472717120240773 71.28092253568957 -50.84408830241232 74.31667032193616 -7.263339031613114 -11.571091645160152 64.32441304553194 74.91057083154229 -61.87683420969754 -48.194074459297845 25.897820383600532 -10.048323130717904 68.86179760594996 -79.53633536986051 -82.48365400737777 10.600740490087475 -55.78507986832359 -75.8312441939817 43.53112229715961 25.77003394762818 -58.749864489568225 7.8222909759792 30.96149796623621 26.708251790174245 -44.21392294901545 -34.15608495274188 -64.9809530798183 67.72122167873584 99.12293131234208 -26.359254171533266 -34.40447461282905 9.2420057896678 -19.448919446312402 -63.79976454902714 81.06654949409412 -81.54239114218164 61.798075816711844 -62.81531522625006 -54.223169739109856 -30.13925587005417 -5.818571688432428 56.262000441972816 -56.80061197174868 -41.6507860336844 -12.358606906524145 48.52071178213208 85.16122379842088 73.73220830458578 -29.84354903787559 -49.18677362944906 -60.207382777175745 -90.59635658018559 1.9933867550619766 51.878728313539824 -32.47706211725132 -59.52672021560876 9.92722078444146 92.88683875209708 65.1265312181277 -67.57108882143294 18.044957370678063 63.816587407643425 16.156064367747902 -60.2949543682078 -2.7149839781321248 88.76848719447798 -97.77683335687037 92.54304930796886 -1.9072282856942309 -64.85352940712673 -3.757073251090489 50.659429105181715 73.32348150538226 62.771860454637135 85.94382987491463 -95.12297115327402 -1.043133415128267 -4.724235872725387 67.80375345284051 -32.66879500020852 88.51239472568693 -59.92637636454721
47.910567926850206 68.91130731139944 -69.90839085468417 -94.99478096876925 26.2397934725779 27.588586483834845 38.15304953755927 -11.88699359124945 25.683881651961656 76.62954018448136 -96.8615036345746 33.675875092132 38.831337514633645 -1.1819691917603024 -74.18937793450755 71.9052475870821 78.96879295619308 97.31400819816173 41.65200400492182 -92.11152366681725 50.19725941305501 -13.276578372545586 49.63631852526896 -46.60654452995156 -64.17074941221244 -97.17426806378828 83.84454287788483 64.34449829965618 15.028843115595066 4.327504169823058 -32.32898123457019 65.57636134050082 29.31041549746766 76.0878182711599 -70.6978800064463 88.13310364221957 -74.7728555697269 -16.13987932915903 14.558848255132673 20.09854390523735 1.385751412595738 19.489185038222146 -62.273509834693684 32.57681833074503 -81.03463233604472 97.34672976556925 -49.470455347038246 -30.65216984503361 -35.999697437887576 0.6302923207085769 -79.83218569615394 -18.123776744621424 -9.788297653718601 41.148499129453455 -20.140890577434774 62.5048891903717 -74.16107595186172 86.20327830654901 65.0798290556647 -91.79009099279642 28.279029383327412 16.72510102496973 -23.010438644516356 66.82354219999425 -60.293985230842196 77.62874022180432 -32.605857612573374 -47.52511081352526 10.917891999332369 60.685744582010585 62.083414245696105 14.109544715230584 -11.312890551859667 8.46656754529036 9.592787024934339 -86.08018375909592 11.62323214693599 37.5581014716324 -22.67876062527941 99.8949526269295 -34.88572357040887 55.79125380753996 0.29918488291464485 60.23532153262687 31.005706275616888 -86.23932506699879 -95.56131263738861 22.761076944200354 -2.949457565661959 -3.436088175300327 86.31483823110202 -12.686077486185823 79.62472964082878 -46.656463734689765 -36.387603971838736 18.14723174764117 60.65347013493454 -88.9636341497856 -79.84358467318478 63.090934355945194 65.78491902732867 -28.946468344587785 -88.9128501374169 -25.025272048220245 39.391235453906916 -1.2957039929885923 65.83255004676187 -34.85722331380387 15.077369955940242 -88.17741928056768 -72.00740991047263 97.68653927551281 -42.50321645970361 9.174846819605548 74.81119842462766 -3.0310568125816957 75.69681290077202 18.1629181591384 -3.7240516941426733 47.78104200423107 9.239826311431628 -48.801055056463284 -51.406185374826975 -51.12117566484291 11.063109180666245 -17.19396644152731 57.90768927103963 -86.36806959442316 -90.41398669432058 18.70288723167704 79.18986497606457 -8.59757476540939 72.24185648880135 48.84552378572894 -26.963287269870605 57.51948581620388 -42.64656270588078 -9.167787282131684 -45.416952733687445 39.2884039008448 -52.26074721036331 -20.962011492541293 -60.74460542366688 -81.31233757341661 -3.5581917995954484 73.38756773797343 0.6460744013271551 -53.61891385960848 10.20489820871451 -49.14419789642346 98.75135502052683 70.25060007072452 92.56690835740869 -48.61035282942825 29.01403599104546 87.3436969618979 27.60491571233881 3.650166937207942 -15.846303342457276 -87.20688310837727 -46.3679825037685 -19.813509272113834 -78.15562501488655 -99.54933293862614 12.801692685303024 26.43305192827509 97.94823732001038 -67.34284460010574 -37.115137613265325 -35.421356084569894 -71.53696852692102 -80.30848186295 21.61417875556721 -48.66727395681472 -15.716693293106033 -60.6199418967893 -85.60808543209998 -23.55305162837344 -80.86288767383611 -78.89409253496092 -25.43619026961268 60.086226577634875 -19.013005199334458 -56.78034166513881 -33.270857201475536 -98.10734462405716 78.75614815700226 80.43862147073483 -24.793795496047593 20.648161430764247 10.83059134111241 66.01526975543302 10.53718200134061 93.49820019382494 -58.0188835156048 69.02677551792974 21.900757462592964 27.4641714537416 -25.760165162406622 -45.44523031053611
-62.556038072161414 -2.5367541816028023 -49.783449982919215 1.4867969963238181 -33.934011237120274 -80.24815222819062 11.263985087029127 -52.6977236430421 -45.79334176879995 48.660615733745885 70.29539511415646 -10.388196646178699 18.907620371071403 -91.34795931133391 -91.44923074746387 -49.366513839820115 -48.54444746176021 -9.588664190151135 47.94890780776302 -17.251782171649694 -7.816316883536501 3.6121691800828444 -72.45121102905128 -60.40320347722885 -46.405679403317436 -0.18556308843642455 60.551420852253045 28.867144635992133 -83.07719035751089 -47.10171969251895 -2.251086986020013 19.337688300600192 95.41857226617441 39.14004414045556 -14.882389628661059 -53.41692292602711 -50.689312789783834 91.30665001794432 -52.26937183117233 56.16946483039618 86.31613454488269 82.1804149729195 -13.46102371843429 -98.75266017609722 -28.99574943183012 75.45771767997374 -39.34988405989941 48.14024973921701 -36.58080776388783 -96.61481759752463 -41.96440882858674 65.87475028656792 73.7804561487736 28.92423419973531 -66.30309266608614 -55.12146537714941 -34.19823218395916 5.5649797102672665 -72.13415579151814 -69.21857133980158 93.48152717240254 -91.73501124532963 -86.24704583370529 97.62743290536733 77.0051722694972 -3.9019767791897806 40.34216767617983 46.42805676115333 79.53769526757861 39.64427363766515 -45.70629019942325 45.9479536152804 -27.128883172691218 25.048689605974886 15.540399238277857 -55.88898864942111 -15.688211451468476 -72.62831885109671 23.00969601409544 -45.283507182036374 -92.7143533468056 -30.136135832481074 0.027759599455222883 32.28532653409522 74.43239839118522 1.3221652997746531 -3.768811742469012 0.3083622434578075 36.94353323919995 29.088797596664534 -40.79942886600696 98.60468783334372 -87.8314001015408 -30.48330505383869 20.80113470901763 -11.11797291753544 -67.9734123315805 -16.16248523852768 11.029154789060058 12.427715779467434 -59.9418833567545 -71.1360876923838 -23.678733773134724 -43.462620132625496 -77.5768946917278 43.7261406472779 68.61748399612046 10.145317309191 39.999874147512855 74.02104586621937 -46.04166526873386 53.93793867459783 -27.993015027442652 68.32034802570243 -4.5103424792510225 64.82438716651458 -77.42097402692633 -30.16707046801548 31.832423738551654 -93.56836043125567 67.0295174970683 -54.17124405137352 47.85947728123995 -23.22481866416834 -34.83518772988472 12.875385601136031 -95.16638258669626 -27.63036234170228 11.836329712670278 -93.85806173746694 -29.642277469205865 25.97567718484723 -32.39843078411171 93.05961361643656 -25.9440950700415 -64.4753197250673 -52.98118595500545 -41.420267926860134 44.54617097004606 28.21125938764436 18.870588136880045 -24.545465234515817 67.02353107554987 -82.65174802866879 75.78116353992439 -33.07366863743566 71.96919041773378 -89.58886566489488 -76.98703900068635 -76.1312067033578 -99.766334710957 -54.07016053718478 47.59823126101378 75.69203043736559 41.17132334450244 -89.70129413297309 -58.92757527747283 -89.94437804587972 88.5794307423898 -47.39576588840164 16.460683902250068 64.20063920155806 35.6040213197839 -58.34937839977818 24.068218374403088 -30.232891606978086 -75.14198015585572 -77.87726918176314 -49.973069486614065 -71.21629659211473 5.510947861376536 -40.69405740584724 65.56153613063859 55.18101997889164 87.72022774603221 76.29085684069267 52.219205739929976 99.31885625950528 -52.27111837461462 21.834029089488155 58.10549985379504 -8.943314039495462 -92.48000413161111 -49.84606157575444 78.73395342361547 66.35431851581788 -36.85847430434461 59.64776149510044 -94.13092668334248 77.84473473810738 65.38482609780627 66.34359157178781 -63.356516144394924 48.908304827065024 -67.0631396117197 6.641604175499708 -72.91727035186813 -51.29264680373535 -61.28903413023201 -49.785589332648826
-44.187366045076516 77.11291024885051 -45.12307657075518 -84.88642106981472 -99.3540975193872 -53.83498244919258 93.54312192036568 14.722735466459099 73.88791412338745 -79.71136649132228 -42.29334637003637 -83.01020519463007 88.61788505510165 25.842643441991157 -73.3839659834225 -43.92172107279346 43.43675109746553 19.639198711368053 -60.00094555577282 -73.83437598058896 -34.83697222294214 -96.43992223633786 -47.53760883664968 15.189714098369379 53.248086662390364 -37.295692271562665 -84.42905590411691 -44.28945570867056 -37.84921817907214 36.15834779936631 -31.65109797933205 26.1397816366473 -4.099303015432795 -94.54593636142263 38.80323588830473 -92.91914116748717 -39.821858122625976 -20.207725847803175 -13.995944297066927 3.372423905790484 -75.50963714481311 -31.153224800578826 -18.371650404422212 43.511372022664005 63.39991535085696 -97.70394008692487 13.920411781596513 -34.210470306925274 63.684589362810954 82.73838377822887 -5.2149133715905975 -12.940369403845821 96.83401276584306 -23.677729474491144 66.23162204838675 -67.03432647886942 -61.629950117172136 86.97797716047705 -17.39852915893414 55.92975917251641 1.1096258108580486 61.93558105478033 3.911622657433739 28.582533987614113 22.589619219042817 56.520584846095915 -40.62150018867743 -63.49232070731061 -10.085945730908946 -87.26444014831371 -17.554938226295235 21.201686468370198 29.01074282192957 -85.73249232851524 19.694110310054967 -59.759205107077996 3.766414643032732 -95.42661843740025 19.87030909140573 42.010513613090296 42.793532113910004 99.12277900459307 -32.216296070675 59.078373063734745 -26.52023180349741 31.84714101842448 -20.76078386297442 71.61176807097951 -69.48785722390265 44.985706164558195 40.61129362249525 -60.96193521665803 -85.87376658830766 73.82250372683689 89.83447513244926 59.378822567998924 -76.88042763533727 73.28864773270902 99.06793509198258 -25.510416916298098 -59.70442820985367 -61.86497818190146 67.47910840750592 92.2135495684806 95.89829043059387 67.39092338638201 -70.95474047720529 -37.886668412390456 -77.63351779941941 -36.58460412248823 38.10438454318373 75.8736977353426 46.574789915511076 -80.97053448806687 0.23416570885200372 16.572297844371263 -80.61283484908033 -35.81715150289892 36.88845885712669 75.84609717471841 65.12522003055108 40.56942632532824 -23.79895569115942 -46.53322959267281 -42.054980679476195 -68.27534329400697 48.0250068339943 -5.999974653509483 -52.38715868218866 -85.64764148815456 -13.793557283552786 -93.20300068901426 12.364585198443905 24.97784534113137 -11.100884208806022 54.921088033342755 -57.85686851265503 -60.337838223974806 88.09256290000383 -10.137534303623767 -33.00541803840882 87.98410122454914 96.5933578014955 53.63026283031323 -85.27831899460017 2.902040956596835 82.568235160608 96.64545407636649 -22.000682008536643 78.62869571595158 -94.97799635662174 -34.6185310827765 56.18613204895337 -21.738091311400694 89.60134399753414 -84.97376746200965 71.11086485988713 -44.87958063395179 85.7775511319062 -99.73532581764748 -9.14466199052319 -66.70749291660186 32.496873280934125 -86.20420994845976 34.79688638573799 23.287341305376003 3.605586318812513 58.87302539759639 -57.92759495571875 29.392713252821295 40.99241253638621 59.90359857354804 44.78181830080783 -88.37638846438034 -81.76245742716097 23.87457998785149 -39.70632861054073 43.837919377944274 -71.07341497265047 95.59081567721006 -57.70321605189803 -6.603242100390958 -19.930742279490744 34.54932072763407 -73.8215253802905 25.642892166696285 6.4376625280703905 78.55110674671221 27.195667009665556 -11.67019055999181 79.00159087780386 66.15217723661522 69.26419186006325 9.657561541798728 -14.096054429789788 -97.81215020876009 33.77223621698528 -66.03986308357194 21.762626073648917 53.15881953036862
94.18079763465008 -34.940559990200114 61.67048660851842 -86.96285200934093 55.386118361182554 16.276963348072343 48.579123303774594 -83.53603659852507 -59.96986269461517 -9.935782901821 -82.28499535263659 20.043672124067797 -57.21194670816323 60.55351171384845 -27.863016592374933 -40.50153426530627 -37.081878883035536 22.41301269755938 76.15818667697653 3.567561422463612 21.631868541288952 93.10327999797337 -34.25394175877388 -41.26391257665085 88.97613491045391 0.7460951072285411 62.726539414739364 92.38460840661065 7.585986475597096 -80.58258041574234 -66.63256690889925 -66.99612191831795 75.25210892791955 -94.76839076245372 -42.22018932899483 -67.26775670167893 -86.45592236609374 35.65394875702853 92.64593350268692 -29.561088054458807 -23.231335280337134 58.784766278681076 15.933626924236677 -36.92682152526816 93.30283540733609 -21.537664193442737 96.98773437991068 84.70725571801353 89.86832123932987 54.46339251485355 27.106602332088997 -93.27607860276201 -75.88227320733951 68.29213246924576 -69.30092967825956 54.49960212175657 -59.92841335627301 60.93310277789678 68.50091495978435 -1.307248129509702 18.503119570544087 8.176162322414783 84.96039297124042 -75.19034277948191 13.88971934255045 -54.550686359239165 -34.27041360550356 -54.33688855142211 -81.46634628128166 90.16788322671306 -16.786723744087368 24.369895936845268 -52.88105478326956 -32.946822362899226 52.05954254310174 -78.59150886228383 -13.580573084738916 -77.33636363289833 63.47344623870086 71.69780219349721 -77.86373532681097 2.7560996773380566 -53.24873733428992 72.0325743893689 72.2592265068248 37.31878648199549 -9.50845923986708 -93.33033895817596 -69.20713453192779 12.205489437959443 29.34977723747943 7.945493413161728 -79.20320659429623 -39.1313626191703 -54.91009969392684 56.527058036600124 -86.99047876656098 48.370048703380576 -68.14833988688204 70.0944182297406 -24.460978055911227 -26.07098047230359 72.8656343772289 -92.77213478862714 7.3520319369557114 20.816403197882693 -37.599862611077725 -90.21269261793523 52.91227063791092 -31.833622295773097 24.192169395019974 -98.49856275595003 -82.38206544450378 -9.697158730142164 -57.18584298032496 -7.361205932625609 71.47102211908222 10.184916850398523 -13.841251146105165 -64.45232811448258 -13.22306177588355 -11.864823446679054 -4.560511615302715 -89.07903612423446 -9.397236575709428 76.31993915950025 21.572089693259016 -66.0494026218385 47.445491346032725 64.52441145804352 -93.01423018991872 -28.53495753872619 13.784429818516927 -30.63238905317236 30.394852017366958 86.45022196814412 -57.96614926214703 44.782545722436964 58.87217357944638 15.112798802490431 -82.80121555861169 20.031140895218627 50.79680311336364 87.25928937454066 66.12988788398118 93.7348102220862 55.90673580665566 -26.463815218213753 28.610699109169218 -43.57719882951181 36.291955008793906 24.045649884672017 -69.79633531852195 -46.134817331911606 36.14706102800665 -91.05749678707167 -52.46403764769252 9.061335122787824 97.1562861522346 -58.94798939509227 84.29522825791074 -26.976694216206425 39.041355192951585 -50.60524283513858 41.85370933907399 71.91842609807921 61.603387787240536 -53.00650214318134 -38.754450124590065 69.6307497697168 -66.60094196498588 -22.30181472724564 -39.43753036533393 39.26423273363224 -88.60240912821561 18.93365081447031 -31.692819157591728 22.85977069804575 -51.79262952158259 52.89593752335648 -54.30430535028423 -61.397663044802165 -51.160907058043506 -68.72512845246213 -97.57397505316854 53.18263609344589 13.827463216536657 -32.90006376384471 -27.98774132446252 74.32552648634677 -83.89948774624254 -53.8960150051093 -29.381165854661646 75.52207431031584 75.61033293042937 32.33435077239281 1.919901535731455 13.714142220047137 -93.0159724642314 -78.05848074069637
71.0865641467793 -78.31573780526796 -94.28415735300028 -38.66860094262692 -80.49698962601673 97.31194443514636 -22.97730148797514 67.13585854469446 -47.163484702594126 -11.402274406984333 -98.48205586305257 97.29994068209814 5.357646599171659 14.769783842973652 -70.59812132987291 46.9537345150479 2.707045807020009 70.96326862810386 21.348900444727278 -94.94164915826113 13.669157517347742 51.46593065737818 -10.995258525839773 -70.45155883223666 91.09668328711973 -13.583534436385719 74.10157600126325 -7.326732437231925 81.54081948484995 62.458948391872696 -65.15959655852618 -66.50908906431307 58.59035271979542 29.781758871621662 -32.993821079726445 76.7497632212758 -2.836841690489763 71.43956685670236 -43.44712105032629 49.09549648286969 -32.19774385911684 76.23555577503342 -5.573918791343175 40.97218879398366 -80.49538724055915 90.65730293859713 -91.64832228108317 60.24911272852535 33.440450251019 -14.45805146900301 34.25773652726937 -58.35550599922221 12.882542973483282 82.34782897360637 -8.771468320983729 -60.36513716910583 42.56832152356037 -6.96465899529359 -29.374947429581823 61.296216107430354 -95.1877837972692 -99.12694428558724 14.839870992136483 80.47913070618239 -64.84907763054724 48.019219616272494 -81.04226472042275 88.90037517673883 -8.24268936666293 89.4715660452847 78.63182336338292 -82.4995691873896 2.641986465189163 -13.962381085069637 96.58550849249079 22.250554014712804 95.75388110122537 50.433290860254175 -30.62984930459814 82.7015655199132 27.645389746832578 14.34805233974825 39.31955523701919 -62.66131924804272 59.66650664064929 -45.98424607274614 59.68145606078028 40.97248658617224 -77.0208947460751 -54.85264678642181 93.91684118838941 79.4800901013034 58.66427935095092 -61.714342486955 -48.9586966825438 5.340436286675555 -8.79690514848896 -13.551107214774689 -52.89028905735087 46.960734809299026 23.58487481601024 -99.50298923910074 -23.38027126718704 -53.0703859481795 -86.23849246950208 44.259501291416 11.985414114991471 -70.65941142755435 -45.875728627846634 -52.30578953668916 54.492808880904676 -59.699564850014816 11.602465261035476 -69.37964604786288 37.9991941683312 -83.2575300362314 -35.11016354622518 72.48251717289997 65.14561037283121 5.138624401225172 -47.622462618485464 89.86169078540846 -33.55894532218839 -69.7726984707906 -21.172170531673643 -37.909326427941934 62.25680958411834 86.72010474267842 52.64812103793773 -21.98102836087945 60.352469088542875 79.88516013905334 6.967326727304311 -5.598224381633173 -68.22580070740678 -27.491294297313075 -15.863008389334695 75.05270693559444 37.91163312328271 16.028947223768057 61.63859998662119 58.992270531958866 65.59813132677647 35.902587625656395 -60.32180386154273 7.891832834756073 36.292361205763825 -85.34815638542754 -76.73065575890993 97.01246702170207 84.03453638472595 39.509241715704974 -73.26879461538023 -39.17805494683832 -64.64136032526892 -77.93296217828565 -4.303732830984444 -35.13294413782522 -1.44092201667641 -82.22773301179095 19.76027621746242 -51.358689150632216 -6.703427666943867 -71.24522129531627 56.859319354220844 -69.92182337524832 14.019795722343645 65.32407494065632 -84.22420102196733 -51.411243272832394 89.48890403843083 89.58845121705247 -0.7438965701144156 41.607483859601814 -4.511989203268584 -97.16651429434933 -71.13500334685618 -6.862396904293718 80.56257788477444 -11.738386572355282 -24.132512567321783 96.07626132490293 16.643376007167234 -53.64559048319233 -63.39797392293125 77.22556933941229 -68.43526263602931 -55.232024585197756 42.59396965853364 -67.84008052341237 18.48705860369347 95.41373240941897 -33.20121349866227 74.58432107081336 33.70428173011629 10.954593753584604 -79.08088780186233 54.03142910466656 -7.120388429405239 8.717208194846265
19.172462739241 62.04485001813663 -10.029824176670104 7.580925937271445 49.8822792714526 -52.54877060707768 49.9236353634962 -40.11326558777255 25.133426909318786 -76.51885019909548 10.850562176580738 -18.117711243854927 -77.16586501729344 -67.3827289720643 63.132937378108466 57.76526567006496 -73.39828103321524 19.100342427433176 85.45440551311273 13.996891248108298 -83.53434382630576 19.277304051508807 -38.37380489764575 74.9036983760038 -86.74335795267561 -28.816848787220238 57.38883408326433 13.189292925927873 3.660896438512708 18.291554474286414 86.07465948099161 -76.00248116299326 -1.7508861900307835 43.79576929486876 -97.92350219572697 73.45534782835267 45.84903232717622 23.92161123400382 11.265930371433967 43.07653917068416 -78.8469099233778 12.674538491164185 6.584012116317496 41.07336455646674 -27.18745157014928 85.7999608036915 -55.23283026877779 96.39217648974662 -76.21609944525633 37.927759474087765 88.24405888483068 -11.524154748518484 -11.13918790751444 1.8947981199795692 -64.29838239669512 36.24394038325846 82.31977886191234 23.764621473231358 0.4111633430894557 56.8976362011708 18.087442929591617 63.455242538341565 -60.059542734786575 -73.49582738982245 4.214133351548369 -39.06749743885418 -82.75449478143648 89.94511805433714 -94.36061011523978 91.51746043450953 96.78631209810263 67.0949308848063 -33.31822387041848 -8.230092101564821 -44.34310867976856 -36.090777840989844 78.11226887101276 -57.40336119222109 -75.28990176072243 -41.240935152716006 32.66990062036729 90.71295379813586 -89.89314692649802 -59.02774300731182 -23.96008046295357 -92.94801505997212 -76.83918183530585 95.58694539401029 -7.630521979504778 57.619116871906925 43.74578367621339 -23.066426173150617 -58.67073994927079 82.80746905870544 70.87030510241442 22.942898988493127 2.641381038452323 -77.64079132464079 61.07141817700952 82.99767002095314 -51.42913328097593 60.97477129264303 89.5279900618431 78.88144848078426 4.351930921355219 77.41735813198594 71.85318200172333 24.195554486982118 35.608346191358635 47.16024344335162 -22.37464485492056 -72.29643348221666 -50.469162966412064 -97.26132430646506 84.71874752518002 44.276591790283305 -4.856306526278502 -48.94417342846251 -66.5748601437575 75.88565215156285 -70.86828408748704 -27.97746909013985 -95.24235217594624 71.86668606708307 -35.11632594489808 14.515573103522897 27.326808304441585 39.53384052332282 65.93348968729288 -94.31237331879157 20.486452948948596 79.19673589985402 -62.11024533545147 11.527775853821453 41.098474044208444 -59.79001175940078 63.26890599176187 -59.94296259176968 -83.61312595533931 -81.63925591516106 -47.88235558910585 -63.36957911556962 59.580471302223 84.06136518939931 7.991643556766263 -71.91408476801493 -94.66758050513002 -91.73946359940521 86.94189679554697 -56.44742163797307 -48.82722573092568 77.60862602528647 9.860444931805802 -58.52687811177357 -23.250972587477833 78.72239568956735 12.408056672175476 -82.10307092188347 -78.7435002117504 40.841806311693944 36.15169417404206 -36.22478667180011 -87.08911349279043 -41.22011616514809 8.781088439626728 -51.65274527210213 30.79886938928078 72.01271954359322 -39.724684866559976 -83.87093578524699 -55.17179709206768 -73.384446132855 69.5509372562677 41.705169597085586 43.58036978062444 -14.41678797006145 10.512535028939894 -20.739760774811586 -13.572941800121697 -65.77855938393671 19.88066203859738 43.841007299373956 4.902607667948942 -50.967947818691826 26.1706604448476 94.80083700367635 20.519546772462064 93.56787106970745 -95.23255306740546 -26.67707216165573 38.70038408644564 -21.837258399909103 20.064949914414697 12.924289536064435 74.91512998520443 -78.75546402083297 5.578692490047715 4.6935022471398895 -16.41396755523614 75.87208910923951
-45.12669582032147 16.16752181391132 14.348214830321112 38.21854783180055 -26.31502506793788 92.71687589779344 28.04990437796377 98.70295354031043 54.34780749200331 88.8935720069936 85.46347680049627 -13.546691880271439 96.55913456399804 -96.18712978382993 11.554095123575308 -89.58875838170506 -68.1617071252834 -92.95433374587611 -21.688909568193537 44.35898663203301 79.0590361049666 -65.86986624373458 -81.20914246160373 93.4073362831075 -37.53731649394885 -14.196419353468244 17.275207076208247 44.64731566870853 -44.74920915170861 -24.22826667428673 -73.60305146576047 59.906545109037665 -50.96105083193636 69.16457111188947 -74.5488660016064 -96.89037894552037 -26.461530999983808 -69.47378127886516 50.062046543993745 36.9939628931987 -87.74714557578736 38.33550575258485 -97.02457811025236 39.66971183333001 -67.92084710187387 32.6196501570833 78.45963164797135 -62.182238565739524 -9.224983377775203 83.51698992085852 88.38919767399372 69.93712374026552 -27.754489084941 6.132851322593197 -52.493716589095875 18.757543028564612 -56.408190402842884 49.61910717450513 50.473309078754085 -90.81793379814955 86.10609295534573 92.06706385360636 75.35106054780934 -60.809876651117676 -63.58490303367328 15.791589030413917 -81.15450618110123 -94.25204786832566 72.06502478521568 98.51034358353735 -3.6190000679315375 -78.01912391548376 -52.5535587451057 -76.96367902391125 -99.13042250309707 -89.08019146454482 -33.88097643743879 29.202570210172325 66.17781477248309 -7.388886556907352 98.79771400959478 -98.89620276001733 -42.61197724575618 -0.4151494983132551 49.924866455808655 68.70271015012167 81.71874054577924 8.95292781190797 -87.10390581279978 30.22644241485534 32.25014606595977 -92.81596096326086 91.6928498925987 -56.9897962745781 86.08628358019789 -30.768530580149275 29.431366769579483 -63.536399858688 -10.335429356522212 72.03016105457641 -26.15012106270804 -7.655145895925003 54.01383868610509 -17.083529072163998 -12.896500589572966 72.34537032541414 28.830342608788612 -79.59192215028821 -55.02366648692367 -91.99945755845269 -41.55668053641075 42.12487615060641 -59.489857594789974 -36.593468217416955 -24.077147516323194 -11.329339338419459 -76.65552785479306 -97.24146719131794 -28.789560243254215 64.38700165445957 -52.413052484462796 -98.6550352196842 62.10588492786502 -28.099478555754104 95.9536421898689 -64.04527091887759 -58.849029251643636 26.130980839389025 -16.988313695805715 -37.79159781792898 13.919259453587912 22.79365889070388 -65.22801926503908 -20.98805095933909 -37.163850606433215 -36.52083751435236 -40.996302888070524 85.11045199734912 88.00101717688008 19.074523767476137 -31.088362435086907 -3.995928303426581 95.89020401931384 -82.77135291164285 -69.61159271704483 -21.474979272368785 -83.67561732852799 39.83283191327388 58.532781517484324 -65.81255289521471 -63.84628957357561 86.43595284973861 -29.35167506650977 15.592885629927792 -42.54629970950374 89.86400344923976 -76.17353075017695 36.433203974953386 -6.504455919851694 -64.09907868476583 -66.01936934808595 -52.01914163060217 98.73195633691799 36.959972634350294 -85.14980439674522 18.246020680777633 -76.06924419348802 -5.921554321117455 35.62460454212933 7.626174276023875 25.513386005301598 37.974982774148316 -96.70003215599598 -51.98493984992349 80.49057798554472 -48.593405733743936 6.880262722023602 -73.84876151577203 21.82088103779148 71.00972353666984 -15.712174950674097 -48.49539293144998 -22.599554059626342 62.72099856288321 7.601274447465542 42.65515820987568 -31.231357904055983 -93.38101241041781 50.689578459560096 84.95948419346519 99.36040029516323 14.752311628644762 35.65586651054602 77.01841321639594 30.792833525446582 -74.73813197262369 33.12108173031919 -32.91579341222403 96.11603022846117 7.929504663284121
-89.20002425582622 95.91301515837952 71.52535218860501 22.278960635023722 35.43703926203929 72.93970782485701 -25.33363226690551 70.40729903156941 -68.93813878903214 44.31185848256857 86.44316781836406 -89.82662909451145 -15.039672561658406 -48.44709635066637 -30.461996449442523 48.87023135076876 -97.09047876872631 54.069182538574324 54.35862630432675 -62.776158685586815 81.33237939646688 26.55796563726645 45.97447590328821 -72.13951671192957 57.71143298287021 58.085281391117746 65.02242020626133 29.274400154789703 59.445502899325874 -96.07747230051183 -35.70762055964154 35.24673100759824 -61.355659433992884 94.98045985616551 82.62833032942925 58.996172455198746 25.100837287536024 49.40860998151828 -16.06142957295411 14.375691316126975 -29.119414369255935 45.24049389842881 49.993153361565476 44.16010498611695 84.32111318446539 -6.524916995970372 56.40266869269709 -92.80232627597695 -52.187600878340376 16.759997368380965 16.01021864427142 69.87048574121181 -93.08803618224334 27.253060536649727 12.460331411016412 2.1326092595761423 -68.29967994664194 61.192605373953825 -39.111006438467186 -50.51477611803104 -80.43456986434272 66.77145235975158 60.429346013841865 -75.17159659030482 -96.34857481458529 39.855605223216884 -14.82650921870254 -88.4443121487118 -91.62274580242958 32.20196525564509 -82.98699050026406 70.10870278955508 -21.24564317109281 27.993190847287124 -89.04770814420331 20.414227378266744 4.01907429679396 64.71610871113666 -37.812396885875984 -38.06441289566245 -40.67131711760954 -94.27938390643216 -55.557288011581505 94.38776596194614 67.76267457947716 -37.78649244957026 52.943056433380605 20.426689023279494 -36.99160211405326 86.9211702776661 23.459958115649002 94.54297614068668 -1.9829319424535328 -13.72284934848804 82.91822228324662 91.23365677872468 79.3875328837062 96.79969908192828 56.11143262013101 -33.82183176621652 -94.61307245657164 66.190369821854 -79.77349882122573 80.93840988964524 -90.84282059481868 87.62479085739409 53.976937822995694 -82.10442405401088 -17.792357419151458 -43.389388273834115 -81.96555666661402 50.67383759611835 90.63921199267713 -76.64181164298758 3.2127117716686655 6.818848708571636 65.56351049480477 -54.4676185327106 -75.78132697914535 8.593506357835821 -77.71639611849463 -79.18688641067044 -6.126113781276942 88.32127741954679 11.036344709819375 -52.80622140667375 -79.5796941605274 75.64423014234461 22.709675370382357 70.38272732503336 66.81332853643596 -61.79797946262215 73.24509199940852 47.72491021449659 98.76355575202817 -19.80454166302654 52.6986348170378 60.6009161349063 89.45910203627295 -8.245523705125564 63.01165806982084 26.779063380176126 23.97190687916894 -76.04281260694634 -15.774924221648462 -44.33902618942269 80.45022104781705 66.52142883581226 -48.76070234206074 -38.68259641101774 -51.90121667520926 1.3806064708098233 -69.20120611011451 -21.15595525966731 -91.74317808849331 18.12179332367161 -90.46068599189087 38.88824575014445 -19.92544827140719 -10.20944315457335 -33.23395737295685 44.4502718717514 64.79246096914713 -51.03837142234626 60.80179489316177 35.21486587108819 97.51782512351667 83.90121115620317 86.7646867919618 76.42855791234439 75.68383276572223 -69.50043716396488 14.914656526687224 81.76278127011958 -66.71727304917056 -10.705757511931239 23.443353060085713 53.336228359198884 -95.44953463128583 -53.929168270858405 15.972905311746018 18.172197410538303 -11.815667536969158 -36.99506655415554 85.32741520193429 30.924082033628025 -57.94884350839868 46.060298143286076 44.6011392036302 -79.97113074256023 85.657003737433 -20.179574605025465 -67.60142109111817 -24.769450188833318 74.28166551874082 -3.987527726661682 -3.359347333313039 -6.6554465101581854 17.554177361624653 90.43794908099287
-48.9660169225971 68.77920416266738 -0.0919702987486346 65.17749799326583 46.4707433643118 62.98111709923316 -87.80516126438589 60.5999378330215 -16.7922008318955 25.79030192917942 29.16954072363535 47.392302427405184 73.78227353791226 65.48014275996735 55.62550388096432 -21.15726046329158 52.852342875805476 20.194799658506682 -49.27585788559335 66.57206260361403 83.69354232077174 93.77857130822292 -13.279600698111807 -9.207512731630544 57.46056256516988 99.77886357859671 -78.4919820962866 85.1947393186519 21.34992910617386 54.218345527897725 -90.87508233873127 72.28280295255612 -54.205210438950125 -62.99038294593282 26.646620634818063 -92.52454367954861 -49.543991404952735 -12.651475389082506 -39.139637429352206 -99.9362511262476 -38.65456354573866 -28.148375094224704 -10.666478565579382 -95.55165101415768 -67.45311884050871 -24.447729594613648 1.061942283076604 99.89351660331599 70.73751137489947 78.04023332813861 -36.790767416053406 51.68333857825269 -23.33933500441985 -94.03044909385481 28.992771059112897 37.44837481957998 34.10353208142601 -45.475441461912624 -48.02246621168136 -13.706786924277864 -76.2863331823834 -96.99801950925333 4.126830733978707 -41.70799000975347 -40.059515963043424 90.52738116464724 61.07417883219489 34.15083825273413 77.93669543876479 -19.738289490937305 92.11962396720645 40.71784851957497 54.54953350605973 3.2032411228896365 -71.21740924224346 -67.44043516243457 61.04663369982987 3.8355192637165203 78.0408411360907 41.19161307631461 -97.13382106825719 44.99281905862861 90.12555933225337 -7.4168347176840115 0.10929426980075618 -24.749268201861028 66.87856019488837 96.11946675144048 -23.485296118870266 -36.90234385212845 -78.71514086387741 87.38221230905404 -11.840570402394818 -64.46132023912247 -38.63528645404961 -9.925610955887393 40.527250287556654 -66.62396937602655 99.95366602346843 3.5672669402292883 -9.42460091715624 -41.67928829712402 -1.5170587760704421 34.4090924229601 -17.22267238860762 -63.777135033570985 90.15995180104699 78.50738472620071 20.515664290578812 29.46475089008956 13.945950424171201 66.42864796600387 -57.24349423637758 5.952594522072189 35.01240464779687 -5.2698259327757455 -17.410636188780984 -26.650202285767506 -59.79917188676893 4.833935753801285 -28.79660330910167 -68.13923658045849 48.541485603966294 24.173785414839102 77.23237320462587 -40.85231556920874 -2.464303905182291 -50.51431463455693 13.297531037858462 13.078444157031171 19.084643118957032 14.020309842204554 -94.96230910846381 -7.222546940329153 15.907371104209147 83.72340760196761 -73.4164423230524 -50.19550109179243 39.560318017917524 7.227484025171876 5.855169561204306 -17.608958968918145 18.116527429470068 69.77450857342086 30.725808673451837 -17.029329783891868 71.93049936461159 39.031480823953814 35.17897019260235 8.469992019026805 66.86571524726392 75.56990078343509 -36.723298049371046 43.325560776032205 73.7176084045226 21.982493813210297 -50.22919187338508 48.1657447329562 96.21423112974475 41.395071643136276 54.77082607152269 -17.452211922661903 2.679705695894512 86.62999820570343 70.25344888937212 -22.459058178737862 -8.479758304468604 86.60533912827611 -9.97891520840328 1.4246818653107312 34.770295074080565 -89.18060610274559 -33.064523102628726 18.241094739903346 87.77273915753881 53.568686233422596 47.50664431239608 -1.231281594410376 -67.07690056894695 -3.9265368466151642 91.62565538216373 44.70432226620116 56.316137776265066 87.9582186029539 -82.69592347060808 50.17624310566586 76.37253620408464 -68.24750104462095 -94.60492256469244 83.61280614588924 -83.71530096449715 57.808249751994026 -66.41745843022775 -53.19204335181234 59.73193724777843 -35.2000707474984 -65.83920385234214 6.385395927154363 10.255582566687792 84.02946250166968
-56.541335226956654 -14.148406294722008 34.02832625451339 49.62605967003839 5.563634132888012 97.68040253976599 -34.88276270559001 -48.19458396194263 -66.94530068163033 -79.90085326311747 9.015804397877105 -57.02763595777436 -60.74655804277489 -61.49342464290777 -91.19438616152658 -69.59635778832525 -12.149725483351915 18.71426352470364 44.107605941787966 -30.284656616901586 83.06906756773398 24.318859063686432 -57.90506858606963 -23.511253960923327 -98.83010236799265 16.29124309781764 70.06192296002479 46.98923514703205 55.9907085928005 13.031428576485695 -35.883839088570554 -38.580014172418146 57.98887544178396 -20.238659025348852 -12.765231149865315 -24.989143861556485 -4.6010259022426965 53.88107745087618 -62.44782492200416 45.89881728512424 37.34345535450558 44.802762606435664 -98.44724669244141 23.852332918636066 58.800715596797914 90.55861094528328 -24.697545937123607 -67.84704568303309 -6.993362256468004 58.32529706994168 -74.27930543724253 -23.287973137149095 36.07927318853115 -17.40536371906086 -63.362372398105094 -54.27308801541384 -96.74651920671292 79.83034300863864 -43.974667688618574 -17.894687054163256 -23.771849690237403 -44.18030595059881 -77.99364745539934 -32.257227756536636 53.15034745064128 6.445948710703135 -25.41325089985986 88.5763047545613 91.98642147804497 -86.28572755649724 71.93244767385849 22.13700863995956 -59.75693883157456 84.46573783554453 -52.663861075723716 -79.37028791704208 -44.78469163886067 95.41821340325401 65.54446456287727 12.037193957436031 99.82515047118298 5.828125542215858 -13.754247176268237 27.369155388258903 -67.4545874172978 -96.4951213414251 69.82424883243291 -2.3935623453356953 -56.855693377087604 60.40686731603046 -32.60889563550839 82.0095316886487 90.78119818947195 67.52245376709624 63.20944713572649 35.39890262811835 51.92710144138218 82.56975344115975 -96.70163926007214 55.438933977243295 -78.53053880445643 -72.37169353512564 30.880333471456908 -58.29547190915978 92.9784382318025 -92.12205339127031 71.72861049086717 51.91506395762977 -17.10282322148207 -22.248526508627833 23.205368811626627 64.57254921719766 -91.04271970407925 -70.18394928617812 -10.583301320691916 -38.219701132707115 -75.85232324688516 26.843438492482605 32.56854790141233 21.15379241639755 -61.34382202649864 -90.04690772433518 0.13916657233654917 20.61896159166818 48.960583051109296 -61.117828797365846 91.22541540969391 -37.016374900315505 69.84837199245564 -4.3086678015447575 -28.121147868076292 -23.55699730837692 -34.54091985599834 -90.4691665429069 65.37657098056852 -36.98523408458356 -74.22362179140404 31.92478349040445 -68.6458782475782 -39.9953869118618 94.63695665801356 74.59813269611834 -22.79663162102112 -61.24133138946786 -31.24808357850806 -18.31092100308547 -7.671802521423189 3.910124363222451 -26.382940275573972 -58.35207247127898 40.97511856469086 -36.005481223071946 -96.84056615759754 26.676529055246817 99.8751527807988 -91.78719190091691 4.11875205500381 28.690784810558853 -70.23014780532905 46.38882191030373 -35.76981719564969 69.9891407222934 -83.90773588876263 -35.604832893540845 -62.98293264636756 -76.71813660809653 18.027067108077105 99.49621314296436 88.63100811746247 -46.2187817740495 -30.8020369992323 -22.50962423704108 -43.04231277273223 47.8823450384113 -81.31822574602197 83.91998028951477 77.07809725482704 -33.444238244076814 -82.70052789334743 -63.07042315704059 5.765932358008158 -68.0393713411988 -79.59884417080741 53.96419508264995 -38.4197802342922 -97.90771324603094 50.99896602943724 -94.27117568421835 75.73712856147355 89.48495936628746 -82.6996831065807 16.417343680134252 -8.372725555486909 -38.9479807419516 0.1723190307373983 11.726853250201884 -9.04753665048321 -97.65121866611553 -9.84456560372277 -79.3950670068154
55.862146175833686 -6.1227686165341595 89.2521747752279 -44.388249702625245 62.111307300778634 56.314071743370874 61.71303683544696 3.2244729592418224 1.547088342339677 -45.3076696876455 -79.5504266144994 -85.99524223040216 -60.15310689087927 30.356179604717227 0.08411494924298779 83.2338554776127 -51.01676803876447 15.061201621074005 7.8373040279390125 -80.82034110839808 86.47369890967346 34.01461766043619 -56.87656833621195 11.610759591755965 74.27812832519095 67.46692224538342 -25.846189150010247 -78.00973367754558 13.14720576354145 62.55877905844619 72.1020873208056 60.309679096131106 74.66472086142278 -91.60159124604867 -53.65690401280694 -83.96785462225667 15.62900645942807 -58.435975295846696 46.78385980967204 92.37647070257245 32.980060235332985 -72.18415141511805 -58.52416984184465 -51.975543661713445 -10.622228972216206 -94.92573626712091 -4.059564305841306 13.116997120478956 30.922220523394742 1.8682839876602344 -9.089184216904428 51.035255664208165 -91.1852010670144 85.94121458486123 -66.35315930106434 -58.83547788610339 -69.18073996624292 59.56435486431559 6.83158197442188 83.04762817454659 -25.302458327311214 70.66986041254034 -88.418955832628 17.325258238796252 61.19776308393634 -63.884230406606825 -29.340725664651075 5.6669376348369696 77.24493278141631 72.27840292500335 45.048645721516436 -24.50410560949274 -28.075432218724174 -71.38591084516976 -52.126526107604356 -97.41881353915478 39.97217513649366 -74.66741555465421 39.92119074241626 96.54316894315613 95.58875355986982 -75.7530675084709 82.00224828765468 -31.605211065271604 -14.272842887533727 77.81296392226682 88.40442776330286 -22.667746722356227 -65.56318453856751 -97.04519572145172 -9.223886540354911 -85.8309039919121 -30.082063081965885 87.07673497457364 88.96918794618858 -98.98467840434546 91.96139494422911 -3.9114196950025075 -57.997964389687695 67.49218299845623 -27.054984126170694 62.07771095497455 -99.83241084921015 -24.119502073118568 -68.7820993090534 -19.739504977327854 77.38316852806975 -66.39140702498543 89.63643747556353 75.2608466945363 46.457139328548635 -49.52056064956876 -88.42275187993954 3.8651384692684303 87.19148670734756 63.205376902569526 -48.75059318249739 72.98860835603256 75.06534870329747 -10.791111131017743 -60.088483363067354 -7.002606187031972 -66.47968805688913 97.87576231694513 67.48654961457723 -90.22927235875318 -27.974208184132763 63.50485773067959 91.5418670760865 -72.64490714827588 18.111744909757306 9.766499279274484 -82.00310050036326 55.59596478564956 25.286784330281037 -65.32404830320627 -73.92099762171486 -80.90519322582767 -55.59275311276435 -3.0458570762632746 -75.06629189337121 45.839308937644375 42.90434347505209 -68.34942420623726 59.297965064248274 -47.98565799651511 -1.327900094091433 67.57187767254871 41.988484691680895 49.66997290259329 95.56484132481756 94.47575695535068 -48.40108141535313 -99.3131021899829 -55.68394869064568 -16.182832346437408 -75.44651043357908 -75.00400486788669 -23.428802675083958 96.9354604775908 22.61379812423006 -64.92124246582014 72.49756507474666 19.66453844092821 -48.268552951427424 -60.079778341121525 86.85204401751292 -39.77446959193676 -31.832518822307932 90.63546051007108 23.35276602891649 -19.44145147503029 54.05750434243316 -74.54115057357251 49.901003121708754 70.14895542865065 89.42160691127944 -22.005762605417914 38.67901351102651 56.082939268640246 80.22735125194308 26.533326984730806 -65.75770022617118 -55.081503128942686 5.019036340689425 24.833022425385593 23.095871136772757 -71.68638078195036 -87.97397749940544 -63.77825978351965 -0.8654835903118396 -72.6094073639045 -74.58942328198796 85.7295407623337 51.9268187324646 -46.68810098550953 -75.0357872572715 77.13752020633854 10.598003924544443 14.036434074027
-29.075206621978353 91.72669631695834 31.184886479164675 98.33523998271053 61.72771416306705 -63.138713513073164 5.847915129211927 38.82419148023638 -66.23299711388282 84.2221713589706 -51.20586476685294 -51.047744335810165 -1.472261840866949 -25.734023113711643 75.63382379711533 -98.12418194492794 -58.030070870198756 -60.89765250189829 72.00765002249548 -64.62811368365408 -6.334460606695629 -77.69585559283676 97.23004865024382 -43.38027337128112 80.58237222722127 37.94596154340573 72.7057249026185 21.388518732135566 -26.431985097128518 32.95568589892844 -80.87677788521111 -2.5758674875668675 -48.871122594080795 44.0787803481964 45.621958635091744 90.18948484502675 67.09171349162435 50.38030134713131 -21.021266892653273 -67.71257337849097 -43.53828401380198 52.32166828177668 97.40552365975722 -7.351797898068142 46.33138349230981 97.51055895488588 1.294309380653317 6.852962333943367 42.62470264475479 -89.52684995896422 -95.02992159737565 84.43636246205034 -25.93562341989046 -47.687802376915926 32.16629190588577 -88.38843694578564 -16.797895853134364 -55.40103292589027 24.393146229105312 13.500013744627125 99.1680105571792 -50.618631551420656 -21.470635861501734 -75.8856942863865 26.54273838445394 55.21657619702887 -40.11096073908325 45.83301992118842 73.80896076702567 36.2415144493915 30.627816933086706 13.683144815164084 -0.9117662532874533 75.37360535959971 -90.86543545484204 -48.620705500041296 -57.970933817827344 68.28016003524095 51.014366910142286 -73.49953538195236 35.18152672623361 -61.7948674929502 5.878628271470788 29.588154952064514 16.25895084575373 -81.43194606964433 29.778545051435657 37.3758768606271 -69.85415556636865 -70.69905865033992 -33.63438501493523 46.01383712785983 53.110613539785874 20.64883167264506 11.046498845039451 -49.36434225537391 37.94741497884502 -39.98718642540735 -20.62543160196411 -88.61058977058676 -12.269009760275267 -8.64587600638167 63.17902109632715 -80.70023436811798 -17.950640463114325 16.408296811523087 42.75969698709355 -83.4699111750271 -0.5862516395819313 16.903023615371083 36.664288715656454 -98.15873661097754 -63.35066299815097 81.08190795860082 87.91130253147307 94.07160539057594 20.41419280189463 16.16231889151078 88.53216698202502 -56.75654698916419 83.04490040718798 64.62273259698341 14.779615771167357 72.15738848401429 2.8686775291934197 -95.33453330549318 83.3086858801802 -96.68109349384441 98.36778002875943 -25.8941449880314 -33.54079146721254 -80.43975707813829 34.65796722706986 72.04320032105633 55.07783132595708 89.48013358053979 97.4045116438655 -0.3826524393620474 28.46291151068283 36.92765796908395 82.73550234789079 97.69420552816436 -26.485060763536822 -39.33917670663083 -68.84607855894727 45.60445465169397 -32.09383570322146 -97.44154916703269 -23.827187098060932 -7.98582857202517 -24.770097203486685 11.298993907284611 -50.360668284535805 -75.23466577787747 80.96631988249263 82.77064144271088 -31.389210164225915 67.78239017409408 -98.70236993742527 96.90837205454125 -10.851333391843383 63.51896854558484 -43.42781413913448 64.47710874000117 -60.255366387366394 -1.982753329400964 89.69638035527433 97.65313247447344 -21.465890813290002 84.17191920703272 84.74989606842774 -15.249176807826046 14.80321515963334 58.8280721890595 -71.75456026791495 -82.85663991370136 95.71436616223258 -21.762458914715793 -20.330076083997767 -62.56238462241255 93.88678939928224 -73.2575689441876 -93.19177517437379 84.59335579931823 -34.014226783125494 45.298544190181275 26.35232613193314 -47.815641186792824 -96.96656166126955 88.68744503063829 -33.26675494367362 -32.11110615937511 -61.16043456943983 -92.20204281177243 89.08007412870717 86.79643865645812 26.203770564385763 -23.61887083006158 28.496758061697705 -89.30358676968825
-10.824104685445363 -20.330931702081358 -63.103366800425235 40.36506021994961 -0.3172885372239307 58.58299655380813 -17.643952944695855 16.759910337801415 -3.115308489747548 93.61283016145526 73.55096371346767 -87.53977137187334 -96.05656423368664 -66.52238943497815 -90.48024679564651 -33.09102824848489 82.72947856693546 -51.93080901520928 -62.544299549489324 -86.33739241733814 32.30133681528727 -57.54964360010244 -35.704737143884884 79.47946679323724 79.80054477571232 -64.13136169436856 -61.80383779178642 -11.75490693162628 84.02529802934424 30.299441882299618 -82.40525632259943 66.80217632699717 -35.77742234123893 26.620424293641292 38.494533329144986 89.50274890395343 -77.38361610152185 -1.7805565280575593 52.53947435992137 18.522003499559418 46.88372268601671 -20.838791868582803 -96.07786690406006 -9.861049383863346 -20.86981801168224 78.42725904989024 -84.81902508159513 18.90074372013845 95.33072637887773 11.106868642002524 21.418028556741902 11.68879338362278 61.643817896802176 22.808201077207272 75.57000095648289 73.34457328419543 -92.21476900945167 6.139859339850034 94.84918988476716 -18.657079970461197 -81.38529518725124 -80.37785753066709 38.689604978575375 41.28932718044288 86.38133327691864 13.94656153789174 -28.131515685089497 42.53158224871106 -20.20659482904243 -61.963982022042565 -80.37924293241214 26.18421043237784 75.59976199267356 -37.41414802612544 -54.51963735878771 35.276248507312374 59.05860580700258 -96.44971555138773 74.55718375540809 -15.290282162193819 25.62707864088651 63.25549917142189 -73.55448328522823 -85.76540972406565 -99.1880141929935 1.2790994464119336 -47.13676267073994 -98.77877401415007 -78.16074828096573 38.717811820553635 81.4896914194741 -74.96525079959888 15.732286397054423 -85.7611497134588 -99.05676107519777 64.9194386138484 -83.75540480637171 71.730415908011 29.522189585120543 -66.31832458552964 74.85664823848882 98.69149215248535 54.830374217905046 -18.0498532417259 -47.53799021684881 65.689719744206 -90.77170865384304 -19.291990652255706 97.81551305754243 58.8730376954332 93.37397076129213 46.19383195635339 16.31859669814463 88.47165810533329 -50.53986055290309 73.52787274494457 39.39239388454922 -41.10044021120649 85.79463651034902 71.91046291175854 71.44143248843756 -76.05764568679683 24.518277173937534 53.113066565837016 -22.110046752055922 12.382953255521613 -29.482374725055593 53.118394822734444 77.94272609560596 67.86986379966982 87.49912414495157 76.86970389822548 -79.580993760865 31.578416810148752 78.06387184734118 -41.22868842978249 -19.967969508083044 -83.45708126763131 28.668025518049006 -79.29620900322064 98.48540939096665 15.713786868803254 -40.203312113156706 19.197545678137345 67.27166232773317 96.13754591102116 -40.4012136449265 -19.29699076572446 -53.369009186997715 -56.753762282657185 65.82037601788059 84.82948328547474 66.12930281050345 -19.731347351060364 -13.872870066131043 -33.01934218079995 36.0068603679548 39.82504575646115 59.22717559871862 86.66356425412621 -75.6745506441739 -42.88603839729856 90.92192763763663 -5.590623556153943 43.44613475869886 -31.244926100992117 -52.67003298804445 47.17229990840704 -65.63801479582321 -68.52051180000379 31.658827063037336 -14.470181303537075 79.48731626224756 58.93235108559571 -38.125202374851575 5.575321642977556 -20.544557237494004 7.7575212125061626 -15.926252447513406 -63.81859312501419 99.43007663520973 79.18611570343117 -67.44143495441554 -1.726339717217428 73.98875038609373 62.49650916769954 -82.7564612383308 -91.61568518195473 96.34540004376976 92.18368151763926 54.579142856698724 -89.94376428771709 -53.53664530910327 -76.36983785386596 -65.38507027870166 92.02605088927493 -47.29119909044699 33.75603792555785 81.01331796268886 -14.570746575480115
28.98535685154434 71.27047944918593 -51.39811072628939 76.1449381811571 28.469664086219268 95.61337671014144 -13.861172742965962 43.15852981232911 -18.52545612697871 -23.996138154997453 56.28696799440621 88.87859083872365 -76.61733503030715 -91.28225765005902 12.400338475078215 8.208483417264148 69.29313580005606 72.94776278014669 79.40246944144812 42.676670635090176 -63.89288965455571 -81.38447082790103 -83.05985056912853 17.330998868016835 27.527756027137528 46.94448615138788 10.834602182651182 80.96691657152832 -42.56796643517946 40.175355373440254 14.288970803361963 -50.99967906386438 -97.22924621194518 -74.42528155607422 -9.812798396739723 -96.541109388114 -86.70155607097334 84.60024100172555 -91.95723893362926 -50.475291113468934 3.740957346177723 12.87875291612744 -43.17015791899463 39.08813769605598 -92.4251423449532 86.53621359028486 62.22802572925818 35.99659523987307 -44.73489384624869 -56.08236749706585 -17.442978124120344 71.73165014165761 -7.227326755289937 88.47872276963611 5.825934342279581 -53.2096464218488 64.95406570757828 55.93245145425428 -67.4870182811125 23.162265777964336 -43.803494183948644 97.86986146463954 0.8955442276054981 89.03805276301182 4.681588724433624 20.433244930389094 -19.1077277228557 -93.67376783198713 2.417844286731736 16.6509103875659 21.483652784094716 -11.938878261259347 -91.90786502636857 -22.875999229977253 0.3264172539336272 -38.7229634629425 86.95432618131485 2.953415763181951 -91.49578096204056 -10.707096409388669 19.234526846097125 35.44963017660194 79.00651332163622 72.34833064896421 -37.23448748783353 -10.453878215770956 35.51792438213809 -89.83263116343156 -42.5479980275002 -17.580254844753867 53.88828676910907 48.09285419496658 48.75811000361338 -66.57133468558712 67.39728643745778 -93.8286643846345 73.45307138574981 14.019592951550706 59.754099212875786 -33.642127980553866 66.03437410081344 -54.941448316191455 11.321390713047165 -70.60914982976581 73.61136581999568 8.571278748898962 85.47198012961746 -15.596661821878513 -58.26150337736613 -62.53666071726152 24.798180514475447 82.27149142043842 -21.95482100381554 -4.749832892614236 28.37489968550571 62.16226626650365 0.19183967450533146 56.91251506583322 -89.16817156876928 40.60368113526192 -95.56246883477093 4.052396927356867 -91.88505018633926 77.6491649540099 -81.3140339226245 -68.47502774417002 -48.64226418978497 -46.234158869389795 47.40789170643643 16.948402671908624 33.55618831078132 -63.93118880791986 -14.258509175728037 35.908597522164285 0.2930424191294918 88.30373957298085 29.01445001258523 6.458175405699734 -27.826014120184922 -66.73139022454401 16.88572359295553 -81.09474805245429 -68.87479401222573 -69.54833562534183 -53.06783273623865 -53.369494737473076 -34.3364845396011 -33.672609430047885 -85.35526591961946 91.47097271619919 -30.456915790612186 -7.9888051397772415 -69.28061677916332 -22.859604026525332 36.44058212718866 38.22645432024012 -39.70854533458918 -32.4547309378096 -19.33981719177953 48.58828982896256 -90.78591579138904 40.69727036213621 -79.35630161121156 58.20398447077247 62.32084825035855 -42.2867767249179 -17.32183399748817 11.246091949481851 58.61288058804149 36.37740701922098 -17.405719275187863 81.18653582843237 79.05022926952441 94.91613745847252 48.16693018776928 70.08849678308795 24.52547795143967 -58.420917250109895 -62.5654569818165 -11.284137245765763 -39.11556016274 -40.22045232832588 88.48246280951554 11.019851669696408 -58.15931422062677 80.6565257313049 -43.241479264229454 74.03187303561643 27.595431461688975 28.38185803890198 -91.3308952860791 -20.721958915063766 -50.01619978874723 -12.921052102117955 -92.88454326661825 -48.0369130008975 -18.83107234073846 -93.10314897096532 41.933490012278725 41.527114636484754
43.26770563066816 -1.3665818129146317 41.41833555544861 69.02123289927832 -64.18581847790975 -30.93280553984134 -40.34468926374628 65.88593053575369 -16.090970090406273 -14.253106653963869 -20.85971162298499 -4.325982369253126 86.33223066073862 -33.25858707661156 0.7560345311882486 91.95664588623009 -32.22385748185117 -79.88118576449153 82.97293990051512 69.59729007411553 -47.486336169837614 -14.84165432632507 -96.75931951217119 -51.709983646138944 -44.56986726733145 -27.47828843865348 20.90784302121631 47.855539235511856 58.22704960781223 50.68967748482942 76.00490388594261 15.0836222346651 -2.0568615653049136 58.880590795450274 42.326571462082654 78.3532912145184 -6.438543805465443 62.64153470662956 16.05250553862882 83.67387071504061 -27.079374942300547 73.02341989382023 96.35459684861883 31.457301786490234 -70.4770645969896 -18.992743662854622 27.383444816183555 4.251732844582449 61.30090179399886 -66.82909086037232 6.737420489724059 -70.22233763667373 0.6712679705995725 -0.4244459069233244 30.348474847991383 -35.864453079745346 99.36088606439503 -56.36414487311503 -98.6392444851911 54.913157888058436 -17.95124289023167 7.373811920183044 -57.52459640205003 -88.22363963612537 -56.107188429442466 -98.0971798564313 -27.57373197762061 -71.32159097709999 40.536104609419425 -38.67566302690004 19.792220027981088 44.53751235893512 -93.89212899587089 65.4963402149479 68.54577059762659 -12.23194647781159 23.61432371726879 -48.30365575115092 -26.6676800012372 -25.105731914280383 87.01458662361733 -8.026964834365089 -68.04748639590875 -91.59767360160167 -55.307644795021574 -39.42899709729972 -20.520460113618014 -28.48556555144124 21.101997887088757 -25.1204721858646 81.59899053032456 -86.47063922550808 77.78070399877402 93.02282897583257 -19.917193282461525 97.83515138187718 -80.76998553041517 -13.817859104737337 39.06188279223335 -57.23062408738302 -67.1596295117904 90.54855504025628 41.11481516863921 -87.79640337613691 74.74374793635818 -84.48041195798639 -7.944675828068725 -80.89265345462853 27.6067666800907 -15.037301984908865 -89.25110583696565 -28.831321206444898 -37.198922097807156 56.91034538635407 5.593508263216805 79.57581197638558 -18.582065375021102 -74.65040057654728 -95.94196193097414 6.709933904405332 -21.821575809730987 80.05264457144114 -22.026834413129777 17.797039319662474 26.006342918287046 34.918221683796844 77.92156457998416 33.70624476471809 25.830340855635654 -80.25242682728441 -29.54743097202777 -59.390581097398965 -21.370836172666372 18.002078172699143 62.88878236007909 88.64185904348392 43.02268215696432 91.75632832359258 0.5874044590988348 21.14772028335807 30.357861467510105 -90.37594266282345 67.34653287934776 34.06623686539268 33.27024384481021 -39.07708278089408 11.83158830317548 98.03228831164273 79.78843498223236 -32.7043244229323 76.40739196527585 63.1436641825872 -29.395817198983735 -94.83798916672916 57.468998315417736 60.13532303338596 -9.584477631434993 17.220661879497868 -44.192800584935846 7.844758034811022 -80.03840181119553 46.313385292003915 66.86801894864041 -29.25196781624244 70.87532826596305 -13.732162095358262 -12.515627860635519 92.99984710550615 35.564626984858734 13.071832236884859 -72.68161472455574 44.67179027458948 -41.701647201149015 -31.038490315210026 -70.66382856189404 -10.308242998262344 86.08133381446433 22.04596651443589 73.25617147523957 61.27714594793156 6.386933676353237 63.35330572829534 73.97049641631182 -26.38471017189316 10.97450741103323 -29.37437928695317 -25.82489074089176 -29.716649991349513 -6.07287748434544 98.61761876179344 -12.80803503875832 95.77793055440628 31.548406026698302 8.0519646399094 -33.36588660597104 -62.67608076469744 35.741454516828696 54.06284587319746 -67.60359369922178 -48.66956917342924
-92.35496662035952 -93.00004221157576 -61.5515005059069 80.19313967303344 -49.662602056679276 45.61711562059634 -60.00337742854123 26.044105821045818 68.09671794930512 3.1997484570301964 86.22219076396047 54.53491338192785 -58.96010157246874 0.5618712945028079 -61.167086281981156 -23.60249401181862 6.244316594265669 36.62841217607118 -56.831003282804545 -76.51685163476373 20.031133019945543 75.04994988275311 -55.40751086552569 -81.93666918689193 85.75634792652536 47.47789052606976 -94.28295208630549 -45.54363271321351 2.604249278585428 25.635955789392526 72.74205429422048 -58.31896109945214 -6.707110239397096 -30.871297477244 -98.07472777532588 -88.37627986324883 -72.12616406765211 -3.9307971141414413 86.28734624657938 -53.73802284588267 46.82050970652989 82.90240589375443 97.17086644771848 -91.98495913176204 50.81447365303822 -44.129376084063466 -50.35023960405414 36.22744261750998 -53.832609926747075 -16.57813015501317 -39.270271347066114 67.6266264874528 61.333215502385656 34.39420597787935 -62.987933276232425 83.3047198610654 -98.36661555568674 -9.780649834963356 -80.13031739295715 81.0938334775044 5.038686491995975 12.087581225185346 38.400524971622616 99.83747604818168 -82.55548483296265 79.1084999742261 -17.338492228012655 -11.179557320662397 -6.582246431103144 58.855692876693325 1.7508790561649334 -84.28534017050195 -23.191411457511606 -29.600692478939862 -36.85527730599962 56.16621817105013 79.70698107514787 -30.349126388640556 -49.61931679385956 -65.97196820271412 96.35904964644072 -79.92889063009127 97.83651760612224 29.478330153662 12.02779187542302 5.60819510822148 56.88115965550645 -90.1491052795815 64.66556190095656 85.27074203303778 -31.007947088492415 -83.18572062281811 -16.39652617175635 54.68908273344806 -32.88468874749046 -48.854532657773156 -45.46872846346075 -57.173949281651005 51.86257656859826 51.90894787152217 43.797470787260124 27.12763878075546 51.666448780140655 -1.2443038801724668 54.23907549209849 -89.72100182648666 9.822622898295648 -88.35735986313227 -56.4453461809272 97.50619754212849 45.91127060953028 -52.83276779010131 -48.6933145057135 -58.45501026924362 -79.13034661118874 93.74136151156495 -86.30933834678072 -44.61463656482949 59.20062161422851 -21.091937774035486 -32.54478715167872 -75.15048454793049 10.945577273825705 -0.8893735975666885 93.98148478337913 -94.65001335081993 95.18164340755808 79.96644896176915 53.72236441623241 -1.6872592452641442 11.338719434093619 63.133267955165906 43.44607711546857 12.54792714992368 24.04709487912548 48.550144985806554 -0.42920438126043337 30.69999581476071 -57.800622358329036 -51.23231106915005 90.75302320976769 65.78565593655964 45.91173353729624 65.95191526500622 -11.264552265866229 -60.1572907346116 -73.045946577963 -51.200311409117695 30.430091310977133 -98.78560486812427 -79.9812824706894 35.93761787298962 -30.799083038967396 -94.59204255895173 26.607900931907707 -24.24905338532679 64.65376060493207 -44.50597204209124 93.76552977008132 37.13189777645471 95.85269528143056 8.257374157630395 -65.4064232654828 35.9346646215445 -46.48709337427361 -88.31990678287902 15.46122585086897 4.948042296375931 -2.403095343008289 -90.89985623166301 -97.76746247962514 17.059797423456885 -39.74124212431598 -9.589271710575261 47.69523661245307 8.190259328120703 35.65770756189275 38.657156171428596 -16.358007014331562 74.70723503565816 95.85251790155195 -5.8220208817316745 -87.87344430703689 88.93437928713803 -5.874059800587233 5.9297758926010005 19.810804942565866 94.82006556833221 99.52482233552306 -60.304584862596535 26.972481047118563 64.92492463293169 -3.644135012621149 -7.0670339240062106 94.08763021750278 -68.81744795324812 -59.21492469991567 -32.84696914478049 -32.56062629627236 77.00866627367463
18.40908236569598 59.21711512757926 69.15475830523013 -62.45855051303933 -76.75616647741448 -57.481801853885564 -29.890480728116415 -24.433092238682264 54.1831215712715 -17.4544619754857 6.712968291156955 -15.82706132627007 73.5994852371378 -49.28239004333656 -11.191019872117252 -5.420519212074652 -78.81025439895375 -23.568951382735463 19.16157326102892 19.94459296870741 -90.26456549887993 71.70792658244764 -54.62022519454521 -3.2055345256433583 76.92176424360656 41.01539287911882 -9.924362282922687 94.62694044019221 31.85777680390646 -73.1103795360851 -84.69312896459269 -55.85129212504618 -1.318320107408752 -38.73275667706324 -26.99996150897131 -76.66467372424701 -41.284486395670264 -34.733631656252456 -50.13620178537303 77.93194700238746 28.575832796715304 -70.75210752437235 85.58452772173459 -98.81835148525005 20.608568992834606 66.22178000928812 26.53740526388077 -22.8281952294155 -51.396117977283986 91.91782754239568 -42.714692813239516 -63.74711471821621 32.87400381765465 96.4957981569693 93.08129677659363 31.565036766194964 -14.170721681348297 -54.1966161537341 1.1296086151015174 -1.8049062164155742 -2.533184051129595 80.94698324507644 67.31700544086692 99.90074889159291 -62.46813963932492 5.218951384456446 39.34924412401813 -54.06925287814124 57.07741827117596 -19.830666322462818 -61.30904346919337 87.00712470180196 -26.520314615378652 -47.339949204761254 51.66032143822105 49.827558426405574 -70.77165422752789 89.66855093079496 -30.64931316400508 -38.95168913503662 -72.18778167905515 -34.14544476480779 -23.93710091581802 -75.05113101363261 -16.033433844801607 75.2604073117607 -0.17232632612052612 -14.443231059531513 -76.98123325235994 -56.88079422111727 -52.800765483067536 -82.17120719590449 -6.1585731929478555 35.20371387746286 -58.76616728998236 67.86082417199725 -78.08425377344372 -54.95472607947267 -82.65019655055363 -91.89465768996013 95.75768049683333 -16.004511249221025 -47.18805560504653 -32.78971949706555 -19.909686156048423 -8.585220499844453 44.93397779425894 82.12116477948607 13.080726634869833 -31.868657482705373 63.8338927716093 -92.64355307913281 2.1336322388957285 -27.006784549521058 -15.52455527851724 76.45523255173921 0.24398628833715463 -60.66696620673848 -54.03906476464648 -79.36339273698756 20.86689861452335 -18.284459421075013 43.86338217206864 -22.732370093691628 59.82802882336418 81.32691313470048 -68.40791833586475 -39.92916381439451 9.09538209921709 -62.56738054213875 -74.69447875336425 -89.41866592214107 29.800838161153592 -12.725845349617913 21.747649745073943 90.65840773253939 -70.68693474295237 35.24354988480226 39.85124497398385 25.024097535618665 -1.374406865059214 65.93974361574055 37.9308974599723 -54.42309242709238 21.157597401230333 -47.303891374826826 -20.22241944330628 -18.257511368838266 50.339665791322176 9.784245120486986 32.51074840428788 -19.09388423071192 4.183435940733432 -74.41542834660379 75.12710395665607 -87.0483610069053 -2.527082863121734 -21.888523256952297 -74.23659850161201 -36.903143687175174 33.78522237235768 17.441346072430804 76.00696248600332 -39.68168455898733 68.92921612416941 78.96524884165854 -70.2991362143796 -21.396246671308177 -7.102306320622162 -27.297058168128856 50.926467735516894 -87.65419475181643 -92.31218888756176 -14.177030583228628 -86.35948993000193 -37.8297767655257 -85.88599350024198 -18.736758665783015 11.118528805620812 94.09848025917515 -3.0677391237307887 5.841306477692584 -71.06684438156864 -66.80368163567307 85.36911279531779 -26.93851344284201 0.9466681263560446 63.014475014743 -97.90907011052212 10.138878739616658 85.80555850754305 14.446865624714022 83.5309545985161 -49.54538459140194 49.012192043225184 42.50780212320274 -42.895561965378135 -0.7140714188623036 12.74964916536004 16.853712763274316
-21.92943101309477 67.20397187427056 -49.740851114953344 -8.923228726026707 37.2149353321725 30.200316433829045 -67.55738056940427 -1.7179026211963304 9.843078388806802 29.651626007935903 -67.06981969001929 26.419424292517803 -23.431722278887463 91.63958765894486 -7.846863353714937 82.79779556856056 30.064740510144276 12.295179952054696 72.89889604646098 81.9720154396197 -79.9547241075452 -71.34499274617696 48.176515605294156 -80.18778134082356 56.30966360607786 2.9421225824744397 94.0644828377821 17.87175292881085 -46.7014911722685 50.15505841701088 42.04039970048976 48.91572880859346 80.04230296546731 -26.35342722449323 54.8949898209861 10.53281088338926 65.39255591778098 16.744547688332872 -45.24583880021 67.68009115088364 58.079972878452736 81.0461976080974 -75.6622715432511 -78.85648526667019 1.6956358443697752 -3.384299988618025 88.3218519808056 -17.188671113921572 -82.07916223940069 -78.81592719177482 -59.348796941029526 33.01733483951057 10.064126979482651 42.46619951709346 -41.831018455885705 -83.87647499587858 -24.706950058492197 -57.21389210501624 85.5024290806698 -53.38410461352132 -10.302565068480746 -4.147547834234274 73.15267272792732 31.243751040926952 -99.95886913202816 -39.72513299087122 -42.373956695493085 36.70779184547732 98.15160717247679 -86.96983552246478 -91.0386166573099 -79.67539857376231 25.973772922332856 55.42132745182698 90.70499843601723 8.839634381699398 99.5302484890434 0.35379872324811856 47.07139524937392 -9.999957781614583 -10.537954338149433 86.11917581251035 -99.73638001466625 92.0892196561415 65.48122623020868 86.39739501927284 -69.31637206367691 -25.71088723965562 -42.27091163777219 88.19586666309203 99.95081451049225 8.444013746605421 57.478615040477365 40.42899693210532 74.31384868900798 74.94551614923691 24.2207789312846 -39.08433030341929 41.74808925825286 44.463452603035336 32.08505854745695 97.54623050761137 -22.696356643368333 -7.564779033318558 -67.64736077770092 -53.63921071259454 69.0856313768181 95.59790583243745 61.29980309360511 -78.25957188701985 -45.21850270605958 89.38950936905923 -95.82966963378334 -0.6345570456679894 81.57883127245847 -30.036074367972134 -51.118808962036 87.80273642971568 3.1424578755925126 -3.2327424682862045 5.8060309865626465 93.24735830938823 -83.96566715779554 -93.92523684322052 -13.98307242068529 97.90786790942857 13.380262518328465 46.633760020832426 -9.383638187139582 -4.331167594741103 -78.2318976910076 -27.140298861252262 61.83401427261083 -21.308113247304775 86.96781901409503 55.91964406662214 -72.07622631602943 40.29675813482365 -89.96338239178749 -90.8538676602054 -80.20983326071888 -4.876525596032266 -79.1943987349814 77.4294398493582 74.1774252071501 98.37050458008704 -39.342282405048934 86.32905196006445 -93.60727905470962 93.09974143018192 -5.542892012698886 22.182152938842222 -0.613536676119935 79.53366987484992 -11.003957465660534 85.50800958988646 -21.691528713596966 -9.358786743216157 78.33750397005431 51.2321840770756 13.468850361053896 81.821448184052 98.20873360009358 -56.050143164084275 49.67173443029057 83.94011931212557 -37.76569985944516 54.35931822729799 -28.34540383087692 80.40785423679384 50.19022157890535 40.68114885271149 -37.7687799310855 -84.26341256547225 -6.966167345167889 -99.40760553275909 40.873040993912014 -48.39565315592203 -84.71961266164818 25.027491121120306 36.165230488326415 71.16043259609972 61.64013734233177 11.754841142256225 -77.07448587085963 34.11973398291218 -1.0888907164069934 32.00680644731395 -61.10735670088956 55.24927524038628 -70.42159637767413 -15.429240000986269 73.64970419064656 -7.716198279212023 23.493362363894278 78.16038065122021 11.038733840099141 81.20252076272632 74.01310167901457 57.03465044678833
-20.894791260311038 -58.63774202051031 -41.23772182156487 -84.3946278822063 -67.06947788033867 85.73662610137774 -36.30810279487604 22.261582542520614 -4.54903395488229 -91.1448848162133 -37.70790548670788 -62.602605311345386 57.764829462374365 -87.206909678248 -65.7208955334921 -58.14494371494132 57.41430851937113 -47.82854915365342 -32.29258097155349 -26.500034193627215 -72.70301596443556 6.4818721113310005 -18.11100776219625 41.33095825617298 22.84089053954321 -56.501524059692485 36.87178410377879 -52.47623653319202 2.525351649994761 51.11345188166305 -36.99848321459187 54.17848592347926 87.50700279759002 -98.12681524250047 50.48352230789433 -88.5630382475854 -5.461759542536555 42.39595932036909 99.5975845180256 41.21258841888013 -69.85536265908196 -75.24016699200794 -89.94856077702396 -13.349611788186763 -88.74038740250174 48.51477211595085 80.72636258648299 -23.02065749237802 17.66637279190016 -77.1376138160978 -25.20647703081771 -12.479574211072332 -34.59100164643101 29.480939068922794 89.44512619595366 79.20723836756153 79.08818472449386 -26.019259610507106 -64.69194471363753 -84.23609175055367 -33.67776943517717 -12.55216411418752 -90.89177132305304 -52.24774464362214 27.028034859406347 -71.36337086785764 38.70083718435308 -24.572090104386476 17.548419361465832 -49.77723741369391 93.85967918617297 9.889673707795964 -23.21637247611777 -26.994769399456885 14.398514449934098 -31.55986984673136 9.210058137343097 -74.94580880014301 -18.11081796787218 77.01497182030374 33.27870064800342 56.7225289337654 46.81556851848134 -58.474496532039424 37.51810988583165 5.827131169350139 30.675702018193817 19.148957951466073 -55.25458935051564 -89.74621873732735 13.99244104146959 -5.755176321518434 -47.37423964234917 10.789463864892952 31.798310533883125 -72.04959675746814 8.741113673235162 -87.91906550447959 -79.9513215424758 74.70639847765588 -72.96274026601759 79.15133552433252 -80.46036851491947 -46.168912136591445 43.345887706365005 -59.92585233266243 74.00855681979627 74.07848720734046 -98.90943347564391 19.650879442569973 57.26588397908978 44.28059113618096 -36.82040418595116 -16.322630737192583 -14.857058961941163 6.070100457864825 -45.49860210659069 -43.8712531405649 47.989509132196275 59.55040165904691 54.40851055004916 58.752984244241816 43.849302779049026 -1.1789778025329554 38.23672089661855 -62.75206406603415 -85.51797917806249 66.83401657361509 72.14349085604167 52.699381455339136 -21.09546442897212 -65.96003175315606 38.53639050173001 -37.06195151636484 48.56944202007196 -80.99185400634138 -51.61209526140917 46.393743400383556 -4.8565733573143035 89.13397770326839 -83.16361212995078 21.49626194860035 -26.382594192866506 27.542524065383105 -69.38731221493467 32.2831145390291 -32.839790221627666 99.73123937724785 26.037894306692237 5.363770202910615 59.29002529949304 -37.276780311283744 -18.24236957297589 10.111782894435237 47.618215111848144 -3.526403584662802 -41.993873177484375 -0.11569653371627453 -86.20749017293363 79.42982950767708 42.80700845253179 8.837093307621416 26.689121307279635 -36.30992739397667 -85.27468993372761 77.59981211249863 53.56040233703516 -38.07857120032896 4.525138372471176 93.50201198793059 94.2259687183753 0.4788295797105917 40.69060226406282 63.08214470137918 20.685862410162997 75.83782465601959 -39.37597261000205 -74.88688805328812 -22.4532658039124 -22.543902980432676 -84.63311835988976 30.729004273099747 -26.155421669853624 -68.2705474155737 -32.8621538743769 -99.73695852690796 -96.05590501571149 94.09003631713529 69.69329486590766 -33.007346992837384 56.84758478943121 95.50884191433477 -88.41195268883276 51.42888596301282 64.31326360452601 28.32261673500551 65.33094558295119 37.067181998283786 64.79818131214688 -86.965207291571
-27.40068776720217 80.01582029174637 9.061219213826675 44.507392908692424 31.05251097261049 -30.11338527210647 97.9966767259323 3.4577632782971364 14.359419064794963 -70.8061245550977 18.365981104112223 68.75842474087264 -74.9001970286696 -56.96031197840688 39.956043631847166 99.65151432204448 -72.43586584273572 72.91808316575401 84.15503432354902 -99.68982840935097 -41.79155502382237 -74.50860759457017 68.53258857213427 27.78368054509508 77.92579071713334 41.5126903163914 99.70288045382816 76.20817411052707 -24.56865573792537 94.39852214091837 33.18185135055188 31.548844993867732 15.796705221710113 72.54957265774183 66.3607100273571 -82.33004344835624 -93.56156508266244 77.92368924626697 93.97853548421824 -17.424615853509138 10.185617714460122 -45.0524253769736 -0.059988788501442514 95.60320486039808 9.465461355324734 47.395833661253874 -79.1839111611745 -51.80043870795264 -52.757547168929555 45.92936865432736 -77.22353752982866 -15.995346695587244 14.513217290479432 8.96169694963531 -89.60419965466733 -74.7684170568651 -13.197466101690807 19.616135968764283 34.38825539366633 76.21228166732419 65.0618946581721 -50.732149287474556 85.98987384739621 61.2262091778328 97.78736578378036 17.36745296246265 -48.19422352311202 -28.780996812546576 -58.454148378328966 -77.14596396717381 -15.452174375871252 -24.094761678354246 -17.83117669483684 2.6912869723138897 -2.896045188311831 73.30844282313126 -88.28977599484602 -23.547729468429253 76.64663266918319 -62.090107099838754 -55.68298494382253 77.02913417829205 23.061731292592256 -85.8166137837972 56.670473880121534 94.13867792383866 60.76244569245054 86.56477733634523 -17.957320685276358 35.34176812585051 43.71625372844622 -23.288224720550787 59.87078514452858 -26.058922302363612 99.25857442078006 -73.4829821827454 62.18612776926901 19.555338775176295 11.093651312224168 15.587333921283644 -13.733913017005904 -51.567805459135904 40.29406705399262 38.81719531962813 -40.101488692586514 -46.14142936654242 92.7714353066232 81.54929522275256 -90.02398145964885 92.12773017610056 89.89849663574208 2.488766720949826 0.5230798739430611 23.37820090198572 -29.846781956396896 -53.24170507348307 99.51976025275047 -92.4756336352041 84.5144547831222 -8.318516118387393 47.737847429899375 44.68127327480843 97.35284723652708 -96.39947284462298 97.0001023146126 -25.646184825826083 -71.56103463999224 -54.807637502911774 74.57957094393609 26.990476725660145 90.68642837808943 -89.24369204213997 -85.35101024421081 92.90333852036193 -41.80799994630833 23.60532414995417 20.936365307612732 86.67544329262685 9.738888048132921 -77.13370087050946 -17.181826211136354 5.150049453474679 75.20479750125381 7.607417723525373 28.53496374306917 -5.767651276017787 -64.92685879511508 -79.90205364810387 -58.133354528550576 0.13993424104070584 -93.08491714829863 -81.46861661325784 57.57110059798907 46.491557650590096 51.21902567303138 -22.18138612224911 66.02516764513516 -79.55738008404111 -42.862564609220314 -27.552210788326903 -42.96453861266514 -32.4972008741357 16.09887501950122 -59.66563122635768 3.7797435804613144 50.8039666099489 13.617219898390246 16.03235543944919 86.42787366242584 24.432088904334037 3.7878767115812053 34.04634993968634 -18.486921684398226 -26.953588462779777 -70.19859008010542 91.39220282943526 -48.12816848821435 55.96192770374131 85.23677274809896 30.50872380012632 91.663452455107 -48.34141328324999 29.3066602175316 30.45108011019596 90.43159677897108 10.948236368767141 -37.35839606368767 -59.37099484400028 -61.12343877271582 -30.435685423311696 84.50445032468036 -38.29557789171314 -67.45349748909706 -4.81672071544854 -30.851906330180697 30.400882974102984 -19.46073426699502 12.09877559732628 -67.55622089985094 94.53890413538224
69.60256197840962 24.57069036432999 -48.20035883976508 70.82089757927369 -89.48104166108153 48.48483700027754 -40.87245849864245 -79.17094529774076 80.12901511129186 -19.578139207473328 65.17414234348226 58.475541702009195 -79.26488877528155 26.906266795829808 19.454340409549204 93.33045952525538 -48.89269491599746 46.245951693798105 -25.49417507790818 29.21893362555207 -38.20031292272692 43.223664977574316 33.981849356585315 70.0733969767588 -73.49294832959413 -62.86278773408307 75.08492192167552 -3.3526229579568394 -69.93734529243223 -49.42951933342334 -57.33616373998402 9.48646400792137 34.41628255160853 -68.49043044833729 66.89000637324344 -24.73185627740932 -2.6695879559499076 71.0381161406064 -11.490060856970729 50.18062180959768 38.068802222874695 79.51862517847923 27.66950271599478 -89.56939268014045 51.54306052421168 37.22496595569635 -43.80577137567796 -55.7553150699208 -51.27942305308277 35.41356565741171 43.442385020465764 -4.96303161974123 -80.80402467557262 37.235423694994694 68.96758650609712 -70.3359060702703 62.99660013509879 77.47114876447972 -87.41520869112503 25.446732251833907 40.83467124427506 -39.62153850008245 65.20968551556027 -68.80255556139781 -85.4213424816171 51.25846827561452 57.516284917940226 -88.13998368555147 -20.88404910905561 -74.46353303635738 32.76100578676849 -44.483876257954606 85.84522673961894 -17.90872454854302 -73.73095452966048 -80.96147063825174 -91.14421845706664 -4.255332466587575 24.15569004491529 65.75749284375019 -58.896718960973594 -11.577715925205553 23.55595019726529 -20.736844768936734 68.12183873609428 80.03380075475198 -72.49259440156442 -35.023427780025315 84.84432244367332 -70.09911769026213 37.22929837062759 96.18891397211436 -22.482319105019698 31.40951553306087 63.46460875412376 -27.144928537192015 -56.73963940106983 -59.27921471893312 -16.230450966644042 -95.07362964137695 41.55280894468385 97.61023555355527 -5.912013265354531 -49.72058346292625 15.647707897919318 -90.3978020882353 36.84867446445588 -26.091861287493614 -62.29657426558204 -40.84170969671983 23.7937308663563 24.71082495954782 76.41618651311327 -31.18213640177136 -44.578957141806 -51.51419623775673 -8.8965277428928 61.37592510028247 9.903894034488744 5.07544795764376 46.29841182296565 87.49329547509294 88.77259832465475 -89.01376844412523 -91.54129503684851 90.01715261200854 5.572406010488493 -7.677569734331641 67.6568619973479 63.04901245324379 0.478817520924153 30.07160101877099 -33.91307321855528 -30.662173372557987 89.48096445352826 39.01567852099589 -29.258551251252143 62.79988529624043 -95.86542672904812 -5.530534678888088 20.182928229490386 43.89048378443883 73.92819343108548 8.529935452381324 -9.759263270762972 2.8235193402955048 25.06829980989305 91.67617969910239 18.343044621039752 98.50404097773256 12.169848984364535 -55.49527314654388 19.80382855471852 -39.10484990573095 12.913259120888611 -37.520051063444136 83.03315769469793 -76.95558048413018 -79.06484650760925 -48.17752906021393 -36.533588985911656 -50.04819181590101 -89.08894496981574 -74.63262035762102 97.10110680114923 52.08675914331462 -61.574262157532345 -92.08125731573263 -34.343217117255335 56.40428585030344 30.168475854208708 -31.693245383049145 -7.044424698483425 34.6222209027232 66.64329645007325 65.46422460046853 26.64096471008608 77.2263590854779 -11.584232485079625 34.22697429360721 -6.7333221278171465 66.38118072475658 73.65197308034465 19.599761648834942 71.19014312686187 82.42164791185786 -90.91269675885525 -80.0982681366859 -68.21961736420603 13.946406813297088 -54.32049143258928 14.896273200731855 3.8046551748490884 -86.61658311346562 -38.64129966077496 -13.543993760015255 31.561528161875287 4.233380556585004 -65.85864689601854 58.40564326471468
61.016118896114534 -2.3908912031745757 51.87967062396922 -22.890665257399135 17.203318334253368 -9.345103391620356 -87.71637311024747 -84.0151652238565 -55.8609036840652 73.66473393377615 -45.5590364049915 -42.764889144752736 53.176187999134385 -90.39635222881157 66.851584335399 -8.374083293867372 61.01863008610036 37.5492740313874 11.622029454823263 -92.55271052872887 14.343560906951922 77.4985681696242 -48.988601977136256 -45.693690067915924 50.834376625713475 -79.64633451765559 -62.221197627222026 -61.62232455284686 39.32681340578645 -86.98108183901732 75.76585640719975 -91.55330232225234 -23.25023045402044 -70.35495864506471 51.50979698522491 -99.70983346865792 91.89312934848797 -51.14800944656781 14.238047197875687 22.589049822136005 -17.82257352446291 -44.87077433355899 -26.258288397781058 -5.741123397664438 18.185315151252524 89.83228358694151 49.5327294677615 -47.136919405955105 -36.5155370919541 -58.345716516579046 65.10864355449434 44.8785611282417 92.46837248599482 -49.337152061080936 47.92560987035759 91.90533119930436 -87.14502937691815 70.03016688408636 -41.55494428094444 -84.52454894123771 -47.874900298132836 59.366844976621735 12.50393983597968 4.685889610022741 54.73798930426318 62.4577500466271 26.414048395055232 3.4831305151674172 8.527778482846827 -42.25068540858299 42.532795302694694 -32.13901928763998 94.92212423368363 -58.88297757301479 -99.60789297527538 13.132890746468973 -51.62003063711935 80.86134680864575 -49.77455670938171 48.66783019280922 -85.00015997782614 -11.893366828855534 -49.555345248411456 58.37221611626197 56.665243500246646 -20.029621827216943 -51.406707209487394 33.794694818425114 44.58042820274511 84.9494665903022 -65.20764924385227 -74.98029787099982 -46.783374333583104 38.72394104149791 29.465815152929395 -54.557261852191765 79.4012290044532 46.33682857071301 68.81251331659163 60.20330827891897 -40.9010735998975 50.89089716716771 78.56719609906156 84.90773158514287 30.8412752787234 -19.28915884533413 -58.715548165947325 47.913845373374215 56.91794706317708 -65.16250137715811 84.8652034551439 25.709221769560187 -53.31437303278723 -12.338436790602998 84.10999752159873 60.253258914900556 66.61148721049264 -98.50142378145554 -13.275974688990999 -56.49060656390119 92.19721206411975 69.55301287477903 55.65463169720104 92.21142099594417 -77.1622479122489 14.943014772585599 -57.60419382876996 65.04644538947451 -23.851519271958125 -77.5038641389614 -92.45506683325615 6.402503700041535 -28.219690095133146 -60.852644303750566 -24.613065506053374 -48.433625788918924 50.96908875087681 -22.185666595393386 -10.496339299144822 -36.17509352969714 -93.82200705045645 18.10190588600031 55.33259355334414 -68.88693719509345 13.529853518404849 -18.59574673088585 -70.36496231836355 -50.14432556632924 44.83415013186658 33.19479182681624 44.44058773033083 -74.98606285208382 44.36251160731004 41.266261723731276 -56.774292534255075 14.682743038500206 49.54392320503649 56.803111151970995 -81.47859692156342 98.8189873348083 73.41824236548214 -58.51273112218396 45.78368157882662 -80.36900244872567 12.905699795819302 -53.464676638381235 33.07766104602493 9.51117117418623 91.84174016171193 65.20084715272594 -1.2938269092346104 -5.423424859797947 -81.49127390752804 75.1471583917529 -77.60124682769771 -82.47676537313944 41.7007575908616 12.770604281702163 -28.108829899849326 -90.26661177236863 -48.24358780400615 -43.40442075281621 -60.688013820538785 -20.20066668149161 -29.54016820604022 -97.4537993727466 -25.55901837030872 16.967823349534356 87.03757503040742 -6.6058653686524025 -28.79520288937843 -29.676583888675026 89.14914296134111 -54.77924237529479 69.33610432782632 -21.10474319217748 -23.020919467584818 96.60896135333596 -71.31371955983757 19.565850827371662
65.23301451247875 -23.577131651898767 -56.94777753996214 -11.234777900647458 75.59825586988592 63.79298350542447 52.48987392365407 -56.3102574492851 31.14809580369669 -30.05156530863013 -88.13779248790199 -1.3879836720200416 48.902523032155045 -49.136906872858255 -47.9646517609273 -58.90850502954035 -68.8954225673372 -61.704958437711134 -19.21795390832881 -34.77402163744915 46.79525759594415 -30.234294365706035 -94.268221177034 33.224089461616046 1.5327496547486135 -35.53552674978333 -34.6596714619497 -44.0767619417264 -78.42098492760181 49.341015468201675 98.57179114596016 -22.253295733803753 -20.91503660688487 -26.667777656643324 20.83881502605813 -4.089966006229588 75.68871372703555 -10.378866842176905 -22.25990040653589 18.915894519227123 -16.28333551333489 93.90888692158032 94.9055770505812 61.31193705470645 23.825458074507736 1.519602284135729 -3.3216659178940944 36.201132123881706 52.73441432476292 30.429466892242345 36.84490213562171 16.834146868324808 40.36982406990424 -64.9838465513462 37.638466793778235 98.36290542334126 -2.279582956616096 45.05308938569357 -38.94400943357992 93.96773764046668 -38.21638869484261 -66.578138595947 -27.931786834679713 -58.71476452804141 90.70943729439739 -59.06099407766627 95.9904795918045 -40.41033477481535 62.62703550253329 -4.094943451602731 16.434071379397324 -5.230389467770593 -20.857682195873522 18.50708946089894 -23.756179338907742 -89.64872077943657 -3.1116128800415197 -23.943651478372985 98.86382513980107 14.677542477657354 -55.5372220725342 45.642145018852034 -20.437852999554735 -63.14131772631841 75.03876849759891 -50.128083486295694 86.42334010796756 -16.63992761331592 -97.45527687491172 82.50808602550549 -35.67266247714562 56.09940180992808 -63.89473723980499 -95.82788458668692 20.758046932366113 -65.82406132445284 -20.03884464746288 38.8839016856854 97.20739345766921 -66.35853972107628 17.660320961895735 21.4169863554946 -40.18674735974268 20.188590317279576 16.26309672180912 82.0835102208776 -90.80455333037153 2.301626190154707 57.756768670473605 24.062301945902888 -45.23724385956231 87.38529935603256 58.36985057792924 -42.08859965666794 -57.216383585095045 28.842532509619957 47.43265657017926 80.6011926899678 -96.40144232440393 31.019400928739458 12.42199676786609 8.911945716252134 -69.15170949169908 77.13400101050976 -18.69176423701893 -91.77629616039084 -0.7884331223133785 72.19023158960118 -21.870929386899448 10.411556184822075 -14.09324617730472 -90.115748302857 17.661244264373693 -64.9652546279079 -10.347773467616975 32.56937255922767 -86.2895690476584 9.9823319511749 10.287853179363609 -35.02701485487813 42.179617975881314 -83.95026287329247 -62.75795340882353 -40.976554373536224 -95.53426537326276 41.65020737006762 -96.42543295025938 92.56907373501164 -14.625271437874446 60.41526714170587 57.53752069325691 -25.823988052708074 -85.78909758062538 -66.86830810596052 74.69739617758458 -41.19643260208659 97.32390599932691 -16.96138730332902 -78.13138976489856 -83.82727148543793 -58.94349917767423 -40.5025815136143 18.39382587206984 23.586768162037046 -82.06082897317708 -45.949498891774596 -86.76122380530119 -11.943221672251966 21.230306029493946 36.08480896044858 -78.99856082812444 -19.611654224878322 87.79920122002275 -19.195076333772192 -49.671973827830975 -61.53232034021225 -16.88721851972757 31.256476774161968 7.758572843206821 35.08519391849131 70.51405672997026 48.92788526314601 26.867708264361625 98.14912037534498 -44.4198474974941 40.494274026710855 95.4327889325188 -20.667620291241178 -27.611962587108877 -48.338052378771444 17.273218391972335 -88.8476139365935 22.902414088066863 25.70160682390133 -12.993141883164313 -82.23248299142645 -24.715323343558126 -50.376618154009 39.874228015645855 41.57112072178694
-24.439507713840868 -27.54437719541795 -15.500266756978448 -86.75570871356547 11.569007252768301 44.800323629595994 50.66163218602364 96.63725164266927 -65.72544929675053 41.579277980647504 5.16833009255393 88.04396973949432 -30.37670413575377 -75.98921219926041 -50.35726260446409 -9.85978512038723 -27.537310629635797 -12.580920243169587 32.98213935848864 99.69304012988312 90.99869569670588 -42.21966005831883 -58.282354029961205 -92.91440203282338 5.462076251889329 -18.55371573691093 93.15030079109334 28.275820740973444 -59.177154240253785 -34.00832589491485 -31.586949550154245 -61.14095651507363 -39.436625252134114 19.707943712197988 61.59401020008468 -18.05212689116786 -92.97309313811238 79.6405192750386 -53.21162593416431 73.21891231513712 -85.12061976209596 -24.533283173978788 -19.48992235098794 -16.283554282646648 28.087721262657652 -87.3093147861846 64.03329758772344 -6.635243898824456 58.37683290478884 -63.52521832281008 81.70356081607864 33.76131979950529 8.68960902337885 -67.94239831662102 -28.402457723084055 28.592298752091125 71.63105615392996 -76.91405691778077 -45.06791802747154 -36.508062150262056 26.481128296711347 81.07403715467814 88.2597018087645 92.848912823955 -82.88653022348835 96.7190089764326 72.03052360444624 3.4060885582354103 -61.64849306778102 -49.76973205762878 24.82048434955138 7.634766949110698 71.5491163185892 10.278968731492256 73.27221421460084 76.57853940518714 -80.77911871193834 87.94589187041913 49.1438240317745 -21.157424103112206 23.931307066106314 16.020777781263078 -88.51858197283661 -22.467217560048127 5.533640040686279 24.146617695216406 59.14824028532192 6.8236232498784375 -61.72666163713203 -37.62604109414749 91.67622397832332 -17.682667179550577 97.01965112834478 -68.14385592171712 67.65703317612656 -63.1709893625745 -52.748557912076 -11.341769364426483 95.03661788638954 2.3707422185697453 17.785756672793426 68.86431518385831 -60.42054303653075 -84.72274812820115 66.24679740060515 37.44981784465918 66.75560697583498 -40.385094875669324 31.51649342580322 -57.79178589370198 -20.75126349664147 -33.80738109802637 -11.537995616415103 65.79816727058616 -85.57073623562525 29.091859705509734 13.751647813855953 33.91085250431561 82.7712394490596 -71.02048283814744 -37.83324113339579 16.87788826340706 -56.08744525362048 -80.66409214898025 -10.975966040721843 -3.1555375068646754 65.69509655394279 -13.962951992104095 89.3355537086189 -93.79912702752375 -0.5294605342360796 -93.57679194699169 74.18487654205103 22.874886712204813 -57.260614602748696 -38.980630794776275 -69.54115253789894 -62.65271868490871 67.35953306804078 -11.430417023121038 45.22383254275556 -29.8955264243465 -2.863490493524168 -64.50996508196509 -60.38610011285228 77.5629638579986 -16.963316612596685 -64.35475571855629 -67.50699425616584 -49.55856685586249 -66.8223385675308 -88.09981807284353 -58.03033393197688 76.98640514363407 46.27053906719672 30.11003656441838 82.11934855342909 80.34688933646385 -9.145480870654296 73.58356557583102 -16.54445468027599 16.408220367473476 62.43175845082493 91.9950529142755 -33.971674060995085 -96.88490163611405 17.798361870019974 6.330824124484906 31.421896099189638 -32.96521106493253 -27.356684864794275 -53.090116513882954 22.111877546531005 12.225665183016616 -60.437951552416294 -6.014086015898272 99.67077810266474 15.888154796246738 -59.54166884229895 35.228834114443686 15.29822486514935 -33.677868373723086 46.69846782035253 1.50649570587575 -17.384176383028446 -61.67232471401904 -43.398640717678695 -77.23493574927404 88.83455859621364 -85.30227619962682 28.25873642619763 -18.04884367458328 -71.74012831487985 18.573767511521936 22.697906756437277 73.13461824995287 -25.249646766456266 86.52650102678723 -68.20028600539663 73.06881316848154
83.41341755481994 -5.618571437386734 5.09860236062498 -43.19509502264465 -14.411109882591205 23.82990578994017 47.08298558106762 31.870876708214325 10.898667948125933 -89.37648978798978 66.78021247015087 11.641093040294365 -10.885960657211882 96.06544558332305 -32.00937871058018 74.64400963428938 97.44542635116983 -54.45805648818991 -31.174465088945198 93.7191520543914 45.872236962473835 78.37528524056637 -92.18206812053063 68.62664286616453 -97.52199085748703 -40.08366374020505 -11.506846376992797 8.603240004884128 94.66865132579287 -87.86148262629258 -66.0864046751338 35.54216288478409 47.609612415884584 70.9032653205598 99.27439159376343 -96.55004080335112 23.654982135546305 -87.74844290575152 7.094576132628788 73.21922969173815 -29.37158273550847 -55.850348964094884 -73.10424918342473 -13.374135037822526 22.64095777083584 43.57848826509377 0.33179107402699515 84.20068055910491 -35.7262851887761 -11.245709368827207 21.13141204155194 -55.40151302321601 22.305200101272106 -10.631175548458828 -6.146273957077213 90.20060060412695 67.29435444626296 -19.550390985943395 -89.22030161238408 4.79114210476574 -35.377080477435285 60.53795150208154 74.44751813520173 -22.08579056013771 -19.44796460347014 -77.32399739318518 48.65329156328994 -3.5537588737776673 12.46442180069684 95.63612481610423 13.933010855702733 68.7514308253655 66.52007180751022 -45.73935049783937 -32.9368788037996 -38.438307666776694 -56.09326366304674 -3.5761342593695105 29.091836347795493 61.305180336394244 -67.04279022293906 88.82803429743268 -10.645754539477963 -36.302546609747054 -3.8764825074121205 -52.611669787395 32.667341468974115 11.97634780766981 -86.67411572675414 -89.85190622683669 -43.531690336869346 -3.946807841252536 89.91845180476034 -60.564934305831144 -3.6093329084883123 68.69954612256163 83.05594411553315 16.865504541422013 -2.3332690268797194 99.34840004931539 -98.31392747152992 18.023334932223563 17.966076234798294 -36.68746931336211 4.213610496084371 -65.1062087206274 -68.3672997786877 56.45153798781945 64.69813196537777 89.44252445425772 -22.217250015466774 50.70430316203533 -46.05027249614331 56.661229224954155 10.195775040172634 -64.31227496021987 42.861317804742754 52.83352017847636 11.953638073296474 -54.69572905465243 -76.11112214498681 -79.44827312888123 -63.05883956808245 92.78428656346298 -65.08898142883454 -84.55104882791579 79.16919266962412 -58.63965513282952 58.87735432608764 80.71701899736769 42.14366544013518 -51.59040805392723 20.003294435639845 12.84027452037435 21.84510882772767 -80.82632431634511 -41.36891835628509 -45.584955973494125 -20.21911082349183 91.06633680347261 38.17946015919031 -92.71898194987351 76.8854419697808 77.86852236249058 -79.0838327513558 -95.95651518813327 81.06191189248128 -61.78176866244769 -24.613883935619427 -19.262549118748268 4.889221632639192 79.62073081075286 -39.871864892334564 -61.44911153360113 31.68426701247705 -7.164211959802685 14.046993063361299 -45.0640074437576 -4.8025752577763825 92.51583157073819 86.7971893294526 66.44535619784563 97.13348666965419 50.381265121666615 4.155554980690852 -26.072234365305007 -82.58380559850708 14.340773848994303 57.05132547649373 69.73324083787205 -49.996432783033825 50.12217447297502 77.41193450481694 -39.003272200575424 54.59211353591692 -95.61472557692963 17.0403045959506 45.35602287347285 94.38589184081371 -70.01129856084026 51.95518193252022 35.50391426655946 -95.90292135397237 57.60256049902736 -89.68722600938986 26.713163755067086 -78.02619945827638 -30.30214089758752 -7.627142632269354 2.169053331445994 -99.20143465308455 25.060047299685294 -79.27164606019186 -44.67362830592854 78.07709150446473 81.73276632808347 76.74029504427708 57.309879761898884 -80.05858668615657 -92.6992305441939
-15.587579725197045 16.414915607050503 27.310073897484813 52.27470881704099 -30.039207089211743 -60.46334408555789 -81.2575481769958 -53.59475122057575 29.907359744406364 -82.73714815462334 -97.64151327790704 -82.94042096235088 1.8175157685096082 1.7877210386670725 -59.11620130480415 18.919622621492167 -35.98762885717208 14.76231810231954 -55.87686327318742 -50.77324000705001 90.997228782918 -1.3832102263300072 -10.927041692465991 -96.43077443930595 -71.43743036690948 -99.84616047679798 -66.64451123978861 -51.02147764897265 -70.0261379179437 6.813986087359055 -13.359823782280088 -38.90342531705018 85.9793348742428 79.97115566257517 -30.02745550120676 95.35604836359548 -50.00800625881734 -71.2150388031041 13.488469234850314 -34.925990385270026 -9.181435217474899 -25.376812982324765 -42.0800034196968 95.45086976603582 92.9419530544084 36.11586888962103 -94.70383726950604 -76.30674256884855 25.764400708383704 -82.65558990713365 89.54523704337518 90.14208810310919 -48.73281245834165 -45.24254026281034 -63.58363336181432 78.52297354594307 -11.942639357747481 52.69904254205616 96.62730251932169 96.92081928076297 -29.592930310130356 -11.73732432421582 -24.281345960607297 99.18214319252283 -17.522327031447134 -29.061816449413385 -17.303605966317704 -91.98138461243124 -6.2259918503903435 -6.776134698236902 45.185797060025465 -95.504600655957 -62.44365090072064 -59.88059222608351 93.9535670542661 -72.49001237927699 34.931776004763435 -5.474115455941458 60.09765222343927 -98.14118642685696 60.27900939072461 -71.0171831353189 -11.015051560455987 93.5616364463227 98.61719062910237 16.194854320767504 -60.35736580462838 44.328780738036926 79.65156748828119 47.648298715639186 -31.210583111552822 62.97164072814408 95.07600279713208 56.660186145796246 -5.624346742274994 97.10721924718163 76.1711725596698 -48.5975879633717 93.75849918324207 -92.56378276732289 24.399860837121864 28.722166694457314 85.75520537719223 70.72482221657782 77.17532470703844 -86.51409229417305 -32.62636239416503 22.24561910865883 99.88018674743913 31.694742021386674 -84.6009053590166 53.01056365169251 -31.630309267694216 13.68107180710021 30.88156024339031 -22.2074536980779 64.9540292401046 9.289859871983893 72.99415578765473 33.67250315010713 -43.91928875067832 -22.920451691102954 28.56524541310199 -78.29505448892739 34.790317134072154 -63.08103099114402 28.89007647978579 -5.881711998681766 -84.83939792839637 -77.13025193163605 -20.081094800770202 57.11682231101864 -71.58865756849961 74.41382781410749 38.59816632057559 39.92221432041438 -92.34088221440612 -6.4527483961123835 14.438234770405515 71.52999724022303 6.714684261803086 26.65914296386984 35.13443560930904 26.824336835605365 -20.467138216664765 -86.0068371619094 85.69167664288318 32.61890694252253 62.2137045479532 -17.333885539621875 71.17565728135355 -12.003379903548534 -84.65739494048962 89.07962585029489 10.743618689365846 -84.91725247203271 -56.3220456422604 71.83987642528041 -40.51890392580235 -69.78762281531507 -67.38916839440436 -13.024689299165985 -33.93539416868818 3.6280696109205905 44.334576103624954 91.54504055601683 79.58139107246075 3.3842545877015766 -48.75184901821383 -78.35477634414272 21.819128241418923 51.894536458447504 -76.0939433710401 53.150104690236134 72.64177916872734 6.6859652250147406 29.00651230064858 9.960809584823352 8.744644814458383 -23.279507165534923 -59.542073766893644 63.35355218731348 2.324997555716294 -61.789693856291784 -58.027141456091314 -43.6603842000594 76.86123576554317 -75.71932814966023 22.320822827043727 92.18813821951818 17.80387011956111 9.032598050799393 -79.31767846983371 -7.968579805342728 58.973101042749846 -9.063181459142172 -38.11475610997792 -8.93738453233432 2.225108749165699 35.92409790916656
-83.01333432089038 -24.992776729286703 -53.03246272709614 -96.67929465808822 90.24623867897233 94.54601478736237 -76.46144689362957 61.48702255785045 13.461861483207514 -4.042635768237929 -24.933798132193544 -10.703864625540561 38.72590520738706 16.50052300835263 -15.530353887323997 53.01106983537963 42.628173718667426 81.57209435960868 54.64366288308645 -85.54191595003597 69.60251187519845 -50.51634163294017 -43.50703824244273 -51.19299510008615 -44.69625010435203 -67.89688339276314 -26.177229665012632 39.612914994513375 34.897171592638074 74.74900806786621 51.62784855626239 -69.58828000854783 -8.102688561493991 -70.64091339418931 -70.7700111707513 20.20651870821473 -2.626664481163658 72.97898756046783 -2.3594390759193544 -29.482062048555818 -45.8453640999245 78.71264603062403 -64.53566359877865 -11.942703075460486 74.49799082157381 41.85331320595921 -51.361289535938546 52.980152457883776 66.1095449270627 -68.05598766496732 -69.49213800039023 60.25828417457447 -55.73839347723237 7.6003785054962805 57.05787238696615 63.95394820011214 98.11517944847245 70.73033093508491 49.249244485584484 -20.909160816097966 43.38182356061492 2.9955008373048884 43.634279024635134 -91.06179801619301 -62.18960320738021 -42.75752235046759 4.271190951358037 64.75063549449533 -71.58473259567265 -46.09846341112076 -12.36775928700311 18.142177163736378 -58.89021424607617 67.14744897440764 27.99095525100357 23.345615661174122 -23.707218616727005 82.44841250777137 95.41580590524683 -70.42175347328924 1.3410446098346398 97.42900551953372 24.856277696956553 26.381907757013238 -87.3785048676331 -17.970733056234735 44.87426451197638 95.57791986430937 -94.30845786528377 84.0491751240317 -66.60636682695363 -1.351019837533002 -5.437165703018337 4.507000531106868 9.395832736591572 -6.21532316067352 -21.68701741081162 78.92945640488458 53.513249622143576 -75.35131943986872 2.6455351570938888 -26.19159526363761 -29.24145870823689 -63.59117467241327 -9.637165683119946 -41.472847982906046 -58.40325105633466 70.12312615071357 84.61063721528734 -6.689793326871566 -80.5762300514829 -7.625402327840774 80.07536351150745 -28.91378471909418 -55.3666567760275 63.499975389393995 32.92776571738764 48.1793139831415 -59.424892608859366 35.47747620314573 48.610059402381864 59.623097410904336 -46.519100423452066 91.08595118847728 -77.65928500556225 2.5413851835753007 -2.6147902636057836 -60.73133276827174 -99.9385572350499 -19.2842517799737 -82.74380607033748 60.0718405477939 89.71732023312146 -14.363476257595494 -62.49942829195885 39.12173785648932 -79.32978871653683 37.57553210462902 39.46665961958996 19.600131015676524 -87.88513539382463 -11.048349813734859 -73.01615591801772 72.3175394232531 -79.66075684247444 -88.03620398769674 -34.453396951809665 -88.83431256305974 71.79327400971084 34.67755822820283 74.87745385615017 -97.92111541488981 -60.840631871989004 -24.776480479420982 -41.801834142977754 -10.63844741798161 -71.61083829764627 -82.0573867673307 -6.407884143682097 -86.31698079660063 -13.623974387775888 -66.50699020790523 -16.639533315732763 61.97933118453116 -60.88806887829455 -39.08522057339627 41.634837163607244 22.87415171754344 80.1058894785792 -59.18593734137154 -42.00081640045921 58.53311229613877 -68.81868404432532 68.17353601628582 -64.81029064287551 -5.977652674892582 -1.558923199591149 -12.33030067700534 -1.6290818199830426 1.2333749511475673 -33.05435913532624 22.230427138682998 -49.20656780391368 -54.78362616089392 -11.809121307752463 49.75084263179775 77.53065621858656 59.93506198367706 -27.559011470832928 -2.3960130614470074 75.43201445203619 59.57431339795775 -29.515871784587404 -75.96515574525336 -99.11337781792943 -5.361740755719552 -75.12459034742345 -87.2606881030695 15.122247837922245 -21.912304384806333
-66.12923571461138 93.0263159435438 15.362274598322486 -63.986093853062265 -43.17702006298143 -75.14768818328929 -61.25566066592003 -92.53952450784931 94.1039064675497 -54.55207655099634 65.43286073678036 67.30134372566602 73.69585558744797 -5.326274684295981 -79.87702052630317 69.3749839803315 20.67924923827158 -62.46430683245463 -34.09020542473439 -49.40515913038397 -55.34724298191922 47.79068729686949 22.027127636021703 78.08108929417614 44.56145253756466 5.532479372513109 -41.14037221905973 -3.935943043611047 -37.07062254868239 45.82877014831291 21.517396913158777 18.406588020204026 91.88929280224457 -48.96806501085751 -78.95124708032321 1.9907924150475367 75.08654746064272 75.36168446556184 -73.23963401853983 -89.0007555157876 -85.99089482950875 -7.588527790908898 -31.60563567482741 -22.314907755887916 0.6136063934030602 -73.0654708273584 61.286437377833295 48.49072815569633 -69.13739820249853 -21.581801776176277 -67.13395422978199 53.093241900032865 -0.01610705831585335 -89.5390488740814 58.78845757387211 -23.61202609781195 -75.96255307691489 -74.40864859529574 45.30833890228564 3.459189881290442 32.82391439679657 -62.45361279224457 -67.58460786816025 83.34058590320973 22.42423226737631 -50.17305112028598 -13.1921479790919 93.14089205124398 88.17187465348357 94.45157418004112 -46.47853160955873 10.604202642835219 -54.79784564858503 20.906331414654545 58.57259334613681 -99.34835399217525 -37.46966063351258 -43.86628434431512 12.372814611144761 18.64881077009659 98.2768925166032 8.346978990622716 44.24392332928534 39.944836288645575 52.92172870145069 -65.23071173818926 -86.67811510135928 -33.04846868389126 52.245556349048314 -75.30804568803353 6.981084383302118 48.89637432403276 -8.944004017673208 84.69445492370113 -49.95857314165375 -21.23241137116227 46.297831826369986 -62.63416942133833 -45.324349538692445 20.401590771267735 13.69687797645436 68.65280422164571 -43.15305070400566 10.463444901456782 -28.73198687425824 -21.371851267939917 -71.97804781648512 14.973803532764478 -6.0060307485343 45.929689142079326 -79.90821456966552 -51.117301171324605 97.35931564972725 -52.190522237164735 -26.168120776096984 11.94581838168098 83.83236179567155 -53.78976175595391 60.48427586048422 34.1500734400131 -34.95135492829944 -60.02769085722082 -55.50057462982909 -39.21405046293827 -47.354600729377935 3.7092240123422187 82.94395809893894 71.75916145861868 41.298160597299415 63.959592304775214 61.02546277391414 72.13097838517547 81.50084782035074 -44.917787712543266 13.151886620952482 -47.89857587649253 -99.08337903929612 -76.66045441308836 15.265392388029909 48.587720593084924 76.2976231445081 22.671968551102182 -43.97187100331206 -60.7734430076255 69.57685709007853 17.3465855281504 -98.8043826097742 79.47901001002359 -0.8080476250897277 93.47218047120916 6.8145296694520425 -3.032062050379892 35.18012325957142 52.28415672396662 -90.71830193426214 -18.96257711796075 -20.736475744514777 -37.44855223187065 37.98342919510998 -33.045351556788916 -49.30009081270781 -56.11922256850927 23.039483857799723 56.965268303461755 35.6451386368515 -0.4466458643395299 81.22990937908838 20.03968164860528 -10.957892934454122 99.7486890343649 11.750958963245296 70.68634572240109 -24.025463512423812 -96.35008462987493 31.72973025508813 -12.13788193250609 1.9535381118622581 7.422802552168278 5.46073674582 68.04391355059369 -39.87202258336158 55.65932172176039 -41.16895063384074 -64.67611745110462 -80.64494133993432 68.52058708436121 -42.722103704796744 -61.45447269063376 -71.74595033356495 86.20930402622497 -68.83365701655408 -83.62948415806295 -68.48191866077258 11.034979703365266 29.461649030184333 34.677318996940215 -19.337692183332436 -97.24801431806358 -7.650786824957052 -45.40995078070538
-5.030319123881213 65.2629594995029 46.880282696524745 37.658476417348 83.55821849503783 -3.080704769998462 -90.12184236286807 48.548921289070336 -43.35847476113368 15.93192886119003 -94.75561995910418 13.043949256122573 9.028512767877544 -49.03811248011771 2.438128536916679 76.97764100325935 87.58460275985277 3.5907610639321916 -84.36971418768894 -98.74440758075642 -42.74328061113801 48.612729543694144 22.879469358528027 -73.65208896113764 -97.16330121098709 -42.40843438862887 5.421933963838413 37.809239535039154 88.29900536636919 -18.084814982370602 -20.80574442223262 29.282984524481748 5.426852255960313 -18.342984666547025 65.58178283992916 11.097320079236454 4.871904490804141 40.481428050961085 -67.02795357917867 -32.86545593216417 50.15525658450886 36.97223216348985 -69.29835598894687 -74.42109652651027 22.501219179574463 92.02085097769267 -40.564690146418414 -13.690733248996523 64.79663435232234 65.48429755537589 95.10733237677181 66.14796694133503 -90.97706331125745 79.76140637897754 -7.491099448046185 -59.37718467370434 35.89711406827922 -36.35226729719862 -84.2002329797718 30.886951965399305 29.223175394902142 -11.322051856851132 34.366973901892095 -45.79623757685252 -30.549329774410225 -39.672495938801376 -67.38078493741217 -33.01737275330805 -61.85707453280853 -60.61112258285457 22.7221794738671 -95.54688107725424 -66.95175850559873 48.63466250604449 18.64661161334267 -61.91069713167079 43.289188947245435 46.020651519924684 79.30762321565143 -32.42469399649026 98.76157039238146 -79.64919313340198 57.37073351720551 80.24695835691645 -87.15703230357951 67.7701925637908 -60.473757756046595 41.8117570383813 60.89487023737155 -27.02628801890637 -53.00820522439371 33.21795969454968 42.38696369235842 -67.1487294022863 -88.14745811316789 -85.02630649082852 37.60505012100941 22.27834341067141 96.23194963228673 -10.370544805601796 -47.51526724778592 26.407402926616626 -34.59532847465239 -84.07538912988466 91.53314580728807 -40.498068508742044 -29.893630987620767 41.258187778837225 34.283741995405336 4.410601747596516 72.18982651840892 -39.26739425433134 4.51529027680489 -54.10690626770911 -27.989777712195178 37.84080919968446 62.60424993277371 14.456343860084473 -51.5270200039174 77.98807664827328 95.227207340196 -97.26822693171322 -35.88046122043184 -63.07861248447588 -44.37359743223699 -14.860961559222474 66.03823186553532 -43.789033731314994 4.724631752377135 -14.408439306416128 -89.72769896117742 -55.91146198938925 -62.40330536087042 37.41286519496043 -74.89843835533978 63.85382699990424 21.6201546886722 31.28971460904006 -26.417060202466686 64.68553579740731 -68.10014729004199 69.37631330987713 -74.49680253727735 28.70657737603571 -62.71312155771942 47.63773684629311 13.411861869595953 -90.61085133496005 -46.14257412101528 73.63756257402517 -59.83915217059048 73.20974082320384 82.36040015150499 90.85523870047774 -16.440731633010856 -17.297356033086004 -7.343137005127474 56.26721321726731 -37.313248098504715 59.55429346851713 -53.4050024230305 1.4262249917961611 92.57526503546919 69.98659484054156 -26.93525662093137 -70.24772207742258 53.70491940259299 11.669749055654677 80.74843267930626 61.29437195940034 -91.73059476558718 75.2691769584566 56.600948931575175 3.5533658630361202 -53.34657955695168 86.80147089853358 0.5372717445456345 -44.60569148726441 84.34919576157861 -95.37132884678934 76.08094943536832 45.92199932937555 83.64279661862383 54.20077186356386 -74.49304275340401 -65.69879640869256 -89.33839079384782 58.504097557638715 69.81709197938986 -19.249158554716715 -50.081915491717545 79.16429204438248 -26.060157536762148 -16.37353698591278 64.2340710291972 -5.35675557619804 -80.73032840834678 6.466255439112416 92.77793924246203 -1.281818274215496
-74.7775138765207 69.59219100275487 47.2426596409112 -64.89612238207098 25.449949736559276 6.5441478605890495 -28.354834866817285 -99.9044184432942 38.472466470451025 73.9016013827659 -33.2527912139072 98.2855675254549 -63.873490903202025 -38.39977939768011 90.9106857496298 10.304115969335115 3.2133602395017675 92.30574639711799 -79.2196946349262 -56.16796151557901 -38.7351421857782 -15.718522706985965 51.01851180110074 -56.466257850919924 -56.1208993410871 3.0305822021605024 -8.842315927218152 76.68740101608847 38.454908806264825 8.623326966467062 -80.64482991320403 45.49714800203603 24.781716451802566 39.86130654634218 0.1288993770007778 47.44068657587627 -35.345245765242964 46.090037915325496 88.74535992707919 39.771732427052484 57.297361991974185 -0.08199787287514937 -92.77416725928119 96.97716049079543 35.209620532827444 -37.48438492435633 -71.9629468211916 1.128953397350756 8.995875546339079 91.5549243974531 -32.687510663674416 70.84713051881667 -82.20853641011567 -24.219438624824846 -25.07120517046144 32.072088023118084 58.014756458744245 0.4276368557705439 -23.775171577897098 -32.477721940628385 77.72904223646347 -66.8250897302257 -82.11597032909367 -92.34835208815898 27.389610979812517 -90.38634387300226 24.163688921968387 91.10761706114494 -23.478102193123277 -24.65398402184786 -48.178495987148004 -64.14587475907108 21.60004459209742 76.26123426632535 2.4481293071187764 58.164101729097524 78.89614862655233 16.348879394148085 -70.85914480145456 61.11227408162176 -2.817069175656144 -66.20332551742584 -71.95402993919262 46.89869972089477 1.3659788588989557 31.3458838458763 -26.01439015914073 -57.44851268114677 25.586963440573058 -88.10476999882823 -7.396170175983713 -25.697735706134495 54.49266543746552 -23.52919896643735 49.32331049725764 2.8600292649687304 -72.05258476499273 46.30390115867843 -53.575620863148266 57.0226051286343 -79.42545902179434 31.7380209766834 55.71577478658901 65.25504909450197 -80.96762020710271 -14.75510081920251 -76.0066036995405 35.07542558345824 -51.99048387462861 65.5494215120863 1.5112449134261823 -38.17222980184292 8.172242816973679 -41.33708891356147 -49.223263805795426 81.2332801865017 39.71880793375442 26.621307929096673 28.041373948569372 -45.256617849527544 70.57459962734771 31.977056603048794 47.42851081529281 48.10978950534718 -57.950593141151344 23.55047689336145 86.80723227917503 95.7382821935507 18.675125373884114 -7.3836232817910314 88.91348830241498 -25.34589870352069 79.5158649632746 -56.33149311182646 -24.913644585817124 24.190625821850546 42.91193753590329 17.416067770492276 -50.109256379696255 54.94302555193656 68.43600067581244 2.5500840040927386 52.91722440903084 25.7655878338102 76.60854978459983 -37.959074290562825 -31.530605705588982 5.1548187140187025 -51.033586343551505 -94.10861873573735 -96.38029993592045 -75.66487782449158 -58.801640625077646 54.60005632723278 -60.3867007715603 52.81562367473279 12.476595301184233 -69.00699231668222 -88.78885890662151 -73.35992487796887 38.32348351915448 26.15342244373933 20.422263328619692 89.90251442904247 -12.090047323818354 69.81154678811532 63.19183715976905 -56.09492449485742 -86.83517088937876 51.80130801530743 -73.93551512543006 35.63711474490154 -58.21118439707811 -83.88652807596387 98.58100870545522 -86.41377478638867 -36.78454008225744 -26.30420862782657 11.137058064578653 74.66866681462986 27.18883734979434 -67.05723912213818 -74.7628045570466 -61.10097833129675 -33.576270902491416 -68.09822185800785 -52.1539618981278 -83.76196540498151 -64.53916043114718 27.664087357227956 61.97857680675588 4.794807573479005 -32.963532578047406 52.41965314017074 43.77480810261736 -12.895660666416603 80.09618118930288 59.870088661209934 41.7188078280393 -16.882789218117125
53.57046582780174 -76.52457855228229 59.06103870732454 57.05070508142046 -57.87267961709759 -7.3041286592558095 55.266399335128796 -16.482938749647545 56.61691718169692 64.04759249512628 59.33298126027063 72.4247246797982 13.382217587239097 90.5602370047828 2.2003680142439066 -91.22389409247427 -94.46916852698071 -0.15304507772422937 -60.30766197439863 85.4871773951842 65.99965074079691 33.60415462595171 62.18091404487299 94.23375012531142 42.90286562013185 -68.40686015415844 -0.5534967357278617 -51.008590251220866 21.38305311698221 -45.34229952516198 -16.9611094237776 94.98394270947074 -40.93453355746082 74.30123644875789 13.337555539087816 78.88873935498953 -92.6504957394352 -26.800346529800436 90.01334742792363 71.3602513061117 82.55149347149913 96.02610558477863 -72.13465763225315 -42.795866048652485 -5.846228279402268 34.144135070977455 -12.233548247450415 -43.18401121480686 74.90627660458779 24.699381121219673 34.04021147325207 45.31804224780251 17.84244716893251 0.23833111269495078 19.81565358238322 97.6333258516282 -72.97133168799806 -19.86370521002246 4.319344071851418 -78.50403181791032 -61.85211791917957 55.956520932165745 47.512171607044735 10.499006412221974 -6.381257592914167 97.36889994127912 -52.53837335534654 -49.091750450899085 -99.58337045042853 -29.237805411379043 73.43444635205 -79.28737729668829 26.46372419783208 33.115938497033824 11.07062717033007 -34.13983611002587 -28.895745648626246 -67.13546608022463 -17.719559551758167 15.663045068654142 -29.051319097149687 -31.414651936246756 -18.86762693536012 25.90221585387937 70.14383589088735 36.47848478535616 -20.617084507596957 -46.19507861051708 61.94045249323631 -65.42903788481311 -15.843911017761798 65.31241601986227 75.81224936313166 53.88892598264539 -92.43249031611967 31.18887342251554 -28.02640953886791 64.91518789282688 -5.6447176865408295 -66.68186121703457 85.37578269269542 -40.626911606891646 -71.05960827639004 47.22187427824801 73.9798719085781 24.14531986667994 -43.74345705824352 56.569031654258396 16.61716850953468 15.651580834954501 55.95450494293112 79.25700282190917 65.65462889296253 7.016347255604231 -72.5165784482561 -63.96356617645485 -71.43283236326663 -94.20535408294141 27.437862162272552 72.39844073795214 55.03186576172777 48.373726953603494 -49.561795672488174 -43.94203003064918 94.274965248554 80.34845930951943 39.369462727514104 -23.3291431423377 -34.29567499318924 -25.134855849319493 10.034769359050927 52.822990683297576 -64.06217454882173 -83.68298964303736 -50.49417930978342 -28.759871347645856 40.1296649732428 35.64266347081028 -20.73705302930921 61.82906522646451 -8.149831411724293 -26.64864655140758 8.854291093258482 -1.533677929906574 -69.11948467178902 43.89016990160869 40.5791127841367 -4.10497894246889 38.57110149064832 -68.65037936839661 -38.2030058386583 37.46010004268871 54.35664585314052 49.26921045202383 -34.81411940877979 91.58698182258541 26.959119578703337 49.17924345971193 4.547638518852025 22.641855629200975 5.860491367436424 -45.81292678755533 -74.73692018447915 14.834309921727495 -10.233088634777502 -54.423792658561766 90.72958453116331 -17.642155337916975 -85.80945376830363 -46.30445136109132 2.7365103537229345 71.19541494701735 -55.19194718701983 -35.229871494601156 91.22744105280336 -22.255839591280235 33.4834978618195 -52.556572368899126 -12.727712117574981 -60.51797441424915 -25.587210061243297 -79.03686489955359 6.260637226653159 -82.87672475425015 22.60532675211506 -4.1203297351122785 27.439993975895163 -6.256916221909265 39.181125505464735 34.52287006435816 -11.33100800075961 47.663830435049505 -34.47561342228036 70.18078482418889 45.113746873732254 90.62576226029634 64.35936361516048 86.21955868825029 -29.973454645388898 23.744955621944627
-98.99025099819912 3.980635230094947 50.104274085728065 -80.09861103744298 87.16147104983082 -68.03901569671771 -35.561478941525834 -75.8092990013203 86.13949798533102 -85.53370650676814 -15.422594551456513 -77.50175991896089 -40.5148128812077 -20.639482440158645 -79.03228598504282 5.313965749270949 24.377710610643376 84.32322058727985 -16.598285418310297 24.746602396969138 -46.01817812371727 75.23832656687577 76.88869410209045 44.07206585539515 -93.96327453396654 41.867365234368435 -7.219277389200428 -2.7821547017295387 80.12050712150699 23.488448090818622 -52.639822726406614 -62.08153448169824 -36.392542142634035 -17.94474962039922 -0.17373158986364956 -75.63475172510299 41.29365062535001 -99.4026946546725 -8.310623689389402 6.4488036645131075 14.793069946097432 -31.274046051799303 -90.8338569411944 86.15273438503345 -26.381673810002354 -74.01228351884224 38.21823078272297 -71.22766957993498 -65.57772782462939 88.59490219152022 38.62624772713298 -62.220770892402875 -74.81212446779995 98.97494323601506 99.72824599220243 89.76549621018162 27.17608506149847 -40.97049781458395 67.97120349298439 -73.21521076664365 -13.918942227896181 -32.78237076985357 -14.017167580757103 -10.549259476602614 69.33944823949378 -27.96359302330093 85.87095099607461 -82.03807143863094 58.9510853581215 -5.103988801254971 8.046443468151438 -90.09798144768013 56.62363657887727 30.983091099933432 28.939999573437348 72.60737403310864 48.949350557921946 60.46475208868131 35.152026814805566 22.92690950193675 -7.6152145641559486 72.83705899847575 92.85117319312153 -45.66753612548364 -33.74644659174196 -87.21877792435421 18.895366446818002 -62.403933273165514 -24.84145273362482 -50.06099771812338 65.66993335131542 11.125902673097656 -68.20720634507937 -36.62322987581237 -33.26612556281465 -74.61684093322663 -95.5132338559066 -88.29539610582762 -12.641068198860992 55.580131716286274 -63.18949499572397 75.11212083537359 84.23530394477828 78.0587507960496 -78.6615747535821 -58.17215170791985 -10.949699371690613 59.346065255802785 75.30537495188037 44.87759354427766 -51.64580210077321 2.899820702511221 -67.59576479229376 -16.34173889497265 -23.211978404777483 81.33512927995858 -0.3933925255046802 12.612417998867627 -33.98636603670717 82.7572170559408 8.33893052507004 88.41723296562876 35.19911894605178 76.46239272554394 -51.18388517941974 -28.992734513525022 26.739062827650287 -2.5574505937734955 70.60183914879244 -95.79962947585061 28.302673170727246 89.71075479481996 28.398711012968846 76.06817026631575 -9.973106775830004 81.60608437583133 -30.02995320336433 86.62564612656507 45.870393828199184 -17.00427794787447 -66.93512994670243 -0.34724179809909117 29.120895077320483 90.05310094552698 -47.42242393029959 79.35388150625627 -97.2376716428915 8.40956802349784 -68.67458766289967 66.93617215171611 57.50802750196141 68.7408558868967 28.917447305897042 -10.998093027299632 -27.431593691933415 -95.78002279125771 26.649234522800853 -22.30043474272081 -21.299640040360472 -12.552508061022678 -94.06100059164113 -0.9883500570333013 51.07045098123194 -36.4772525426853 63.20019402968515 45.01711019944338 62.0003297673133 37.63912276151805 26.958560206794303 43.663621022323014 61.27438380023719 -70.29652339041957 61.83353478043156 -84.05254013309056 -90.86229204850906 -44.237056810146605 83.35583151803735 5.162735682578187 73.27464502082904 43.11416786836244 -53.65035623622416 -26.938512120532224 53.3989958997127 6.5877188115627945 29.247546929373243 -92.1363457885119 90.44272698011707 -57.70540250096106 11.182060064418707 -97.49772574553275 94.94055156087151 -5.365963211201532 -26.679825948880747 -25.52464029746264 -74.10886311651146 -55.67321490910955 -47.21603818343618 -20.431455527723784 -90.63959481774064 -39.359462750422395
-80.41422580606505 21.893404692016418 67.09557873425902 -92.93399023420743 -28.970360551325825 -51.22530049131919 -62.08691976992782 91.10542681716765 -68.32254366924928 31.565915197483406 60.80367228272371 -83.23193189603313 -57.65226562763661 60.81771984789219 -48.686212765157364 0.9924160498266019 -88.13563121734714 -12.05364528461908 -74.96831642296158 -12.402726079368904 -11.604120731021567 97.59328444247424 -28.121297498483486 -39.130925966028876 -58.065810210773975 -83.36925242253483 49.57910111379172 -18.72627993713398 77.13943619878472 -5.180550734401535 77.08015665482282 -10.949546261548619 -56.84591821897909 -6.738797887778375 -79.65999963082828 -96.54955821739249 34.859167906629324 63.2914548050631 -66.98847046466324 61.82660386297434 -0.016186797962447486 -44.515359064797664 23.257321075523365 66.73453921307586 -17.52281130296322 88.7621902429456 -36.008956902824664 -85.7349670181292 35.89404696533816 2.242344922970844 -92.2186589830884 -74.79737751227684 -24.24766809676467 72.85082267297611 45.1234755324914 -50.78885597140135 -97.57853179524804 -60.995052126120356 -67.9564886259067 -35.40435354845329 -15.376289137796007 -66.74038590145865 -67.16196628575415 -52.605034736481926 -2.993313790128795 82.7455573031124 74.69702285365949 24.908205615264805 -54.26983656194386 85.57342825726079 24.03180091055934 -47.846365047834105 30.94453449777518 25.21791439841769 91.68011785431014 -30.746161039943317 -94.27846930185306 -75.86431346897704 94.01030282328065 -4.581135344820424 -4.731913351722625 58.665879588849634 42.39922884178432 -62.85813862759178 81.19222349330059 -93.81039162830622 -41.538101331437026 -28.23763799752787 65.8338767170394 31.54379353239048 -53.12892628175552 -11.791392316363059 -59.8655985045355 -6.2067980232617685 73.8840956551515 -66.31609854882885 12.656167533969565 -51.241298860905225 80.0560892578871 48.362786314298006 -71.65866169555886 48.956763239370986 -3.6709332518460656 -30.011281946028248 86.22083859390764 -66.48268664303778 89.40592300912107 -97.34313636387016 -54.1694441600316 -59.69254896758183 63.36996381377503 28.483824100199797 -18.980369356122125 -68.57126407493547 -53.86535799159793 22.883835317611172 -18.07486511557687 -17.947858761078137 0.8047358891856646 -42.14818700047902 -1.7624994244367826 -38.44135306819023 74.9210722688913 -56.646454074753194 -47.002723125334825 -49.75817668452274 -98.62167768738837 33.78621996648147 -84.96837390820275 75.2136005336323 43.440176133847444 70.32832885595732 33.47726640284009 -34.964460578075744 -99.21304228620062 -99.8570282091179 -39.9790170330738 -56.36126798074619 -30.22025591025121 -18.88004433864785 -19.355112962231956 26.75775520575752 46.38413494164217 -6.527792666970896 -25.659532389515064 -75.69470768367728 -43.27804724053175 -99.7633308713866 70.38131071182661 -52.06218281235924 -2.651341419002847 83.94985734624728 59.754938528107544 96.85004264099274 36.42390894907837 71.79394034347112 -16.979522848581126 -1.1723070797431205 91.9711715435636 -59.4319944331577 72.11755393365218 92.19272056626136 83.84034406897726 -3.956374326029845 -31.650074383967166 -35.04155870871837 -15.513846336230472 18.617407217089266 84.96535478972214 65.53450221388374 98.59493249512795 -53.22187747253866 -21.681871331170456 -4.704296419262462 38.46094629487382 25.076685875432034 0.11352276124378591 28.96023148398777 -16.293902061035254 31.52757836252627 73.37032623872977 -62.592829280505114 -10.388059475707337 89.48318494370969 36.40142510320007 76.72916990890525 28.355372446177995 -4.008194761701262 -53.15224926161359 50.47342092410102 74.93203726109658 47.357280370963 54.12816974060917 6.648234892702959 33.33331518452681 -64.11455247765014 -12.106834104257217 -39.09819881021461 90.7356253568062 -60.883698466581215
-37.20218234204673 -77.75599242759301 -55.876986955243524 21.779102986252255 -50.51973932118972 70.19595888836338 -30.22668442182659 -84.06462278170277 -57.58671804901254 58.15985511173233 78.76445035691316 41.19937767465086 83.63674267803961 -63.10667017341196 -60.639786434399866 -44.89069106097976 69.08538396413545 43.80116034312792 57.78981310378529 8.143145306843152 -20.099400686068947 -50.581069561644675 -71.12966629490924 -1.3487079765819345 -8.627805431511007 -93.36486230296804 -45.497296122879874 -99.84959340240329 -15.080691464349826 -97.83348996074326 49.197352692933464 -10.193829409535283 26.060697706634684 95.86610750673034 -4.252272578581071 14.026360273912246 48.814903642196526 4.208220955419577 45.227293801968756 -67.16731224397148 74.04237295082632 -11.545394862312136 -46.891586487351056 -14.626960831947144 -70.77997613933158 -84.55226506801922 83.76190459868124 -89.23030184353419 -36.51903640226002 -14.46655008650572 -40.05595458579876 85.72754046606585 62.191568023386196 -66.94437136240354 90.45552747942975 45.73588363176725 -78.94764752540699 35.98846914795695 -67.22552317637431 39.89826840775288 -96.03269641398255 -13.809289138984454 -14.949816199106778 57.24325319012712 -82.74829627166955 -61.10451034994424 -2.703569853049686 55.26056214620948 -86.26584839966435 17.618958034151476 77.66440189456523 -44.42234174160038 -31.142757712009427 56.02795186651633 10.292134470320718 -81.81808169312517 47.564810958960464 -55.86241904329068 -22.378715807158514 -60.140282376660736 -92.83325427136124 63.067749913772246 96.93177008481322 88.69327522029414 90.91863660631927 3.8439666675814834 92.12736184888627 14.538993850267829 40.887786662913385 -66.64496437379569 -64.15704516557307 31.3513157315694 62.410045380612814 41.23035838239451 -32.54984619656402 94.22700556864856 -19.134997319950074 -64.7354323073245 -27.836921492778544 -42.75658369098478 -35.464199964209115 -32.48684768440775 -80.42291149377184 -88.37646736611926 -39.43464497024676 -58.320816075816495 -42.324136809841704 -81.71525360243797 21.603285083335805 91.49515781828435 -26.7209420813207 -93.59952083362433 -13.05856976560635 12.130637780963866 60.908555325472804 67.66929895303468 25.479334271159274 8.467815438997619 -32.54974045668415 13.756102335033887 -37.94801383154489 -11.647176519540906 -90.51828579096295 96.1632216790778 -71.8816793701356 -21.638023936459902 3.5321648240830257 -31.078270347266795 34.99322602959015 -25.09589281074696 -6.5167016057671106 -72.92587686884526 14.539788435299286 -82.26859933541179 -71.63014016839486 -51.53003212037228 82.55118211287754 -54.2203002062829 -2.8375052995840235 49.77188141687958 31.90156892201773 -28.143926411884053 12.419530820068587 84.07785938643141 -63.718357492188545 -21.33815868544808 87.85173293414641 -94.65716866212975 58.161424218189836 23.90706556235051 -66.70630262948178 -57.82669209108959 12.071095221650978 47.36123281776079 -30.889201978756333 -33.86376118625181 1.890098033908444 -54.32120313180635 50.38235004015635 9.207026692924742 -86.61255106412334 -36.44673207710581 67.50691372597419 -45.52497800234035 -21.68366096322893 -29.04314087278759 52.06685859487999 -51.67218991287685 -94.77788763038126 2.6094832807412445 18.34791724195979 4.244628748642015 84.80853939630526 -18.306439646253807 -41.1659806085684 49.02328167936071 65.91654735931701 -64.19090786787626 -82.45055459402408 50.554026126934815 -61.64579496384148 -47.41259137913276 -50.17679999826281 70.64464439463589 54.04338999189096 50.014709568400406 -61.20307772674059 24.09615876480744 13.739710948192865 -31.862936092347155 51.19314293889863 98.65698267088362 49.56541786168225 91.37629046449948 -9.571927546320708 -25.998246625972115 18.90070376066042 -62.21648631635832 -65.15272633283402 -19.6857299545982
98.66591180029167 25.519202628021503 83.05809719168244 92.67578538756032 -4.677529067386871 -85.17199504795644 12.993960156797883 82.52223085190579 -47.23359105495033 -98.22478835404407 49.51914311734694 83.63478947371883 99.95828901771597 -93.21356096963618 78.11477847332927 74.59757911646676 -15.701606852218774 97.83663034255517 93.55115032991793 -77.18090618335455 -92.42540742190374 -64.24679390877566 -53.697085619009414 -16.118114161956257 -48.03685015584351 -82.86557607404012 -51.7474370739472 -23.83641982576043 2.2153024409902144 -80.47800609965547 -74.04021343751248 -47.408648976746214 -32.119199483177894 -67.82214727029353 59.25537587321821 -20.68428797609667 89.93570027564402 84.08709509755656 -81.35285699960644 -74.41639204150175 3.609577304210788 -12.59749887397183 -35.60847621998897 74.52186782582612 34.49658459694291 -58.31421602427882 92.02096285593774 -30.20930123627099 50.032550173320885 90.0505685878289 97.45008960609871 -24.568195780213827 -1.8773733958417722 76.26569207532827 89.47339341654092 -24.588810955852992 -52.017105403784434 -29.3867953974909 -0.6410901834523912 -97.32066695922035 9.17375345307687 -6.431894310434203 -17.82422746533325 -98.2244843858874 53.949540360656215 -59.59900594917722 99.60188423458291 -49.73582785334942 -26.663324792925465 33.27166591443563 61.67979590287061 91.75175848605966 55.53811493566326 -21.421229775778187 -74.95647523241165 42.07957554063364 -72.6956521455975 -17.334438991545056 -44.044342839530074 -73.14978132232537 81.47101955896528 81.31593507934173 -8.55357896019271 -54.74735692795938 23.005970725140926 -18.213951692692703 -63.39828131521794 2.024546894218048 55.70659107039759 -86.16648784372512 94.94728834054689 -92.27665892721015 -66.10579696330423 -52.038127821723904 -39.91067226912652 -29.47317950564748 -80.12800314036348 61.85621595817551 62.62732925805665 -29.431582094009073 -97.50046904011684 4.245599417497431 14.952458495522606 -26.902686286726365 -15.360002379725373 62.61384393386933 -44.11683710585046 43.25989592380881 43.52828560697429 33.58897641595735 92.86733554203249 72.40101798956593 0.4768618667966251 38.32287700376489 -74.53004062477333 -63.313250307948856 37.93096079222525 8.211266789369944 -52.84963722534186 -31.11661604255363 -53.4355612495991 -51.20622356919786 -0.731942374522859 99.51776055009694 38.097326931952836 0.16797653421521375 93.37534096921615 -54.65536221783509 -21.822401782333216 56.5177190744283 14.92848724808664 90.84445679787808 76.46739841315883 98.64111207782679 1.3745725962053683 54.31099345767586 55.22212054241194 -38.88786133230462 62.8503667522711 1.3992540183084685 -98.92962272971609 -39.00403334042481 -43.66931298437211 -8.700556125740718 -32.36167693535059 -81.62063443735741 7.675282609221441 -45.6017127852063 18.409678210886213 -11.506332546236209 -43.7887210155234 -46.21430162943041 -90.6412094855903 26.16638022048518 -66.30230521276808 -69.59977705610675 96.56515679516792 -33.51416355174078 90.81845092473631 15.031011057143814 66.64582653299962 -52.346468749417994 43.474664913387414 91.93180810011049 -27.440558192328865 63.8644264117209 11.134040451443198 -20.579390907327635 59.00042177204469 -20.947204898944733 -12.067413963155488 15.498713594906647 16.256455602050664 47.70300414188969 30.230893035764126 -59.90358303836758 -67.15626259857603 24.175350961757886 -14.154070624005954 16.364970573214194 61.840546522038636 -21.00411107521134 -86.83710437475236 -69.59462415596869 1.074070520314791 18.251453747745217 -17.274235814339363 9.358767347371355 -99.50510846804366 76.29232232593338 79.71707613869344 -19.586891930779245 44.667621788455705 -97.73798171410053 -67.62965687215434 -36.609452580644316 56.755065068991 -72.49750882154609 90.0870137993673 -66.02633850161988
57.86843440005151 -93.25077467585695 10.664481820080667 -38.779270690327984 92.22705126481384 -57.75866586154479 -55.54244122636629 -62.477583532805944 -61.71045495841565 12.80034613238466 -7.215192238129632 74.76235518573174 47.33551580501532 -10.856982476393398 12.217454389246456 50.286979027256194 37.98241569147331 -36.43333226661121 -80.7898901577963 7.47231377844119 82.67558947433193 -99.74442273721327 -34.83028805538689 58.54977290008242 -79.07515240026015 -12.483594057610986 -55.87474813890441 14.799284689165361 24.560303738546125 86.93072126709862 47.79748515199529 4.802514596537449 -31.613973584006843 -83.06234704743326 74.04962747585748 91.47476772951197 -36.617015175313504 -42.07329352641054 20.848661341721893 -45.77697063561832 -33.380695039343934 89.07541698444086 -9.887835794650428 95.56426645445549 -14.052869444871291 -93.87535418430856 -9.563004733490814 95.05472333289907 46.118304475805445 52.573060470820366 55.26571973898129 -32.35524010919187 72.10148236584732 -90.25774250864622 6.398396050177581 -64.869923951723 -86.33170207710872 97.19152940925474 88.76391700711713 -47.56831458861288 73.42671321340006 94.92893197575714 99.66899691925946 -51.18368138190994 56.36793055799575 -30.91757297706374 -37.339660261131826 -57.773879063931474 -63.2953389025078 90.56429328992849 -5.909319424295106 -41.355889227000596 -89.05890395901218 -72.9441934456356 67.46505734901419 60.45103217697735 -96.8321687929907 -29.682791090906548 -25.25369398100365 -26.862119664916136 -91.22464909452248 36.13631618763688 96.25012480320828 -42.78613318786797 -17.189291649851242 -74.89941469755178 36.830252558658685 -14.702666447067543 62.33230372960355 -50.7800635170313 82.4722884825774 5.2376875283778475 9.546041712729036 -87.6090126242766 89.22578672170874 -9.805036017750353 10.853196834794005 48.457611681506876 -26.928569884531157 82.56232760592582 67.83196114865521 57.75984335812976 49.39051701765723 -94.21530000220638 34.47512084054708 36.39751834814808 74.48158203877895 -0.696290226010035 -66.90320763388391 -30.900405661503825 -81.4761437159961 -92.2220265387363 96.07010405227072 91.00315994359516 -30.20223823982758 65.72232428616621 -13.205744237821975 66.3749886079303 -26.761185848474398 -40.49696997677641 79.99879712367886 62.840614556326955 -75.30577519974067 75.69162900191722 -25.41663243788399 40.48075052157134 24.706412447749273 28.26488603681588 38.564556383325 -98.28413683693623 -83.93733674141404 -32.665516120639055 35.464409477092204 -67.98474599463249 -83.54526974291284 -24.789304787343468 51.723618517480645 -57.86307726088295 -23.273134150078477 -21.646284367086082 75.93015375899859 -41.38851228386642 -30.79486079157563 -26.2547391846188 -33.03027808944863 79.00578040101556 -6.433466464325406 -75.1444211928877 95.77365036765849 92.31252734097376 -77.55934561673513 36.02447650948935 -95.77482042711667 11.15079709752311 -54.86446096291069 -73.61201353107597 -27.669576540905965 -13.760963426954476 -16.320902431207116 51.29750106486733 -76.41231348049953 39.59949098988824 -37.84371302128218 -54.55794172468498 7.157896321428709 89.76688786550017 58.54110108404038 51.0701154067315 -33.574913299953195 -94.7166117345915 -73.06220456249399 96.03315278650507 -26.227315099592246 1.1264214480538328 60.0844479237191 -55.62640264680403 -32.43133335401802 -86.89387866821848 -2.519350295468655 -37.78768200737257 45.37984904032152 3.9092039670166656 60.159795590546 -5.207722239052941 -22.247455207179016 48.72696352395607 19.137284426193872 -67.8030485876352 -0.3299011964567313 73.05453413858899 -6.810763957291385 -72.7132661658475 -33.79525054071448 -46.85544158073691 8.616569383660604 -17.788264267373748 33.58681042279997 -11.646705882181593 -36.71126284272888 4.920661115929974
39.94956189433151 -25.326378063493024 -65.67189256222167 58.7948190527695 42.34129230193 87.18064295729354 94.89823398015636 -30.67527609760252 92.91630788542068 16.89991691243884 -50.37270561676643 -73.13057412075288 48.74413905422469 -19.824342677782496 58.24945110532295 -4.604779364040439 6.9280265877875 33.60087694102555 82.54242998820757 90.96465744354617 -86.31686226768657 22.11963202161928 31.862760722407728 -89.50513667125543 -2.2949380384248883 -71.23382226689507 -87.64013639343096 -43.02809915298569 -40.38705285855659 -38.44695735668407 -5.691889567032106 -94.2522416366065 65.21646429692254 64.3022491394334 -21.14175400351637 94.35454381769958 -92.26222902054258 -16.083955339240603 -99.28185681388962 82.38087603593115 34.460105840200924 78.50521216048455 -38.456860868739476 31.33664862983045 -20.680331530297906 -13.338184970813629 -43.88911486705383 48.87654318550767 -13.943517216523915 -33.18097966913456 -77.76508085024636 25.62358896143941 12.629651402557101 58.799496757406246 58.7443456586698 36.32468946979722 60.62438743576337 64.2849729402906 56.080487001832466 -18.215637065876038 -31.8876022172996 67.7125470522812 -40.0522439428894 30.688304610364213 -24.20795258717699 50.168981430647676 -54.16928572951867 21.140332505226468 -88.30413878865049 24.20688036001279 40.45782865112682 52.52626175082884 16.40975486624589 -7.8958232005064986 36.29544564989706 -75.68112149479707 65.31405432397165 -93.30037445676018 67.79334229478181 -47.21263225874495 -63.45225867075073 34.37519915613339 -87.88373469783272 75.7354117474537 34.74367062533568 -68.69489188467924 18.794049148370945 0.7818877102750292 -59.54671298114824 70.44693669410387 -65.52807892070595 54.45540499250518 54.28651138192782 7.295866095294954 -92.69319509245919 -72.93281264638321 5.98090777502145 -6.488607364868997 17.597498741125776 -13.69883569954709 -17.07557518358101 42.230581671292924 72.71968173252165 69.61423059461066 -76.83841784445625 -4.690720854937538 -48.757897139660855 -12.597617092441808 21.921760387292338 -49.360326029578026 23.009378288570332 -48.56269839516276 -33.14330986057527 50.599868800325055 -11.506848902814127 -17.95870913270096 -83.17037214014296 -27.950326183434186 13.574581839315542 -15.485018266878626 13.334639688981625 80.06089754758682 -50.760857970507914 -68.12173134817337 -64.45293962605116 -63.860071230163484 -57.348312553254786 45.326689805293086 -34.046011990494705 -82.70975842718448 -49.69872133566109 8.532462420492678 -50.37066003046824 9.839760372470522 -38.22467874344851 40.22667370443557 -24.187850836243285 45.233698011832644 -45.19862124320224 -88.665302414578 68.32985382764272 -80.59745343523997 38.94458637437276 11.962936693620179 13.293809467298615 -79.69780795599846 58.38585738919235 -67.04541319937064 60.006509931948415 -63.5869579538751 -84.53335380515287 -23.869799143378742 -14.506722310171455 65.87890275512092 -99.15525579379101 -14.344029133872908 61.76424282463634 79.74246451683354 64.36296230444214 14.980084161488904 -96.20191743338411 4.7462620247868585 46.7810063432249 53.16224793865038 24.58006406131166 -39.72408269130234 33.73242242954652 26.020552906526163 -98.69556625077627 73.6384892593862 69.33770673632071 -27.40132719208009 47.617876493910785 63.55109593651051 92.75531632350027 2.471331851252984 71.39955054081193 94.71496267169684 -42.99064592030941 56.790821745611254 90.36325824354333 -25.733880910082533 57.79366238772391 -48.49218092648915 97.38692493898972 49.86646482945437 17.60246885532011 -31.94624805589281 50.29814649591856 36.46050507184157 -10.726194664998602 -10.879902476409 -50.02221211061535 -61.13395990180144 -94.38045056514717 -6.647734033630542 69.34721415993948 91.00719761060517 -69.90995571610753 -42.95227423757897
16.89907417759943 12.048604881192588 -51.351538417658894 37.47469598933003 35.13292136481451 95.47739247200062 -93.65061966736104 58.690314160206015 -19.91431808157887 52.37736668127732 59.56144554925274 11.1171684419092 -1.285028747149596 -42.28703274604608 -59.1828944160417 -3.7984495977541712 -81.00391944277627 -52.90842775847266 25.71568108154412 17.72782671497808 1.3356900641325211 -43.99575332976633 74.72383695818502 79.96603666532496 -12.376372629370593 -15.295580926680572 65.11380397546392 29.357900023292814 7.802067555787588 -66.13001088458356 16.02051148636609 -91.49987906858037 69.72340007993924 -62.03929670772759 -19.855309610256526 75.261994198188 -13.38483864390598 -35.60956048142128 -80.19852368618282 71.92694244913415 24.76504800229138 -51.58032866718838 15.763783073240063 -38.223818369680515 19.3951132106652 -83.95451181086129 -51.1331608234527 -87.62297380652946 94.13706823543706 37.997437363128455 50.391446221232314 -15.817064009576029 -40.69307127109889 4.743999915587693 23.6647176039493 30.165906156955344 -46.83688244471025 77.75562060457958 45.484437898879946 -86.32099192872289 39.735882447900366 -48.65165412511943 88.81025428717848 12.01326971289025 -23.713674805316984 17.528667670760782 96.1717420965067 -31.854595318594292 -15.256140359623174 19.02163563810018 13.693100595754942 92.3338507051194 85.69829641043475 -99.49907004647459 -39.27470010151537 -41.440513905760824 7.347432648446855 64.93743183387733 -17.67473673781393 84.21473779426353 1.423245322887695 89.41009906191135 40.34346147202112 11.303469427895948 64.54662691460382 -93.21579465913106 59.58206889278878 80.79599968714263 0.5515802572724624 89.11431508738406 59.81836732807511 32.08620208992201 42.60207310529697 -38.13846606075286 93.40539860243874 23.22121859749214 -48.64930530817573 58.33118005595017 30.862358649500408 -79.85736272439816 -49.74107048044423 -40.262418747769416 40.05702593084669 79.21709046857924 -63.24496640451655 52.33478240297967 -81.15603443459787 92.05515730273498 78.55216164518569 -49.76969681398729 90.6791021935147 -29.598771605619874 45.688048827083605 8.200564157275664 -6.093789028070248 -29.255853056638443 -56.08905226823959 93.55609188625408 -3.66498169477525 44.928377367236834 57.12095752880276 95.20899535485938 21.474444914825284 61.86702727141835 72.47375971685182 99.40708250322541 -51.098328836258375 -80.1916335072115 -0.4366626037426897 96.15365793942055 68.24411335738131 38.42380302756541 -29.777029587035415 -52.97260788534124 -29.168400186853205 -41.84875936357848 -50.51058644007045 -56.025834458088596 76.10750690064583 -11.988591682030773 -72.16175383696218 -11.864806926186631 -70.62104941633724 25.55343318051881 94.07848171777826 37.56517072229249 54.40542541778336 -98.88916862620545 32.05186892571274 79.59316047448192 -28.067252534307997 -80.37838061728826 -95.71319331796064 -10.2607811374491 76.18418981041376 50.83791376519844 -93.2438964972655 3.251967858772133 -63.07526538744352 -6.750138845350804 -55.797677972441065 -81.81851710024502 -80.24455773633623 77.3527865803942 -22.79404216190126 -46.19028911549579 -29.71584972399681 25.76109582923003 -43.653395152288496 -69.86469938838246 -33.94495490672156 55.96196115974868 8.42757820603039 -45.964565075928874 23.828685121679086 -89.31292153061278 81.04230787399763 -9.88148840387018 -21.85095373733867 -32.491324491307694 -85.68772225011654 92.91197198766099 62.59718538958796 -44.25157239713566 -3.4358787803269593 9.810900940044903 46.13692991839096 -12.662202807377781 -3.1952436085753106 -2.0047932982153185 90.86923422865962 -57.97259377752339 -92.68589170415027 88.57425908447453 51.884834638815875 72.16477025037199 75.33978302287738 -61.10483195889669 -43.29600644770271 -45.844070841132975
86.04535014923437 -40.634676184866514 -47.14613088177815 40.79286822167475 -1.8301397539270567 58.08713980630543 22.99707705873763 87.81829505549987 -11.734204691681242 -0.8533526467250141 -78.63324935358516 -4.192807014745867 33.51033891245555 10.285312670512198 -50.032173780425595 -55.442881038508254 -23.087217086574995 -50.65035019179449 -24.13742586272538 -3.6401789276205676 60.02251237921598 -41.25823158436614 -12.37343501153714 29.068527730229675 -93.05741311756057 -56.888243093497806 -64.06016322192335 22.60299268317607 61.38069228562816 5.592207137932121 94.5728389825453 84.71371083070935 -95.50043578359887 97.83789845222051 1.3836535797275644 -68.42853192434515 -41.291202675735825 -6.093098502547619 -89.59823622930891 47.77926317586048 -9.266303891733301 97.36529121949275 11.724465783177962 7.442787778470006 -40.019776559961585 -1.9802831835965122 41.678281899704075 90.49684989706975 50.77907775504676 58.17024356862021 81.84296463957045 41.060148473916 18.582496499677646 90.84756547459912 43.52132627055042 77.64790452741556 -26.367749425487077 4.032813063883324 27.25675282582776 43.3957198407993 38.94510249758923 -32.14202872614402 34.48485973561026 81.40506864734073 -29.663190024197974 31.357731423256183 77.5346501281922 -49.35918760881801 -97.23197902044069 84.79195028119219 34.22031773377839 -2.338079125781988 -69.61653372774566 -43.705039789826 20.171769338387605 -3.7531274656573714 11.988333112643062 -8.374665787813825 -12.911088987143813 -40.232754060372585 59.24954755494329 -24.387174050115675 70.63409318349315 34.65896182951815 -38.670070199474594 63.7220128619588 41.671644244083126 -79.85942207285856 -59.4019776514175 42.778655689495395 -15.15925225800865 -42.760245428841785 2.7260366014838553 52.82635508266253 67.85275912281813 -91.60967005657743 -45.6519399097034 -92.60658610531382 68.37619725873802 91.80860890503658 -54.01968804587527 87.29761429199101 7.893464791821799 -85.49400701547056 -37.99790603764421 1.2761770343099812 -78.99194974224704 -30.80617077166248 -9.657628546269464 18.316760463025815 -35.2798030096605 67.44731610828265 97.15163611747937 22.44149004852048 -72.91453614307085 84.02472193472906 -55.42423811705661 96.79775473313782 41.65899378317778 -77.75277565532473 95.18453813736156 98.11566882530758 -34.989102402373334 97.77649699720251 51.8379499126369 -20.642500251650503 -21.688363900670566 5.990805840728399 7.6472693668565626 83.85159838800936 55.81653831128622 -48.11645384120371 12.762278935654962 -3.347167233614016 -25.83946760191853 -84.70740149557625 14.44527627817915 -70.33121886292176 64.39908523964226 57.07080982764842 -72.03995074871554 31.344288340524827 -66.39831317228541 -25.974590160791422 -35.93162935179102 -75.05188798397123 -89.49303820788698 -90.24629651469058 6.145263929540846 -47.31625151534953 52.147434855422034 28.748683132596824 79.41199929930923 27.65424147848914 -36.673685135024044 -51.733234162962674 99.80862750599502 -0.7464053084086828 -53.90238335211048 62.4440442129781 -31.962192987962126 79.88685727357944 -49.07367207416373 45.03694817276886 34.1170802606901 53.027738073439394 -61.579963920500866 -84.26530420074292 27.47100205088313 84.26589008193477 -99.36188626625855 72.41252312243424 -49.20025896175444 -40.278672586330046 96.7086468472279 94.56242965348224 86.58292104278704 29.266723263160543 -87.1157292580404 -65.3047312856964 53.93521803726492 -37.65014854221938 -46.02824588221257 19.967363419578717 45.73190609701825 28.19308994903261 59.14727755045183 69.67799722070305 -58.73020604131685 -78.31090132172335 -58.36258360346349 -22.995608858709502 9.445159562200672 73.34438797513945 -44.519518098759406 59.36421800020679 97.56428771546769 48.32637344863491 24.22506177806838 58.6263350303864
19.530569319517312 11.034379369739014 56.39264685153577 -3.6404457357815545 -59.29345332724696 93.17200795852682 51.232638233606366 -2.7375596794302055 48.14871725224498 -63.33158010640978 86.87371341066748 77.31973769521127 -59.02981791062432 -32.96352047750662 -80.4953849225176 64.02875958589402 66.95860856954528 53.31965296935482 -10.65184407823645 47.699724524666266 -11.858984324664974 -9.73298755704488 -3.7334584246531364 -86.24476616900039 47.05609274276961 25.254945008201773 12.65953348353041 60.41132227304317 53.571255002883476 -71.20687724912608 -21.709768807571763 52.170810736608104 80.02118081565771 24.57000292713512 28.88869210449556 30.078272926837627 -23.99832577993979 36.792893354012534 50.21509771187459 -46.614747589020624 64.19325331045414 89.32617019754778 -13.215187941633303 -86.33155496497216 -10.6531412404794 -72.5385981672957 97.84605324204776 53.70360133168046 38.93195585655309 -19.50009186457929 34.19437947486861 -67.4657258504808 -28.9345340189971 66.2164689538925 -77.11798110470022 75.235542496742 -79.03213542020251 50.037246087532424 44.13886361090766 -95.58221212946589 81.36272064182191 -6.059010800134601 74.20450164789949 -59.56003833867125 -1.9322604001014838 -34.75418694333776 -72.81658919936136 -59.58295894125698 1.2127918163881333 -6.129781517345819 80.99030889203885 59.45138540700603 38.59555432189572 -26.84404073459625 -4.918185817901673 -26.653639617043254 32.39121632467868 98.18822791600167 -79.26608323886947 2.656741630265884 -57.90728109459544 44.55352003236817 86.36473077340756 -15.473809448489845 -95.27937375033471 80.20891644455926 5.348329016640548 53.13946990042328 83.13688577732364 94.09961664640954 -99.85687637577567 95.2417959585326 57.264750119822736 -18.554718230700118 62.77138266882412 -7.767166422531886 -35.44107058421599 24.955366937311126 29.94344573522082 91.705142813805 -68.51063345000756 70.89094064482424 71.76365597443623 -31.207990073646585 -52.535699491846884 45.399889427820284 57.021356560339285 37.24982983635297 -74.53500570835041 56.262109838849995 22.848600006251758 -20.863343622582576 71.51328882303002 26.97701627136597 75.73834617198551 26.126054553719968 -89.65022642571338 65.85914467239255 -77.16821123413573 9.51451102816607 -53.5530947278622 -17.184183418958327 26.846056409699415 11.772472195898786 -46.493687882192745 -18.305122472740138 89.69449497272757 32.404584430322984 4.85320161421501 44.810725202322374 69.70412871193804 11.482920581913987 -23.23927517580458 -21.22308471819332 98.68848225008824 -42.88992699055649 -81.01858432745783 -45.39540714614046 -9.854006918580609 -13.622659512202546 -88.48771403881591 -83.08705702639222 27.585753673393327 -40.51656365666856 -18.928997410344977 -4.496631749259365 -42.25674368504868 38.27541836949811 -66.26688610033153 54.73376900854328 -86.86769211298255 -95.24575788400331 29.187062670886746 -44.964511530151285 6.532991054564178 -15.280737453656783 -72.04486513825574 31.201292398954763 58.89686513401469 59.62038795380755 86.24803485007624 -78.57154138334096 84.96391927396894 57.62018095363362 16.85873075425539 57.1657436135165 26.037307230035324 23.68251242258566 -62.52007183659718 -20.61716743326565 30.08030216868417 38.10539924211159 -23.886101481496723 -47.03700359304506 71.61694939727886 -54.93002557539146 71.57059292675504 7.92502331010256 -32.63834550268494 76.19202057767095 -17.63349349907611 -67.39860070769899 -7.657783929778944 -54.38665548556294 13.95819834169933 36.67888884536214 94.57914518979001 43.62652826359937 -71.08637324756133 63.55721833178154 30.589953460233232 -30.933886653414163 -82.96980261632889 -58.253884043638095 11.116811779846685 -33.99789306985379 88.87309596223423 11.096071579622006 95.94962375217514 -39.09987028323707
-22.201605568770972 -10.189190509075274 31.448284936700702 -65.11001478602944 77.99579614305497 13.947890818614894 -61.82808142196243 46.407631387516204 -69.52570758176992 47.797346964390385 -81.10969310060196 82.6571184014388 -85.99505322728227 66.2639676907402 72.02044865807216 99.478178221115 -93.48774478997515 -68.278700914927 -3.270197522293671 -35.98713072683999 -91.71513522905896 11.864605873665312 55.97424637962777 -84.51235567416732 -86.68136767183017 68.19190926256849 -77.077767444818 -42.7339584150302 -78.19807629972331 -93.13461592509815 67.52801684949836 -47.443557853948846 82.12590894778808 51.51815556013514 32.08053662579644 47.806169727531625 8.73933168625878 43.6095455278309 23.390860826053 -70.34848054559822 52.49407365247785 -28.583802712815782 -70.05043435006593 -83.42932559542142 -33.12617866562687 46.43490057749571 -69.70330746444024 -16.6225322525853 -28.018931278228692 13.976859235478486 -74.29307799335842 -5.005538935307371 -57.867152597709584 -47.662229437999045 -98.2272036513796 9.589692257771503 94.50745340755088 -49.004115201249874 -2.9266108453940234 25.37790068759074 81.53250235755328 44.28513921484111 42.972902631632024 -73.53246338038981 90.69901644890436 -17.918025542749064 51.0699184854451 -16.143067811469876 40.50908138539771 25.87858435806305 -26.347217848327517 -16.454883960241773 -73.66233455386325 59.045269347851274 -2.7820533661999605 24.25923041692637 -9.16794646608028 -72.10710252072418 -73.10727538763244 70.07623838414744 24.06842264770397 64.65559920152333 -13.615166022311186 53.6787322640736 -56.078542378091775 -14.04861052201052 -69.8054488399835 45.11526693829251 57.09156422792762 -99.03105827994152 45.37837663604515 -64.4617031518744 25.33833893029403 -58.48441735217842 -16.721632719098608 -92.53014564730941 72.29342471326362 -55.67392395180182 -46.07750062034675 78.4326615156489 0.4696713383801807 -15.108665861777482 -7.412302432071627 -6.829498005212443 -45.39788365210011 67.58882457816026 50.02355802050374 -82.67481301419991 -12.889918717332321 -11.542561094889777 70.0363011879054 95.11595387701163 -42.43923595184502 35.29828824101736 37.31121135136232 43.27461412774599 -45.856158630449805 2.9971219669701554 -57.04666473631281 -50.73388668193473 10.310010661907668 -74.28514823076726 -75.4932973192894 -11.7132701581194 -25.21406425320174 35.8081893339905 -42.17467527236318 35.6139333357589 -49.77604830335862 57.97250696634336 74.2152295727193 5.8008430912093445 -67.30412725108552 -67.7327250047108 -30.651234031499413 -76.6674667656432 77.5091321281729 -69.74198097488599 49.40664410137566 9.920766639162437 -72.96298825217613 91.8258584019809 8.96364613385802 89.77532987275742 -79.17160247559568 -52.26924331835221 37.22490277496246 19.720586543827395 -79.03010252120842 -35.23385799962793 57.113425077532895 79.73385333998155 30.17432874557872 -50.43817800729504 -66.50003771673985 75.64738599117462 -10.072123712326814 72.8407111033396 -36.78763827816511 -72.01211191592472 -72.7277570976646 -99.03266977135574 17.047121329084675 -69.23573476909503 23.44425694522208 -23.844288997667732 -51.52925730693598 80.61698636603953 34.8989991720679 28.935854334930212 -29.381867548819514 48.44620947719656 91.67928068247966 31.240147498614817 -35.06508092517451 -16.48860915208195 -64.12056242137645 90.3162363764153 83.34532509509361 7.440837363941583 13.43088243232684 1.828747803908641 -59.90522005314958 -2.7900495191590835 81.64254062697808 82.15139336153382 81.86514641053236 3.519279290035655 -54.09632867687073 18.711896165888973 63.101595897047645 -42.37786982625016 -20.97316783089984 59.999111082153405 -66.2159970403346 32.40478547930914 -9.697891503647298 46.5771527675125 -92.28699196769685 -74.62396940689646
65.70597789588447 40.23846413609789 47.22114561936695 -79.11128458623907 44.12711720861756 44.93430842096427 -22.619442352927805 13.220700891963588 -24.87056261943978 41.24328827112291 -54.22226854805794 -92.49848489267217 86.37225598173691 -54.7317313509381 -22.06643459464479 -71.05455004946128 -11.99940127133874 57.77763637584869 -53.02658421624089 38.64553822023578 15.708895961585199 -5.7792103844479925 -79.95562196750099 29.768283758643463 71.35489040921595 11.990531302888257 58.69275855496295 58.7762133930797 -9.808015431090794 -8.734185907882107 -38.28486205795259 -60.52332660481288 40.26474374389076 -46.913961291529205 -3.130341297384547 76.23473004878875 93.89413190439649 75.00690912492672 95.0912620235664 -18.764227036525966 -74.86360093858252 86.49084700573644 49.516378115800165 -99.69587247291322 -15.239679328298948 42.83451964951942 72.96077733611978 50.5142983465218 -83.57068551985829 1.3660031101580614 68.73905082924517 -41.149179319222064 83.88251644645797 -75.4583473522167 83.94066540722079 23.469335724687852 39.47879747569189 24.493666591389385 -17.236550673140158 -90.74080029899794 20.381137495981477 78.61845464074804 -89.93910536344274 -17.897373218363484 36.89218431570757 -5.18217298159675 47.55900346800158 -99.64909879589186 5.2890659662909485 -59.62204804233095 69.00046361359279 -27.516493308172613 84.96495965883892 -9.104650408350935 -70.50846137199437 36.76345898639832 -54.66722658778163 68.02234582709136 83.01094924468956 25.30903542703544 21.38876227463689 25.732713392777057 11.978586119022808 47.68942872450296 6.332712687202033 87.10045620386109 -10.347484595784806 -93.29979265355573 47.84189762861067 85.36833849544817 -62.64084913653238 -92.36988946370393 -2.0394862535743954 29.598586276236006 -81.76235229439837 -51.896951832406636 54.258774010025974 -54.47345848024554 42.340611519972384 -61.23797919749627 -49.45394378117855 -20.918526842258473 50.94436611452841 78.53566045399717 38.81670127997705 50.71440309996527 -14.731751127534935 1.242109145645017 32.60817086614455 99.23643108374705 62.55513219963879 -64.03586163048196 86.3046869941779 -93.44785015670698 -66.79867331139242 23.104119603157898 -9.674060112011261 4.402757706194961 40.33831431878468 78.1621899072957 3.2381860989159037 -15.04281377886285 -45.39927747815351 63.409948164096704 67.07949443062057 -21.6532617566684 17.430131016235066 44.472041522154626 -81.46826287498607 -2.270210714588643 27.972980770816775 -10.965541942242524 -91.52475821811683 -91.61701879170019 96.9466643641588 97.90704683594848 -92.92747960587795 29.729106103819646 -67.868894488975 91.71151599188798 42.21626905141835 65.84019348930573 -46.373941628245106 -70.05653541113308 5.32136987404121 68.40946356870066 -3.4399439493884643 46.14614894458225 -84.58247481840793 -63.65339424368135 -93.49106594101278 -96.26864925769311 -92.2512856606905 88.27656946485325 -67.78706008654274 45.31144963281352 24.806050522421913 -30.38293939967376 47.232344400975194 89.7734497639589 -2.6645399991354566 -24.325124213723086 60.51582168968932 73.4186665957472 -91.9218623920373 -61.160098256163224 54.146536443860526 42.17281713153707 56.702453544319695 -74.687365828538 -82.09024976115352 90.40023828957621 73.04406781157206 42.72524131329956 -80.26146148464571 -56.23219471735157 93.22898457163433 -32.6067823107892 -47.40652949084596 -58.25195669799934 -63.64442916542241 -18.663709352283092 -95.15229062963601 73.56493786013584 49.34383823459487 12.16404541587832 2.9581221434948475 61.04788056887463 86.24593541023765 81.06475736785299 99.40878473591701 -55.775591429631376 19.898347836550357 -18.738662080732027 -49.54468238866294 42.44499463620363 -32.69622345522937 76.12155312157412 -19.996706417656583 -42.101712944968405
-22.324469059556165 54.27553429854203 -43.58006640846517 -31.286974203639502 -26.93771977237877 1.1248903996033732 -9.38985648267034 73.42337841837673 -25.97849007838407 -9.196237443033198 39.61848350086399 53.16598337455923 -32.92272356707633 -91.04972906042677 -78.28757048755966 -61.04938807712923 27.41416248107936 -84.54219745714386 -7.845780290972627 48.77716680513359 77.28178124410431 -4.635586174717659 18.17797546004971 32.245375357413025 51.09272715028936 82.96707979450926 -10.107659871274706 -89.19792963126892 69.18383460270249 -51.40948412084092 48.25695903105961 30.850328545131788 -2.539578318012971 93.84797650126995 -94.8346640761535 -58.60834215816162 56.925114143895485 3.5629334414824854 -9.344078018460024 -80.44545122143171 -72.54492854207146 -96.0360935455031 -59.482533424841066 -10.17813523109939 -99.24915700808366 -38.678473979893525 41.5820953658272 -51.9010402045534 -12.768032275627533 57.34974955811475 16.874139199428484 -53.43094419670311 93.78636498293943 -65.25080115212445 80.89754500725726 -58.08608860428086 36.135265890524465 -22.49275753404811 14.335108262920926 11.958946092720453 42.126577844328125 -74.51032999631984 31.56902991452452 92.17682979821217 -70.71176997144535 -61.04546093669323 -68.86460484118884 69.84506275278434 -61.435473858287935 66.05247281343779 -37.17238980103772 -12.439475409720984 8.356059851688542 15.446146933579016 -48.07269873939563 -37.622363626958254 85.66786128286458 -33.79757393716076 42.84778396156054 65.46934875587297 91.57372544748873 83.21302584574204 -20.144778840325046 -21.407502005835724 19.75931250178813 -35.97143369803956 -38.730490377067504 41.65654329768722 -6.405156662825348 -34.623633382558765 75.17742261644469 21.536487283121588 32.821922339813085 -4.117834806682708 -94.25540974339854 -13.167356153148035 -22.523535843845835 69.6756089799429 58.0163832401274 47.93367802713274 -15.539495007326138 38.35188657685234 20.160073131539136 -74.69087356081587 47.809003813100105 -28.525358903149893 86.26673557388105 -95.53845253102753 -22.428080089678232 21.965166434582997 91.6875375317515 -5.0599340701084685 18.133455443579933 -54.70291638633837 68.7218837640884 -80.5103448609197 -87.36989471635295 -13.698842743011426 -16.440577806965166 -26.627866035675112 21.9660375137654 68.83416061363559 -73.43969704944811 76.11806596657996 -6.378116009181639 -4.076508189546345 -82.72726187705996 -19.42144812308328 21.936576687345564 19.55062244037373 31.121183786683076 47.99326394785436 51.37528178910645 56.73840659847883 -54.998972081799515 -15.557105429123652 -54.34456338450695 -41.61953033022814 19.702835813957506 -1.5887830434367487 24.1541362533612 -49.99535804629534 -62.277972937256635 -22.82960132204981 17.64820695561704 65.60195649116119 -28.659877030363788 68.38221113962214 3.4975144041124793 62.04058403080475 35.265194072750006 -36.721174283272504 -14.040264478751979 -56.40776006066772 62.56532353618215 1.1929608705498254 -60.393763674933766 9.579284885490551 58.633492280463486 97.83516670513225 -81.4964203725593 -28.104880015505856 -85.84501448475817 -15.495092336382015 93.84117783884798 64.74933837676866 -19.597571990793014 -97.09834633502214 -51.32349790590875 -29.144586932086412 19.287872202767772 -47.280932844483445 -15.771933441276232 96.18750856724421 -2.9527015386660196 -29.401211383091265 -5.068598242089848 -53.145920492520645 51.932953623699376 -5.09401308445922 53.262005220213695 -58.35539517904553 -47.24471673459079 -55.864272833534365 20.857616628611922 -74.94734739473455 -79.70814340031981 -59.93375169475988 -31.97285803380376 -69.26875667889658 -72.81116366516912 -31.205646131057023 72.84984205714525 -55.155198948068104 39.764179126345056 -8.133888031437621 12.739970445689195 -85.51884600844835 13.897501066667559 65.76253915189452
-28.124418485405585 94.37590195183145 -47.840998296790204 0.8985776390147038 97.67115305015707 55.2209229537188 27.61121344010577 14.138717313319617 40.699057113098235 -88.6007058464944 -75.61083504019362 66.24501143009019 -90.14883876090754 93.43396680114455 72.56028835432062 -91.36221859697781 -89.69826149349021 16.799651171442804 -94.80207031115735 -84.20402937147313 -80.22987801882779 50.50416945262444 83.5998987429625 -23.573511136127337 -97.10941253503367 28.276527673843106 -32.83403477662945 23.856288446528495 97.99593545641861 82.07503741777808 35.92949852091246 61.324540250805285 -49.56518071218827 -52.79523481177464 -44.17444692255324 95.08716945185677 -63.181950592152035 -63.263763492210146 -42.96645056731254 36.57057305421637 -79.97556189776351 61.00636241982883 -78.38140481192735 77.19931299185026 43.115082209682384 6.21661539901217 -99.73291979350203 -21.25918125095592 94.50987174822379 -59.33770746906188 -99.34862186541709 -63.37906824745141 24.20585588442418 -12.46621635334418 -92.00294854218465 7.377439427802557 -37.730469048165105 90.9312802784977 -0.20370499576847578 -80.50188230536143 50.01582431677326 94.26458120611645 -36.492289614595165 -85.01872030270815 58.10210072291804 -93.75065953515261 -92.36745469247167 -52.17000418725024 -80.78140902887071 70.07001999343728 -75.61335568158106 88.94211119285848 -1.2804899714440268 -69.32414812943814 6.449255621305227 0.04582328737163266 32.8353999240704 -64.92652936438132 -19.721578792900914 78.14615675361964 93.90862236886178 29.363491813262414 -10.970375559128385 58.74144237741652 61.2210690487251 -55.32019094990179 31.43016135922963 17.954338786563923 22.70423484540551 -39.93885034630753 -1.9860874102721908 -99.29153762126299 -56.099015179981215 53.78166399943703 -11.00494902912969 -89.10055583370927 -92.21478563571908 -91.75100608425493 -34.40393380475851 -67.65420672080248 43.03854090042185 -70.69843616986937 -81.31377821199517 -51.93366089138125 30.81701322507257 77.6593496491434 -78.720727823658 7.90548946774841 17.970468889036198 62.90393687783563 -88.20456052378604 25.64480881623956 -17.044576231835748 54.505353174625554 25.418266176475086 -53.39804896593006 -88.28081484641473 -93.20919432819285 -41.160241283059705 -73.3438370972715 0.45226291598248736 35.5555484562031 -57.00840561637355 81.4313597008117 92.98733870664651 36.9952334869038 -33.5333714164352 -39.498784834293524 4.177169793392025 -55.23262837347149 54.78634074019101 26.061507667943772 -57.35030971601225 50.151776271629444 37.99576117366763 -55.89850740200857 -69.353238309428 -12.169336880328487 81.05773954428642 -45.156110177007825 -29.891487168536642 79.53072768121152 -40.98766257934201 -50.723483357180314 -74.45531694945183 -87.10013247982491 6.5217835985937 27.27811649498409 -45.537289261224466 52.70441319481583 56.38238129699283 58.40583988547698 -77.12729989822202 -0.5735543375132863 71.77336236611146 -33.04532228011199 -87.70233127777831 -64.15824690078904 60.254839334388976 80.33894930737512 65.14876626487236 79.19212121708526 22.421703536487556 -23.541072379081157 77.004216693577 -84.44582615899225 -84.77546220577061 15.231374432736771 -81.23452729590801 40.62201735339636 -42.10679274933244 -2.793564993113165 -78.28834819288451 -83.58437227415257 -57.059176891302066 40.17694173091667 -46.84873128503495 -0.884839285376259 -96.14283256493026 -77.05242711966716 -86.97629026164265 -68.12249377184334 49.74433319214299 44.69596161551411 2.147823516659116 -95.74235725129144 90.39767325812505 -99.96031070515059 46.27493437205416 -93.89881810541816 -59.65130743529927 6.035155455681746 88.06974303186848 -91.15643173344222 -17.70489613907378 -18.076168091240618 22.308914294296912 -83.75965843526498 -73.00811347322318 56.92167258982931
