-67.62778435026588 -12.639821258535562 58.699310360207875 71.52740936672072 80.52484087546665 27.956208953291807 -99.39292460413616 -34.73788180566308 -18.833557329783474 -25.50806976510745 29.51505545570211 99.27373994667576 -49.71857163250877 -98.14554490724478 -62.12528976225482 -78.5870788615246 -19.54229615235836 -17.793570738833452 37.35249587052337 -33.64386772846528 86.59423792522358 96.65596147112831 -83.22111360955435 -58.32173607955762 -79.46042005307422 10.834407827632504 35.11812740918796 21.390236450631647 77.21124892267099 -41.0368608062377 80.7774801704268 34.44988402155312 80.04796818577958 74.81732372443574 -56.03666174390358 31.097631038183778 85.15278857038945 -45.40998970940082 96.46143393804905 22.02983691451172 -77.41162699119211 74.81026966300448 25.962542740236444 87.6274023381529 98.64913536817187 -15.190624478773003 -16.0231486154035 -10.846017881571797 -98.37845890805322 93.47883321364387 36.116620179581474 -92.51427180177205 -79.95301585857334 86.4397410601438 -35.426153070433884 -44.552526138751915 -38.820858860938735 -90.26959149632572 2.0204255683784424 -79.71219054639802 41.70951602255883 -49.59828096618162 -12.227922943852889 -84.97548850204883 -69.93036573967765 -45.301433338675004 -34.238163928960404 -27.47975232077522 83.86950276009563 2.9465537531558397 34.64627002938238 -52.50460943004016 -56.793421873972825 5.17942909545819 -5.484509639220491 2.2958102168870482 -68.78959476748074 -53.873692377132755 -53.36028916055595 -11.45933639377867 -25.295813454540863 -91.53407906623212 20.92453118309379 -96.78806530915043 76.78137730116131 -78.21361772506967 66.49384969839988 -50.72557541865417 -5.592939030067129 -30.56682551620989 -7.025014788076845 -5.802222274909525 -47.97854336529019 -6.692709496920116 66.69624194082903 46.087683056370935 77.64629618875199 59.7987519156481 63.48121788805264 47.407533123967994 44.046434177359174 -3.6323296035189117 -2.0648115978190447 49.345397431129214 25.617676103802992 -70.11217836209201 -36.21550757620877 -72.98322923691092 -78.35109961602234 -9.448496404570108 86.45223475027262 49.680284766140375 -84.69421331602479 -97.01007374504333 -32.304374568240604 21.476987291635496 -14.256464943913656 -87.80081616093752 -90.38094162956838 -61.129551045955964 39.56739626136866 -38.83826984879046 -67.08480151983211 -32.250763971616124 -67.35889976868242 18.92382036399249 -31.033930167956527 -2.8566142474629714 -70.40300056841176 74.68358403398872 40.7443239642424 59.32030241172862 96.8606397545737 -29.800510469283623 -81.35546123158967 -25.731195213028442 -58.94853973371361 -39.597074600779855 -64.97018858337606 -57.64254652072489 71.35915806818304 82.6214825056091 8.709532846764347 -77.1104059547463 -96.39243974881451 43.36675679755194 -37.368878058001464 -9.274564568908247 40.082588534688426 53.254286733625065 -12.885214012957107 35.52704629119091 47.00500807641248 23.49797550052928 14.750616750689318 78.76303837655709 -45.63629413295027 -56.71715551484231 -50.94649613411644 47.737386005164524 71.63984147660847 98.93552657084285 -0.9882243400113282 59.23533484011071 75.03917889494377 -58.45776325143195 50.57030017981987 43.93163910205905 -47.83632393344617 76.89836283310649 -80.35421423879225 -3.318695478147532 -0.8973582923149195 -63.748737320500595 44.08125907913464 -66.45167967579405 -37.729186924248914 -62.511372267779784 62.35443591971318 90.72601479340986 4.029093038045573 44.857327155878835 15.36119538083085 87.58715330127308 -36.96643485874462 78.8223519928116 72.4659258901859 -59.34095789158364 24.262521955204505 -91.02775012832053 -15.603812391773616 36.77622798276681 -49.43484703177952 -56.52309266743869 90.69430128918725 22.23593889685955 -96.28162681921107 4.048150695203105 8.438043557878004 71.63301961939047
-32.82357895737542 -39.46808180488941 83.024990612426 -32.01927532137323 16.731970904178723 -87.90107272187105 73.23724111151301 49.338125657625625 -47.54669403464704 90.34109976318885 76.59834661148105 61.34207977785485 48.36547204767052 9.134162238510939 -37.341309892676456 66.91852497437841 87.79849850936162 -68.6326793126785 26.49814621111146 97.2309289673473 -4.517975578492411 -34.552264189912265 -9.19869262744615 -81.29936053606464 -28.122324975109052 40.65180374698261 -80.75957929783182 54.835709812711855 -0.5536281274729902 -95.61983827601395 -9.276109299730791 4.314989865693093 -95.86036964707598 -48.06329021103004 -29.625606884356742 3.029983228716574 91.98755573171101 56.493554456709546 67.54526334858136 -61.676009922191554 -50.16383968950504 -93.2580151661088 -48.30624106068897 46.432466812611096 15.554326412137968 72.6859232150627 -70.20253694291354 -34.617139819418185 -36.421988217560816 -4.981985387193873 92.28817238474628 -58.5711048048873 46.28949145796233 67.83267968958054 93.89180285112616 -81.70588029114288 -73.11642692207258 13.586709669296354 -65.22406246082977 39.6518846719091 11.513422456871794 -67.57888808975616 92.84191426654354 -17.67327345508491 58.988009936612286 -52.32324235149637 -5.854740195281806 51.480536457830624 -42.175583468899646 -26.26391120110702 -73.02242803176786 37.768370402760695 -26.791876035218266 40.64022251779389 -28.89373710075178 50.54646944801982 32.032484776154206 -51.082864787683555 -76.23638370561063 90.60203906069043 84.06120945357625 -82.03323946406175 -56.93561586215503 73.11854218972246 -6.596768506282814 0.5675800245445402 -69.90274285149846 39.225860069182886 40.85254919661844 91.83475682271302 38.947506149857816 78.06178947991637 -25.549718358819277 21.617005079926386 -95.57051190944614 26.264624614159644 41.94745251135092 -52.34256186752451 69.59778011687675 64.50841903259493 82.30694900043233 65.28071140028513 -40.902959098027395 -88.94823092455621 44.87370951963163 7.329119634254894 84.47972637576436 -71.93499893549404 89.08046145814029 -12.308008678744415 -8.504967575843935 -82.91859848663981 33.0924128503718 78.39534503961329 9.833865701111051 88.63133280052992 65.56702675747002 73.15749894466342 99.1419409552986 16.354113166386682 28.633548699540768 -24.582808527335203 -93.93624088144263 -77.67707570826978 -59.941808342125704 99.64886900891466 89.07005740662925 97.36688852392496 33.19173543413919 -60.37670707386484 -50.73763422102435 20.13699648176481 93.61532341798059 62.780291080901605 92.11129802377226 14.592208712198996 -4.730800262708286 96.021857798481 -60.103049263057095 88.1833803013619 -51.14570672416898 98.28871580572624 -79.0311823841193 -60.58047692099353 -45.414041386803206 19.922453654356758 -85.82042791988538 0.9044558298672456 62.59261911736422 13.66961062328862 -19.450433480911215 46.75233181283758 70.23509124638454 25.634254212232904 89.72809776063633 -44.53847009352254 -22.5590985695232 26.582765115999834 97.03026537649146 19.847293133414908 22.017265020979664 -86.20925505223636 -1.571630880421921 -1.0008528219842816 -30.60919326212354 83.31486082250106 -15.213327796092656 9.822989999582305 -79.45902311477289 -49.419206328792576 -3.2408941853857414 39.75074601514797 -22.350850768018617 -3.5579889787338743 -32.36558829618514 -17.65601636764403 -90.30442979165612 -16.60986584015609 57.13767099204799 86.14947291451008 -2.171038309646775 62.18487692939138 -37.412753494480924 57.338790241434566 13.258437781151372 45.838505591839294 6.607705750048964 -23.548173210319902 57.519590948979214 9.035958128464799 66.36309954449123 -36.11928915018521 86.13253397551685 -82.19822117206326 91.81236024931505 -42.04319697135652 86.21312641139843 -61.85177528877224 -68.34190280293089 50.830403093479305
27.91336517839858 67.91996744674432 -82.81862074120534 28.728065042407366 49.53564040021615 -47.29238479503628 73.06510782795581 59.80327328990441 -19.216025807698585 -88.8578040362878 -59.87894206692395 34.40989775002902 -95.20977446152474 15.439587931217758 -64.48124110869229 81.63583103648753 -0.6259761138552165 -56.05733000061108 95.42451611260051 -11.520030784936267 43.67144130775182 56.13038104096643 15.749081377454672 52.806750604273475 1.1496291449762026 46.834089804490475 69.31965447564593 41.649105379049104 83.92168822594778 84.28480201396738 -43.52842968273212 54.999477205073276 40.07064021171715 -67.52523700682313 -83.04443467748933 2.614520642910989 81.7980365885632 35.72402553735088 -95.26139995014213 85.27011680964401 -29.6313819673113 -78.01688786536964 -0.6966007840526487 9.053012768536846 -82.9358835461659 46.21966161575335 -20.98387819123036 31.876349119002526 -88.07914771585865 97.49873642616777 99.8862744136654 85.54829693684763 48.67959317602069 56.48038072500523 63.12160620249006 -21.78674458370176 -45.03169641361164 20.170131156584347 -50.55624843850257 75.50774333035324 99.40397991866422 -23.55305099492098 -84.77712403516986 22.312652816002057 11.134536890542051 -1.7319244747024953 82.24259878643082 18.1035848705623 -90.92090864259465 -35.00440165088048 -62.413088811497985 81.0897514861845 -56.33354149606529 -20.43944735227501 93.60628765675827 90.44598118629054 71.20363877331056 43.60956984002604 -41.81520700993586 20.88705175111521 -39.549012179080975 53.40600666150479 -95.6437341505878 -14.538001281250288 44.94015447879599 -5.476137399491549 -47.16482676758977 24.611074269985295 74.59017002072773 17.56995838357453 93.18423387908169 84.14622379811206 -51.372602796791654 -21.640878798063795 -6.729692745491306 -19.536953779970403 59.13049133073227 -2.2942606191195978 -99.3748556496671 88.98646331447125 -65.45110500044886 15.600591646368628 93.0856646021206 -58.34932728797535 -75.55804424016203 73.73787147983873 -50.91371163529303 -39.622436636404146 5.504602738035572 -67.21538523048014 -51.28442738488077 33.56318030008009 -49.877276197992515 43.07132892030987 -61.77903643501115 -54.205156198342344 78.43109739069007 7.249557303587736 -94.01266771066294 -54.301869112442304 90.69420446412425 48.57872703669477 52.237691718048296 1.9180308727716238 -38.31371158329559 63.176880342893384 0.572099754055543 21.07499673764896 -44.49720802335963 41.62585074818193 -12.691826947173595 -87.09232617651715 15.617123184760317 43.63556758322483 -76.08820291848492 -17.310939062320813 4.700963706393395 85.20052852998944 91.91823444306445 29.668792686954447 48.97643495748062 -12.99846418941668 -69.21182032566043 76.89905840510536 6.326248889367548 -89.56632334690715 -36.82562867196189 48.42767196948981 69.51484671975118 -15.531696062481132 34.63805737491026 56.04413987478145 -72.43755911866126 56.67806164867807 26.345677938308043 -17.21174464834388 -68.5437987288817 -66.54775556142314 -9.739327789549463 -29.328730870716683 37.77698536492113 -40.18720084119016 42.81357547149506 -95.3738919375403 89.94755706935854 -5.844167607802376 95.37236008818311 -40.3162933946021 -33.818726631004225 52.95730373512191 32.97871111778093 21.41449497251031 -43.63635720778771 55.18334516334818 -90.6719611339311 99.40512114095387 65.38893742335048 -12.487162139731595 7.449808432533914 65.12827196249489 -71.2612843208485 -56.164219723477785 20.84275544218228 -23.878879390743805 76.26479850923133 -87.55405610584111 -40.02746106249349 -41.38855567606663 -83.81212357195497 70.93770161116464 83.97347080714192 -73.22275592247884 89.95102493058897 -10.596620004789912 26.55122676191131 -59.77486753820409 -28.4343559246699 -96.52443651833669 37.65966473935822 -65.60835338357481
-18.89375686153994 77.64006969892202 -75.09574364347434 -61.340793113144684 5.939063930276916 -88.54963335497747 -40.771712935782524 -28.226136361000883 -86.66395881254856 -81.90868399007836 28.90195289326354 -49.115790978329386 -92.20863487443327 -30.27530549639019 36.319177300687016 -98.92790133454092 -60.678698491764415 -56.770907413237246 11.536681228896214 -54.653141880492726 -25.261614516026157 88.32110858463747 11.301308029018713 -70.14890493562302 78.728705491516 -18.50798941953296 -85.09553477078357 -16.235868676328778 -15.546045793184305 93.73599400672592 -69.60857126804736 51.31376579961767 67.6495014511348 -52.97443995636242 -24.212903295469502 -78.42701162790375 -86.37545748428028 -40.57480440281069 -28.805777236203284 92.37067379779856 25.666754438411004 -59.88104803190184 22.02705705039034 -42.276088846523386 -46.811243705802205 12.227572629631496 -77.71043628142246 -47.352016931656514 -63.44545910910746 -50.19305612608995 -60.97846678424832 -62.35459223406594 97.73287582960572 -63.47010181144179 -21.607101709348342 -45.88217706667286 47.09388545174278 -46.34183061973361 36.85663982940554 -13.269644656444427 9.532879375924438 11.815981729896151 -91.37221858070299 82.41168496372947 36.30501853731053 88.0884392481743 83.35792639627994 -78.19368701556195 -30.31621699019918 50.55735005367859 -85.4586053675362 35.1058834431027 80.58101579627791 76.94113895060698 68.22537438822286 99.81831418372704 61.51589722541735 91.52399981338272 66.94930082242126 -72.39788263309856 -43.619968258898844 -60.34923850396427 95.80683502105879 -38.21405581660839 -28.169147148401024 96.96128817304094 76.09855242028672 22.697903312064824 -22.484570214644634 41.402992945368 8.927149367575197 -61.296359235738976 -16.401625816558976 -40.6377186357395 -58.71631750034434 3.006179279367288 -46.50101085054099 -4.89500924109403 6.0781886070178075 -12.426922185994641 48.3320856618044 -24.75594449806718 36.15743670214101 39.724732061379456 33.62849547907015 21.63981576632625 24.678213592179503 57.49918715524214 -93.79698860809027 -39.93968621155544 43.845463250925604 -77.66492344601093 -82.69376507572557 -85.56186608640242 -69.9079272753471 -86.30339668661134 56.15505844411629 -68.91189139139031 -69.47887663151262 93.12913619042229 91.14579351167544 -42.22488500971204 76.5850765455213 46.24999204812977 -88.36199293723047 -12.127377631702103 4.1665430089765465 52.438418386047005 53.128663628645086 -14.496593832415556 -99.59981692801972 -19.285214156597092 -38.18836452510806 43.7173286492075 -18.18303298035279 96.96420196312769 -75.24215280648079 -26.283643849150025 24.075639600259294 30.940493297025142 80.70308707023119 86.13258852702376 90.10050349638615 -93.33227803711756 35.10226397934261 -80.75604452016549 47.52349435704309 11.774820374579903 -21.41778676142269 6.015192329011526 41.52445635834067 91.86911389386626 -2.907875760036333 76.08025789506999 -0.7881287611385375 46.32069007795613 36.51129466644261 -97.88228863798099 82.89179027468992 -61.50216916341553 81.24436477207334 -17.45140666191564 -45.2532573075644 55.02035778716697 90.92444384138227 72.11967670903005 96.49304457690135 -72.5276545816265 -49.929057935089375 14.984603903958103 66.17259340172347 62.589755536032925 69.20251240694597 33.58280333434456 -57.827599812617024 -57.958928919876755 -36.80989441526066 10.323886202386447 -31.057753231796895 -71.38189987732211 -78.81692160577111 1.5068084484221203 26.051537884338984 21.43176657068784 -85.35878007847262 -71.8161451838084 3.6139252204163483 41.6343187237033 62.80946937071289 26.304873877159935 -58.63991815325584 -19.43047416751142 -49.01968861949919 -33.74681955482018 36.5179876925512 30.29888410732505 -90.38295236962732 72.76308176306947 -90.57563069989827 -1.2455634590713913
15.791072411153493 -12.484625310645711 -33.109605257679675 62.349617258570106 -68.63389843242959 23.947987176682844 36.989171947246405 1.7869897003149475 -27.53392301499443 66.2886379011029 -74.42745617795524 -18.980149156962668 -73.0605930578605 -94.59916624988325 9.45386261033039 -10.669802164541238 49.9729905856322 45.93991653065294 93.80310083889339 5.672864381003848 84.7338371481334 77.13606774711204 -74.36271904039182 85.1212442818769 -47.463969007810604 -16.931615344017985 76.91639796215662 46.41245170495458 75.49716889275683 51.43914500418376 25.925437781927883 12.777462333685492 -82.67554395635786 54.052390979826185 -22.129192553511956 -8.100405213818476 3.2388455979363897 20.33836876145014 35.122359143791215 59.1096298512208 -41.07092679314608 -14.122692688970133 -0.6862582270930346 -3.556155334626922 -27.007597366980733 39.65950393092979 21.6080442328616 -93.641771963323 -94.44116521542547 19.978381548207167 -88.44090137060397 -25.161669176219604 -97.77336373652264 95.17086125732405 -97.14891825258485 25.42172684735951 97.87008638301748 -69.10249220398114 16.799308637730263 77.55111596430717 -70.49412953761782 -35.33481636042268 26.710980833661353 46.776912025782934 92.39140971511316 -85.965062643819 -86.71632341413256 -90.88244672343873 -58.891783933953754 85.00381827807186 -86.47213260177122 21.9093447540196 -49.171022670150435 51.866341009522245 30.16301399759601 72.02471247331016 -91.4606620618362 -71.19050251406654 -9.563077994198352 6.843709317966429 -20.4435785530344 -21.77469959556528 60.284283902673394 -70.04637176022605 34.60992502983103 37.38159984384663 9.940692207257086 -63.7976261843084 96.72052955365837 98.42420928689822 -70.56009548710082 -48.329178222006355 35.22027841702564 6.572511753410311 -54.11664427745839 -90.72474191649063 54.418340025221426 -33.5078562674274 -28.806095188548937 -38.352989976550745 63.576835828195186 -18.954139673112152 -67.59402654493844 -0.5564109395729275 69.59542080929651 -21.96490672670079 -91.17905677788485 16.82479079868679 62.484802042622135 93.20433173120455 -75.86529700399737 -74.42411506319394 70.25865455905475 -33.34113888051036 42.305466828620496 35.93764452093575 39.519435233865124 -58.40603303101548 -13.469034172179107 -66.62672005951136 -82.2325094966219 -52.243308723265145 -18.21322502445581 24.406224293450578 5.487684071509477 -9.943719140460445 59.87577219969248 -75.18283802710374 -82.96627148035675 41.06081370167408 80.11505994167874 -69.00799047000545 -96.52653663706043 32.33492972190925 -53.425163149218946 57.78582053465749 -99.1852086949981 77.8772058439859 -11.267994752124494 74.31046513231493 -52.72792712653853 21.31523996460254 -67.58502262297804 3.5731971706050274 -32.160577530875884 -98.45331873175147 88.36193570225146 -36.83618756738063 72.68493957861156 -11.854962411162305 -67.67032678889188 -9.042028468059243 -50.6294889412932 -71.19093436886499 -73.57127385162232 -48.36138512510348 -62.73361536878437 -35.00300482834788 50.57845777504551 -22.695686999153125 14.769822949095058 47.60257814356393 88.44836613493928 93.96200229477631 -53.014715512451005 -64.77820695904609 92.41317667159714 -82.37597462286428 86.11418270996717 34.48845638339111 -44.82458896269075 -61.14963374116189 -68.06636012885139 91.16816135094717 25.553068732770654 -53.39239640281026 10.11196346612715 -53.1859395751126 81.64993420480769 80.1000646968929 85.69110160152718 -66.69912580696536 -5.1670305847886056 -7.588834226852299 49.616716492089154 74.81357628613677 -79.5479407639439 -82.32426914012649 -11.41054301851159 33.57689888683532 14.876237743408424 47.62477081397637 -64.79168888988649 -6.8300766582607935 -58.23334430964196 15.83339687899408 58.42335385308459 -14.71684537323901 -76.00246214891446 -81.53926472366553
-71.72144755093552 -73.2691638159474 -45.21241470344397 -89.133297370691 43.83012861137823 64.64886871998607 -63.50579840597712 -66.2232684033412 46.40745725456756 -95.5131955409295 -14.162269688841306 50.28232527448398 98.05770170222615 -62.26055375570581 -72.0350685690311 42.56537163600416 -63.61264562255493 99.60835807666643 84.86073578671099 97.4611236465602 18.143901515822265 -81.11439390963035 78.61648732628112 73.03257921572711 82.36712827765584 46.162887282805 53.05099807608369 35.12741382562052 -67.20015332488492 97.79036120569017 -54.946805500810704 -89.28347993251388 77.78483494191013 -88.05058770103926 60.85372555051853 -71.61711465892762 84.58553919480954 16.05866029640228 -38.8707998169449 54.73591513224315 -83.69935482675905 -72.99310655704853 -78.71787592842163 -81.93573376338361 -49.94261358090137 -86.6073687546324 92.90020082865783 -38.97828333916773 -16.828488416205616 12.326245033282945 -84.70426063663423 14.207284855775583 -47.99778917911483 -21.38847851742736 -59.80505139756218 76.53722647534585 -38.031894150358944 13.503293853853293 48.646142071556966 94.36946204987998 -56.38321825776309 -46.83891695683933 -77.90151889140917 -20.39278763607851 -2.303305436496345 91.26893385226234 -14.051265699262828 65.52025653781527 -91.32990597779303 -73.85282709201668 12.64988064630343 -90.19868478993966 -39.43699840181756 -40.45859078361054 76.96414300231254 -45.1023219641735 -70.79862956718074 -17.56742213817961 41.99908041171497 -44.93325052690618 37.79707928969188 -43.74742119154256 -48.48445102450276 -89.69405201058336 -89.44736606481408 -47.84568600267605 -43.562957663622235 16.51665361341857 -93.97691554876715 29.504043430643605 92.12834826322197 70.9716942521691 -31.120985104262374 56.88084625965908 -31.080028160104973 -35.2358423559958 35.35020542956494 34.95588614937449 -77.75836809451937 -99.85370070317343 -50.056284479184356 30.750103546430324 39.5774896078874 88.5306066769092 -44.99510715773811 -9.352563225059725 8.544966490814716 71.15268650127032 -36.9203156573523 -53.10651317363122 83.7146974400427 -35.984841731722554 87.2907699874975 -11.745262069687087 -98.34349556493227 82.71403718371462 65.67492664405952 -55.26227560616383 24.125003931418433 -19.014007409273773 -11.874378685218389 29.525868385780655 -56.25738689952004 30.64650021047163 77.91368707416558 94.40126876692446 45.95120031130273 96.54724727077974 9.51059322240826 61.83625615417347 91.6006104051933 65.16634738830356 34.21418330320182 -17.2092305414629 54.15911953239109 -42.18834276125565 53.304648583159775 -94.68003447660665 90.37580366499716 -18.183393682311078 -78.11219899500887 -6.3356803356363685 14.984377217159619 72.13447250836006 90.96265369641293 45.151082261853674 19.885342270438016 67.16731458554207 -66.1802789854545 61.17666439275743 -42.41656590215284 90.2435207909603 -27.99284525384131 -15.178974219256077 75.85477880779533 64.64887173463546 -29.742215540554966 -4.808302024016669 -76.65232594725032 -65.40701548924572 64.88628873175551 64.91159154016549 7.174333850616961 -79.25382529014033 26.91556632278835 75.12017550313399 66.65123093732444 -18.615260739220417 -65.5172261632786 -59.44642396089688 -9.932435461252396 -67.73913123150345 -87.69837120802325 34.83116052440383 -83.31386029306967 62.74202538168865 32.62550804571484 -53.72090391461859 -62.31281328995026 -48.37555009556702 16.8911222711655 -67.2010333051249 -96.49720630030359 64.89757706288856 84.28449459391965 26.68839646369898 -25.73731778614797 78.21045647849152 -54.23611782829922 -29.112734096804417 32.372844291458335 -85.06703345800545 -3.7188034549860305 -74.645650211934 91.91206284028593 93.56887554082525 -97.27476826177504 -17.04620978738565 -40.349099399929415 82.8187813482838
-49.76114677149464 27.698156118995755 -72.97007872784154 -14.337617126394491 83.5552546444888 85.8860402627219 89.89866294287566 -84.37355633037255 93.77713195369483 19.173782283144988 30.781159864003314 35.2828674228966 33.905074381403836 90.3512870671697 -76.4864409688411 -93.63712741812935 39.307573892936716 -3.6100072615239895 8.112714287649524 -50.49758899420631 -81.53826474082022 -97.25405189219929 62.04864313187218 -42.71863080784919 -70.36800679742461 85.33657188713738 87.5812648115431 -76.83403879648523 17.865858207046713 -97.23230908461096 -27.722443807626178 11.781831842481978 -60.31241306233888 -26.422611071795373 -73.31534395792019 -56.78581181785187 0.5791003761510325 -21.396318571097268 88.82154922787078 28.636137988159874 -50.245982721147556 34.64568749791607 33.545824880190565 -62.71839040844674 45.805979878733126 -22.054749109803453 -36.59338657791695 -64.94629734475495 -54.113159614971494 -42.004787503995324 -16.493974743226048 -99.0940182293522 -91.36493452020741 73.24667791698627 49.75612127853731 -1.7896976551360382 -6.19270806780348 -36.12325883940417 51.28248791285904 73.06214442394719 44.342571320598125 55.264127977454365 -71.65725685595139 82.98475601337921 95.14703353102593 99.37391855538138 -37.830982177309444 3.021675053146538 -18.224599505258652 59.751535360740945 79.55271533502307 -46.746573370305924 -3.785471069056129 -25.87718788214373 -33.897768819939 -99.62243931992734 79.73406505684792 67.2930002753778 -0.9116898140122203 -40.74936039369916 33.53310457133469 64.01051023326713 -37.61545546284098 -56.59456620864582 76.70037496870364 -97.07434028951776 81.6948539513987 85.30407312255937 -9.394324237573045 41.60827913376437 -42.96890603710297 -34.614598924130576 28.583968084894025 18.639822467534373 -94.320634135728 95.22260571664117 85.21369465176898 -22.11102561895801 -5.0203062242986505 -61.332307621368365 -18.651886540376566 50.78808886655759 14.344965461229322 -78.46039975743959 39.56017223285818 -79.35149073253487 19.57591183408644 56.32087709897701 -49.604429494971725 38.89475810391957 16.910894238199475 80.12492015625446 -54.868283834437605 -42.58772809268774 51.54792899542463 70.3062542742228 -75.32900010706152 -20.161925478927685 99.66911109582799 95.05163647563961 18.581113580263576 80.97817034727223 -4.877946497596582 -27.42111869577421 50.66446622862003 48.44016509369155 96.3169024574602 34.37487080973273 24.556983180096495 -47.613338847538515 99.6342114228313 66.13541514628588 49.97731371291499 47.37885232646889 -84.1366621282037 -22.082420986118038 -70.82211152663223 95.8610935070088 71.78139782610054 -60.326547202400405 -66.33705891689468 25.009822498993458 98.66424470716686 84.62504541047474 -56.05439500419705 92.30810841011106 -8.14996347300658 -36.09344455958967 -13.442597274598 50.77957231908729 -18.31784579359943 18.11989205224461 -34.12495789292322 -42.225160302701205 57.33934972655973 56.246852646238665 12.697881623901793 76.10857166967716 -59.799787930398175 21.11639817651158 42.89968531264714 13.551392565873982 -60.47496508917867 -79.61851107142482 -4.774473647171519 -92.2693264630447 24.603800391060247 58.58953323220814 67.61672426216847 -17.183699689540035 30.098174994181306 -27.140980576003585 99.91915512862985 -67.75640072859841 76.97853053262523 88.714327339412 5.67903080734267 10.173556969940975 59.41305151689721 -68.4005549790041 38.88317261559396 -11.296696305941055 73.3614573571974 -59.44950708385146 98.7752852049787 61.266753283637826 -59.420975540024216 -54.84975391711016 -39.710833131332215 65.84473906987012 -82.88339114736823 -96.6200471651536 -61.022777197800316 42.440891635442654 11.668508571195318 -44.16427069270292 60.07729703917036 75.27372864839063 77.44244084721265 72.93037358860121
-9.817786539219028 44.171578078199616 81.4528960231525 -9.11450029607714 -84.64344848529532 -43.07342290034182 52.208732130802474 57.421992433894644 2.3436026991288514 71.3910807779069 -42.097845955422784 -84.40428843549846 19.144224789408426 -77.16670739062894 -43.90903922247311 2.8627216232762294 -33.19120193020537 98.79885867268447 -31.320462050323883 98.81608260872775 71.42629114822648 -83.45396231061585 50.28565741233538 51.16310360605277 41.70885771252165 46.243977127030746 74.32687255006613 -0.25395353878722915 -29.29358687469923 5.396817529252758 99.42812192380148 -67.09763510245628 -58.9887589705939 -19.60238763733915 65.77603099552508 -32.49374674060776 53.37980155457481 -67.19495168308636 27.556118872773 77.3531019868069 -71.40169310054436 -98.24908406427586 14.722400096920225 82.69652941615266 -14.401287571457956 -26.586534052776287 55.351954880424245 59.35493117251633 0.8767942519094305 88.81117163283022 -61.245157249188466 53.290568337511246 -60.80080840725466 -56.71582914184754 -15.225261540266686 64.4451458318488 77.75647572943862 78.13553928216075 -9.207386009969866 72.05117691128197 -38.44442121336789 5.843403266236336 93.06218871580901 -11.062361960871343 -50.341472609390614 -62.37883437792704 90.23312728176407 47.1780922482414 45.52079616184594 -71.56112416453158 26.178915579708573 -56.05261086795823 77.06627055930073 42.52862785590369 75.21397379263809 53.90979119044704 -50.57082674899114 -40.12208430355608 9.58597347201102 -37.51795318507762 41.049935953742704 87.81405924223489 -98.93577818370096 -98.93838381194202 77.18659608622039 -30.365101397207766 56.337394378105955 8.098000564308222 41.171497077108086 -14.769316819336154 95.00311951738763 -47.16418382621341 52.91848661164221 85.34870502423658 71.48480886832695 61.13548431186126 42.876732410397864 -21.949576732952877 -39.77965300829067 42.1727460667135 -26.59819304506499 -41.45007850329379 -35.57502223867988 -61.763930950548705 -65.31205384682798 -60.40062054981392 62.44696546780693 20.565220186118637 20.998279005692496 60.61710752473152 10.975001991629327 -15.39915157622059 -35.22380883115818 -37.20743692973328 -26.697447860943456 -34.149603815381525 58.07214248584057 61.54899497621514 -64.6335134349402 66.75146233505768 -20.821880848101614 41.71333278216707 -86.32969616062715 72.2462566882352 40.25519642075534 35.85489770204882 -19.51367191191629 81.84226743927056 -23.083798793357644 38.24543612647048 -52.445922112220586 -89.87838332969893 -42.77390513254977 -97.89475470341063 8.222565436434493 -29.40442300954757 -95.18412553597497 -82.03645325003097 -62.21405541704035 89.3907356417509 -87.04410283509027 -26.691973859586724 24.133607313704204 48.80465860182929 -61.80963224351381 -44.62951856946875 -3.4061371231025106 -34.064373760487626 88.82382247067511 -90.61964930800181 -78.3198269317394 91.87481023512217 -63.20873409765411 86.6098733860943 -16.380012692907968 82.94629582441735 -27.912978598505916 -99.37780730227604 -74.95765191749408 81.5030721903712 33.1564735020269 37.888616657243205 82.72079453078538 -23.38915218903452 -58.36219948170574 96.84660378489238 -30.999599117071284 -77.66567169724078 20.984794981098688 49.31594739398713 26.20410145714949 -15.289041351657048 89.24896310602443 53.420943333342564 90.00501824877264 -2.5550078956026567 97.61481302024933 51.30900223018173 -9.196407032488523 80.80378765766511 -51.87253615985532 -39.24188799520236 62.482401683429714 19.51890992156575 51.333888556942014 -13.485125922445945 17.711428063563204 19.951716830408756 64.96971125222771 54.22527908925662 60.134829684194386 80.90066246941504 3.06500389284885 52.05472658227325 -6.237983919125313 76.82113409129116 22.942955553901356 33.132491142491915 51.49918586654417 76.26500342051801
43.39803380410706 -45.530930541119076 53.373716986995476 -11.340257174319277 -51.794325182486745 -61.976761180062546 -53.39807473814915 -83.1183272892714 -11.580115546839423 85.7573860821177 -38.42018240260317 53.54106350173771 64.59704739828157 -73.46869558553266 52.93385788200649 -46.540552513373655 -61.956696471248705 -9.912069136427107 25.57413593062759 18.398678219760598 -61.01747313492518 -1.6563181643404477 22.099103066654564 49.31234681683219 -92.33295402781079 -73.11151981725226 17.776996186901457 -77.88317046075011 94.2541328939241 10.999908843974481 44.92047007328742 63.0519342755139 -40.73108602348019 -71.76749223112836 -7.652928108016013 7.512255327107553 28.429351894054207 78.10421227818173 23.20242265999282 -33.78642798953308 -60.66091939379334 -28.40533709217891 39.2135941226405 -45.19914071555809 60.916575408971994 4.966939498651442 79.02992609017573 86.49970373841069 -30.04303646440654 66.46614968889054 -49.966695445247744 -97.26823077169033 45.44714186250499 -77.00187154696496 26.942470127538627 -21.17250783519033 -87.29572494513971 -89.02553700132839 -46.43534064913184 32.496766765698425 -20.08698529755091 45.82778816949272 -74.99004471498101 53.790105507439165 -87.77346663915245 -22.417351732975476 28.03837404078965 79.17211374693588 39.705833173863226 -27.878705207196262 22.914151854862183 -25.4492394025644 73.79124325689153 -99.71603399363664 -17.427777435580552 34.59572224660147 -33.43162603079588 6.711686593855688 36.51010184709969 -93.18044072282387 -63.99689566858571 -82.51575669755731 99.17246995365136 49.34826119841088 -97.15974662870694 -28.09707286176848 -8.116960892965295 -14.48650398554993 -95.7583221453667 28.234855967557962 -64.90951171233115 67.68765324896421 -70.3426600159431 -4.858459552747149 -32.527578468773385 95.6430620983244 -49.78640009978592 11.46815770061606 80.03354947218503 -22.989295964992664 -12.049655348668466 -24.049386850675262 74.0124107530809 -57.08713756428034 -12.78167006324486 -5.823009448941519 77.97230805153396 89.59899438203641 -57.28850627434128 36.33892730740945 -28.896757963686 -41.53884484342498 -48.923185714140004 -36.36573181778693 -75.72586249958961 -62.339173710877205 77.93846331142834 77.38109161142276 2.5694182626714763 38.87307921077519 -74.75387920573885 -64.69842911637386 -20.62158222496724 78.182027098514 50.84196784638203 92.63489898524722 91.9328257416687 36.090764962979335 52.81459329760173 -49.53451633152037 -87.43745816629627 -36.34907170682862 -23.67284351793262 -65.94452464317425 -69.69997879186998 22.549288971653425 13.925406718301957 40.12903378350015 54.79058260687381 87.83479641744697 98.43302233568946 -51.391542992078264 41.50004109811013 -45.05175961457084 3.953748382169465 -85.88921242172225 -40.6626803082994 16.03548894944973 -88.56596969857424 -64.69446359609884 -9.876408702081335 -53.73777462646936 77.622344863168 -27.321845974838894 22.976544025151966 -51.18745567450249 87.61649441725595 -44.9104877320984 -28.559600093472866 -4.418373733552144 84.70376394290304 81.30579923535456 -73.06850003980836 89.97712477650006 32.27629966817503 -82.82341394160906 -75.81183753335475 0.5912184028218803 -96.50079406776403 -45.03508864632009 -34.83223525657783 29.95793674051697 -68.31638012122903 -47.20356366415515 -13.452973041082444 63.96029872645212 -48.629708831480635 -78.56011301858365 16.951234217613333 24.694473307952535 -38.13661871289709 69.65954731797501 96.46234379035525 -62.14043257383732 -17.891898051769388 -4.134773656422851 -94.50890398111986 -48.75123506544619 94.60382938177199 -69.73335991406856 -14.016534736500176 -93.78090789272669 79.46510101393253 -35.298722735760336 -94.74389553895222 -42.5062732771593 12.783271326890898 47.83833061233719 -18.885451710943826 -67.89073634660156
-60.75318072184632 -30.211972167167374 36.21363919767231 11.404735600841292 -90.29929665887109 68.9568841937388 -51.794867334504644 10.973714918769929 -74.17927834550312 -33.16541324955031 -29.477583793022816 59.6556605901815 57.86143036804617 38.84988920792168 -64.80739322038161 70.24180591177227 -31.27762049520348 -39.62332487238087 -11.453028555136413 58.97542495745543 34.182878199738894 41.26997908994653 -77.97444405845758 23.70129973719517 20.08227989217434 -39.63652883795024 -92.50000777811817 60.38730251770278 -55.509547394227646 -80.58712730423241 -66.29913272582118 61.35559832116573 -52.453565039460614 41.7151099912204 -98.71273540837377 52.03792092063961 -23.212198923662612 94.99018421453047 6.626771719842267 -47.9954573783636 64.9501967357676 5.972371172306694 -52.806216749095384 -21.01458245150181 35.563876797396716 9.694551372106062 -30.407716069112297 47.97090039996735 34.22909517944831 -98.91776135782501 48.504637996587974 -31.158291881866873 -45.09215911180466 48.00222579832953 -68.44926074190491 -36.093343124987484 55.89529721332843 60.78745062531286 55.1117595678524 -60.233813386896706 -30.853711104596826 -76.49447481063613 -13.942744242582279 18.142480512816988 42.03745884443913 94.75823427187845 -58.42357117376969 -13.594000677591353 -63.00202812140589 -68.7660563167783 -45.45846628749472 60.74355857080678 -24.249001431646406 54.49015937586071 -59.33097589011065 96.80230384292858 -44.45786145373582 5.719306012674053 48.89972519074951 -41.63727083419118 78.32326861078539 -66.38524827091128 3.8491620938751367 77.24469974750215 -58.913501078767204 92.61367891616086 74.3257686503593 -81.68771522621196 62.10523724967888 72.92894651720181 64.41180179918021 -44.781741949921084 -61.196822604627535 33.12284270124323 -37.976142110141595 56.30172970287569 70.98072737247423 -96.65159414079325 46.52950061167036 73.46856726034889 77.8299379134715 10.454280899067044 -61.936951865668455 94.03802693469677 -77.44744560839887 10.735923457205061 -61.650239124668246 6.049485809439233 -77.07873787564863 64.71521096555907 84.8514967133903 63.865394376588796 5.006697128579063 -95.51002934959453 -82.98942550211802 -75.93157924112488 -9.081506331798977 -53.97882250524076 -88.95056393573188 -33.55569077630672 72.71483434990188 -58.300289057847635 19.402735735337572 -50.35040637057655 54.78346990024863 27.58963069282136 10.18578713229823 -80.0902575651373 41.26971776937768 -53.83770505293186 -95.88490306946854 -56.673343902745145 -25.19562334210677 62.63561974158861 82.64957701222082 52.40682268532265 30.07472567108718 68.14624317817777 -15.56890751740336 30.87000584024537 2.0937416001140576 -15.675974334944343 -96.83879110346527 -96.6493746815409 34.984863875840006 37.85177260067684 44.403998210157795 61.956462613339966 34.540837584160215 -12.369598637451546 51.70217517683028 17.830803528192334 42.24878070708053 68.51226275193355 -6.696963232744608 -89.49095240146565 41.13504303029188 22.773026439551742 -18.180379877610562 24.88259644660627 -41.855892311020845 78.42416587411304 -50.85981923223966 29.005225100382205 -30.00770502647954 -54.570265326849764 36.17859165400003 59.50268459490607 54.664155770243326 -15.463667103545916 -98.66396923217292 -87.6823623163115 -92.41476417793046 92.35122876591188 82.31928048380115 -25.848878460716506 27.94850695638702 -18.25629761635119 96.54583326904611 77.22907532585376 -82.90565188994181 -55.39511420632381 -93.66566175685547 -69.05268413114291 -90.06574338550524 -5.031950818867841 32.8023222255392 70.36907044766838 9.341721243477124 -56.87343188864871 71.95439107685067 52.16063549118607 -13.701244113175548 93.26074594747001 82.4064927392617 -9.149233099953946 -21.43620768197954 -30.43755651913162 11.682553547210802 90.87927533434706
-44.85329480186113 -32.95091317560754 -20.304071292399556 -2.7212482120701367 9.889452671740727 -74.52472455552675 38.57196496426741 71.65817975324009 81.29243187135361 4.00381529759521 2.273676834476234 -56.066019546045 77.07280166685413 86.58447334425205 44.83379867089437 35.58050660992015 97.16608306924994 -59.880360752042215 23.926948806568333 -93.32678402578213 37.91145395353041 4.3163781281585045 54.3252312854292 48.041512902931714 33.73705072540733 34.348134308262445 9.287861812155924 -94.95178307698653 13.122997083026178 -46.27643540268791 -87.27585288181179 -56.7848115860218 -31.9397372995834 -10.606056799698308 10.072665073073267 -37.36219527091629 -63.806703433938395 84.4088421298766 33.20294529698987 -16.551911397895424 37.73042479724461 -55.34342689890504 84.54995207484498 -6.7508807444179695 65.31363143906418 89.93989954510968 88.28844491902012 -39.98061014523158 43.19853346718537 -38.80895779468156 36.255723042996664 -87.29559455475044 -87.14633372701988 77.43007497128121 -90.36099095463877 79.46391389933666 27.411331431038505 77.04978797651816 -27.997831816233415 32.50549812587437 97.20616928615291 -39.02619249737307 -53.15553818693266 38.864803542252844 81.61705354467063 -76.18695921246757 37.380323078560764 50.55400137051825 81.15319095758716 -40.62389165773128 68.73864706033129 -31.205053593455915 -73.82207039407807 -4.3892148766084205 59.7071564865974 17.472224109262328 56.27067276248306 -58.98590821167762 -80.02463160220267 21.603485128247655 -38.243878574990674 -10.122283356409696 40.046340088193205 -49.78634862316369 -34.01909263070317 91.79116865950706 -56.45722097806578 9.912587535864219 -70.14033311323561 8.199253901557285 -88.20416609470108 -40.70528845584076 -26.50402260148192 28.257438534217926 -28.08035508949409 48.57963786473158 -68.60187197054701 75.30603996523323 27.117856803824083 -67.97738032295513 49.520582818564776 35.32599963346743 81.38932266939725 -86.80639073776817 7.778092953538419 62.35899708955384 51.88777120597385 32.94638652072834 48.46481192361503 63.96524743433909 83.6040572014274 -66.43397047794875 80.1345626892639 81.3208991231925 -81.23152031179042 74.08962086623546 16.10721207370338 -54.936788410698554 61.790203367005375 -1.9159005247612697 -42.7035673015282 93.96551690565065 -86.33326883296132 -4.415672745401352 74.07803399720865 -66.5868901010327 38.026379425350086 -80.98202085753998 98.99475621383684 26.638630895262978 -87.60479362186871 11.52226035252039 -75.69097599606114 -59.49426811920313 -19.710625568376017 -50.97690071673537 50.17184525692312 -55.667953522175885 -34.18841764111451 -35.905772120957025 33.23201972052456 -16.089713088463455 2.2202368011270437 -85.75071878342457 94.8063966549756 -49.74784366043894 -97.02978545740133 -37.41850459805933 -61.040216025680635 29.58407130793063 83.06002866738737 -50.22920203664296 92.91174189428708 17.800202105276483 -9.955665281333182 77.92344070335179 -27.584052454188694 -93.46392499652308 93.2589847514401 -82.97533504440769 -33.46005900115472 -18.010657331852627 86.28251659685449 -49.64719662483992 18.313641142546743 -56.70784441135592 63.76544485780957 14.127680864805711 -26.43665854495015 -71.10548702063596 31.89363745047214 -85.62510090112376 99.14670817213926 94.03490305116446 80.1820652439489 52.31611026109701 -48.565039977684975 -84.99594595394515 39.65505477991883 20.908482643330316 -62.12360684234846 -82.82961825740091 -47.310814426295636 3.689713015329545 -55.1021530704048 -82.93728249057042 -97.5058271882015 6.336154604409884 21.408612561163025 57.17225781197709 76.38203579923166 34.956259605856786 -54.804188836552385 64.40333387370873 86.47699157558327 -12.386562030452495 -85.50874405583922 -95.2142650145095 55.29015595795124 30.13674150265473
-60.29443133438106 93.85774573020399 -8.764856475173772 11.181558432027302 -58.50272038476167 -7.304344728107964 -47.07437347898649 -74.19450284908498 -59.31651690347379 13.911432577484703 41.01427494649985 16.648784136271956 -26.325095799718696 12.267662913685726 -33.21216593751781 -66.05017599298127 -43.5364566691038 -41.48098250618448 86.44257284500199 -61.39804462280767 96.86618971499453 15.341597442257537 66.00238988650656 27.511085601720268 -1.6277258561156742 55.11231851494213 95.07629068367856 0.3945281505003777 81.31207594474995 14.122202759301118 -49.7294613041265 56.52016105213008 -37.089457773775415 97.40155959774287 -60.81685451772565 -13.152806488904105 -42.32649629646201 -51.37285708620332 86.37860048286615 71.3301324822082 -4.166513659028894 94.30618032075594 22.380457947077858 -82.36114870679813 23.10286147304923 -38.56954107890787 -72.62627656371706 -64.26349598441787 6.95440815674786 -81.50736448458989 -30.186379309888196 3.0447204199974607 44.020643476427125 53.16047488550532 -67.96006130271508 27.182657490187353 -47.40072093854215 87.11729199706849 -40.706812947697244 25.79788606563693 44.443270923782364 79.8718262576729 -41.41535434239423 4.646521230744625 71.1237606102253 -62.77859523506966 34.446599401252314 50.68468639735576 -61.351198098446226 94.04417533582355 -57.793914240492626 -53.41552900541047 -6.383291079727684 -85.52680596658327 95.49057792244503 -47.68384263600696 -48.826269593989366 86.29123816901563 83.13093217512542 -58.40973873940829 -90.70392865055182 -84.04442176347465 -31.63246034540623 47.04752740077922 -2.0654141130774377 -3.635417013809402 -57.202324605755365 -66.88705411889306 17.32520198366072 27.204018162852407 67.72051007979843 -9.29169338194869 38.800063505705054 -43.91707801131939 26.831024836814947 89.77189131004383 83.53261116670183 0.39608894852824506 85.20924328931332 74.00825627048181 3.5913225771191577 60.415427589374616 56.297283812238476 -14.301463016962686 10.846320622821736 -6.563081538544566 -43.00083691473018 21.59116675853656 -23.327961113999578 -33.41349959872302 -2.1245735298412285 -73.93731000020256 17.715462812413847 65.18002303387163 -93.81892631535487 94.13226850150062 62.7839713548579 78.13772937378664 17.914807149222597 -67.20552066194476 93.66026918652744 -79.5143481537232 40.06870919274573 12.129217102881455 36.943360866513274 39.04313916641527 56.65176492990642 -78.74694010746875 79.67116564935085 -3.1700192410004604 50.09414926597401 -73.44666608963952 -94.27072770051208 69.10487747142903 13.047433573511029 88.13589115331504 90.86390068918456 40.40523480648085 54.25992603302328 48.8907635455561 -77.39755477090667 -15.291898394530364 21.798967062400138 6.072040443385916 -64.69603681634169 76.42833017661289 -23.602219146580424 -49.095535371514785 10.810831058844244 -21.946822011623794 47.865809466326255 96.16816825939068 -51.44688251351002 -7.32397092961925 17.12329554036016 43.88490643037417 -40.246333995818404 -82.64664114017613 -98.29767198932518 26.979740705457857 93.2846352126029 -8.862034338255825 7.165942802884302 -46.34245980032241 23.5698385269679 80.86454887037047 11.58786511483396 8.604656540927053 0.3462885748551656 28.083429806189088 -55.750269083886806 4.33373864480177 72.06083145834441 45.41878701782318 -19.421762685581584 11.114964810211674 40.59013049701187 -71.25013300951738 -24.517471551305064 84.28974865594867 61.678734867249545 -77.37562264518004 23.231274366028742 55.17307265442261 -44.85883930231602 11.595763896500259 -91.7600737035567 -34.3229662742736 -80.1167501180229 -20.40445630464012 74.23350219107922 -40.67499764648619 -39.96627060811315 21.123908091914203 -73.99107041086587 -9.54466722641736 -84.308831517242 11.629615345193017 -54.209336841449996 35.743650816733975
-19.332400698789314 -52.65867495568821 32.53582068617146 -69.92215115251241 28.668673123481653 -98.3600531950362 -24.294237492545307 -98.92105305882954 12.262247103003261 -10.768404716324767 24.232556974415104 -86.24164016159335 -50.50840399551917 -77.35346207054201 -63.092831488953635 -22.62930142025168 -44.82997021881865 -57.60224286391369 -57.1137073663305 -41.32877094090901 25.839605278079176 -12.40736834487437 -34.88516873982314 93.41987425862789 -70.86187152244523 70.355074255805 1.6301335891253643 -45.62592765549238 -20.44904973064179 -42.08265858868572 -6.21602546313494 -70.26702747870239 -90.26717294746796 -38.26279655492022 98.88453118396535 54.37728340481797 -81.2177979836844 -4.8253999867483515 -85.21505623909731 -68.60983640739397 -43.598970396863265 -1.665240646446378 -66.83838316841656 7.888334836599142 -50.42707367203716 52.92900351717975 66.55265109442735 72.12049885674634 -3.936944996400399 -19.857223691410013 2.6258925391290404 -21.174430978288953 77.64571631546522 -94.6724829206169 -82.02753596509247 -89.93007594985477 68.38492832946989 19.345800960460764 77.85473272512428 0.3573644854573814 9.041877255332793 94.79256690856676 76.14372302612077 63.09125423237893 -71.07469874347343 43.60912671882582 -33.94942066885132 26.38224544240029 58.28262818857502 -48.55663735500033 43.67159289193552 35.373819329636035 54.09190619865308 75.96818926343803 -65.26566197572521 -82.85602357035282 -65.96867895674171 60.55773741446956 14.955375570925767 50.39231800595056 20.0805398677701 1.5392800311936412 -39.796477935445026 -29.280080414775085 -64.34578205123367 83.3835161453365 7.514545547403159 9.173066112646808 -68.82144466401564 55.94941234116595 32.127341082089515 -11.18873171979699 95.85458446578565 4.732251108770342 66.23030674586187 7.695108815331125 -18.13938018621961 25.26088696547923 59.44879552707965 77.60390509054997 79.01421398933238 -24.720788926817676 -97.17576810312522 35.195350842566256 48.44992271286699 -34.68642058493249 20.398137985849573 -58.07530327404857 84.09202601526903 60.936747933744385 -2.0963513244251146 -76.28396523207297 -23.008028793014404 55.40857445113011 56.578472756787136 -11.540383424702739 93.59076814143032 -79.60225567953464 -20.512444882045088 -10.899070529262161 89.30093525109302 66.04262668884871 52.77761770448518 -89.17753157829327 -55.996490192659195 83.11648051316683 -1.3520191964719004 22.955443843392914 -59.14537141039127 -31.619683803152498 -54.10721432084622 7.050812356630516 -12.013927965674597 28.40044800918605 95.92331798635931 -44.88904837610394 15.604148199461008 88.06050451955551 22.685145345707554 43.429619470097236 -59.96997924595544 66.72734046025579 -8.005594972310547 -12.875475796965702 70.73128307376044 -87.82415655793112 -42.76343086220371 -12.99627143749727 -72.86432992415872 32.10687737737959 76.74562870421994 0.10387524674631265 57.013673802987284 -26.237978408489155 12.028633643356073 37.68248838584881 -30.681799631032234 -69.00230545600408 71.99841192329538 51.37031807824613 45.110348178421305 64.84948219755842 -10.026078830642277 13.7810481058916 1.4034892254510396 87.68396110653342 -78.73901242297161 -28.421287806770422 -70.2004450740898 75.52496852441465 -94.87477190750411 51.549530530874875 -26.092230003147023 -53.17162774835118 -57.01176038526909 85.68571826140885 7.286889892859193 99.68652870912237 75.33511752475007 -15.739677098975989 -52.152655232192345 -80.2524253585471 -2.126438883861013 4.592227028457501 33.29509902068219 46.8961547760253 -65.50334012705139 -79.79834147162532 6.274378483853084 -39.4857608068248 -46.57003235666901 72.97380373086878 5.347011148818282 -17.51988030414499 10.85748505814496 19.26659806062318 -2.164607835933353 -61.896267637373484 -82.98627510547563 -17.45812025065095
93.11340050896868 -93.23145488639011 70.84020748622234 -80.73974351652566 80.328266106602 -30.250145984749977 -89.65982409537325 85.4071577961293 -29.957968913719085 20.05563266633655 -26.13737637573969 84.79488522044988 53.8859073465905 6.654987639442297 37.58886976106109 66.89367354484924 79.17124543930814 2.5441238562436297 -14.664519055450171 -93.40824675221522 28.967736687327772 19.39063818789731 -16.58345920361539 1.716752557175056 -83.13445794955574 -70.82049560984834 22.034352913290164 -48.58904128754293 -28.97830703094813 -26.59991473341725 -68.85602267736566 23.98795470361121 -50.637577845043126 -10.814656319828714 18.854914729400974 48.96548580934268 11.281901169556761 -23.790027835732914 -37.70273730658855 -78.0900329891568 -71.92270037021582 98.13187762078604 -19.04159992786589 -70.79024276220515 -18.29085317074555 -41.149205834542066 -51.06206662627333 -76.49302168491268 85.72044552074169 -74.24849355922146 66.76116923662752 -58.19273352790588 -65.31195576817655 -77.43827328322158 79.79908468192119 18.618065433740313 15.348326180274128 93.94979927533308 -42.01154104424545 94.76025567120922 -18.304343054069847 37.04485052108532 -47.0452041359696 -20.174549891076495 75.38727028257983 74.22498044259328 94.80128824387461 -4.111447187251343 -80.71310815257506 84.28293976952722 -30.388774027024155 -75.75878099410096 -60.97206203459351 -7.938049499196296 32.70359147202305 -22.34390043983636 25.401620347029706 -95.2524762722966 -57.9384878241773 58.228844446067626 97.71234363990695 -95.21321484445748 -96.95223785740146 49.54600562660761 74.23647483179593 36.53953040940604 -46.18767957501473 -57.227370948608524 74.479631972488 91.50915881106124 60.401468499399556 31.980166404430094 30.457560200038586 99.08858296694558 -54.802057003734376 79.2661352425659 -10.237015448707481 -69.10061818981836 -75.58518808545973 48.07808723394203 -95.28154280264467 71.97231245507615 -81.562171344517 67.7376203412332 -65.08442369899312 74.33569868153901 30.481768146332882 3.9065233953872394 6.892167381994625 -25.598908806620486 -74.34450475531182 49.47990079642713 -41.35341119485285 8.852713902591233 87.19379532262158 75.22960749373732 -27.654355396305917 -58.65103214992011 29.784180830450254 -99.34717002658108 -40.52416378650072 70.32985590573503 -79.94312109026482 -3.2329407231803913 -61.792862922474455 92.25549185665639 28.961678021851156 13.577597117066603 69.33879664439212 -73.96433487724892 -15.752829529867938 14.102094851767674 76.64220524816824 -49.02748254469096 -90.98128662406106 -94.9008892636863 26.417570530247588 99.69085239290968 72.16421295147791 -67.5835457686003 47.78780461562147 44.36391394456868 45.090823705332184 -15.824028344477668 63.660239018925665 -20.138767594607287 94.36563961165871 -41.254009659526304 -18.13798278621151 30.83190147391474 92.41206100277464 70.04653268191583 27.86532886226442 -45.45049230538647 -66.5930995783591 12.384424567627718 90.38620912786837 41.94568188783293 -75.89602955076522 -40.58958326767097 -86.97249335115352 -79.16559087974515 5.405961536583931 27.171787047650326 34.33179415762811 -67.45988219092756 27.341778082643913 37.63192538830228 95.60255056392353 2.0576654384231574 -67.83495340163384 8.574549130895932 38.241251141266815 -12.991955011551568 -12.880694963487898 98.1084901360959 -39.77790011580213 -67.09638394736221 -42.145433874819396 74.20954497876932 78.59834600675222 9.926652383581413 -43.2301353674486 -74.66931498001077 33.04334797716123 83.28475736454004 -79.6033655427998 39.66303133191133 33.23700799717818 11.00673861206684 -55.78464020850413 13.612036967579954 44.31019945019753 -71.60980850701307 -47.02414253674026 34.0914504986232 -53.30460390633367 30.464289767460826 -22.306527902097855 0.4261969019824505
-12.003894184702531 -28.69347224113534 -43.025659274513075 -16.111245822046655 -7.887539460697909 -5.597157760737687 61.71191074509605 78.08903833857423 -39.22806593508044 -10.583793712520986 -13.880277340282234 46.542871363364895 -44.04884614477953 -24.199146859931943 31.95141029397692 -48.12497393638968 -51.686317861444884 95.1629504351223 69.62770636362649 -43.41236895716338 -69.99781077911986 55.547546402935524 -83.3673634015938 -4.003088330537878 16.10617808377735 -55.03880263953602 -98.84202976655168 77.70923481150734 52.35952998850786 61.2551305930308 30.30299048735273 -20.890731045256587 19.1849280989195 5.9153119324870005 -24.11497016164745 -43.987503785164385 -46.321814432512085 81.55560826721157 -18.104472804953417 78.20486923319308 10.485435984785013 99.08361937010235 -93.82822158172696 -24.785619347304035 -24.089466943505045 40.64178429897959 -58.56214493369247 -5.1943362705508775 -99.78160760165215 -55.991283173075516 -69.75131592020173 -45.20462799982721 -4.077397471308046 43.59678001175894 -49.60717330150639 -98.0955947536353 -97.38916381147808 -84.95416889734764 41.68423313834111 -18.629932458989558 1.8301631560075435 -69.49481997130067 -97.39777163998984 25.442914736619656 -83.63727308127949 11.868456555982675 27.60232608408853 -1.9291699540165297 18.28046861591332 67.82964689667813 4.977448930336266 -3.0624205396712085 -74.30001228093188 -71.31713025273854 -80.7619560785453 -57.624909896547784 90.1934042760376 95.26794113360805 71.19929931085483 98.58030422540179 45.48041449608476 -84.06070734493618 80.37211806485482 46.912758688702354 -96.15546539439255 15.726661584366127 -93.88778026842446 10.815032553422526 -95.46398798452442 28.514388184290624 65.24383356493183 -52.18171365861743 -94.88863276718784 72.10524711663894 62.980197256626724 -66.24923966671895 -0.584264309343979 -56.959115701949756 -72.11104587365696 5.733292041670055 62.50639138816064 84.91010037647098 45.82800139403872 -46.873010944075254 7.147328318833118 88.75402309350383 12.820501806391917 33.794885619308644 45.734594904028086 -83.03950897823603 -51.49129165913118 42.94769833230211 -38.87808239766315 40.35176591705064 -5.9688437083960935 -85.87638755933666 25.33151384766377 44.84556327834272 -0.1978446200791666 14.86050103664796 20.48305876139706 -21.103756536851506 -11.66983801570882 -19.59770607413273 58.844992316666776 14.22148934478426 61.69310456141122 46.95394849103246 -47.49650075449614 -29.084778902924583 -93.85730808849262 0.09220562163764612 -27.328773724212894 -92.27562897353666 -37.565795971268635 -32.58784406416923 44.33233055010655 -96.39735270154064 74.74457347715722 78.75050066899848 -1.3194712438889837 -47.72024441437903 -63.27662279172173 -22.600432518002762 77.94712335081624 -89.26787281149574 50.55385907945339 -48.602470278247914 95.89100312886188 -33.40492729382112 38.62165142342019 -37.77895042048056 -22.934212125131268 -98.7305834658936 -5.035970290548562 -41.7728473872917 39.71147976874286 -77.26571712010848 83.80413069297452 -77.24627219294533 -64.0011593213058 -86.36425039121114 -28.473325594873273 -5.5406577569611954 62.94849276536425 35.82110371947002 -4.039719921664869 58.377171916183016 -63.48768591211365 80.03466786168246 72.70702488739511 -2.1460476748170123 70.97092365773358 83.55109558968715 -40.39465549338386 22.13778103030664 71.58043174444447 86.61618667721442 48.78927852150093 18.9275103857631 -8.414116077447574 -12.05841921744559 22.96395499916912 58.4929650341185 -45.98160883716385 8.838864129656173 -45.92698618618209 24.49158720957911 48.88854091347133 87.52261221934998 -41.73512207491503 -85.33180164153535 74.48064475488496 -7.6872674764746165 62.27795276886653 -31.090531583756515 -59.12537899134633 22.62807682839214 48.61262932665977 59.467319234814255
26.918919294272456 83.94599030695605 -75.08769355359007 -55.4119109086505 -6.426350205589031 45.22145142966005 -82.19883544326379 6.45182161594262 -35.152081066497786 80.81269220665692 -41.448926876934934 28.29969564015616 86.86311616857995 72.23361031244542 1.661533511658547 -52.0260734294012 -92.2150157322931 73.34101874177429 -90.03441253881559 82.03039607289728 -25.190717283520556 15.325884091182829 46.382248332888906 -0.13814249314137328 -95.94874126771921 5.376933447237107 -77.20273243351184 -31.28249110066963 46.894097586481024 -58.644746599516104 25.353109671884994 98.72153536173161 -2.588210882233355 29.624654043159182 -80.42492351749648 89.30214855728954 75.86252948324054 -42.726838625169485 81.77874665282565 3.7963127528326055 -38.76017130048406 -30.27850369675474 37.99700962869528 54.859215869307945 63.017780986212614 30.216113105992406 -45.4602265062896 93.54264775393287 -71.90298988453627 77.93589404504849 8.137432977519993 -15.5530540921756 61.85251208145212 -26.661230969721842 -83.07634749859753 -82.79402233416072 45.02047366660878 -59.18640012420913 55.29914469140144 -49.5266311842319 -64.28421665056545 -18.660171180284337 46.44240245263782 98.7652375707597 -43.4666059156481 3.5984953544998746 9.485793919368419 37.602352875959866 82.21011009950243 55.079235795381265 9.251422017628542 -39.13283165055401 43.63005849743914 -87.90893185969114 -54.17000452878271 50.3754890294544 -45.195145094817946 44.15550051147409 -48.4325079165161 21.295357379374494 47.036889436033846 21.495188125911284 60.944292381836334 -7.45088954290199 -76.54332139466678 -85.1348760023021 -7.73651065233949 25.3010526314783 -13.565551268273879 -59.812486391630614 8.977794187762584 -85.66209228317368 -58.84165973283633 -19.51122220124168 74.39321221790615 -79.90649481700626 -11.192997638471994 -14.966253823994393 -63.197674318758516 -68.14561445000555 -42.542405155306604 22.342587088052127 44.152467351403516 -90.910301364166 -76.77684301465501 -18.214492725151345 -57.247821929711606 80.53988759854485 -91.50268263488725 91.21097462992591 28.11253760154068 -34.02568055555217 92.81684231375772 55.676737469032275 49.22240720305004 78.79668681309425 66.89300126660319 76.67263281756712 -6.192867955851838 9.517720071131379 -34.75457957023727 -9.112771442404295 23.45295961332286 79.00756813159501 5.28108298990648 73.47357847330085 -57.1108729428327 72.17105725285589 31.966914713900792 -8.009764089289106 -31.246924480135974 -66.63822420945802 -41.30041588642837 49.72993479626078 90.71926573958166 -30.00315252197683 99.36351388087047 -9.130930216740182 92.9138888125963 -33.71652188668064 22.619725007729414 39.93933896096394 62.99591578818678 -42.75551573759553 -65.49232998876718 -44.68848734226667 -53.256137887730716 76.7539302114159 9.619609858542006 -12.37588015968079 -46.96284770235801 67.27552459141754 -93.73471056371068 -2.520151799202594 88.90478239564061 46.15094136030615 -42.386986050195375 -95.18547145855163 -62.02329218273197 80.61634924132622 28.828522147078814 75.0764640805541 -44.38392034739908 5.8215827654246795 5.535688040732481 49.69682032086098 63.83452897873596 -57.84711022748728 43.99423468825043 -95.8447008515642 42.67770844778585 -85.49295012669305 -41.38925516790677 -38.48256915410371 -80.18811040362353 -58.57793117224901 -28.412346911281603 28.265960829079205 -8.065882572960987 94.69388976174585 87.50339380348296 15.02905276596438 -37.58076739265519 -48.61762564459517 -47.65396400963342 -14.468644000779804 -44.79730167463747 -59.735996063074516 64.9684687107399 39.014732083688386 -97.30729236601418 -34.81764055601475 31.02297240652601 -78.03926547301421 -40.85995879955271 97.05165021995583 94.51872258373018 79.16846853004952 -89.496482325496 83.18009478348995
20.51627717246673 42.123841090147096 -87.96627994883517 -10.373022082651346 -73.29517820865313 68.74496009579093 -45.17160605992166 -33.54551230577269 82.38202456072733 66.11632468658678 54.237459854528026 -69.2319814986254 44.994701011827544 87.33137695696047 -91.92502828754749 -25.319787728614514 21.234604027053322 -82.7933620242254 -87.16697367329682 0.9708696811972573 78.78445891971347 -38.19393271973757 -26.05719900736881 -83.37912535774667 -14.845766975413284 42.1190903473111 86.77709225110544 48.1305020676472 -1.568921442177924 81.14908201983383 -26.258954390937618 74.87873170309697 -49.73404121405829 -61.10444520267673 66.05855036375522 -83.76211540956544 -43.605346880693844 -93.25711968793115 80.7283068838723 -17.67789081084355 -54.530841744487034 -82.42677428317555 4.87921509537972 -14.032818467699883 48.2820720849341 96.259653870152 38.96801957120019 -93.0529093054922 38.6186450869632 4.245149488961005 -88.02958654580925 89.88947934803261 -75.99287922368731 -18.37245927523628 38.57321327463208 -9.034056554776 -60.55745136408892 -92.18418409745107 8.016329336120108 80.72788556496954 40.88647925324017 78.88520120750604 62.739669428631686 14.454468124554936 39.26104190106602 12.829645995998035 88.86790114446737 -5.957563384477311 60.44045522356498 -43.04875750822199 -88.28040302695143 94.82983441041443 4.867195270680753 77.1765901861196 4.823419565276737 21.740860916996212 -79.31017981703765 -70.37671409390238 57.49080214429253 -1.3557575629231025 -61.563943799723894 -88.81620442119547 -78.41464148151934 -13.614940015356552 -33.29317819771083 76.99727094491902 70.67030998846249 19.381859929836452 12.366487872134371 90.9985796920954 30.398896683169255 93.01169155621847 -33.771837876658694 58.41631570854301 22.162945074783664 -27.33904482003757 -79.65072187713096 29.39254135536075 82.41296601039576 -96.73542464030606 -83.97927171619821 55.417021857786295 -35.179221382624306 -70.44382463019829 -94.5349997906834 -87.27008228672948 -96.84617295210218 -16.426783393426163 -10.436555434439285 49.33299850629726 73.80055009865546 -4.1844258702770105 -1.848738297711506 75.65411347003291 -48.93174307436314 -8.779745922935646 -27.86727432326144 73.8330795739372 -12.833117702083683 -75.48300898399438 94.93939236166952 -73.90973673464046 68.14432770234023 -78.42479028173119 82.77835810819161 70.97749626467353 -69.76749285665986 34.623332389964304 59.54708051900474 -17.289465177138723 -92.95700679937018 93.27285585816165 -92.55510577665838 -6.197611012374324 -30.401313811265524 -64.93774398933928 33.49426144881659 98.98252885833398 -7.178738076521427 -60.99378173756283 59.097034843087954 69.22696694120654 -51.357107004464034 -4.462204532416962 8.745550517835383 29.98888135957904 24.964824498935002 -24.544780576468355 61.67457717978431 5.016628774869147 77.37561413443191 71.5689427924068 99.48455096218396 -35.45550066415268 -13.951629717776967 -20.67986245683373 -79.17505815775768 12.592961049718298 32.76883779480798 32.711758089416406 -84.84865340663899 51.526106091619454 10.550512366896854 97.52925979834882 -41.18129136632458 -12.249132449507897 -99.88741230602352 -0.7279729101989716 48.20318149359619 98.84923127481125 -85.85744881947737 -44.29363904052146 -26.83693935519031 21.78123407704355 76.04249305058491 -1.6328723331763086 74.38114173087712 -83.20902915838178 21.391528457422766 89.89105783445717 -37.80129674880435 -93.57615788313451 1.2841655973508068 40.23509742841205 -13.915822831418609 55.13483791646098 -44.030496584462966 91.07949617485292 18.99701118543551 -91.43334106560215 -45.09303471586519 84.07890133845956 39.0716351997109 90.18386212490941 73.45774054568025 43.25921486671237 95.37054878203443 59.3907818907027 -27.54606657478773 76.82650340537808
-35.95451242382386 -75.72524346903523 -7.386773553472992 61.79872371416087 -15.160446237908772 72.45815153035585 -53.691923001075345 44.47776400642806 76.37491452870867 -36.05834985034648 56.46888492499073 -16.193621648765458 79.12883733937684 -83.73160167309723 -20.947307728283533 6.478605916996315 84.36955664631 85.39574294634849 -0.749251894053657 -46.0894354576441 51.0559561680727 89.70569121008825 -95.85723935830524 21.305198045637326 -10.157852088926703 -72.16698787413331 -85.7797206252464 -48.999098850013326 49.81251091234873 -8.320614697912475 -43.38766763022208 77.56791258086565 -31.80071953576291 -91.87992340710709 -11.33795813257288 20.55804570123017 -15.096136809520019 13.75619486751421 49.37030534755701 85.10371679676004 -58.874580858871205 -4.4282106909914205 -95.26487201970524 -68.80017034238075 9.353045059390496 -0.9956390188567497 -97.42863813905755 -68.35315789163124 -82.27035176884138 89.41175565063682 -66.75368296740297 18.18582155217399 25.321440770608845 1.6545044380250573 -68.24143289118322 -23.70444209800607 -84.90419067706891 76.49937077495665 -56.52245700779868 29.570848477635792 69.6547831323438 31.34899358165262 93.99181047426731 26.929875893576025 3.148664298236838 47.568529933180685 -98.47605394903047 93.22268300287547 -42.806485172252096 -7.960608134511887 -0.11973648316892138 70.943113879413 97.79885802180371 74.74565806725602 84.9612893123772 96.12541425162641 41.501546210252144 60.80590635438074 21.868708643859478 -50.830042719157696 -33.294116697005734 -41.52495130653555 -65.57635567472255 58.21492802180239 42.89325016105602 86.26999047849688 55.00923024686497 29.648692486721558 -52.22044793041145 27.7112282912191 -40.51918669897636 34.340010605566135 64.65150837477893 63.285604614085486 52.4400523763276 -42.432151811588525 33.28938466038781 -90.69323217946663 -61.99745627081932 -55.77042673123134 5.041294097026736 92.70908396844985 55.742548936694874 -43.75004219791898 -0.6047826130453586 42.82491572659265 -86.8782709723918 96.69778492568574 -2.192224366682723 15.62448223552775 -26.381391538279942 26.570449691535686 -99.51360447130521 -6.165195212316505 -42.491939564176405 99.89975042489803 -35.15832542118105 77.66371766753687 -99.13180996044748 91.37877612838159 73.03912609095818 -38.54641906125913 87.30935506350377 86.04472634151983 -91.63455715277642 70.44956858263197 52.93260851015248 -77.17070874512643 42.379570804446644 -76.74354023416583 74.57954534512254 -82.1188403196266 -7.61133088387102 -99.51326301441337 -95.8028373745186 -28.659209306022774 -75.61473679618997 -26.24892224640128 -87.95295598895736 22.646204528986488 -0.7018115115451309 68.6566926120762 42.205036398704465 22.610988155156278 59.149922836729985 21.53299310977725 -84.8185104600619 -37.42269645457896 23.12980198655991 48.967383966100016 -45.60701516757821 -0.038989926923264306 46.632989146701874 -37.85794098271354 31.17373057165804 99.99781711817457 27.268613537652357 31.380142950154408 -23.99531668590346 17.111346610930852 89.1736347686628 -39.65659067500202 20.472645785326634 94.9481579785108 55.90764277487662 16.39149757900104 -72.18391367429064 74.69888728023653 56.435320814698315 67.63429976524654 90.59536730146829 4.183498283849744 59.8386129276804 -22.102473220390735 43.60778956009818 67.72886358372912 20.75557019842161 -71.97372673784517 -18.80265278193241 -87.96442298831371 -36.527238256010165 -98.98862912795767 11.015564465509954 7.5104521179882795 45.16593872950949 85.03680492151813 -90.50437532973565 -73.69556528261433 89.36603798649872 26.695659289328518 -16.821982308436418 44.70768828910599 -2.472305986770948 -4.4240889962591865 82.23722614984666 -73.97779658027086 41.833886650571856 -86.85032394879013 -22.537212129089454 -42.372826030331126
-69.48884203000156 -31.51555290882237 36.23142417211852 -14.340397307478042 -88.68057630649572 -8.130369937322612 26.08922273266036 -11.005606914481007 -13.614940694454162 48.30672869733985 31.699072456106478 23.63767523534193 -35.83788482414664 -63.4914743278042 -5.520517062641559 -22.415981225434933 -79.18466638819346 17.101488987895337 91.542032520963 31.573623405066456 -19.098023003554232 52.37718600213816 -6.380130668656619 -90.00701357829324 -61.12943928465282 -97.92955217073708 50.913033250288606 -73.99633191746035 -15.016588767301982 58.691165515769256 51.0831690936717 -68.17967728150099 73.75019145376791 28.305223349067262 33.9583571074979 94.86042095947184 18.312695141564433 69.75921580801554 -38.91233852683433 37.277406909902965 70.13214066575611 74.01403456507174 -48.407952429551536 -77.35006800976606 -73.0479576288698 -38.78065603674274 -87.74714292723915 50.845805468293435 99.22318024211864 -44.703262720566464 68.71756607470004 31.42259822270549 44.84991462415036 35.12920235950119 49.04586426334595 51.38229704423338 -37.80497912264889 58.57331430420592 -78.86052048762534 -2.6001355950205323 -48.06590940878921 50.79031625836893 -69.03037794599065 -99.84254501170744 -63.83876313840409 56.76963417968332 -13.250106560381766 93.48215007530075 -13.259253799781277 -81.80238454231579 -38.42900423083784 -4.453808196402946 71.4279319847173 -8.747034850895545 25.888166582527504 -26.235639157529135 27.992460036612272 15.318909734231 -17.02005949869975 12.97851342654586 -0.12054916507075575 97.00171683089056 84.75620485799072 -37.299248201205714 10.573003703342295 -12.042303738782252 -98.22776665488642 26.91042038140037 -6.544892909231351 16.580688176160052 5.986816030182055 62.329735971248766 13.247817304486674 22.274988055386302 -69.74195849030053 50.851829042833515 20.77255729437691 -38.94683101424257 99.83954375648551 91.78003503341387 -89.08271185092116 -6.866435451320612 -80.81484480961709 -81.49541654466822 89.78279501383102 89.46423886057983 -87.34271073674154 18.83882268868085 -88.67556284565796 21.451981740788725 25.207357755827474 -70.419068138717 -2.662227202954014 8.467426152233656 11.231409211956844 -72.63024784745708 -10.61510280149345 -43.03007059844912 17.138263607298754 -41.11046974174728 32.34511251813592 -24.09074262930571 -97.033331775789 -51.58590817456377 58.12925179524052 66.77446946707221 5.1045809611313615 -8.418370149063108 -28.38414088235075 92.68167731108002 38.99238887271201 96.28419352153531 85.25023040983166 57.75969067387285 -28.304946658479338 90.90886733137188 -5.948643977248125 -48.461617074883364 -71.8020362061872 42.05258344770746 78.6742763857425 -57.33378230808912 23.41314762899063 2.3997898435152365 -48.93323790101694 42.93142551425123 60.63828057134563 80.20437601777448 -90.88476571747444 50.13086032228301 -86.16932837553448 22.581932196421505 20.670770602994693 -6.802264269936913 16.67924604157885 2.624856891091241 46.44914855900939 -47.6746056546214 -32.689707595549876 60.071038921099074 66.90801397759282 51.00238719878419 53.42933417632426 -14.105796035007103 87.2021350628757 28.396640609838073 3.0395962144485367 -11.552872928400774 -74.08746628540159 -76.42185247452318 76.05775943232388 29.722567305702853 91.51093099912765 -46.53968139080806 9.324946328148641 -35.54682209003124 68.27666273738879 97.2597321381424 -42.533047935971084 -40.16747256594524 -21.79234710940061 -57.12995951699445 -0.46568484353521455 -66.29962732066434 93.20217878413814 52.05473693755195 62.70182021343891 -9.53162658456354 -18.510455714266016 -47.14654567113388 23.392143406861663 76.0608627215106 -80.92840552720897 40.762578664591445 -93.70096860001115 -75.4251508415753 90.79257880459042 -6.739626170618649 -59.247922799541584 61.487906764374344
85.82465147872017 -92.29004352108865 -3.360547719185945 83.79175452203503 51.73100208219233 -64.198965112721 65.69617276189686 45.63635061761798 63.86161641983088 20.975428487249488 80.84306617892949 83.05208124006825 -15.11166895441059 30.840985846169332 -90.54403927545007 2.034875250351263 -8.389682364610024 23.136755183376124 -28.506256166171013 95.15633160044146 82.4401863852213 -89.44331454104508 -80.94802344210038 -52.58192789649294 60.5287424407083 82.47886322439587 -45.29725623947951 73.46480495079334 58.66262555111879 68.61602289232246 19.15934310496712 46.81286127443926 -23.63697832884084 24.763106870134635 -14.112981004977044 64.64600764856138 45.92523139372361 -33.95612435830948 -79.77092194982652 28.555603328810605 -29.71413682553691 32.847233766256636 -3.441133307069123 55.01392574828455 -76.08560706888092 5.990623757651207 86.62109581513269 -3.285286452663854 -72.60321646012507 -64.40254075122098 65.63309925237323 -75.44439606540453 60.09660627293624 -18.171487991667234 -25.309982263222537 -14.821262329595271 26.910048297426826 55.57766332798437 58.393008038054234 -90.03793166168373 79.67662918248925 63.757811998475006 -78.07413183232711 -27.746495218380375 4.261619981958049 -71.87174384513311 70.65267430587531 -2.4876967563499903 53.8893926000606 -34.79012772767949 -2.764497686155991 21.641933555061073 -45.89148635777964 61.53623480976594 54.49932083319956 -10.199059778368394 -18.993331667710848 -79.73388022312838 5.0345686046075855 61.47944088982092 -19.913988644474628 -34.98430579520142 -20.022025947460847 -64.73251640516116 5.646069618163963 -0.6810691361704784 -92.35163195599378 -3.0492644694352578 -54.431626534417646 -3.7972459379564327 63.704749803624026 88.76865151470977 68.73385041754261 -75.77153673197523 -45.75065411290851 -77.79921017768493 -52.520039758045826 45.4196184761945 -43.24921260393615 84.8684775565913 91.00753819542808 38.4063244389875 42.69751330125857 22.2203381060079 -73.44697245188235 -29.2220859969797 -61.5233392157188 37.91430129013568 -35.60589699727868 -18.00371829771963 11.211267347204327 -89.34805443349556 65.04630450394328 -15.799814812806318 6.08753186335376 -6.850602598778181 4.181718766148094 -35.83697758579747 11.74494268604036 59.21130530439166 47.03764748583413 -28.853946405872108 51.436005154531614 86.5103373516159 -85.17030802047456 -39.24754571037432 -79.4159051888542 -40.64527872844514 68.3376890281065 -39.89861686248477 55.048139032169075 56.87126849915808 93.84828799807744 -57.26780678006955 -5.07549500839049 -27.13225707735343 68.14420441361216 -79.89485789392914 67.90658269099703 35.42261636265357 -94.91952253211863 87.37487235908159 -50.23304465627092 18.764483507118698 40.66426380854264 94.291647879587 24.04611036337137 -0.02816735357899347 64.29669852598045 44.84649533676355 58.32053492834331 -45.62167555038328 6.70126760145115 28.365565007100827 -60.03084322867511 62.234578666672036 -69.26778661976086 7.7874554375665355 -32.32862431389047 8.719798495632674 -64.06362265363421 11.213114641350288 98.02472161844062 84.02308626436735 -89.63291738857637 55.21701238858671 87.54498982160618 -74.25561762956667 48.403281519935405 85.24871495013798 29.40064725937117 35.65399883981888 94.26164535430144 86.23093292319552 -46.355397768159094 -67.61722744120962 -40.82678318248006 -6.5274189158315465 99.10453932798501 73.01726455810157 -34.3541270717017 -45.40510912903963 -64.56576769490366 -99.2785648058627 54.77630487174227 -4.219083025263572 42.87364392875131 -28.944454197932856 -89.90323909128493 31.186863878078327 98.05276039373229 -74.13244698626221 -62.28783375443847 69.20425811109041 20.74698166330937 82.29055665441447 -85.09211879663137 -61.28526589607661 82.25123498890483 69.12850582807556
40.046217627081575 -89.11718419989276 -89.62799149477163 -95.86017082054185 -70.8671428317051 90.88005847839412 -59.08909120240138 51.11617786974537 64.22083159368265 -29.741744297310404 -76.78657362355501 70.2684398957675 -30.80826571300466 -73.59500815013071 -84.87770795116627 -27.065221724528342 7.268338674479509 -79.03595322645214 -5.9632613911800405 -52.58514237036167 -36.98456986606769 18.19252417177202 -17.04851022296421 32.27375172670739 92.08592681860486 -52.44109027617103 -34.05471368256035 -42.35458653959605 19.77559011698 76.43044267603346 -82.41314794777279 85.81703276983654 54.983295735783656 -90.88633648210467 -80.2037121512877 95.3073622439208 -71.54470131862054 24.309867163168647 -22.298827366030054 -12.907019472911358 -51.500379303842834 36.659873718835655 53.2915285918906 -59.25888275305044 -86.8373644332492 70.74499019394267 95.0295088929029 -49.89045513407086 -52.74526776705915 -6.285005158067449 6.514687358519765 35.35909240394639 70.73067490939701 5.876634051058986 30.60451554404139 -46.150682955575384 86.1539134800083 63.894000126057676 -52.82790741355987 -99.6615926851162 -39.45595231140926 -47.52863654631674 -21.760560170367185 30.989041817284857 -90.98897727422786 51.32866466205763 90.49597531345236 69.48781149988048 -15.573317119355522 -99.59909933349833 -3.867834189785782 -89.38846118827541 -28.679062520670385 -35.3091144080373 0.4693192538296671 -71.94825528496335 99.46746097292228 55.4292795039523 -18.21045871298847 -20.705610198362052 57.07771342160294 94.53504563802812 -64.19683557026167 97.89578134455374 -40.10688057700562 -62.98809219095205 78.52242127737071 91.16770679074585 88.01868765951536 45.86282727551031 72.87655202554936 -93.2339120290373 39.599997010107614 -33.48408054211332 -81.3020511240447 -14.98674226683741 -98.25937163413055 67.77297221434378 89.81163893557556 54.646068775246476 -60.75905557659671 -49.862367090577564 7.403769024612046 -71.42009707604491 -91.02974339946918 53.35559371899214 -13.803723021995594 -29.736842376378576 20.27765534514387 16.58641903467651 19.389566527256605 31.340248730279626 -88.90523372494701 21.22497391944644 -45.145770343064214 27.65102516350275 -0.09191454664086507 45.57775517379312 89.3115729921505 -73.81632032506039 -22.988720608301975 15.086808709785842 94.87506497787615 46.59711618713473 -29.889370642133443 69.77167813576764 34.11256953797189 33.87193786658335 -88.36537504432287 -53.62003855692217 -54.95412287021535 -8.54867839948868 -33.5648059634601 -27.951522339825075 81.6680136266518 -2.4636020580165194 -53.01767215118647 10.818207886485197 -58.456440832653755 -57.70148125282002 -12.812622041381559 40.82425186838731 -21.162064902163237 88.63997826007625 18.40542186576961 -27.38772592532517 -24.303720449933635 -95.79570266046453 66.43741302696355 -76.46477520348671 7.27555030427132 87.28141830018083 19.539023637304354 48.120131901062734 -15.931658326202864 45.95568325853441 -23.85398153304135 73.57160702244136 -54.85825282800831 12.22917148059193 35.36890956501068 -63.47134545885184 87.88455334103168 12.08244579031232 99.40545446834179 2.1455089869218256 41.03942025141609 -79.14702955291719 -74.30605018757943 -57.20052303213821 -43.77715537356306 -90.67261271557014 7.545734587530092 -10.55266402371467 -10.693094208301005 98.55519366812922 12.229005928038546 45.21477623458671 -62.26910131348373 23.77887559775101 -82.81845047628755 -16.100076161527994 -70.52190854602607 -49.895213450291195 -42.98044928638758 -25.445545564301526 -4.893478621220822 34.632800669467514 54.142296265719665 -1.0316228949958486 78.98554499051536 61.44505345879864 5.215675846319144 99.74177329693697 78.90226844866285 -57.908557034842836 -65.90882106568661 -19.55418760636664 54.47648759465028 33.71122990610897
-98.90835710322463 97.68529759883717 -75.14470996955569 80.69279259726639 72.02296504983158 76.48074465976771 35.23331677546156 -12.123128729631134 -50.87561584207232 -19.818905342549172 99.84767477433192 -89.67992748855032 -33.34851972687818 -47.00386928145668 86.62395827328999 -83.10175195527145 -56.970575658697655 69.98205325238976 72.34426591702186 16.859993804439696 21.830589044913992 -84.54749855437296 -45.799034264568064 -72.12001484631932 49.27707657912609 9.552853394783426 -32.7636008244492 30.005798698345274 67.1967550566986 -66.80443446137974 -19.629942967596108 51.618520659138994 36.377831816257924 50.60292290567327 46.284004733380755 79.17650377221551 89.6968181018951 62.12122617032472 -99.91889744763556 -75.9024797069102 84.25334940681986 -49.50002744535777 59.1871458901868 -41.70780277039494 -45.59755329727455 49.14644599836669 73.02831791484294 81.64776651532952 42.32060060714525 42.85272185550073 -74.78345229778307 -82.76940324318187 59.584153383204324 33.65312011415082 49.683260699926365 78.9125592241596 79.20375274170055 -16.49533273042256 -19.08410152341051 98.82061225589064 65.80068773153315 58.96429111711592 0.46423126623291466 3.4650191067048013 -56.0727979046433 -2.8812175671282887 -17.899164851081736 41.273723715220854 30.351714256189467 -88.6257157274571 -10.713945572210875 -36.67927742674115 60.16334824919096 -48.46602509255678 -41.557282325663316 -29.847891178122183 19.50810069703614 40.58743859845006 29.35185997433541 -95.06698961791635 -0.3238815085006479 4.9976044285037915 77.14713327926515 22.308376830179768 76.95734015446578 51.86914512704544 42.31397873357105 85.36875890052343 0.1278755202899049 -66.00751958730429 -23.367907940913838 22.92650383959645 64.33885152905313 -26.45035068294888 -22.573713323086835 -51.08921369076667 5.169250073861292 -26.212813801573034 24.95676198846128 -57.1165629090757 -9.42819110970862 96.95661632620923 89.50165327563656 -49.24510782326597 -4.1065361181960185 50.86910852796905 -89.25395380271928 97.46574612484704 93.9408327809382 -0.9206879480534411 86.7940340312297 -56.72358280162075 -33.13588097853611 -8.487240489927217 -39.995032943092056 -24.46492986554729 -32.69055839667283 15.938781610833374 39.35307543475341 -1.5345305381306389 53.85431463159625 -33.050644350608536 -21.107568424101103 -54.96515066345717 -64.86622869683576 -96.32297081556378 82.92787437739963 32.600771235482426 15.89835316764892 -24.0124127622817 -85.20118122831717 68.83559713007361 -40.35219647800938 -53.5776841066997 1.0953334734935822 57.93957202484057 -29.39372754820377 44.60692472006335 -18.61189750505349 -88.14777190412046 26.44070656938659 -96.91910557564366 -22.127676973549384 49.799267436675365 -32.442729903893635 -18.849504822626145 -74.16596653531234 9.011424305783251 7.4166173337358 -83.64971567415864 7.405825418158528 33.08610819760062 63.322120984412436 67.51126431723725 -19.67212121033421 -86.58216390416045 50.30009591840539 6.773741104307106 -49.71747796202672 -13.26519076222803 49.283225775205636 83.84399651294214 33.32200606543648 -96.3787718695614 81.21572184410877 64.65256538085367 90.95475996861612 21.36260760000704 -19.743268843016622 -98.40247051058861 -35.911082205186844 32.38363326428029 81.40972437312575 23.826747944003742 -5.805667614491725 -39.56067746299156 -70.7023159590823 95.87742336541936 -3.156669668758383 -76.67546636997548 86.49964570930172 11.504192176884004 -56.10302072129676 96.71288310303257 70.04612239904665 -37.68391423268671 12.385386402466622 14.273021910068053 16.440780159057212 -97.60446471000257 98.0696797324297 0.2591047371392534 27.60107778056475 -93.94824216978479 60.56189988012869 54.87316089603411 94.72211952904826 -90.7099331799384 72.05233098203115 78.58316495836658
33.25725889491656 67.16481205874751 79.56462618391944 -65.75299205510943 -25.464026308068696 2.8857680070139935 -43.38657118103879 -93.56961724609502 -45.33754087357307 23.663679711246274 -64.51299131242641 -3.88520259253589 55.917782324397194 -0.5086984032690651 -68.6256815517317 74.95764958385206 9.178233393154159 17.17036144537407 32.36302247028365 75.35931140611495 -63.68790811316383 60.1312692816328 -80.19231267518154 96.95675051669 78.80580653634215 -47.32888454709796 29.798197480349472 -64.28009822397036 -1.9532411692746479 -30.18532155284926 -79.3927194502939 60.7221712866386 62.093129190717946 -83.31415536149878 -47.65435034127768 36.49964580071733 77.13210656853693 -86.82679439525414 -79.62175550983952 78.74716737498647 -54.160032480473006 -71.8939273981992 25.056260411262926 -19.610068496270046 -81.91444943415593 1.286227074517953 -7.517270748493331 -24.170443938292834 -29.756610134856246 13.672236682379307 67.13295815290056 59.04751897986432 87.20269941439486 46.32930974089862 -97.08316981130669 23.77892355079993 70.67104875014124 24.366002508465883 -64.5172798394222 -81.00702444578305 14.756379698925826 82.98386864107502 -33.87310215145571 -19.12555656577031 32.86895709931116 -35.05309292525473 72.34813482709143 -63.19121321203449 34.3695069576147 38.597035746117115 51.05312093091774 63.27636309000724 -42.39548683973222 -76.97756471170206 83.44208202782502 -95.99341834703627 -53.33488648743525 58.19282199523607 -72.86284187545608 -17.480881180778354 85.4448648831985 21.868888779966028 80.19521396767837 -81.25436613804153 -0.6370076649886869 -43.152794479116594 -44.77728865698256 47.39858593188322 69.3603121870685 -16.273691913578276 -89.43592667081504 -96.67554433601393 40.42333438813853 5.942324169235064 12.576225819051714 53.7833834571739 29.078034457835003 11.328079544325263 77.11450088264925 -72.06604879893924 47.50806558192809 -14.409108337338552 -74.71534476898671 26.071253901262153 -16.655432974630685 -72.54881955414965 -16.057162131434495 -6.9866464269391315 -93.32630344256722 -45.42334086653204 13.42213569230897 -75.08878223537907 22.766947116506927 96.34786893297218 18.004973765082838 42.39054171807692 -26.731263483750894 75.16231665665484 80.41373606838522 60.69342857446932 25.792206016554317 87.32451481322124 -39.53876265347069 30.889902286125675 80.44222550527792 91.46973335443596 -96.85035881907717 -99.51498151616813 27.64133142779943 -68.01952164137577 -18.013986458082783 -90.47021654221076 29.710298055154595 26.632695113097498 -47.964518740943674 36.61292889342761 33.14319761017853 -33.54506530256727 -10.45800516820347 -67.83674061240475 80.07951714462769 -84.87292381296714 -77.2757725355347 -90.32300462153005 -8.678000296516103 75.45800597674844 61.4936642137844 79.63023681760791 3.597609095765094 -24.168325293762692 -66.57756902136353 -60.42543162550898 12.867898879771644 99.53843088909525 -59.365002268810144 98.31272485478627 51.930815102773465 -21.561586087534664 -22.635865638293225 -72.34509471775996 -18.242891995630714 -9.237070616208058 74.20040810820495 -60.49601610201189 -14.24002891292038 86.77176266365998 -8.920682941284895 86.31806808711579 -4.788020837533395 -22.322189219672907 6.053483796120005 -34.19717835215121 68.11453369176354 76.13570382869739 57.61918784962802 -1.8599779723310803 38.56504553529646 66.6510177902039 70.01857261670864 47.595178188856266 62.63009410598744 18.622125827255715 -29.811788965874882 34.597010520728645 -44.56482639660842 10.511321401297224 -64.39601428368752 30.70274233722421 41.116896953154054 -70.29820676606803 60.67008386521812 8.656752246431537 -59.98078646714886 67.5507002610957 -90.71304357797358 50.016883993101715 -76.35740423299843 -6.417308336150313 -61.86278025904903 -24.506168387967193
8.302544035979608 53.497688751623315 95.66925246354722 72.36047435954131 -80.21081824756928 -19.154784176767862 -49.900932128843834 12.739988834766905 40.49192735746783 -30.524964591927557 -57.94595538496181 -96.43186195157145 46.46381705321576 -97.50393984635008 25.9297249257302 98.06568476839101 86.74536821482917 -12.148810865343634 46.177094496075796 -33.329207973933066 -38.81450574105043 -47.446098684768565 -92.06026826949784 83.4056504890963 64.70133514360253 52.67162918938644 68.26099161798791 66.75868586635642 71.14939663713707 -95.57883238995765 -95.37836333267668 -57.43395135124523 -13.061050642244581 -89.4562357770516 56.39910718545954 0.6669462933841714 49.18164473528185 -92.95053529069133 -46.50207460477833 -48.27517139373032 -82.28214488840618 4.916003887043345 88.07137610700585 -84.07427122106466 3.025592980392247 -95.59349720508088 16.810227030685837 -5.532611046246359 1.7334667962098251 73.43606342097152 -36.02754103264234 -74.84681146765291 63.372818587701886 98.62716831590532 -81.94315530047838 -6.154336850830802 3.623780099265744 -15.869914397734107 72.07705489624806 -34.21684477255182 -17.86197126073239 38.85920470454906 -0.15201985013408148 -45.179459518325295 -99.27010108140585 69.5887067016472 -8.40003363155239 -56.202317219392306 28.899658643559377 69.9835889406707 -10.701601748476179 98.26183903118255 -84.61112615814106 15.459843267908653 -33.118899493042235 19.645445367452368 -13.025400726310579 -56.36565406383846 93.67122345788613 37.95375733868667 57.34365534652014 -39.5872544002148 -29.582398430695548 96.67802044589854 96.83972073125364 -51.77463070837085 89.69648432868232 -93.46676153273614 -64.4775315745907 -73.37775877123629 -3.2591379353266774 47.3131188757599 73.7189688042408 40.02584696342626 -38.40393177505534 -46.08133537390384 92.79054949370723 81.38561578277876 -37.7169226404378 -33.21585613486431 27.959728770842247 39.47362242798141 29.48240571009984 36.5090438060505 -16.85569031857635 -20.179321096662804 -71.71761755468668 -24.500940516764345 77.3405724384746 -28.668482855487795 95.56384670401798 38.605768868627166 90.7440269500025 90.14435732453771 69.53432303070537 -23.32743225034912 -97.97427514430022 -26.554788306676414 -97.38511914118564 -69.2853449165689 -49.92221540431696 -96.05071582511873 75.75889800504561 34.85340124075279 84.36475051179491 54.160159739878054 -7.166349358792104 0.6642370786373704 67.96027957287762 -0.5075439472285552 -35.06379791807683 -15.623559575869479 -59.461373326188216 -66.6263848105795 -54.77917947099491 24.824575355461718 77.10553709824381 37.81206915601686 -5.376120137870004 83.45716336685473 -39.50256408994102 -24.949549241249997 46.81211080918345 -71.8719644975227 78.48225198097805 -92.3349205485645 -25.379009292723453 -34.8349078427989 -35.19858762026141 48.13932665088703 33.214878219865625 33.2163054041105 72.84067200236655 -41.85433687822437 38.78312692419178 -76.58729006680001 72.67402912170945 -11.829113367295037 -82.2288432243528 -67.74964980414006 62.338845015439944 -86.20146701610976 -57.45415386720647 26.174050982043198 -53.86610226297497 -47.545868852116534 -12.376544514593164 -48.00248438202299 -16.861144265819988 -19.33745590375257 20.323061188796714 12.16600859266606 -94.25452700910664 -67.39192082370064 90.69279599342946 -32.73312661841827 -2.944838720055614 -5.093473440700464 -50.85091953993508 -46.770256692838295 26.65924143936951 -47.99648027807799 -5.319461691257189 91.30943852270187 47.169468659021476 -55.247629573793986 -5.493385097865016 8.970960910083164 16.13641528355427 79.97370025610567 -9.701834305139428 41.6198716791306 68.24554696914197 26.821736490973436 94.22118196015023 -99.9978750073735 48.04945945595324 -22.354257587005492 58.885311313260985 39.64946112813959
-20.598784091271582 -39.65693394146796 -57.21081897627715 18.124180340044788 18.58729952931401 83.63487824502855 90.08922692734023 58.95049926547691 -97.60219574744349 8.72376130053783 99.29174950433017 1.9266972537161848 50.27462229426075 -66.37843675213495 -13.714472053756793 66.01935135767312 87.58572499476918 12.362552795341315 -99.13955900260399 -50.800054804128905 65.62681576182086 48.547036816212625 66.49722259842042 73.55403936638447 -25.273057779431767 -64.43577440785387 -42.270490807489836 16.861185254501265 -79.98227675763106 36.14943865358819 13.332579438891017 -14.732260910989197 -23.880339330215563 -95.43875637871638 -61.39992030011019 43.44446403851495 68.61879670696831 -45.9857278751421 5.339995525704296 73.85470230540969 32.03406401175877 -39.71258486656062 2.501850689957962 6.679945178150575 -53.094115948057194 -91.83650173494755 98.30983786920336 -84.67072261349182 27.55966033786079 81.12719198235453 -4.235903136929139 78.27787665227902 -52.82979956830849 64.37800982219645 -76.24189208547396 72.70484532441509 7.881154739043268 2.299067732026927 -57.08873676393842 60.501027544627334 -43.8163013242568 34.330688764521625 -65.29260731853996 -26.623550126006037 -37.22206766225802 -96.12989857374939 93.515119149279 91.04545341636137 45.71801789669885 97.9708462640983 40.69733766856828 -6.795790460364643 7.557539556253317 -8.509830020902157 -12.052767923572432 65.3135747694603 48.26977055024372 -39.440197377807706 97.8135949166873 88.96792920271034 33.69619735172873 39.585970668918435 2.7263520233676104 -66.93438260677497 -40.716930235677374 -20.22154963545455 -29.07470546088892 32.478552194363886 -98.70683761238799 70.29161029594607 -27.591105372645302 24.227624098939543 31.69263484261836 79.9294352858542 -65.6204483201495 93.51687179351993 -31.792549645351073 -20.984096333485127 -29.766597714827043 8.117866043955175 -9.609464218483325 74.67101410637375 51.734846996871 -2.905485871603048 -69.44300144370257 85.65524355283145 18.631547677409245 -33.54818776463759 -65.52777102861045 14.566973751988968 45.331746768772746 52.179877332821434 -27.119399264107557 -60.474495404121996 90.52980228489534 -33.96759295002816 3.4669166380583647 -8.698848037974713 1.962560412008358 -23.983154579517503 -96.29685358106033 -60.82785736941996 94.66091170699556 84.01762712944313 16.343951120744805 6.957186418517054 -60.16581170174431 34.122598922585496 -61.1924789477837 -35.287483410888115 -47.85519989321203 80.88433816056843 9.311929920917052 -54.52071564958656 3.699072391704078 6.203448854495065 87.62866545729798 88.41096439299676 -38.373791645388565 94.00626120162741 97.74076823064217 78.07560504513245 29.001491228114077 -46.40075534853221 10.672215109891596 -1.7849353921674407 63.502254434465755 -61.977938227875896 -87.61299791068295 -1.579378436167886 -34.968488882515985 -17.991148347030418 -64.97589440904122 -34.80475697298225 61.55129996964146 -71.48800532351743 -46.7267423840735 -51.33598774226933 78.97312119531642 -8.546559043967278 -39.64783939550238 -65.62577793660253 -27.71956331503364 -50.60540880462414 18.658192848412767 -98.55929262114218 -20.926518190594194 -98.14595618061487 -57.41547062717443 -90.36632050390966 0.7237195856905032 76.2667053030747 -71.40177261959707 71.49755236808772 57.24951516451961 -58.20881127075146 -10.535748875099898 -7.32104197597485 43.89172884824299 -44.624716657833964 75.85665727797453 80.50537300101354 36.434200996048276 -0.62038284076597 17.88842109543434 -11.683881484407706 37.13945738439577 -6.340235429914756 -63.294936907107235 -6.894956311546082 13.875360301223694 -38.60844362599107 -41.12941303161606 47.034943998134366 -48.07779488848538 26.371287230691337 94.04555505088851 42.59042476373992 -41.813423307445305 -59.8413406370027
77.71439588257064 -27.17668939814797 90.01336159566841 68.16317401644142 54.698940055587855 62.71529915855555 -82.13060274407962 -5.224629762425991 54.26570489595875 -21.342836271932924 -22.809579818623106 -45.73785267129766 94.28698020344558 -57.834214367348416 -21.664970821508177 -50.64350408458489 -10.193709204458429 -58.209661498025135 -66.42263213969835 -58.36893152772411 74.13533482900345 -76.40197764783336 52.60731523816543 40.05950949457977 -4.1349568877821525 -28.90621318129918 -95.74748531776574 -29.135810155003327 78.92807658311932 81.00242372631209 62.04602797803736 -17.398864960363497 -10.490337673608252 -21.844216815497617 83.24592713500499 -54.362676252953435 -82.19326272375262 6.486058040844341 -22.666181051256373 39.13302671943748 25.09133822032024 -6.579628189163799 27.106067154893793 -40.16619746519168 -70.19532178582249 -82.17052705042477 49.556856772703725 -5.333941657529522 -20.637410274814187 -72.02149013194673 -11.911829107016445 11.51209312392345 -2.1215215807100236 -69.44520516362846 32.537263465567065 -19.223404891813487 96.02451174025518 -17.870173964645943 6.793104194928375 7.555245973352513 29.770540386293675 -2.930326153653226 -30.22245702318702 -0.6987355016244976 11.861886378151581 51.867997105309996 -94.39821643940599 -39.42481057474767 -7.850218774451179 79.79428842505715 -28.366234834431395 -24.135437632441707 95.97073021180668 -14.499457030136156 -54.864520051728014 36.3482394640169 -14.861627081021481 -0.3005132604827878 -12.333350563767368 -51.84198005614087 -33.269233029707436 29.983751873622623 77.92593035212977 39.58576099692925 94.29033695907958 43.80221798057818 57.04836442121558 96.50875808791142 -60.34030800714729 -90.00560909682855 -58.75131157796445 -2.0611201690091008 -70.39220873311321 64.7334861320958 71.64568108879504 52.127315607164746 -39.71214966926453 61.13261775594961 89.55764749906535 -34.71953516058308 90.31363575215539 -0.04877121858655187 54.432914397385275 -3.24976963201577 52.318558062925746 -57.7235160862783 4.102856325787769 -11.792255883345732 27.17894630363861 7.041447453421725 -17.940348678087716 -73.18107866089925 60.346605485989926 53.982109605831795 -85.11918998168665 -93.31175625425436 -65.54396810209084 65.90856634922349 21.309998472697984 -35.58216608165546 2.5639598478477836 -11.194380902224339 -93.16499516015388 -28.592149340310982 -49.73002101688482 9.624927462020949 -2.369015387235322 -53.94517861230539 -47.75895957709384 44.796542437707984 66.33987211069595 45.92883833567217 4.270564205629441 10.758186406847827 -6.186534871607648 -97.23722622574277 -79.48480373806251 76.25487884351128 -83.98809673590726 -29.74628570105331 64.65301651360403 -82.92225598354139 -77.87329373327483 -64.55740402863941 96.05481735796428 1.9820425669385031 -85.0656197571426 90.14448692895377 80.72025463625579 -55.148954705560136 -67.4715243017322 46.52523945571784 -39.17750788659817 4.99770543403848 86.93761652326245 29.549710362897173 61.697472711904965 -58.999042235149425 -45.80594435240175 31.429315940340842 90.25321080329226 -11.113167912811562 -62.72864715356958 60.75950742110413 82.20442880867944 -23.649655691660172 52.05175135457242 98.56303925506427 43.517348940304686 27.988838039349304 -83.49015100164789 -88.84414944974046 13.639975881009562 -43.43654664531944 49.36156369722903 82.69561598738312 36.157072387049226 52.946216388932044 56.780382213886696 -2.668529088905757 -92.59101043884901 -10.112849564616127 96.37996513650941 -95.66566453313914 -89.17260856876328 13.5712268521321 6.780888056104288 -67.50623758053871 95.43316382678813 21.4355899486973 94.24210816243769 63.67096857500053 18.38984788209406 13.820000135705484 39.122769145451315 -28.948245779379647 19.76525866752003 80.97871929599972 67.03303475620172 56.321095632658654
77.5063570240282 -1.036528732709769 62.52587905485066 51.7775163658859 -78.94648323244917 92.34461716449874 -44.144637686844355 -32.64805325288445 -2.965665321555761 -99.28187190137234 -25.073956335751873 -37.33353627196794 -1.0603546147343934 -0.193835970851012 70.58685075743654 78.3735026712854 -79.22616342783495 22.415655534046834 -16.73898819460345 -83.38033349284697 -8.140390713728962 -80.47187834844843 -20.439751640580056 11.450684799600452 -15.077577635327287 11.039231141553145 41.903966567687036 -32.2472243164039 -10.005474918820937 5.450676983870025 -6.670698413175359 10.088807980560816 58.66519163794203 -68.91636956197999 38.65679226541451 69.39104422978053 7.206534099315377 38.929232141876724 -54.78950482233802 78.06029295055495 4.399417559081527 -15.708843291686335 -63.75774745996148 -73.36659742443545 -69.47516520198256 47.908528897571955 -83.50620794397747 -31.368925281133926 91.41125842976248 -73.96084659434798 -51.77354770585592 -51.01389776445995 41.47110276245232 24.850513745968158 -18.544669992703945 -85.08349066370143 -24.764863985867677 -13.641463631657984 24.494013316354497 -28.815618115849702 40.96015142750008 58.115489771609646 -33.432380196406314 78.4306695977649 32.74881762689665 -23.78420288717163 6.567849387371268 98.38634125377786 -52.10156991513202 -46.895734301260326 81.12712997747352 83.07278876106955 -58.149193122518206 75.55019357030608 6.789505862887978 -94.46633191840621 11.54416132908807 -22.71400479733711 21.62255374322939 -12.322916539899055 53.74597992371383 28.992490627413616 -25.312148852934158 79.004420684888 82.20952571102293 -16.78694144841188 12.951077508124072 -95.74172838635077 -21.643958364886615 34.5134444148581 3.098657724600301 -18.504419959299057 88.98042666203844 60.571734986528156 29.12818813727077 -50.06026382315962 -28.152515046672562 -82.00515145570131 -59.773796506451646 -30.733811072555866 30.953191239808774 -52.650031256636964 76.79731845540465 9.532383062373313 -59.4609996263336 30.632649102424637 -55.87088762038921 91.78987985733377 74.0686752128147 48.82642069443733 68.36965445906384 -23.449087844137708 53.67097894891873 97.60981082061852 -75.23958868726486 26.597084548513067 -12.180266352315996 -76.67394185201452 -92.52774008784208 -94.16476648931449 67.60131827124425 -95.18647394632546 -27.12903692109954 76.40707093576745 -96.78202552924249 -30.835915009956707 46.2325416011129 5.315720467871614 -81.37679718128612 86.73903081944854 97.39179324346608 93.10863956516229 29.587383745127397 -29.742112259508474 46.89822894642424 30.161132141418875 -57.38523177987187 69.05480001668323 77.37329902700651 -30.189573706020823 64.238680167739 -25.001377250589314 -47.52064702608947 -8.855286303000923 -52.795258670894164 28.223285540583333 -78.13988795650152 -26.03003392265515 -12.819404268435306 6.654250151564639 -65.98246053945195 77.92517393627926 -33.63529012059499 -64.68137985386564 27.12115288710754 -36.20379254877633 -25.155071077973744 -97.47183139746696 -85.88215473772212 22.124523825712373 -81.33680202955478 -74.62209346935087 -13.658628252457845 -59.60814569242383 63.386803678559346 88.23156559792056 -77.15060063859369 -83.80927955737987 37.419265309917535 85.32302207202454 -51.95532573376571 5.306165336826211 -50.284391496323266 -59.82414431290286 48.04800928211503 27.324482223586386 93.12580240257626 66.44599756443384 -52.327094435899426 9.140336131348278 -37.59400447954564 -56.26136077984667 -6.188857525958056 18.561140957067778 -45.24610582700599 24.379668579020503 -14.92065957921082 10.47401436395981 97.0459038480297 82.17751270026531 -39.23746346534174 83.54271921309905 70.5693526507419 -35.98668103227081 12.95811691907258 46.037277910573124 80.86370603228508 40.88618751208688 -24.8525406579098 35.03656279199632
-64.68328553620748 42.70728933929914 -50.032805653920185 -6.506585738124841 -40.54584862945709 -88.02470783275713 73.84094737182565 -81.22603332578693 69.76714996339408 -99.41525167740899 -97.80608181190583 8.752271700489416 -87.60265322572818 -88.5180427226762 -82.8469287900508 97.07318493371574 78.79697267909268 -6.510515432622398 -24.928559090515165 -21.297782191943156 12.988876851946657 37.31637110084702 21.596719571661367 18.48270082148744 59.56750101160125 37.854606260912476 -80.97606161963628 -13.857166445174585 18.464630139945967 41.07480672604879 52.76875139068477 0.6198282350922142 -32.341188625827 13.484867872125946 -71.32983791127873 -76.20306365641073 35.39182928666722 -99.38885109163955 -7.735927434853934 -86.68259373695315 87.76313118002378 -93.83350491107969 -87.8968694917504 -9.26575428021519 10.874302381126654 -35.210978565470015 49.277867950478026 -49.73387826701623 35.2551545984513 -54.29012424027111 -98.76776901877238 -98.14161920806741 77.8558339003591 -75.90633757117855 34.44714237355157 91.21913421488378 11.170090820213048 -95.09002648540417 -52.755929656723175 -99.11635420378057 53.12751050337556 -67.54955150834533 5.483627511730987 -14.901919769825625 -11.237891353300114 -26.676213296279073 -46.77037254442558 -31.85820737013914 15.311051491537953 -7.288978175404878 -16.201858888709907 -52.44812774053993 64.81341811230828 17.191708756601003 -69.62423825408466 77.19819507593445 -56.242993791597115 -3.0669255979146897 85.82115117132227 17.262471246283567 86.23906092417343 -20.17426005247431 66.6819958001312 12.170301591311755 3.941531397908321 -84.86938887255928 98.23420270500634 52.39044386802783 -79.77470077430374 -63.98560780547129 -65.50371203282113 4.222266866894927 2.9016192301497057 -81.06018296085252 57.37805480244097 33.53243948229044 83.36119626469804 -66.33101393685553 64.75640801416824 -36.412976616792214 14.728607892390855 96.58418038088789 -33.47755463734346 -54.14956789737049 74.2571441959303 -63.43189647188026 52.280726757944365 64.85978179331028 68.92391989868148 26.50526882362702 14.533420580673734 15.446750219299972 20.61224055544568 -57.46758908292806 61.753413240089685 -87.95346724846375 17.106887058672115 -70.78188901834204 -7.175199782126441 81.31194332311665 33.00492535403623 -76.70636693085717 -1.3593937140574042 -96.41224380564512 26.784137642723977 16.878239491424324 33.96573680941046 -7.582129979404925 -76.43653715334837 -59.15520209095537 30.692891097423683 20.99778969899093 45.902094505958246 -42.95596461438205 -75.07318782350507 56.149247215634034 4.685339370414624 -17.17655303249417 -56.640867867440605 -96.29176542798422 -30.932394756095903 -59.66067522991605 -97.60220427339932 18.371975704394487 22.09283915529589 -21.716977615987744 71.28528920598634 81.5389309444399 29.72280766072771 87.1811345934708 -94.18735184536595 -58.378608276780454 25.680523780835387 65.51899255079417 -35.4960304196658 65.77792640015772 64.75329177391825 14.70900711426934 -36.98728818232402 -85.30933025678982 99.8757420090048 -91.67245038807468 -33.063792786069214 7.738041016684207 -74.88740135763139 -89.64298195913756 45.204358245479455 -16.776105992810272 12.251704844186804 -36.3032218681508 -15.86986092056793 -29.834230384617783 87.7453318726605 73.00591324762485 24.786815464437154 34.8869965329402 -38.0697812932554 -32.72073860887555 11.491345848288987 62.98357619605571 18.95857922272745 3.948067002361583 -41.594166768414766 -91.50039167326982 -2.2642134080966656 33.42028472573554 59.19693009097779 83.10015436912988 -58.694919872362725 65.94867538589273 -96.21440749470224 -1.429888760105257 -4.433773122630129 -78.06995276525848 -17.518682230972345 -36.886843142643414 -18.20131268777449 -97.90908739712216 96.21316239980271 -46.64333735723927
19.54320795723426 43.8042539355871 97.56313521563689 3.6249613534959053 -87.64742520214794 11.290685246210998 34.40300437847242 1.744498751593909 98.30470264682126 96.60887943222451 -47.50843916380143 6.079339195433576 76.16690515758327 72.48873515803817 -8.49709833064108 36.999357393705026 -48.60520280158698 8.798038704292651 54.82496089445243 -86.54485970516097 -10.283024796492299 -93.6146261005467 3.3368368166210303 73.27706847508054 73.7364214762361 -30.120906698099617 55.59688813864028 6.63536330565681 -10.133854921314196 74.69839631180702 38.64056294440576 27.464037150642497 -31.133079957730985 -46.357082582519446 -12.977165403759372 -85.21709825241413 57.115471514749316 -96.29361345719123 13.958452179463876 57.74923714161895 63.08576525529773 71.651409745965 -6.890298743601946 -63.74360208540044 -51.79138152760332 -43.886166241727274 -39.395784157415626 18.969513424871366 46.62476831465423 35.10360722921919 25.526518591260754 60.39746204170149 14.786674895815281 -95.49307950003987 -97.8127087260668 7.5195860153170315 73.29374513881993 9.605463955648247 -42.07556197048985 84.87838141350193 54.707165974184534 -32.794683760944636 -69.14888042475202 57.39990485761302 -59.00151892318848 5.193849204169766 -66.24049167686698 -19.220596690410204 15.164258197496608 71.19511128770728 -43.75744651504285 86.60571630729049 -81.20219612457429 -45.70534444075432 14.449537127597907 -96.97204163762798 -35.99402441223715 -95.7842562371552 23.272509516753843 16.958112064291456 -36.1655362747719 -24.884837992319973 -33.485545014864314 -25.622355448825758 48.465719035717996 81.16959112964307 -81.2131959771073 -96.87341691810087 58.21220751632208 60.701005176857706 41.35900863385683 -8.182030519089793 68.34249656960378 51.277386427933976 -70.55927921875147 40.64822456968443 56.2549537164403 6.904582482885672 -25.58018964240547 44.51232689335072 1.8188611937645476 -91.09759699295654 -91.54318065618148 16.77990092787995 36.47131711617459 -31.25515760833757 1.6803071784491124 8.549558572874446 -65.91785839027082 40.71349235467892 82.43111895179428 84.98679335421124 -57.55195815458585 33.01219606669207 95.43116450716605 -8.36611995818302 -77.2543972725021 4.196044593174506 -90.64359904665179 -88.64143687907273 5.286285698082111 -87.24736797899499 2.2040552812245977 -90.70332142709911 -96.59958951120431 -11.483144173211585 71.30209222493895 15.623955914625924 -0.42788510125066637 70.377253438286 32.0390205650709 -2.5806431653949744 -21.915015132873393 72.8600602691532 80.3317117976957 -52.06354898927421 -84.36922727925503 -93.05746947757984 -2.0674247857655814 -30.28491730020096 47.39555187174324 76.64329127620326 -23.54377455570716 70.01910768474767 -68.62454838689905 -11.76321977033956 -1.7697290388774718 -71.35563786646844 25.034684029472245 34.52690738449701 47.06374549187174 98.82564597873392 -76.0866413998644 66.14901405431493 94.76673688100271 56.58075099732116 -79.33793978920336 -85.27468761723347 -26.952711536172018 57.52475662292349 -37.275287778246735 14.72657844043384 -41.09000150137086 -87.05872970163728 86.56686470192469 -22.00428518284528 -76.21770646687133 13.214500626021447 -42.290516191591344 -66.86624052861785 69.06978269277622 82.89846258252643 -10.21439512222777 37.24341218693789 -5.133661659462035 -46.48229144336169 6.724451058621966 24.40562058330029 -60.475606614988806 -50.46356689806364 -68.93006685458387 -58.991570800505365 60.10934690642125 -42.66521063368614 9.053806770786494 -39.41697125498109 8.370985936613764 -97.87802201461808 13.328189901069962 -65.44289292038388 77.54707325764224 -61.74530206042006 -61.11267426999518 61.37814744011848 -28.868224719983488 -15.819880768063598 4.5269183227389505 -60.40151569284353 5.607366401358263 33.7509412822331
83.16535812913392 -87.64520957484858 -69.61190003690454 -22.788401498783003 86.60724918640159 65.21095608589908 -62.64706827949884 -16.013964422686072 -75.01290014584598 -40.22873742168331 -77.39231467858863 46.228189132022095 42.55341207011483 59.2352399473819 -44.4828174393086 -82.52591974312273 -82.97621839605536 -36.620226930856134 65.8004907974339 54.31569653197647 -94.34190523694159 51.95933371520468 -52.260812114997805 -21.224195330526285 -32.033771588680054 80.63494854034266 22.751774388772745 -58.8876955748411 -80.13711380565915 51.22319158139439 93.59562407940055 -78.82617075434213 -29.032105009890557 -37.32469620107495 81.13568892359314 11.246559991276769 48.01215450924792 81.01324456867599 2.432363753491103 -20.64603179161925 56.45482986127166 22.729251739744853 91.23166142459073 -44.047793620034945 28.30976738105943 -74.35488055126399 8.99540111243222 78.73487674848562 38.52993758054612 97.19430551847879 -89.04179485024106 16.333760072997052 -23.32647439378654 -76.94971058076953 53.83198642781579 52.26190646843776 59.321317647416976 78.54680779935822 72.41731994394158 -53.79922289269486 -49.53082399961024 -75.21097553879865 39.72630013222047 20.57561518869258 31.81079191395247 -99.75774245245302 -43.572237129155724 58.643878540427124 -31.774965315880664 -39.85201698124416 51.06154287684453 -74.7521186375941 77.1705160362585 12.67490855059144 6.794295852339488 75.12681027354833 -36.63516259732027 57.34720016347549 -2.4105378673710476 88.7391031686945 -14.159437091683074 21.44804415226038 -65.10965738136386 -66.84748694548826 64.22439396243564 -88.82651269397479 -27.170229209496966 35.591736889828695 -45.65196250593062 -45.23539516937498 -24.652359931895916 -96.5355944950148 32.027150218617464 15.218558267860558 -59.61270652135755 -89.62540647099058 -93.69423977439568 -84.988003842955 18.660498198644262 -83.15115701858606 -79.69653691313219 -44.06918895387746 -11.067385952479952 -16.144837536467648 70.9007994551622 -53.669066160618975 -35.2219991735046 51.014495107988324 92.47148041159292 43.80153487519084 -18.942660354049522 -46.061236876725275 -21.80983244573369 41.0094172920372 -22.6759751221077 -45.55733779083209 -58.84791339702329 -65.08020009893696 -42.36638415218699 -75.47015655647012 19.92078969811098 27.707831438199747 52.05245378160953 -2.271708158929215 79.18185042878406 62.89591845561284 22.225700341391445 -42.79532469728111 -24.66241108866876 -36.660218476478065 92.32887092643742 49.3324590971057 24.88147925000088 -4.521508695055388 -9.099086413444894 64.71878220433703 86.98883330128447 97.37401340612175 -77.8584036545088 -26.660180487241192 3.3765493762262935 -84.99026491383171 -87.92402124261768 81.69957579357384 -78.79381392607453 36.380195956069684 42.19367364864448 -75.72599187033367 -1.229885480424059 18.08394939787874 -85.06871442926744 60.75245523576601 -42.85102871511788 78.04145363807166 61.40400307924921 20.716781211630746 56.154308271495665 -83.2961127317833 -33.805035690503615 51.280289691501196 82.2273002766195 -63.41982913806055 -87.82021647894815 11.57876271353166 90.31182379265653 58.67754440722763 93.05664740959105 95.30505151361683 -67.19253520521752 29.268961688968233 30.98986479351484 -1.6933710654807328 13.461476385817178 -24.42888584480731 -44.93302569184765 88.11677131660664 56.12906730339594 24.545322265086483 31.39910309529907 -63.02037535934868 73.90885966192792 25.94138466176888 -45.140214548103664 -19.594036814534263 -61.90167079008815 -0.615749991473507 -8.775496270002137 -15.935289016826573 -30.905080577725357 39.916496324609795 -92.94648322158746 3.262563677032034 44.50071085406802 78.70284640541348 12.280440201131853 53.015019229709424 -48.41258572571889 77.47347757352583 68.76028373250475 79.77612203160675
66.9523212969859 90.26777963900662 12.009482069948675 -3.924558633447802 19.739369286787053 -53.140641066021566 37.15649938449772 3.441262871677452 87.11359015117924 38.961867743454576 6.8422724787508 -6.045534841610419 -92.22963396334836 13.719677141601537 -72.71709867686316 -46.63523662488749 83.16712779240564 14.88907156175712 55.205965305716546 61.04812255109627 9.090604970628831 94.30632915500104 -80.5119551044688 78.8692337366368 31.240887991874388 91.76914866556876 -33.31195464634291 47.06033280486034 -21.251007374472323 -76.01371910720883 -61.42640868801082 19.99261613223983 -16.06886294467462 29.490958288697897 16.010474799466152 -81.5099356303023 46.394948783540855 -73.99787192061964 -76.12149211812185 58.44779712353065 -13.08001471368776 -41.774568273566985 28.164865268422943 23.13457729630197 87.41229860962741 -24.848589974662858 23.292413092188056 30.367876264424183 -60.06578925159782 44.7178480354041 -43.84682633008461 -42.17987684539568 99.47957475314365 -57.005406154222314 -49.32177642843387 -55.65043661622955 -8.335547764422358 -66.26166370439486 -47.62571455785156 -16.765504416429565 28.970700003463207 -83.78624542081523 -91.68297543366133 -99.7157215271861 -95.0646010505195 -30.649301509674487 52.75419736917988 -8.54293348129464 -64.20203963087347 37.98100515297995 4.0658456047722495 -84.71918943316163 -18.56636090886974 43.965853260513995 -37.165619178860524 -93.39002406119756 41.369364259908366 25.98434304068502 -60.202817255921644 3.641880393610222 -68.88380549358968 -2.024112818065362 86.58714053519029 -42.534937045996514 -15.411887652725326 -87.70755383794817 -97.41466834154389 -11.69246609764518 -23.233282928406453 96.60043356350212 -47.45029056425509 -67.50815523291422 -74.02783598792995 23.582963826306624 54.39091708499288 60.79047687630816 95.67176908553608 -3.6346082520126544 -60.11691829584365 91.6693019400874 -73.92306501772285 83.51112765624652 0.1982450617683753 55.09687945053295 42.52653155050777 -94.93146809155257 -50.855013454825325 63.440347389388535 -36.40187876164154 10.991555708990404 -71.3257392668884 53.100164047190276 -95.58004074275037 40.10418572975769 15.713678694159896 -3.192329967495084 43.31959511715223 67.5588558131513 31.1133015464259 1.255381321689299 42.996053078266584 -19.64158330435785 -37.98027887093056 -61.57954633782272 -95.7729530529803 77.57008544331939 37.634743904090584 -62.491619122114294 -63.20859992427514 75.14815697527851 26.104188345005497 -62.22530652143774 25.424455223966262 -63.28539564754685 13.515641585466255 83.14669180190401 -85.68094552793339 11.39052511567398 56.912357711339126 -48.75489476888903 60.640411657620774 -53.63730245581788 52.02091141039918 -60.84763053151114 -89.66633542913326 13.0879120607772 46.32081927274797 28.1954226138661 99.14996100514986 9.999001359769892 2.393864688610776 59.882648421488796 -97.88812328274128 -4.274629111481303 38.12200850892495 -65.21751017022102 12.751810525079918 44.70140023954053 55.54925540022745 6.1565795998997 93.85451374717582 -97.13424362886136 -48.45744540357864 -47.035223685387926 13.891199088941988 28.418975870661654 -29.23753688896535 20.260416514018303 12.53419806581742 81.33427225335933 51.64168949126764 -52.25783364905203 14.796209255985488 16.023957382176363 -24.738164751337678 -77.55040587242931 -74.48095687158276 2.799797540917524 -9.119536456153753 -88.9272879191151 -18.48800499238645 -1.2780500830414212 93.61139986877672 78.58930407609895 89.00484037882302 84.09053249217226 -93.38278353775917 -25.8057092631218 97.22387867721878 -14.059455581742483 -51.75130245079303 44.26216036425214 -46.050100797161676 28.028038922369944 -18.584888024249736 27.49848619058757 23.444176127716673 95.01833320588324 -60.370111292022635 -30.836507130296283
-17.348726546577396 -31.764767165554588 47.71212289928576 -51.17138663165692 -54.83674209292673 61.97546620630419 -88.10894025786504 -6.8829057759912615 -56.30535988975816 40.71871317743583 53.596008131570784 65.62274120141896 38.4149606834396 -85.5317541857468 59.703752763581065 -79.16843473268993 20.642928135584086 -3.5590796581537347 -17.919767784633734 -61.719684048235266 -5.074533464400616 -43.34143375714987 16.564307199993237 74.86852104639499 -61.4639135893607 -70.08693159434569 -8.230210272690883 39.61291011054553 -47.25757922854994 51.428373804530764 34.16523918138387 43.10882923571489 85.69276579968385 48.83237034827599 -29.72640862150888 -85.15305701420715 -68.16178247046354 -66.73872773664928 -29.49802783539495 99.68193256304366 35.99034121426237 4.625371987070608 76.07891181477541 -92.15971751223955 57.27616428725918 -3.9394876140686534 -33.79948649630913 -67.77242792486979 -75.11747672362634 -8.573151833768506 79.35214603299744 -71.25732268973535 9.225430417207178 60.01591675545748 -77.04896000443648 62.28874881910588 53.54950480638294 88.78816654411736 -38.317588625374775 -4.094000841332331 17.24219377768253 52.242036561017215 84.66094750601977 38.727576196328016 -51.483686196268664 19.1794415134775 -25.46814237119075 -96.9477286311315 48.58133357282739 -71.63614826139668 -5.612255769643085 -7.01328153798319 -43.366292597469936 -67.35778107966229 -81.66011984738239 47.09104288628674 5.118690740742409 68.39475087980134 33.052104090984386 -45.390661379338894 63.522023897916284 86.53936547843816 96.1721969739558 -28.885371989834056 -51.03047615727117 -84.67013250856566 60.396184627159556 11.805128894051634 37.46181292422767 -95.20407863505558 17.49612633539263 -72.68682989200006 -66.39765374625438 9.133979953132453 -52.88077842265746 -23.62381043978668 73.26085949130612 -55.53866866472956 -95.8689417091978 26.189040334117905 29.375167282665643 -92.49428491690838 45.09096263176832 -26.545343035305706 -84.57378914669333 -98.66793854442932 73.02256731207254 -49.11889793214199 -4.790187680963513 -76.97178947915815 54.555502830532646 36.05136296485776 4.018374809131259 99.03469844452695 49.151700096322486 -99.99699721446945 45.156621520139964 4.973213167460685 0.832844190004181 -98.8465285018674 -31.111891145088038 -35.106539001041256 -1.2876301931690222 15.437292104294897 28.337840624656508 -92.19148878159149 -62.14520909297254 82.8502663104995 -59.97237775996265 2.373686251986726 -62.825896426583874 40.686041783487184 -80.95717971187796 -79.60501464425664 83.65525822142823 39.833457510629984 47.76823515442243 -19.519718535116453 25.803204250769625 48.517592797717555 24.039434981949498 -34.97217783724132 62.42421869413994 34.01249659709879 -35.195435429561314 89.41316983475744 -66.57904160665744 27.845650156268206 -67.40313755101025 9.687538960240772 -40.14913118890095 44.15700133191609 56.180509971108194 -92.54924814715078 57.952974011182675 46.39083291924345 68.16148216131566 0.09392952164051849 5.879372962289992 -49.38478815059535 19.100037797237206 -72.37374963801034 87.57660567582388 -80.86701733303687 -10.77640377446329 3.858193017541595 -16.560830177729756 -78.48864000932194 -54.45266588996554 -28.751263894685053 13.596436468005095 80.16218758111319 -63.073296220076536 -79.800458999818 -85.43106802014199 70.41249397217945 -95.2410107415982 -37.17317552756909 -3.019178890833558 97.87387726942072 -71.00502493752438 91.04342207040133 -70.74457045001851 70.03020884964809 -65.27141726940553 -39.804939631064485 -24.60709030856509 -15.864996349984366 37.02961183146931 -8.02145176388467 14.682982788485148 -44.98072130585125 -50.542501836614285 -4.135677784272886 -45.07127915926033 40.3130565611138 80.64639883441527 -86.78080541040796 -8.183741586567734 -46.14020994031234
-33.77200338384294 31.51090851537424 -65.52095809851579 -11.85866269445117 -0.2085351445286392 -89.80304128888439 -69.86913430534105 -48.60705688142224 -62.00152442251057 96.71180707395618 54.10068437225834 43.55571815200864 -19.792131871538302 48.07227686890181 -46.80344570671045 65.41418761913226 -56.29228313098575 -70.91168542930396 -15.433072460939997 47.45477452751538 53.78989820021718 -39.286511046713436 -85.5241723317051 12.523838307916307 -91.02112126379278 -56.1611392064739 -27.16746432374822 -77.78275646993558 -66.65111893627827 17.929612684517565 27.73814953892591 87.5956825846481 -45.77926854545402 72.80446033005228 -84.54254104653423 -40.88546550545027 15.911535014092308 34.32526192775475 -38.24060707355847 -44.81221289085768 -15.759288695904345 -37.59559406908919 47.79410448688438 -16.176745589839342 -46.15463496957008 -51.36456252351487 -32.49820414251299 61.623571763827414 -57.21227261283624 -90.90889292618117 21.69529131668159 93.13845499818575 -5.189919090573298 -60.70844514977236 80.75945652813004 -78.42224765431052 8.739848085521174 -31.972888592065544 -72.51791223010737 -80.08465605142285 -61.60407869413898 -55.80257564449833 -68.71652607767763 6.258594574424308 82.27695116335713 -70.5112303397687 12.366613094468647 -8.052562260328713 -98.57764418646178 27.477927218137467 63.71946942241337 -20.60571998097116 77.81400231720627 -68.71206666148385 -59.09637544678652 -92.73348934477656 -85.82419927793458 -31.970684772089612 49.21811835722622 -71.20558351930377 -14.247300387604511 -39.63328003162579 17.822275656571023 73.33441668318213 39.30645149088227 -20.032094513584838 -97.66195775426954 -18.48146922472958 -59.318517038939866 -53.726626925541865 23.07287085478778 0.7912453369499133 34.59922745116887 94.14226649968029 -97.48093998503913 -59.8518270047349 -19.8065646668162 -73.60865569934994 19.436591346647788 77.76668378303691 23.450282388629518 -88.20938694522424 11.485486984274473 -37.3514592654302 57.18863207097428 90.85278155382846 -83.99085283050476 2.3655887876104202 -18.751489769070304 -57.011525027633205 -40.63298654123675 28.882940480132902 22.08248164240952 86.90923583773744 52.254702630034615 65.79299527921947 49.093628032837074 2.4992783631169146 88.13836902460753 67.6685981156935 19.419319341094507 34.62070905496279 -60.90118577291721 27.98556800863426 55.761615919508955 2.7016765896095762 70.52653011324742 39.697319464326455 -67.66804730002053 -33.18469365860513 77.4265999616972 -69.19007595149972 -81.59294369655788 -13.66319115171946 -73.88744793482348 -21.007236520906886 13.165700017505813 -88.97569134290966 -57.543857951152155 90.02763136008164 -17.405287956442223 -11.816585042377099 -79.81238072801098 -65.22229001754371 -44.91459942963678 -44.95580587644261 64.49957607184183 8.066409885095638 -1.9135617059325938 96.051797147879 34.064035710048756 -66.76654091694827 -19.80697094473787 3.627664965334148 -66.22534141359185 88.18357739173896 -89.53630266837973 -55.24084192899173 71.50906851784868 -99.26040903187594 -8.009490133925496 -62.635478134007336 97.69675043329721 -57.352915191130904 59.072019640884776 -97.45315027431603 -19.76829220434209 30.853481341984235 90.4410098129529 -43.92364098587087 -6.02244619320183 -34.27558063039797 -72.48646626114568 0.549701116042911 -64.59860184855688 -23.692598905316743 -81.70106675851483 -37.079516401609155 99.92219541998946 -61.61513019256344 -48.172657275973975 68.05106842914103 -13.837884835769358 -55.88676356139726 -68.6681663961167 -62.54691060163291 38.715215023708936 39.82904886862525 -91.65475757816313 -82.49734140547831 26.74161827976232 -21.833547712118474 55.088600970573566 45.489667147596094 -10.333856209281976 55.13317917890987 76.84831385980459 -70.5651376395819 38.80388212755844 -18.13974645604179
20.096918175369026 56.29326371044871 -51.02163712053462 35.74603252346492 -62.126614391639315 -82.35267269451943 -16.93532143909553 96.45433696760205 -26.334593215313944 -36.776198221884 35.44436848197799 -15.36996858790296 -70.98457464159131 78.62168902681165 -22.345545596580664 15.658302223350162 -70.5990134553968 29.803721159491488 63.88082516455026 -78.68533045130968 -79.48687692350347 -4.919840868636683 88.6774908970221 -5.93415523050642 -99.34886905257065 50.99848661670549 -40.474381970276994 28.12952126425739 31.010515519873877 29.52555322550802 18.88703444695136 13.528013420453334 70.67702405747008 84.91038230980314 -78.48959382599226 -87.09781151809824 70.24757657969786 3.7307268283495176 52.56483452311679 46.120221884958625 -2.317758556034093 -15.199771450971667 -98.87048870006329 -93.71020409324385 -90.1802386010329 -71.94274620633234 64.81021254191009 -93.46942591121056 54.085562141577185 33.75582363451514 -61.86113254743546 76.44842509900474 83.25740997738615 -3.5805284864828053 -64.06278372059613 -28.333511348011655 -4.433669473142572 -1.3714091134097544 -98.17850601968554 50.07253100832159 83.53977709814063 -15.764928221763853 70.0326088077303 -26.762755186654275 15.793430719837815 89.98236488387636 30.321356025309143 -75.0863722617863 -36.61180626563196 48.466255597712745 -87.36413863530362 -92.43779804219558 46.273777063416645 -28.541712457196013 -4.463412180099354 80.26060639618515 -2.871041321123741 -40.21109968748915 91.12708911691985 17.96756507117918 55.061298442435316 -37.84955027764663 -28.20259333002653 -66.60786415562072 -9.183875346483944 -66.32215948008435 -20.19033339766601 6.597888681117411 -31.18829485422758 14.328841653901463 -50.21873718618601 -0.18649863867254624 34.82505137236288 -71.57704591864027 -53.025586029247386 63.87761002522285 78.40043462329632 -49.291153065411166 91.38242065358278 65.54075746727779 65.76731190578326 80.18128442219344 -81.12004798640947 3.7759357339025854 -13.02060537513914 -91.86242990681237 11.248732097311276 62.46157667702377 24.250554517564794 -30.62386121227074 -26.754848604678585 43.730428516430834 -27.569639439743483 -30.716017470184156 40.98638217800968 49.99544705657286 58.65261698327828 60.770400610666854 -68.94210034889659 45.27596015717137 -84.85372060057932 70.09109052715098 88.37873422284218 -13.658330410702703 -63.28015046758389 -71.3062077208671 -84.32804161088924 -55.870507328772455 -80.60532578045712 36.181554331187556 23.165295778087568 -41.23355659863963 -58.56562036327233 -23.698184157589594 80.17971571233105 -89.22850054280207 61.37115790708913 38.41120365579266 77.47319919822027 -77.06299609413556 -25.135899809868405 -25.089279206051657 -10.59451853153297 -23.8393264563191 -54.12477034692482 64.64575538480901 -95.77794885364696 99.67833496516778 35.965954153305375 61.25292371641001 86.2157217129963 -69.97253188214741 -42.71527178312955 -16.433887838060784 -72.64342067199108 -35.73208821238785 34.38758273350729 45.72918454492006 -82.75529371964467 -54.62610393490061 -84.09494326747628 24.467130618643623 -70.41044813215814 61.46201712106557 66.56572621512072 27.424396314173066 -44.70093837893319 58.66648235547413 -46.19182985085959 -59.19614662671637 79.82343175209712 46.3054173069998 44.06990362534523 -74.9731173454232 58.20225378003545 -10.653037734682599 77.88778183037365 84.4016346310921 -55.77453755698629 -43.46230516636906 92.72696554901711 -58.59204669404738 -4.272128820053638 29.798314683830597 -10.963451857996802 77.80175866332556 -33.62866141818621 -97.77336623701211 -79.45611817073548 -17.672817395054736 11.858605110670723 -94.70190160525664 -24.349459075479857 -23.936079810553366 66.60853257929088 97.93364639697887 -4.052146301377107 -75.52595494960511 -58.97976243895611 -45.95812244298847
0.7770659583222255 93.96903938677283 -98.88863459473203 8.217579468165923 82.44844266457699 45.75251726046611 68.98962224751241 18.367563100994033 15.953248788913513 6.013286120202352 -26.589249333803508 10.398047384427045 -6.682280275296293 60.09495392616205 60.03740087201771 -43.24111602862235 -37.665299688665186 -9.860136201773969 10.295184971923476 -1.6697277062999802 74.04247201158898 -36.42654840621713 98.95806195892015 91.15809289472799 -76.77155020304116 70.72476538895523 44.6094301844648 47.97289895774884 79.19146917468504 80.27365830591324 75.59276966210146 15.549574133439208 -35.70006732266842 -31.319023606718105 62.486039741317256 -5.50978260028208 80.11827634330876 -63.41415012510518 82.76713728606975 19.036098612608214 26.252413873863077 92.95172959557269 -36.65017933762611 -3.9661723023699125 95.98441074154869 25.98887206193497 56.67939038504886 -79.80540078743397 -41.882352672295276 38.55906814308378 -92.51574513700895 11.851572256548167 18.914415234774978 99.64134736614614 -90.61698050271956 39.75280530439542 52.90573380136328 61.75814519481543 71.6041663590673 -82.33603587621644 -79.22127104415426 -19.26545448578713 -19.17345707023395 -25.527846106282112 93.80217278661078 -70.41261850676918 19.963787122831974 -14.831198424604139 -52.95405960137452 -25.654005271542317 -73.11994408416581 93.17462826004314 -22.286334772507118 -56.30065322122029 99.2210638720639 -10.400081627846333 65.84887558733692 -82.34732659753476 -23.93796681784957 0.8028659273127516 -26.5970382435478 28.819507772150672 33.110118687248416 -83.47208935368265 -34.326442238995526 -1.7054008963051785 31.822396237926853 99.60169702586245 40.44487193666302 -73.45729107587964 -81.19620071680265 3.7456648267533836 52.14362316392257 15.98599425943425 -49.505348042589745 99.37017607618708 11.405886416907848 -46.35045775498827 -97.51631746652016 -0.8047162799494743 -38.687521722434994 62.90804123507877 58.413292361885254 -14.070075628702952 -42.721790090845005 -22.377499393854336 -57.444649989000055 -84.0423034718962 -61.524578673595464 -11.724243681875194 41.30940493155583 -38.40277546138178 60.70251915218728 73.40443467626955 -88.3395900960473 -96.6168726025997 81.29536605909487 45.03782563625069 45.56937152269856 84.46107148705553 -28.389824952541318 -8.313152992596585 51.55186066184535 -77.39236166066149 -70.87169897301004 -57.70104547748278 51.95643939308766 21.650314310293027 -79.63674767518303 -6.142125552603005 -50.15145787977009 9.788777138127756 -94.24925840524914 37.23177265306654 -98.65235608288123 94.73422860008247 -79.03130340244628 20.3074083708469 70.74644092844377 69.87071416204395 9.093405885619447 72.11016838244407 -71.24299010551047 39.08872392113901 57.427183831916466 -32.5254130387511 -84.35935683943516 64.22414477734952 98.69338587768542 -32.69710414518603 97.02258034515577 84.7202908801126 93.73390268136345 -85.18101395665576 16.892807522888603 94.9736596444736 -81.58239138076458 -58.38965630117849 39.50306937493008 -30.343573310510322 -70.83758511697661 40.11845355127045 -37.90559175166586 -12.407839583991233 99.7590832115846 99.76346020506554 -26.222468689177347 13.489667106339837 -8.877535933456102 -2.089770640758232 -91.42352903294871 -10.867673202973819 -12.672623059424211 85.92268077496328 30.364582937179307 -34.49641925396405 -95.15417863089691 14.090587551479047 -31.21266199960671 21.244767529733608 -18.572041526428464 27.858700718969033 -14.391520789195013 76.44638163204093 -23.42882301312656 85.12965326146761 51.389124080298956 -59.25926201567775 -78.05906528454938 79.81066846931571 -19.059572520066098 -95.47616350990829 -70.72546267380568 -85.91259291158366 -12.856211013214235 70.49467649872659 -97.19010054736434 44.69136918615527 58.69283624400089 -11.058139886056352
4.8132153268803535 -81.24565204428396 -15.274240833217064 83.47412997693664 89.69005630828869 -0.7750870130648622 84.95077491712033 -70.4871058241502 75.43496835454974 50.22976272110452 1.2451188127823372 59.9173660620101 -87.20676834140579 55.066624131358196 -11.757227855824652 -97.54917286322373 5.965396470814326 -99.62470379553845 0.7502196719903651 -72.41628739005783 -32.26765496202937 37.76732956201363 -4.110224457653516 -80.22198264621856 31.75592692150809 39.70382521883073 -42.72707686161807 -9.423875318008541 -80.92989220129714 47.406370939681665 -67.04924676321849 75.33000901228789 78.49529945223293 37.13676677381696 -24.260696664071162 32.066052038934345 -3.6475923406011077 24.10905204356601 11.168853303305553 -56.42979376027861 16.41951444760707 38.72594029548651 4.520032280266179 -44.73683862626754 -71.45771542170715 38.233456985887926 8.866298636886654 -14.995464123042893 52.09283911036982 -39.83193224944663 19.234173188657394 9.902175480386433 -38.27898617773917 -78.30457907598802 72.46033002265901 95.91178945230044 -53.46653705849711 -64.19425200201863 49.667305517987984 -79.81053883249677 28.478628788948726 -8.06569873286395 75.90050872416296 63.148692890961 96.83958990926942 -64.15399060918976 -98.08020970715651 -38.664093012909206 55.11173684558992 -38.341421293965205 1.1627844675310257 -63.469063080519405 -71.07312399870679 -89.1265543472896 -43.038304964032626 73.60097703258083 -38.52119365247988 72.01031323845348 -40.306787217995854 -45.58717693734833 57.370651508855474 50.70424839129589 -12.354354255079713 66.25532069127797 -37.48049275928069 -51.59721437956555 7.175839223633076 39.11136608394557 7.802129487183066 82.92243242853883 1.5623018032006541 51.11577064939246 65.25171208162405 75.96461808548435 41.32846721578187 97.10298633090224 -9.080842016262665 27.43667601216005 57.01186753711178 87.24600472504954 21.260559083531177 -7.676676994049771 -78.0293739207949 50.929431410252334 -88.54640554040756 16.78384763153811 -88.7699004772383 73.83935645493565 53.86698359021375 64.81938422528128 -57.46847575068463 -74.64368488204829 38.65865362632951 -10.118593173022646 74.18423650524076 -18.798658278358204 76.98141403666978 67.22439323623695 -58.69170490659425 84.03343233814019 36.682619769925765 -45.980941107047826 8.307498800672633 -63.78677605168341 -32.59571647509149 46.363397031559714 19.018564359325367 -40.85792577840639 -55.32243505829684 35.35995005504034 -77.75846491432608 -6.771010330192581 -74.41076311992757 -6.4643004134064626 29.074501539598174 59.97206448554897 1.47278756483243 -53.15606697970983 56.34691116932797 -1.5267967111760328 58.06734521051092 34.5369229389309 95.31876891593797 31.03444318908538 73.72896447239862 -11.134458916138527 -61.260832512155126 96.99393942629905 -73.19184847014483 -7.520477885245498 12.015999805330281 -74.75293506551907 72.99933434466374 68.4296066699361 41.09556459734628 -21.838961557897548 28.539482978058714 42.69141483849717 56.51016576702085 -61.82496992062456 -68.350366865533 34.32983822758939 0.31611248245945944 16.183045156989365 28.305606316026285 2.98883235965792 -20.7802454149369 -85.64728133417353 81.97233431234645 -29.137314049250136 -40.64877005111014 -66.2532172340112 14.689325661344625 1.0317287763107856 22.23543549429128 -39.707002814945234 -86.57703084178974 -95.99938359656304 7.061808439934154 87.01741999434975 98.89903167981575 -63.82050704310562 -60.22635363948956 77.67025171800665 -6.213868594718349 -39.854448997125715 96.93532121129013 19.07499140697462 57.23326882849992 -57.62529321834391 92.38698938816663 21.605467096867258 -9.73579456872271 37.539413460015 4.885808413064694 -52.008187319404755 -66.9236260678552 90.12754155493374 -17.791963004816154 -52.0317879352596
62.29342441168427 -19.700470098932527 -8.386068140486657 -92.25054889809398 -77.85215950121287 21.9718229349905 -28.399387733600207 -5.822056969713543 -84.58184131874138 -92.56914512081164 -67.32687110967335 -91.05634794914224 89.76385429498129 88.54017126452635 52.494044708600825 -67.58727177191228 78.2028317519545 8.872528920197723 -79.00897529788287 65.54170043216837 88.93980103002338 -37.00480245250986 88.53532719144351 38.568880443375065 -49.36722476823165 80.6761104017688 -25.204035779050727 -5.551864597295648 -35.691656619206384 -71.59181686879946 39.541234485394625 -0.21367732923729932 -20.637214112219766 35.57494568572372 -60.08643283989019 59.49828391497104 20.248802997821613 -36.21033419109456 -11.596993807715705 48.75553976078021 22.22811953077904 -30.536210945788866 48.89276031099271 -75.9936991395275 -96.38115053286339 -40.043583186254985 -22.571132349667195 49.947976458061646 -81.1411241313041 89.55796965842552 38.24429142260851 81.52510771530658 91.1271288999871 91.40006834094419 10.69638269720545 -57.137556764207666 -59.44241952061524 94.34510136413056 -25.525083877066507 -1.7544059231396716 -98.18948625394515 -39.524060266748485 -68.28248699939684 0.8781720922988399 89.43122342636488 49.63707812101222 38.42381641230517 -12.287731684775707 -42.4915198938111 -63.32585328278817 -53.17886062795301 13.898387683278528 85.83554154007189 55.62520835003809 -7.611100785949816 61.76745560265658 50.43290585133008 -17.353129323722598 -5.231586253511523 24.872931377478608 -42.97600976059699 -39.77345888928667 -98.0935279529257 87.41816299998999 30.82794244493985 81.59765306942322 44.60985285063549 -74.35519145884123 71.90757143710667 96.62974281498904 84.11163009258306 -45.69854226071548 -25.10581353864967 53.95600701588407 55.25137115078539 -90.91559615910438 70.12398675270123 70.07784767037234 40.72481287403596 -54.857375902631425 -12.966393331386428 -24.40478335894703 -28.24237311359022 -14.265784135174158 -1.4445671906728137 -32.44405993877663 -89.01897028642709 -74.09308072610813 -34.106438562671684 -37.985245853885765 -2.3878141464303724 21.854634799101163 28.360645866230072 23.82096002723098 -67.33089682369459 -60.953109827084596 -12.701231379651375 -99.60739914644992 -92.51212072069615 -99.04291384334563 -42.57382740715474 39.33261284227916 -15.404443574890664 77.65492564482051 -51.399401671830816 -37.10421772690042 -1.3315303432233065 42.93135995143845 -9.948923987589183 29.44261514859653 69.77192809903553 -85.2001385314076 28.385047672435803 9.560794369466194 -28.733184353158435 -36.16413509736771 78.12163696559139 -59.47219405644917 -77.48338873368503 7.327676849916969 -29.438561788546423 -95.06115908251228 28.34209929522453 80.51631554160835 21.148188367118294 77.582209603682 69.85739091908835 44.4820838794563 9.518658607237711 87.14431890180211 -66.10385423402687 24.374283662826485 -22.508719146670103 -42.5900166126923 40.958838917536696 -70.18216668948347 66.35133984497466 67.93435594138123 28.881333445935184 19.299783467539996 99.46759203303625 -30.60510422943274 62.77168396423539 14.579245649072249 8.655072599576314 -69.74900922292686 85.89742422131553 -87.05146429459323 82.20474876979301 31.878011224526347 -34.26403141254157 79.45643102705847 90.81958632641468 -91.33052257913789 56.432110127691686 -91.78940279090054 -92.50025889819047 -33.86983271734482 79.05893356205581 -50.546237236065195 37.54091662125953 10.265409998680369 -79.09315921766111 80.90193259444055 -28.36020181705922 27.531346693028837 -45.152129229102364 -32.450344403974654 70.13777864572765 6.833096292917247 7.347495761975111 -13.7338122533599 -94.6230864462461 72.75508300903752 25.519386647337143 38.41197977536578 93.63041377229271 27.36183539213137 91.19954028165637 -56.01032176459037
-25.886955034616605 -2.1178178442393403 -56.291092588182615 87.88522082726271 21.067791487516274 90.24081847607934 -22.424339002775028 60.78553188690179 49.59778740741791 -92.88732770934911 -46.94978501698506 68.45563536803613 97.47438098231785 -13.518158165555732 8.116638358782296 -24.989752397250655 90.92186134303776 18.657974672138636 64.77214255080563 -40.88178519935577 65.346701816452 89.61799775770928 40.03325456601971 -63.487690456884984 -16.445337687302214 26.49791011504567 -49.6465779509464 -43.78200628146072 69.83085834932402 68.65941728932467 -52.98928581184481 42.809023902222464 31.166545591800826 47.604086898286766 14.626370382718633 -1.390374412268173 -80.83707338354068 66.12516199772205 -48.03898034629923 17.210279086864233 -83.74888462270019 -89.4165092296835 56.21649189247296 99.90574012073068 26.96206925562261 -26.263491963856183 38.665854121157906 82.4548885409736 9.236832818688072 14.674328352328871 65.55167537264907 -78.27294998857147 43.64831867566491 33.21842964273833 70.81648215164927 -94.37419156251734 93.74674936974901 16.854258143486263 -67.64870433325028 91.90667082321235 51.865042735320884 49.36862503810261 -64.35173843280018 -56.09181609148681 11.164513847900693 80.6132683139518 -23.804332582172933 84.61900233379589 -87.92135143960522 13.22817909250638 50.41302980070043 49.97335692728697 -28.7985409871862 -48.73661294657738 -85.75367284552743 -15.404490505125196 -79.37347611063032 49.0472191797879 46.800912891734185 -57.76905334186759 55.26382684217873 34.13210617423093 88.64225406671969 -79.51877406136605 -29.244478808505008 59.59174513509225 90.3319277357314 -92.68264606103789 -98.92336283441404 81.53355139118435 69.31000483943478 -34.636776634719695 -79.18663643564815 91.49702936600988 -5.922647219551251 54.58608729984306 -86.73561031596967 -67.78800730643434 -61.1774852669045 -99.01440788877316 -82.94477249518664 97.76563694927785 -28.18139702366689 53.15006607076117 -96.07223666484657 72.9353925130115 -97.53018951795305 -7.392193375757145 -37.552410876208576 -57.9040237755122 -74.29502629146931 -17.991209130315596 -14.118499394256517 44.707317908148184 -18.885424106038357 -60.465705185422046 3.2124446705969376 91.37567433307902 76.75643409174691 -70.26715367374538 -2.429874558835124 28.310102137928027 67.10102811402356 -73.28727000631045 53.92804231622986 -94.21012467036114 36.5847858798322 52.891465328130835 -86.05553248372678 25.285599325785952 19.491177464176857 -53.62462068786007 25.71885020233657 86.59251832837137 -85.5983478276784 20.94480326077381 32.7325678876137 -37.2918668507932 99.59632139971166 89.14340727619066 -76.61989825755802 -6.017138178933749 27.561408424876305 64.56981709355756 -6.663188161099299 -41.55007738137992 -18.713846534773722 -78.7319937226421 -29.833052334348295 76.55092108686696 -95.29787630333584 -90.44007772671372 -46.82558613721053 77.85131633072206 54.17957066764586 15.842612575597002 92.95198375443351 -18.70954348544744 -4.400652993792903 9.908255830449988 55.886751764947064 -35.605990686048926 36.76147794769574 -93.53214510645826 92.39364737196337 84.20270046349239 -24.878163390798363 54.99423504148072 7.620713174176757 -13.09178429388254 86.67281765823705 -14.33938911933339 51.18194551797387 32.09915665831704 -15.235760642094093 -51.38314302208195 -26.432310311460583 2.6035542797729505 69.16961932696918 -3.4965041356175703 95.43381264247836 -4.092189224109049 19.493947294704085 54.17622909613016 -3.63907541920328 -25.486020665930326 -82.9460106767155 -16.11289746944891 66.2059939836208 -8.82827138819242 16.443236423889388 57.557965164341624 -32.6677999526279 61.67313192325889 -22.83016617596401 -27.135032308880483 -13.905617586537105 -92.63873674729568 -86.85939065077295 39.81677189372209
-26.997129023556354 21.076054438936524 -80.8161211203392 36.92528899594217 -78.67067236208797 -29.406754746378766 -2.0607738198866485 14.21363837313649 86.42373467876388 -40.51406523534005 73.18125556124104 -33.55295563991206 -22.52183755792015 -17.12125361403956 -89.21844373413168 -98.68708922145797 84.34234279172995 35.805232577538334 -56.20549277279112 -30.10766251409278 -31.60015077154901 80.41202244371416 -41.37826091718533 -89.71943134062323 68.36364288596968 -72.3354522267816 -5.890696415277972 -43.05825460243335 -64.75042148767062 -81.16852846654929 37.28887925749021 -4.467184436540592 59.55967544885809 16.642216805193243 24.262370731348497 39.762773112809015 -48.58731207082552 76.45284910814132 23.847293360520354 19.553378217678443 12.29722774395914 -7.361906816760339 -78.31534724879008 68.37979374745203 -36.82061282704942 97.28577343829954 -59.894046630036144 96.90750914265155 -85.82857049056898 -22.77552087031171 -9.379685963255753 26.975133489978376 -6.113497909840788 23.686810908257755 77.4488944595324 34.925068556557164 -97.19915953244944 38.867987757087405 82.5224673794188 -14.437206316774649 -54.15099103801359 79.28309159994632 7.958590099233476 -45.314706480289814 33.22179053531309 82.19909229497225 78.51597865028435 6.581054877178232 -17.516450921101395 -7.5411584978081265 29.813607801639705 78.43871463809853 -2.7106991145186043 3.5138367186911665 -35.87691795879866 93.29074282284552 51.77433713570153 19.679287236732563 -15.649083215754928 20.403693227860003 27.934054938169922 -60.695169080522085 -30.249702911110006 -55.48116235988996 85.89349886721843 -12.363889389611387 -37.189619976524746 39.90539625354063 64.74554296863653 -42.43182694369278 76.49174517038779 87.41586748269893 8.354985465950435 -3.7502668818274714 -64.1835448979645 -97.6737112504857 92.61026380329724 -21.084672285664595 -31.900626969632256 44.26845304022936 -12.651198834007559 73.45225423403653 56.760603004943704 13.75312071114611 63.735623569006464 33.873899925062744 -8.300501017892543 32.068069436260316 -27.620733303321487 93.75484187063259 43.702397561466256 17.23230681173 98.12328720094223 32.037484324209856 94.60934940725366 95.0952805101561 7.135658574438722 -80.52062060955942 93.42008945254832 51.88204986121167 80.4006478735835 -74.54624741685076 -81.9859955933871 -73.84466671237782 -79.38833856287349 97.57884290154252 -69.87743156547903 -41.587146692881085 -43.98484297245573 -60.939291988087184 -13.705523442804221 -48.686049178803856 -29.11500958605977 -1.1538446062215257 -55.82349340327406 12.699201457594782 -81.28265120141116 59.56604121026473 34.872440545706155 -1.8944258384245245 -54.905669776882185 -22.642008417506943 98.20230266872275 -6.169103475835527 83.31398330239941 -49.057343358477226 -15.916371877735429 92.25450362818924 -33.94081328508001 16.41973782983419 35.36978798513513 55.34772967620282 55.433583050048384 -95.30958619156765 67.42524536217064 40.05098679985585 -68.10122702554997 -20.623119202778923 -99.77374419885072 -9.76484408977312 -25.973105631491862 -55.382970317390814 -23.042549605439362 61.76746008878672 22.39544826043678 61.9214700614844 -56.885884482500096 -38.94646436167619 -84.37269725141738 38.1639088856428 44.241593039693726 -41.551899297968966 -30.645916327486106 -66.40012310897984 -30.855691071743124 33.773649605764206 -33.992766145929565 -87.43338849249969 4.078942081271634 60.04617418015036 10.573675701716923 22.96911929609506 25.440219810719398 20.381645381521736 -89.1776408611308 -18.18967801055325 96.12283652034549 -72.59722727816333 -90.65884841607166 -92.59691937540902 0.5524876279870483 98.36642765011882 -86.73033331531639 -53.126572046359286 -81.86369347623356 53.97640875141661 73.2045782580245 12.840140168399742 34.19525177106772 50.23520771813415
63.970786303084424 29.42656783300629 -3.8638921912469897 -91.13696119131205 54.13048880444745 -38.478252708694896 70.97503596221438 72.02951962888594 37.789689281239106 -53.566675105485096 36.27739429077883 -59.9310604279746 -89.08693484664583 -5.1872062326283555 -30.170171772573084 -46.85695028404935 31.893845390830364 78.758864027725 49.88623904323981 8.821885252030384 -46.60407791403398 68.4419662668696 76.12011035517415 23.037043191423436 67.51065708983353 17.6211575106894 -94.53319240097251 -80.9696461323923 -76.27736213810019 4.198510467471266 53.13155215900335 -39.721178660173884 59.94490668406826 -23.478978937824024 20.331335678501446 62.766804753092 85.83941459819408 -25.563213715388628 -79.75980472140849 31.350880053812574 15.55345503539047 62.42780233712321 -87.36713651984678 57.1331145712895 32.409629178625636 85.42911804968082 75.95504990081184 66.03391349917987 -56.25020480669789 -42.344187766212826 -93.80712019612542 -6.200677608998589 35.97412220315874 66.1834625004052 19.43202055434672 -32.237401563276904 -51.061266399982145 61.727898691259185 49.53260698497982 49.11964394920324 36.20349958386666 62.18147857958695 73.18625371629861 91.62592364896557 59.87674851794398 -99.87194153451895 86.37639028217873 -37.53880703406001 -54.56607025332802 -29.980945630982063 32.924806958744966 -10.581520776574678 18.559436949192403 18.674905533805088 -38.99228746701373 -69.65538835463924 16.03208139677197 53.76349504084732 17.451446666685456 66.82266207200615 38.847149077224 20.384351465331136 47.28532039961246 -56.3939193974935 -17.22319047627427 -18.075240563871347 -79.67594956008585 -98.0004699141685 95.5800531432935 52.1817584267049 28.330531178431897 80.61696516321368 -28.284847324115788 -52.402653053375744 99.81211126588195 -94.74390607553408 88.0449170581854 68.33714299573182 -30.89947345491899 21.824824735910624 -31.639290471812217 -51.68167583150112 98.53142472053352 -13.221050744757875 52.37004362832292 77.7560338587891 62.31200491001999 54.78472937607347 72.08237186752245 -55.99319093501647 8.052945410647936 -21.377970783722915 -19.559534603386837 59.12154075181343 -56.46451475803423 -74.13816044461879 43.54270648070454 77.78157785791919 88.24953982342433 -74.46838960196997 55.871505959991964 -68.55418879441672 -56.918957591197696 -27.315892166462547 50.27568971457782 -94.22379233469577 -11.884056614221848 87.48680602790068 71.41926771000274 41.967134556396815 96.05182931392616 -68.34004910243148 -13.770935467042108 93.45433232833972 -79.46186640117476 19.327756610323064 41.40165737022801 6.599115785753213 -97.99503596468388 19.757248280422445 57.918417179999864 -86.10986741885445 -41.45046524428226 1.751423649388144 59.075228235547286 -14.304163662755599 -46.13432951303529 -37.05889866119985 -72.56144127118176 -44.669700719188256 -63.41348994699596 -87.891413776975 -23.329444804758893 90.6647510300823 -14.514757682277065 -41.536678286876395 59.98687428674515 -99.95919132291753 -89.59508303271133 80.63919093707614 -65.6686222584915 86.45693920889022 78.27090331820938 40.19580833530517 95.95643602662827 46.829349056902004 -35.159865783449746 -65.08368164861164 41.6659043434706 -0.3945636017696188 31.21115797588635 41.79241461114401 97.32536205863428 -35.33215562402039 41.306380354410464 -73.86513974122136 89.69011072208298 80.0268871436756 -68.18158424326093 -44.637789680664184 39.46052572684437 29.947123043168205 -7.787760803734841 38.429330087266294 14.0399425289895 7.000261198186777 -39.858187876346605 -68.51378980774057 -76.54913045448652 -27.830283443315636 -14.048868837390003 -64.00811197633678 -51.573465257847516 -0.30935451532143077 5.3059236491752415 96.50227598160097 35.07814326166752 8.30978609498412 -22.655105603129286 -24.070368804346813
-19.925811500180004 -17.501157360744685 33.73307064222689 -81.16834045112358 -47.006530456320576 84.20558438369957 36.635708874223184 93.15078256749877 -59.450113661094605 81.54415207620647 15.83031826984049 -68.83330003877941 -99.89141213547718 92.64424720170419 -80.60014155389837 -71.17283937399756 -79.72249352998486 -84.65958953684756 70.66218944223286 46.565211834522984 50.34835109327187 -66.1174619286228 87.92227815667971 -25.926085668233796 49.737975238686545 -44.222874517277646 48.93060226960412 71.18429273179376 -81.68155789849698 7.804685115110942 -89.96919912002176 3.302634478919515 -71.25074756825177 64.39163587699812 -75.61218837023486 -46.86116697604903 69.3152480117779 58.03163891431231 59.61746123381255 -96.10325370302635 60.82620844618879 97.76937700437057 62.6339936999164 22.906704292110987 33.43183653691676 -8.229453267292214 -94.79542196089166 -23.10695009918487 -90.9527769283806 -98.68980569034147 -63.21232552315041 -3.329100417098772 39.979667460494454 90.64330415431868 32.94867213106119 56.750291012894365 39.75105612880802 80.5032691260792 23.81682599879531 -39.47264939383468 -14.129580233579574 47.08033245837001 -24.430679312943496 76.28506199518387 -62.25406093638741 -25.095164101132568 -24.593700057400596 39.72688458536814 83.21048163787341 96.10942509655564 -26.975504649110576 -83.67243974276175 96.7496857504947 -50.751078558738286 -69.290233627831 67.71587310375091 -95.28681933806315 -5.024502530784588 -65.17889137656283 -86.11065603735402 -49.45087918457176 -73.65206010899455 99.400921615296 -3.401467608946888 74.60228689235146 94.12952586340947 57.56419648586635 67.60694908694992 -76.35320126909373 -52.64237613465876 30.521760684277524 84.86893122652793 68.46355372293837 54.19861667761418 59.386435210916346 64.02251428171436 55.3147440430119 6.377545010901557 -57.50975118078723 98.59203873631407 51.14769370461744 -9.314126044002592 -75.43315051180501 4.906478456801764 30.384512021773276 16.834195866905404 -24.206377136672103 18.342260074486404 81.42347794633147 21.841574766483248 16.880065385876605 51.57652952970071 42.96442064638717 -55.854886389333934 -95.26701702590267 88.79152169223926 65.60625681592992 -6.282897420308359 -78.48932836362417 54.76055678155771 -32.31753370429331 18.48351192114383 -62.778497633973764 87.25092968250001 40.25070049651771 -53.34554195086345 92.53707551943126 -42.09085772910903 86.4235111624186 -20.854222346476206 -9.475447746660777 -88.42368840204615 93.88829792131926 -91.54037224666459 12.831621841310408 26.09128744927935 76.75087848773262 98.19621494910533 -85.29894641775809 -86.03631508158472 -30.871128927130556 13.295573171248748 22.52716601180427 -48.622099915532104 -2.0243465941758245 30.33142088790089 -2.9045431314888646 19.11439529789743 46.32586969259188 0.1777556446320716 -38.469151584522024 -56.35454886660354 -7.064496204676132 -97.60749962327351 87.6470232230308 -69.80849894694342 -83.56972005067959 54.4259502448069 -12.046690754711392 -0.57104819316001 -3.595849620274933 -34.141412772525314 10.77639780948914 -86.7514099726582 -19.464769223039085 -23.19674562698239 97.27419081179266 -71.73102106468743 85.83927291269157 -65.39637020978861 -68.34553683792895 72.23818283255147 -18.85129976013134 -20.453544581623362 -91.10737946246958 -38.74721675668737 53.444179821530895 10.81910662020968 -3.263461700113183 -12.554052912880806 57.37095701219701 -45.7644580562419 36.306222895385645 -93.72712483560042 34.0723908598639 26.36580629105758 -53.97424283034455 -71.330090746803 66.52781315581421 -40.28852531561584 -61.254801927028105 -44.716993274961794 -19.368791339367846 -17.308418320379616 -50.06966613270809 -97.95550183599859 60.08783061986114 88.89964042799531 34.85456414894185 -18.473627872302373
39.777936033821135 -80.34040668608517 -45.459399952477455 12.305566153162516 84.39231526321896 -14.650244953865396 -2.9965989250971603 98.83579776106222 -68.54981341676618 -55.67470468779976 34.04946495401762 -85.36539378019516 4.4703523122608715 -87.49353841075825 -21.19651257551584 59.58592578126536 -27.244993626491905 -87.92815949561168 -68.18451637658782 44.442995826148945 -34.4254698796786 31.80862560426337 -65.25131816459927 -73.28581937942946 47.28764309575578 -34.14073739874274 -57.09625996927193 -30.64825229083874 96.25533110763206 -45.09682438006972 -98.43229244979253 7.669085850269639 -15.775005571603828 91.38891046476621 -17.65967832883031 -67.47534545758407 19.513947659944407 -58.28213827280304 73.9985984027607 -21.69398387193793 86.9866983148085 78.70788261100549 -21.956596545129514 92.0112232119551 49.53312755457853 27.44161470900714 40.92426313566199 -69.64684761196602 -20.215064429835877 -52.60232688679174 94.02099452748215 29.10716238337895 32.78369323028204 17.685629267019976 -89.02173871841276 -53.27477801588496 -13.96530949107435 2.964370124683043 -7.025809925708401 40.842592248874325 -56.677286192238 34.543728621047535 -22.518608529023524 29.3168700788506 -32.01966800164378 30.85587871780993 75.37070129266067 52.95917245762698 -57.220998606368 79.3840784367494 14.704768956483093 -90.71752457208264 44.31570986053447 24.04945469778461 17.53896657455671 56.979681445298155 68.80265269057341 45.82357807249332 -29.94197856409049 -46.56716212092098 16.571511767653348 -87.28175949687736 52.3811153845042 40.034859831044486 -71.92085406396825 85.81673967506097 70.98745389187533 69.01755139487312 43.08144285366703 4.633040715735362 48.235362865010046 -49.179799113889786 -22.24829601028584 -47.37509924588039 97.7465463838821 -50.50917155013479 2.6892750553166707 -87.91946983828917 -3.870980186023232 12.48747582284399 -91.36649419191232 -60.17943337765639 81.39888055100548 -25.640970774782133 -38.37411984505368 31.527498911865024 21.88905307939673 -32.60776243598957 -61.10129120299668 79.3366719877865 -82.66759862036375 -58.06818635306872 91.06039771133837 36.02474205911301 14.70836250875081 24.32660796865666 20.94041083925444 72.04621769614332 -13.928499917725532 -16.858730973487823 -35.43057350684444 49.835227264888346 56.43472450905725 -83.14009800137292 -87.0419212479856 62.53295766490635 57.2059933478852 8.209781914298091 51.088399522596745 69.05965435441698 -54.1681751403255 94.48894429194283 -46.13205751049361 -97.7927236149515 -57.752418778001015 82.74484380502784 -30.73283679460424 56.995825978848245 76.04108521087676 8.498508288255536 13.17757943458058 37.15190178527703 43.489179377986545 -62.46476785546178 -50.144028633836825 -9.519464537120783 58.39797036607101 54.20779628564071 -27.197316635638913 74.18564338336526 64.11295238276816 -58.87557557006451 -83.15303955678712 96.07530969740264 -98.78290692940892 84.0522090787467 -30.333416479772254 -51.50990692801749 20.091155780004712 82.93691663542623 -94.6955831394193 -28.27506765676189 52.73294594351347 26.78386461738856 -61.55566986578884 -75.99771883801793 -4.728005022737918 87.40867990098923 -8.963839482186302 85.07543632357596 -50.285463962835976 -65.41156560928096 -47.69880164058764 -6.609984871277263 63.494529219310635 -91.85823692217888 -59.48416281908078 97.27243267663266 16.250356424823266 -27.072999342452647 42.54164508931956 95.52673172726767 -21.51196903153874 95.40072275450012 -59.123400130079794 72.41789200165951 -75.44394939193424 -34.51736449154541 70.21381932204477 32.415161748098654 -94.86743781076757 -57.63029631811667 93.04419459232406 49.11891465928491 -75.32996783175376 -17.404870444698403 -35.0495705821763 -49.629027871553475 70.22987768582203 40.02342872935171
65.68535189872676 -81.86328095795889 4.836480988341904 67.39944228195188 -9.642117218299063 -98.83835918304706 -14.425206024765941 86.64556058792135 -18.22100983036468 87.65461889949819 75.91359436681077 -2.637213094452221 89.13768716223245 39.99795688099337 22.447446860960298 16.61030126892375 38.700790071000256 -80.53979270592268 -95.49711545811601 93.0264160308785 16.03862697126246 94.52376385145973 84.98094528455496 8.531582320557732 -43.35097911185635 -75.83485350134869 61.87208340554892 14.499450266071506 -76.42026960296684 -30.400751846990488 -54.45755322477237 -65.45904709798138 50.36857955363118 55.47857069826577 80.21685009720471 -91.8648559786927 -88.75935400469879 85.62522371978292 -27.818897678165058 -54.8268029569265 8.250683136637775 -56.900897911386195 40.77432264261935 90.80370025882985 33.464133918171854 99.36336217031337 3.860111490482751 -48.39592517940634 -23.104108649422813 74.66049883813753 5.144367370410507 30.953684917635513 -81.53474184710403 86.4146502946412 49.83063001554686 66.74753849010585 -96.31994205262441 65.23843209968717 79.70828083515039 -86.19563967655324 56.87267199624401 99.25061903670482 -30.296462916154198 43.919180810143274 4.621522344877093 79.52497520624902 -71.99078467395418 6.677817479088802 4.711591745827832 -94.05826802365375 -67.01301834312929 60.92830216101862 47.22943171386859 10.991234744840412 66.41580220977104 -33.29951423336284 12.679528132557365 79.22600116252542 6.721725143244967 -94.86636135739302 94.13548117916352 70.65893263211456 -48.018557609476574 -62.94773701775465 61.38136577391387 90.4307498966208 69.84527238181673 93.96240427390538 94.80480175475515 -14.309016341173589 -51.676471857418306 -25.445772855380724 8.733274821376853 70.78426188950431 -66.2730060100022 -18.928659875017047 -60.74939977617797 81.23833749256167 14.691302000049802 -77.16828858682534 18.6196801821213 -59.1900980846374 -42.75919204355547 -43.23003929528593 -68.61071858339942 7.5140199722496135 58.71222999645323 -16.023253013791148 -22.568393830453346 65.76017180236653 -43.862265150474975 85.24058093724426 89.97517852389981 75.86199528893897 96.69276598454198 -88.21119962261758 -95.32167256374227 86.6348530552527 0.32256237354668826 62.33491570160393 -50.939045636664915 8.870480933023245 -36.97112013472863 98.16577674103709 -68.54258333885701 5.1813090933681565 47.979150144671394 -21.434092864234017 -49.56360812125629 1.5839248112751108 28.188062395129066 10.094593784380407 -4.175990884382713 -86.53777761630748 -5.323884957237567 62.864883524050526 74.09494397365589 -66.29315588441366 -51.54429241211278 -78.18747542970979 39.60574553152162 -1.7061809482071766 -11.506764254528633 15.914621905625864 21.919517854158926 -68.26544906385928 70.70336765219426 29.50024162843613 65.77445467215856 -82.07227329728504 92.97156742057822 -89.24353755134318 91.46101095611473 -11.95009165790664 -75.42321222140026 -69.5635278357154 15.541616987818358 36.95445663843108 37.64252672322377 -36.892926996167816 34.81197573535789 91.59435107466402 -19.677274196073142 -71.4332011065445 84.93439315788584 -47.779106498597244 -61.71933437812318 -5.058739264819636 73.59627510995969 46.18973866259978 98.40022249870157 -34.996427737820966 -6.74347989954083 76.15029941492543 23.196195644415 93.56643308766135 24.62656153881224 -47.05404022416202 55.407275465405064 -10.365632700008078 37.069566153156245 -95.85927882711461 -46.09936951799003 23.107527249927557 -11.27183043404834 16.09504823658068 -59.623324422073786 49.054332777260356 -86.09736559704315 48.14604828983275 76.13847993587277 68.69618027720469 -74.44416238260192 -65.90358435055946 -16.408352184870182 92.35915812722729 12.415605851226829 -22.24447651620565 10.694821997530184 73.41767660198983
-21.88778735698422 -17.740549709958017 -16.775761907984418 65.74179465514928 33.47133795978044 -29.175303163474013 -50.4721300109868 54.283842727369205 -34.595522678894056 -36.559435360720215 -61.55238852354188 81.46601197975934 58.66928732270995 -59.85944621953523 14.161757112002448 69.5432756040044 -72.10599955037472 -77.31555872920326 -23.104606828478836 -64.98634943502245 -51.17320014554858 -31.492965859555923 31.279030770559075 66.98832905425081 20.783206886033483 53.3654054859378 69.96774295309766 -69.25090484129039 31.18889768207663 -26.78260872434231 94.17730974403577 28.86839026492669 80.81001497291257 71.03051143971396 -67.97773878074403 -67.77046794756333 99.36776774206052 60.01482710809199 -48.45162912927508 -56.47827652401616 -56.57567639117844 -23.033721743559482 11.247271610581961 -89.20480682257764 58.28079712389484 -4.835432239527137 81.37294607353306 -88.16475467892668 68.80980316795313 -0.7857425264503632 -18.72116645286627 -58.43830593811936 44.44968820008245 -96.86364977089421 40.957551396866734 -11.580785460441561 46.3390171858006 71.00520107337013 30.98727671011386 51.34285084700036 15.161234560551051 -80.71287375275278 47.57059920368758 4.970878204130685 -25.480552034405264 -80.72829986670145 45.06888451337113 55.60988563974186 -74.36252870255078 -54.668132524327206 98.90770158230146 31.08663851935799 29.095997604101456 30.11245885717969 -87.14819549191594 8.031996974307859 31.4838577610939 -51.6923423464732 78.48515341864618 20.446591886843876 90.11947489043504 -88.36069505091177 10.019609313283766 -0.6066131506082542 -57.36121329485078 -30.253998888220025 -82.85709494851395 10.212435023482058 32.52820181533485 -94.27451177499866 74.43708127570031 32.15459294462548 -24.05991281864337 -43.02007495143003 33.34347694165862 -45.02676016317664 59.56779480316081 -54.58498417211328 -75.14567512912784 96.65877108594722 64.21039668473728 26.950744392232522 -49.09898128298502 -70.61054481837627 -71.32541973601295 49.927235433545064 -51.197255463927526 -44.89574523720978 -72.46665818730251 -93.93694803481296 16.595861462391042 -52.251691057467966 37.588689641404784 -94.21673655163731 12.184115999876227 63.99362828554021 -77.1215812600199 75.61415022512719 77.92477375759034 -23.732339220645528 97.72614084383633 -35.63394243478004 -91.67003212674847 -16.49035661870674 -19.218049002321962 -16.22867339246173 85.70596053730802 72.42545358359052 97.48451318131461 -39.84854413644081 71.6111784598209 25.62372267123007 -76.8741711110184 -78.76300101990019 -87.79551005298735 41.823006169233935 -68.76323939667799 46.61153355452171 93.42255532964111 -26.865370158196612 78.90762750649009 56.590947515588795 -37.90098960932373 63.170938190606876 48.17571942081034 -32.93153261703871 -4.70573305894888 29.403400156439886 -42.340115475839625 -6.116814540309747 44.83739051037165 71.04829371669499 -82.23742701043552 -63.41807335003213 11.655733034300525 16.470419701634455 22.53214236990702 44.18277427420779 0.5062964074791267 -80.0956751450988 46.26193145708899 35.186268476236506 -39.31877601171123 21.940323443240487 72.29920571727769 46.212517828136924 8.238554541266268 -37.36700155172823 -46.605331188145385 20.063146157415957 50.06449550764981 -41.84366924497036 -79.63690157590082 -58.62746999118467 -98.05450798828213 25.215662636490265 24.83835519526214 -76.94842318469277 -24.962946924762377 -56.777286494440446 72.9930485659709 -73.48212524512579 -32.1952670694031 -98.37582794256925 -98.95020363772574 2.6641537155819464 -61.78537068811312 -9.947352856613662 50.53037858383317 21.847248405798084 -50.511077645544546 -67.8508978673347 -34.64404993341972 93.27322621202958 -65.22413346834388 -83.13110164226657 -27.907176254675477 -73.53036526466647 93.24178137153413 -68.77072801150537
-7.523030846291462 -85.77978547014611 -83.59617983007311 31.59170117447701 -66.3378672011328 47.87044269118218 69.44522698513543 54.35291237105946 -11.432021204573587 -37.527407705312335 -20.04392350607766 37.44406196287437 81.21212992548504 75.24667197764839 29.841893592441522 -93.4429271327309 -34.05073338390426 -31.736264605581837 91.01776260272331 23.158743939933316 -74.20493544154215 -66.66937388069834 -87.50001884354508 -47.23544476972277 -24.605000797113362 63.60280033008269 5.88319403023246 16.31116088828375 49.60289141787467 -90.8226255748586 -83.31890920376335 -87.88565199084306 -72.65412831001674 83.16844968732823 45.120780778633474 -25.09663101534892 -40.72226241632124 -25.208084324051754 96.60956919280818 93.6776411420353 -80.10204377870465 83.5305332391566 -70.20613756981844 47.01279777193005 -82.22235468077379 25.756709962079867 44.35915094227113 48.958224607093996 49.35968013711053 27.772452708216534 24.557899094388986 46.13881761091204 -37.27466783851996 15.41344418997015 -27.611966820061326 -17.04571190860908 -49.222395286988174 -27.1746106661122 90.18019318155584 -42.798879044045805 -17.622433376113776 -20.378916835348775 -65.72598461552745 15.402719814362896 24.264778780882693 48.21834401917724 62.37820880364711 37.07183879510717 -89.74212739046612 3.3267263468142545 60.942595438664284 92.65078412247536 53.4642978211871 4.313521397589511 56.72140070546945 -25.192172555040514 39.951829913220024 -80.6473827152839 94.89270023173137 95.38700435776585 -29.124014793905232 -29.46786586175911 31.588309805140057 94.87276857967387 -21.188313080935316 -40.48885355708174 31.501627585812344 64.56058699328764 54.056638064695335 55.88803156650016 31.04161336885531 -38.497516720799396 77.94388642941786 -20.763074480371287 -45.95120124612444 85.52111097559956 65.12260221197147 80.67354213187576 -43.19817835280202 -23.36169244050356 87.13322579736672 -61.72979445301856 -47.07577703245052 -91.85463562257988 -11.616157738690532 -69.65258944192321 2.95425086344612 -84.65937742505298 55.283571266064 56.16068176748223 -91.12670399111893 -69.42657125669302 -92.731275082007 65.85903812690702 18.833964813946096 -54.14790696519767 54.757069805876085 41.34129163818153 -10.039224448284273 7.845162634714313 -59.77365724819914 74.77581878469834 30.030666668510605 15.738573802206204 -87.89110905616991 -19.27650269278456 -8.15508394723065 -68.42752280457847 -68.39676273326162 16.424402602992544 -81.76254981097324 -37.006318686534236 47.55611792426825 -89.48229453094523 -96.40924578964068 -64.40180080438749 -47.10921215216422 95.64085897660598 -28.142764974966013 -95.81589236919139 -16.045321482038617 -87.03871167003199 -83.01273902206314 -87.88824375985749 60.08655295801162 -50.085826804515676 -52.882189452350595 15.72319746035285 -53.34511973041518 -93.25102157071461 -62.433180486892546 40.24868567105494 15.255200023945463 95.91654908693252 81.29365288082951 63.13903039394515 80.7070358747088 -25.804039596914834 -71.00625022670388 -14.850367539718533 15.29700903822804 -57.91861306346932 74.69149004057678 92.24199584158691 -52.19659307073672 84.04272406548401 8.123347945964838 -72.46326355359518 19.874842724864948 73.90860973368405 -16.877675866215114 93.4107293513056 18.61577803008207 -31.63839685486684 -66.17210051568435 -99.64635765422689 90.74684838337447 90.61931712563407 -25.83042242697698 68.22392759873918 -2.2112867071106592 98.56590348857915 -74.89668628378921 61.296937709963686 28.47962946098201 70.1905272709781 11.156907307157795 -91.98082404413091 -9.19574219458812 -2.482969298139011 1.41800994200743 -19.416673844151887 82.98450642342613 -33.26810243477614 32.45878904901349 8.930709143431997 57.281500179372586 -94.35908818951859 -87.19599979152531 -56.56855334157955
71.26180404633189 -56.35268974445169 -3.0344472401401674 -44.88102256799107 82.32337890169069 79.84663736386113 -48.699596732364235 -93.36582812225738 33.34773304004884 -54.819844501652916 55.252877115930374 72.56610344386053 -45.334696777756875 80.67068285241464 89.0477010729247 0.3767672445809751 52.11304318762714 55.78922538072163 -57.66610683268745 84.45375080712495 -64.67261279971366 -52.70007160888193 38.58125513302497 44.066360075895716 24.690714702383303 -39.40535512631449 -43.743381440933796 71.37893305713223 2.4252585507288558 90.66643941486336 -34.53713537809074 31.784836810481067 -82.01636341524986 -47.71761549267464 53.85340323915676 -55.97210330870344 96.81796463135504 14.823379680247001 -57.61734374242189 -76.89465698788939 52.33977343233579 -86.95814949630312 -87.30276196100172 -47.132933873400496 81.24590671367827 -10.78294166482084 -43.60909877129049 -56.7002316517869 -1.8224648277333984 -36.99600360410291 -70.49963701240007 -50.90068148935922 -48.611559440020024 4.942486897210443 19.761923288951053 -5.397916709461526 -51.10263541170732 -58.769750551505325 -7.641242952524536 81.91012641293264 97.8655749306254 91.95908865930932 -83.47896306884152 58.7131667903019 -93.4497106828609 -90.85153015378948 60.06529151598508 48.754567144576555 3.8285138232574667 76.2863556617807 -14.60978832228193 -5.739121385501633 -29.443436055602533 16.469490352329515 69.8816541229364 -55.74886348053805 -43.32716506624734 -76.50176340448738 -60.67648928694847 -25.535036078846886 -54.44787975279355 -80.19512300847782 -76.74360479847762 -85.20330883015485 -61.24215846901928 76.67351064712699 31.115134340473787 -36.69081785752433 -21.3009209444525 -74.81479602138418 -2.9844012845151866 21.300964451428356 -86.02699177217761 -56.20598091962352 27.161732978300492 53.245519523363384 38.194215678054235 -24.236076026235523 48.87114871922938 -12.478127915840176 55.459012610204525 30.384226569438084 -4.863718755155304 -90.97891999352869 37.23260202838205 71.85326044659655 -58.70035707499195 -47.235255856346406 -69.4011107517104 -47.9589801157456 73.22346243108376 58.24206074197653 -20.591509487226972 56.93594431278939 -2.573474709244266 70.72034049143534 -96.27545306971842 95.88889524727091 1.3245369021980764 44.94937522013274 -80.0610622661643 -89.95905298471042 -83.360416741432 7.646381434815638 -51.234056166478695 -9.132391188386563 -86.5278615594871 -10.839614894617242 -77.92674689089725 -75.25539616467552 48.294252742223534 11.949405145069079 -35.16192180755675 55.2950939955351 -91.48578033799774 -80.4421327885414 -82.5232124163517 -34.22380724445824 87.92516513688278 -99.25267834240701 -0.2619028609495331 49.8684016825936 -53.9262504969809 -2.4553331082136225 80.28131610834387 -33.87592058589168 24.598042537158648 -61.30379291177657 48.88593418703081 -93.10994160741521 31.76478018219285 63.69199358106661 98.47285588265535 -74.52309207613715 61.43011939096047 46.49772683411649 97.55608548384768 93.30894841359913 -6.346132139900192 43.488139023966085 -24.032616514211938 -35.529527612259315 73.79398211206666 2.255889090958817 83.00774395975083 -55.66337298197899 -45.7194879715757 10.434189083937511 81.90816464212375 75.1849273873245 69.4072368308965 13.758093337145453 -25.935859986449827 9.625469731757065 -70.58365287107087 30.753663981232165 -25.730072668574294 -25.370026176199616 69.2594869529295 -54.98104711379923 -17.414585119658256 84.25059691188676 26.23782595611617 84.71165812637676 35.941369175127505 89.67616845905755 -23.740657449521123 -74.75926614646417 94.93550455811683 41.111757120590624 23.339204282425314 28.56230560659958 -37.965760616347154 55.57838311400832 13.756885364327957 8.136830935699948 -55.92256345429591 72.67473654887868 -32.87567132960625 -36.850476456347714
-45.01364253175415 -50.09272635372821 78.34875586285256 -63.25691729575673 -90.48875215265073 10.881347310855432 48.73085485831294 89.18080830736417 84.2203424180546 41.16617289846474 2.6918907445781173 -59.09435486879675 -68.79003410987428 66.52522500886596 83.8203876614891 -74.67433781865915 -14.623955079308246 62.38457115718364 -48.369430096809566 -45.78503432078227 -79.4844107428703 -29.551713402754373 18.246023214195148 29.85665396168301 35.05381161803339 85.57913148421912 -2.427308433370328 -95.1223530639468 18.033857877583642 62.88252933319771 -65.67202929522762 98.01182411555172 34.304538996548274 86.15444510312429 -87.64794835284326 -38.540958638160475 39.451933741905606 -26.17086157458148 -39.626415926496115 -14.668466646387898 53.04682307586748 -69.62729391504239 -19.309016658227904 -44.0995128666547 -61.183534852499456 -76.74863300044532 16.70913397646629 43.58360617583057 -67.94016586181084 83.4490772519685 -52.38054153829776 -4.86635415795061 -86.95340670770094 -92.58963961614066 -35.87892851118015 87.1591456323302 22.65479806203352 48.763734859292185 -33.10149433583838 36.650708965106986 -95.00263423575454 55.876617724099276 -42.342166238741896 80.18061032559751 52.46830682253682 90.22721736378298 -91.74127956028954 60.28650220717384 88.4830147390326 -49.32434700183246 94.22186430747846 66.66902242952756 -57.90825851468413 74.01748771205646 -21.125474708414103 -87.0108653986448 -59.058164865415264 3.6787147924017205 43.02280298471203 -53.2840587992671 -6.7410763274031495 6.157474444126905 96.65100420862106 -14.303953394666607 36.01424944137193 -83.5619066703806 -76.37758819656423 -58.50205199232712 2.011444819889846 -34.70199805349475 -57.16165910270643 -77.06356631052407 -51.143418517384795 -84.84572658216372 -7.125069253038291 -66.09443491514068 -70.4546549632473 -25.756189195537488 -94.43652725204453 -46.95345785508229 86.11656070390609 -55.91372741128582 -51.94218244415514 -70.09707764594033 -61.591234664818394 80.44946534067503 -76.73650658877932 95.76339865188666 66.23191062647689 -22.891326167295432 -93.21491717025832 16.74482490981744 -80.18694399070333 -72.00060288852367 35.46606959258446 -24.896093075378275 28.104745182764105 -29.830256358789555 -83.24686448719005 51.5795159734019 67.40398961655012 -46.55640617033716 -36.44603159230948 63.216863437273076 -58.77505613589244 52.88867926358989 -95.831439833526 -17.387734447980833 -85.8743787561075 55.5939902989536 96.42217868776171 43.067088731091076 -60.44027988371907 -24.709101104478464 75.25366233968052 91.40124213951472 94.46248339437864 65.27593529472364 -38.46447840378935 -19.789205205450358 25.785114521661654 -70.13405490621042 20.951548514964543 83.52716099765081 12.73129499758329 37.30986022169978 49.76912636090714 -63.808811320873126 -80.45279499669633 27.30421291521921 14.743061181493715 -24.18689185357188 37.62077231640663 -53.70891596768836 79.66065242910284 52.62340406358953 81.58967168009102 97.0614143867534 -39.204069297265185 -45.27427402679214 -14.145545439892487 59.13753426557818 65.50428206945023 54.923815269155284 -10.671593122212954 -17.721407510447946 -51.033521734533636 -90.83209666412446 -18.80526568629351 85.08391579243744 -44.35568204326792 99.08109535997121 -25.635537382090703 -88.1381210111713 -44.89297145068149 -77.26510915118521 -54.2939960699635 -56.583983344124846 -16.535357650818156 -69.63734319385122 42.50136749053323 -4.001058320476702 87.32112061801774 -26.931529085940696 77.50499088731922 -75.51824878621218 -99.59840733220031 28.980500634713508 -93.53398593479486 -8.852256019521135 -62.462850940985334 -63.19478070904327 -47.660107213264126 68.6294841966967 96.18899747163391 5.995500509400259 30.496103098401562 97.91753201612676 7.97331123939145 -29.878181091467383
-99.0798172702293 97.01571786903762 -20.006776314429644 -72.33859867030638 0.4365947834413788 -4.757410486873141 -2.4791959654153004 22.05433055558524 -91.12345122339246 -95.40055528055915 -84.6352182989968 36.62332664506289 14.194459667932847 63.40099187316241 -46.325462289377015 -45.72313853749288 -54.89086523764253 69.08039601291262 88.78541207671219 -26.242294302645945 54.563510808385814 77.54686823881937 87.08503065064818 -5.570259376474198 27.90369704723132 71.18415922097478 53.94230611191523 -97.40144080350586 -61.30821838424085 76.58982331157819 -84.30046380598344 31.194107961054897 38.95588471246515 56.5258168669279 -39.01741684781592 -66.35475653403276 -82.49046310866959 88.57464800835317 76.14501053369546 75.15735841266158 -83.07760474773491 -34.74553868836958 18.481369306248865 4.980698416406909 -8.739730587554106 84.58199837022755 53.46277587995894 -79.20740877667525 71.29325023984623 8.73914539205333 -41.285853673128116 78.695939094719 -81.67661639466928 64.22334513927603 42.75622745016793 -78.65905747543691 -56.42832382784073 68.35906132619587 -63.21413997243241 44.763861322665235 -15.969468717539286 84.72414229687504 64.48676769341944 -95.03103742219669 -52.28858753751033 -39.0777383816614 -51.931970431737476 -84.08046830055842 -11.06977724466401 -12.591072365023791 -68.14622831914285 97.77943965279715 -93.08537145364075 75.59956496796298 -68.16206312150375 -79.36563591583044 11.587450276901961 88.68653319433514 33.45957171626824 89.0361283284561 -17.703543112099496 2.2532945243231524 -9.927274443375708 43.85021304759667 70.30529207573971 83.82127535404439 81.5650856334318 -56.991231647593295 -89.11968839867316 82.71698481991504 54.64848595948132 79.7043763354275 -61.04947749232925 -71.25014352925882 -51.2864254812369 -72.25502281474839 75.56184222070596 4.014708143155033 43.45174394133079 -62.0306379376655 88.98850204800505 55.80661979958316 -2.5275198313929366 -28.624128197759987 5.619244196985562 41.70544964493368 90.92832142570305 18.46830779647904 -22.712787339169637 -21.234440464122414 35.225774085698646 30.188546955157392 -59.03574025550276 69.85703612516267 -9.865958854829572 87.37911824351514 -72.61859234806592 -20.91764179312115 50.35491438748721 -36.757534471398735 36.056514977984676 55.39555656631231 -18.830088599099042 63.90497982888189 -37.79301126729588 38.93562557244584 7.498142942869308 76.92517000964995 -79.98617155566862 -50.77872523067286 -45.30750225834639 -76.00986576415971 93.42510151325402 -56.94167140648161 45.825527009192484 51.886549926453085 18.607000398560047 84.3936759838571 8.542042497855732 -0.985991431722951 -54.61971646979966 -87.07694850267693 77.063196370621 -14.087258333703431 91.22540477273137 -72.64649195610437 5.399391422215615 1.5824629235540328 -14.504296289468016 -75.2939021935645 85.3792105425033 72.86227811509625 57.93601687644724 43.647016319009566 87.20315732096691 -14.954470117159872 -16.82665208140999 -85.47497363309347 23.75216974998102 -38.68347822093543 -5.475121190209762 69.5651678492224 85.97417789989885 -15.25414167974155 2.549913473264894 -21.680497447366506 25.5935034062924 -16.90463493894454 -55.77459986172792 -80.04188208228899 -91.94852312645187 -49.42996446246073 -30.64661983516308 38.948736798330884 65.69430602820069 -80.55413310135705 32.59857968542997 12.510731304737277 14.554165365467327 63.55210655877573 -54.189015528223486 -41.73525250757712 -92.12270578922781 70.03372621710173 -57.72427386146184 -28.813262467232263 -50.87061740414347 63.08721514387591 -30.740101332423748 22.761598396767056 -42.965369508909966 23.18945817213438 -64.55348198056146 -39.09094407765228 8.90492661628359 -85.90551046389116 6.660127840040971 48.71523816427896 44.613816765213585 -81.90685989476407
91.64284578001204 -37.702041988141865 57.80045650086191 90.25745928442234 -53.619943040745085 -78.78310347889422 66.66545967418287 -0.3845995906618782 18.160257397590172 77.79348775888403 -29.685989681994826 67.90664178648345 71.80790320713137 49.01523256093759 -29.04736461686599 -8.177799949662102 -47.94548712684088 -94.93583065104414 35.90239285945762 59.87023206951267 67.07262828219399 -14.361913799598256 -93.02790381967779 38.677009002041416 -85.95307227081139 7.175560087878978 -35.77100171569086 -73.18609703846283 -66.32244106394536 -53.35546876331583 18.265085604758497 54.35414325828333 -98.24154611773446 -85.01888123376173 50.71881196242208 -52.18029642853806 -77.22427973991286 -20.13864566485468 -30.26188492647715 -61.59942113221626 -98.90634074262599 21.676031554399373 -54.89863947163984 -49.8485899507771 -86.22693995699453 37.987220971442355 -64.47283123538307 -90.49361376064506 -40.76348847766318 90.06224794613448 96.3852231662373 -85.55377155779378 30.638298248890095 71.06449870686532 6.4018821463519515 11.379623274660204 42.50265220613872 11.455957840576403 96.61092759135843 79.82287365425776 -41.04806177636553 -71.66934366055047 72.23966115044672 -71.2809266775198 -58.086444857514195 -74.55777635506934 -0.18192567140482652 18.711550017303423 70.41338279220781 78.05146463914085 27.99336253048463 -90.54926815234374 81.74821316917388 85.35172768166518 -40.40681752382467 -11.068716468092646 -62.78637637360267 13.839552924719328 99.19297636101479 -80.40973857547692 39.19364111459552 -90.93047928083612 33.236528517297245 -38.74232839570122 73.41960267135889 -98.61413833681414 -34.51682684667341 98.58070692849324 -16.899332531317327 -88.21185290292888 -66.5258778064456 83.93889901543099 -75.6814068895572 84.14065108291584 51.82086189721727 -84.02620667830365 -98.56921760867617 23.77548286244975 51.78411142387864 -55.51014604959506 -48.525238744752606 -5.217655390541736 -67.94556206220341 -93.98279774905566 -72.51398099834549 -39.26055735046787 31.96076363076824 -94.44058596825255 -56.87058731014656 28.80804665172974 -5.758147860428679 40.00590094085186 62.39467144588377 97.61037256467716 26.41392499371618 35.171527012366 -34.25727899165423 10.14856018236469 -54.63266040715662 63.50855520184561 -83.59668238329868 65.52674450054116 35.45839932608436 39.93055605252127 -62.9395602487226 -67.68354074832493 -75.36919846723052 81.10757756841627 -7.096998906714219 38.418397251567285 -54.131118296966754 -61.5119698484295 -73.81489968697883 -71.25262951797836 39.49990260253739 93.77655486265027 41.28870520103982 -84.28394733244508 1.70239429494805 48.60948328215056 -13.59983843513244 0.47741875426363833 69.0452535917862 -15.628172704587783 65.97077544266762 81.75155487391618 -34.38218836172359 -44.005054784015954 -3.393815278659403 30.118135030291114 86.66678943480122 -31.915075903309685 72.16930403966023 -59.21933269065314 -68.22343191761418 73.51388417883828 2.4037881429167243 -31.70827191425174 -95.48906110421827 -28.380971793865626 -59.576581060010355 26.605314556888942 8.448904880084612 -52.95102305112671 19.991111765648427 17.23269950514208 -57.43670403814962 -45.81194091840577 -93.38345592109391 -3.033031848570573 -63.043646379266406 -16.570624986313717 -92.31230025288578 54.06778978110697 83.25950438982156 55.02056924703243 77.53316754419393 -12.337652295632907 -9.177522392912124 2.741900355167374 94.91984576156474 91.77307329758167 38.92002897944053 -3.5847947216876435 -25.74489359290854 14.519435430783886 73.433264387082 -77.7874775255222 35.24658218971189 -1.4518264244814958 3.5299400531546326 78.78232869635019 51.971118864447675 -2.05290541480214 12.833689909269253 -37.37073584167465 81.74915793562354 -69.03973492521573 -1.1791840413734462 -9.22370764436505
54.744229646578646 -11.943903724203082 -23.78795699977063 -80.54301226747411 19.447689516737938 77.59366056925123 78.46072701811036 1.118885467790463 -22.99136138837656 -99.0339505865846 35.41595607089516 90.2461604661479 73.77441204879639 -94.7605864571085 26.456259217601882 -9.024651308335791 -31.483187886255152 1.3649348711284546 32.56599676845252 70.33676889399928 69.50239263699126 20.51436241753575 -83.06865453747545 -29.54108749542479 -5.658467461752892 -94.07372410639032 78.48160300936885 31.085124095519348 39.482393717753496 -34.67812620793383 14.72231196205702 -7.827742801083716 -26.775177764575716 -67.66416269983868 -19.10905985425741 62.51957511057245 -35.00742914045996 -2.0014499013280016 61.457210255839215 50.51654331843304 78.53176495957041 71.75944864817535 -57.866550579772145 -83.37834251956961 7.83110751620417 -45.858134929648344 -2.960328495153746 -20.005288556704315 45.82591311727765 -73.30183842418793 -54.918573975314786 32.428752619742454 45.80160039834098 82.76682542764354 -62.91860780840397 90.90636133523668 -5.812910528708798 16.409701351996105 13.637971305428323 -55.229783399754865 93.81837914143875 -1.3856171274186408 32.263058282495194 95.22192045884319 38.39165172799403 50.902161442649856 -0.6949826760032778 -18.134727227707344 91.83985881328783 -77.08553139808373 -88.57550391686304 2.698044507762873 -83.16147227612316 -1.5238268568421631 2.742515291851362 -53.24315102639967 -99.95274080273688 11.715999070118443 7.701334535529767 -29.685668910302596 -97.76314300593955 9.658147738419174 36.83209503018034 -72.16307708080635 30.461388169909497 14.606441974312006 -84.89201839128174 8.255156533457722 15.311938857808016 -72.22518022049888 -14.487336190387467 86.08107279768407 60.10620916601681 -33.750728812911746 -41.01090289522007 -53.16759661560337 -93.30864116485449 10.618374854570718 0.7953805479422584 -17.31701583085909 -80.12787341821979 -36.98482322277763 58.75956707128955 -69.80164315626094 0.6800565020511584 43.25615883539206 -54.655673480101655 52.71729040215425 -17.092451181621797 -78.97833876693727 -37.46437814088828 -23.195341350435058 12.714001663704465 -2.7774918618922726 -83.7030063328989 -79.86708912956801 -43.6933147715401 -62.583131518470594 -9.78655976178105 -57.40994040643352 25.793237027795897 46.80977938186953 91.00948232044976 55.411051897596906 -38.187548062348874 45.457187155413834 -27.00795984175133 -11.37435287985744 -57.16504357002678 69.2651643442774 42.58345027607214 -26.117770596735724 45.91254474894674 -74.73034182309053 -31.257454890787088 -30.832701447821904 -43.169184050519064 -27.387922465808018 87.16479328880428 27.622010147740554 45.018656345409426 77.54412716074887 41.287007551779396 -21.63642291471666 -52.54047170579308 -87.50255247045011 -79.42826405424202 9.935102924418814 84.30062353724767 -43.953623889331794 62.81348367150056 77.61881557036588 -47.158911226473506 94.00424260806679 1.80521961275781 86.14639304243545 26.649915167692157 -24.825007065912203 48.535865998168276 65.30573887105999 -1.6843825145246285 85.83675038330159 -80.37239492939972 -47.74158778272979 39.47641487471586 77.35781706215957 87.59475536827753 -17.215075992244238 -29.918901662455255 -91.54175104680039 -28.798089630092136 90.60842685419115 -26.80146289745062 96.99132026355727 0.15889308947116376 32.38110790973454 24.516839526019865 -48.5960764426306 -28.355753967062853 -84.64091921586676 48.50459383842667 28.27169351597024 -87.50431306799658 -27.0791444868228 -98.40739147093483 -10.230415569359437 69.24939493049217 -62.60157825606072 71.6182624315129 38.34325982757932 33.19695831122945 15.035291810361201 49.13281022721418 -12.01455357325814 48.81843689551221 -27.180003637304708 28.716685511713052 96.62617397649669 97.66811518337889 -15.323019562785973
-22.739430247576635 -36.45569339951085 84.39225115467534 71.25970495930247 80.38238225578911 -47.770814312936125 -89.97395618477884 18.8567211160902 71.42100343071621 38.1422618081414 31.300332098292728 64.45226177205669 -43.819880030671186 -84.29493773849342 86.19304695239066 -46.080731647457455 -95.13808096953606 -14.60330068750659 15.485707563261684 -63.83377982409082 62.85569857657282 -88.11232511704388 30.12650892958584 -9.309865872855056 -17.854893531327804 -66.77826506301366 91.74794628491964 -39.52646775504347 23.112009991273823 27.923467275416087 -89.43691398923694 25.662645628090928 -29.39039801654988 71.92530485008328 63.377446575786536 92.75602614553043 98.15420873550994 -42.59357538713211 -42.41514083652467 45.19698366960836 75.07014328829084 40.05885387168587 -41.30205220500489 73.1786465782356 -78.81157904319562 77.16646258230793 -80.17992701759995 -35.07691046140384 -32.05580920198787 -7.199893292615414 -83.80684734100676 14.572145840778902 54.98185780243682 -25.973726898299148 -16.282076790125075 -70.64437901803404 70.74211297004439 -63.54864828625786 -47.02705333755412 44.87481772725934 94.68074714749625 86.96207768278316 24.93458833656416 -45.15896195905302 32.671344774120655 -61.91611757824083 71.43894187820439 -84.57832212822058 39.43118985466023 3.8211305349912266 -0.42698139602354956 -18.72945746740477 15.271678428941968 1.2840848361707486 71.40916486724157 -49.8486856102129 -46.26516726974634 71.04470212562936 85.16475754183185 65.17402841865086 -69.19988557340898 7.56014732169497 28.56052567423913 52.57661134325616 63.824932225715514 -97.37845175809103 -46.92345225743391 88.45735409182964 -3.429661999075307 51.48269557982607 -74.2613998781857 99.94298577945366 -78.30200973066614 -18.985048752542852 46.73214659914936 14.488806576164308 14.114316820214711 -91.6985993113936 69.67644189980581 19.386041712375658 23.515039251684584 75.06548219494346 -48.563881154350575 85.95415593521741 21.448046363173987 18.017673465964123 -78.64492333868156 -66.46930865910878 54.74765994156107 81.71213027559082 28.491732012830283 78.4707598704027 -43.90366383399391 -19.3473043164512 52.43349961838615 -82.2027540845963 21.137615598957325 5.174956544694382 -90.91819597112654 -37.70931024626809 -37.543701506996015 9.764842608805992 30.45820765792695 66.37208527840897 86.39860665874116 48.07535529828718 -70.30539609812561 19.8390221422208 93.1205357718583 37.97857262713458 44.38755247821115 97.32066323793728 -88.1852649902292 14.553025287110884 -83.67988255901673 16.088459924989934 77.32075612770512 21.003815470487325 94.92460317506024 -3.0961700964416963 -7.457953760783994 37.14219511323563 -49.24038993038942 -32.16204983404212 76.33032526732379 98.31306786313104 46.36160303844707 18.299253584346346 -52.256656098524076 92.64229985771368 20.341381683063872 -47.161406614575554 -99.20072522850599 -12.22173248523211 27.613801938216227 -60.738146361998744 -62.172809480743 -80.26931275669129 -74.85820373239606 -52.618437509687595 -1.8063557105270576 -49.65359802185498 15.179141504237805 -42.93737695740596 69.22319620301417 -79.35633589437607 59.745101797527354 45.65280812553908 32.85425821783792 81.76033254549324 61.51238421385176 -62.74989905871817 12.19862264044582 39.41806770554953 -99.50083546398658 -70.7501378931311 -56.002781188032834 -75.68235779722559 -72.46054405962575 76.15206311029564 88.78547807899648 -59.251579309293724 47.5882728379529 -35.99030101559741 -20.24986980218992 66.15663816333819 -0.03456005634751591 40.05463637397523 6.3919090253249635 73.47784221924036 86.14522456113826 -60.97215066422774 -0.317860409605089 -29.552674716712886 -46.04837787368399 -92.69326267826735 4.368644921559479 -34.3069643042095 33.414560626572836 23.44330038885596
-90.33030934827279 75.27701907985784 34.725470525078265 -11.29684118553638 55.38003715776293 2.090761600218414 -10.643197387370336 -37.40343751094579 -80.42679193962971 -49.23492488460799 25.796847743673652 -38.37963508106947 96.54910363453902 84.7676121343969 -61.228021839310486 70.6840789025045 -49.74942368893907 14.883602872750856 -90.8885513352288 60.65140160290909 17.60854364876016 -32.051161102360595 -68.80101081056694 -26.340525173953424 80.65421490396972 85.55423868747175 27.05153393408402 -16.863111000897703 -75.15880642674412 -35.27866363882556 65.1361974802191 49.1869345963251 -89.46337628795308 74.38011801736607 -75.29246840349559 -25.862809238688044 -14.48590169261064 46.94536959676603 -41.15261663756085 25.81936825299597 -89.92548630585135 72.27003975182964 -55.50819453848601 98.44995250116855 -91.54137598456748 24.751115421622742 -37.28989142425026 -5.461650473310414 -58.490585367065236 -51.312847358645165 41.0299323277728 -90.5592493780843 31.892872389666394 21.250016878123176 88.36415155221493 50.58850052544469 28.497699734941847 -9.224250510340198 69.61369633262618 33.02679567427188 -90.09480622081453 -64.03179673577645 79.39841382653978 98.27086365945809 -37.39680922881106 -98.85533662306824 86.21311510516719 -88.82035087629046 -10.6731284374912 -77.4479182977998 -48.57674655822892 72.15530591189122 22.77231956567975 -69.14804116119726 10.957159781041057 -26.594999315544015 35.12279937579521 14.153687683264366 93.27621132575234 81.39479190923248 59.02612048118837 -17.393860071420036 -73.42316193701295 51.5536966779608 47.16196575670665 64.4920809494991 -65.3302054946158 39.123435970274954 45.4818827477323 -67.60749621564293 39.115012035188016 -73.61030965918437 30.859646475222064 -70.72792962421852 71.8131665596205 -68.65397067156408 -21.704942452303854 -86.98778677265555 93.8012644787234 46.1012367024328 98.62801396457934 13.297776708979399 -21.613977291218305 94.7740086573431 23.764105964168223 -61.207998590549614 19.529219984686023 39.86415199250871 -22.981595391698775 4.424534855743829 71.59787297096568 -46.96556724006531 -28.401504056157847 18.842489598964065 -4.983429123525539 0.8025607133379964 -58.05054050626624 -91.49422859405887 15.423847621983185 77.71493802719948 -79.26624580126588 46.66676277476091 42.95494094673796 -19.061007233626185 -63.713976254455254 -32.811554595522765 25.711895475066555 -13.17773594431199 -93.61087711604775 -32.708047388467264 61.04440084141552 40.29759277875331 70.9874014011711 67.85985302693547 60.909925621352556 -34.57870197127788 36.62218485205531 98.1063011908179 52.34774444523504 -5.093323289009021 97.41127832377111 92.38513353864914 -89.97623953718458 62.58038838981017 43.62190082073599 -81.20380206542232 -13.54302857436953 67.06071601112177 44.28307603526406 76.82368215408147 30.208814173793655 3.7820814928027744 -90.45156708576701 49.42618449549704 -66.82186106529748 -25.137791976229494 98.69598096513971 41.89204784959702 87.59350983241632 7.82951640644211 8.464830653721961 -55.880924193965775 -8.35198509352108 38.006752068714604 -71.80026713895032 -38.531765323728436 1.9878658339954427 -45.43306119666508 -66.71315452695575 -46.12254179906128 -13.758359725630598 42.50108239552 -22.38506554236308 79.17395643682144 -87.51857816626094 34.62736391950119 64.85472547630528 -17.993320355329786 18.006482783624108 -25.7846968946223 -87.56307030803963 30.564021923211072 -96.04990149552488 93.44905906143711 -95.38775879004089 -53.03874389911609 20.85038627562743 44.21311805364971 63.24957447912141 -43.64286453849944 96.33551793775385 7.384869200103239 1.3770198693563174 20.414698977274952 99.7765833381851 28.99090635523308 39.54347019120942 -75.15908982094678 -56.88088284191195 40.51198082770844
50.04372615773019 65.61463369897265 -90.11681159335652 -38.147607827467 -93.45865007986443 18.7662465071393 69.10259520201413 31.821022204756503 -65.33474469737948 19.757114024375483 86.67215033684985 -39.685919722270114 -66.58468921635804 94.59504568597075 -6.775811463512909 -0.6461355419021828 1.5956916337131162 -53.22148292478723 86.04984023656954 0.2845963846106656 65.64714295873213 -66.94734124852002 71.91504116098719 7.464983448090635 -92.49692200189838 -25.519902859149113 88.83834742400083 77.31891941140742 -11.989576842498195 -45.34993184160787 79.332041415807 68.50870672516328 -87.28630446460399 73.9321074335653 -34.451064086346705 28.698931709263945 48.35575581729651 8.808312796373372 -57.451935270356394 97.2635864692349 32.93512858588727 -35.457381496633474 -39.8656053787958 -59.70612605766436 0.19705267689448647 -33.79319325818726 1.2623330905463916 -38.537130441170575 17.272624188475433 88.33549870125648 -39.68733557520194 -85.83206424804209 37.23008681524206 24.792138074054165 35.01863253590432 24.546089966743054 82.61717381844852 96.56551010374847 39.011587114861015 50.322486316880116 -28.88776174295269 -3.3191488359302923 17.93032641946064 39.936523449596535 41.439279500898635 68.1469968743973 40.9462588385494 90.87994690417966 -97.9672083913695 -27.824658352270774 65.86375704976032 44.24459692935025 54.30287391535657 90.52408640889632 13.203860113623051 86.16754378155389 -14.705353601160766 -86.17725761501629 36.258348860965185 99.93884585670403 -32.80173755384601 31.44763046493094 53.314442866711715 79.9306019701479 25.00439174527594 24.906095843497027 -88.40294146747642 -58.16507379445866 -1.6490031696862815 82.62962533501238 -30.387969633009376 13.340499745290884 0.6670353389600052 18.407275795684285 -15.581327966622439 19.478276361476404 -61.92725657421177 -70.51880921975297 7.755360278200413 -55.739163106635736 68.3437397652801 -61.34951947174896 -58.38942141725154 99.20695078135617 21.403049281557315 29.584350616873394 85.63780990164256 -57.989032830816086 69.11350619839988 -21.3774793956144 61.232799806398816 58.48319983036802 -62.344683755886464 -6.079440507773597 67.78160441871304 16.441742899937225 30.315972245578166 14.83944678122387 -41.26643648268629 99.18132032719288 -27.42819905838489 -0.17561471546012797 35.57025518399098 -42.43219279368411 -26.297372874029804 -55.12419939090174 -97.75132423282791 46.43964283237091 84.4028521712439 49.674198214613654 -70.22498307533647 -48.70781927238894 16.340286473768998 44.82251272982646 -39.44906109096278 82.16132453216375 70.65124095968741 -77.19936682297144 12.163211113551682 62.58832030932956 19.46701400659687 -24.722763892974967 96.4220373731392 -90.95596159578602 -9.638684223438005 18.395720668532007 -86.06535077711305 4.966311509204189 -82.63417192805349 19.94463897675078 28.44559332297095 59.77666731982052 -65.83594282631695 79.85607381599527 -57.91472231201142 56.51176594378714 80.25462951891305 -79.58266480929342 70.21902462070605 75.34081026945046 -82.03726438072354 -39.03694982045742 27.064363107028754 16.30982725123542 77.88715315957256 71.39720258960685 15.623925122600113 55.39172892116801 58.689956967121816 98.19353003984844 -60.00116972392582 3.6414003400417414 11.458792267616033 -11.143363005596171 59.25508234140406 80.95032260649825 -22.75103220619033 -74.58784810395345 78.63783168289706 34.772706922732254 40.944506739759674 20.351309261775867 84.07732231318403 -89.33907174565164 22.55272981095115 -43.72798317933493 3.499915384249519 -14.814513932312082 -55.157160074622126 47.269539254990605 -82.4468214624003 -7.241221275273375 28.881759880451483 -82.70469676063257 22.26386341544419 8.076350265797643 39.66062141391086 -3.310599735318533 -77.2304755443751 22.47724692272135
11.666618508214839 37.170000269989515 16.620767081922978 -89.50246031424278 82.91968623969848 -30.90048578078077 -13.871373475364024 -33.918829068934556 39.68385489663811 15.342041687291186 54.79004114084714 66.22104312847526 -67.06970542051639 -41.45934853796549 -29.60708714142828 -81.18738024678925 -44.42337435281674 -69.31090490269693 -20.278095150665877 -58.90275774030314 -9.341935595024893 -37.144298057513005 -12.793077608017114 8.960717532630994 34.901812006131905 5.898594420050941 21.33008752564382 -71.31025931877386 -18.639565850304592 -96.90695065370988 27.23246718760994 -26.214812304138803 1.7962882050875635 65.81840218925123 56.307716406258066 -98.23193940323682 87.30482879334699 70.83460169643391 -81.59900378122478 -96.60074072546423 11.259629317394925 -83.72661448387646 -65.76162555993794 -43.498273838981994 6.224347338926094 -18.675925926883806 -34.47142855468029 19.3772775220487 65.24540328359367 12.893361020837872 -66.36758537571339 34.34258495482871 98.18694148143436 84.27995542495958 44.699221085800616 -38.583029517462066 69.84726130393955 71.25013910185706 59.35586465217273 -9.707320514826122 -38.65497219323999 -92.88149097182871 56.829180272231554 -35.20967883877847 26.881533187451012 29.265737641752963 -60.22983851141086 45.82417240783951 -61.80587529841854 61.39930503587834 -14.520124444202878 71.27197224069363 85.73603439947038 -47.0028302694844 -18.047488397272133 75.83127718956564 -38.43977371872529 83.13294138946168 -51.32973758600632 -27.516773231624498 9.995986965119897 28.34533671837937 -6.187110055989422 -32.149719755520906 -73.26788875879437 -11.009648732370763 -10.343018046927526 38.022687883638525 -94.81735937445283 -33.639164468008914 -85.26686110985324 6.954043649343717 22.37463631511774 -1.9059535528374312 -88.398691762154 32.83376380002812 -87.12814290337654 -62.91548459872291 -62.68674591620871 7.613650949817767 -54.85245747535452 14.334142090943814 23.065009788200825 32.30682323013127 82.76223333527403 -0.6846339151289129 -59.76786985239204 -1.4843433567745024 25.470995408290648 -53.175571991041906 -3.371491919458961 61.63610354403943 96.72729968554205 -52.14755075029183 -4.3574537549938555 -57.82309453668062 19.3229120228644 92.55021230845523 92.8683412814764 17.480099189800143 11.574357128244841 -15.283445287705106 -66.65173000083702 -39.125436161365144 41.127836289654965 82.24918953891373 86.03286832292244 76.43718445482983 -81.39601144293103 -72.84605486457124 -25.55061858713779 42.25616436659044 -39.27147401517519 69.83889540853752 -7.448743814954085 -79.61485216348585 -97.69873982149345 -77.82218526120027 -16.74767279047518 22.759621794519575 -84.37412708410874 14.257903383895723 -61.4149553539278 44.327731047125866 51.24789571506122 64.74861061013416 84.06231561568703 10.92672041136558 46.1564607333803 -75.70108163598795 16.657401508860303 98.66256012386737 -91.97828098899615 -79.64106108060048 82.92100453931155 35.840369693433956 -9.928308645979172 -6.464278998638548 -38.39168746550019 -58.98498100652332 -55.97248546233309 -48.5880279425911 56.16470219928277 46.67358034710179 -48.71771656791219 -30.196482974286965 26.125117734508407 79.40091460034114 -10.608447153770001 -39.456741319570085 -92.61703069419073 -43.76537780231886 88.82643011387276 -85.76491003515375 -15.711491831608598 22.687166978381796 -97.55212530517616 -17.92912190425899 40.168767913622304 70.15236136346806 60.59458361853086 62.61974442775639 -8.905763323193213 54.831774269833716 -13.537797902250176 78.5991951151019 41.55085968233175 -74.03540749190597 22.779296991426577 -66.82797579423769 71.30131807962985 20.284756235964466 -59.75645998514514 19.371024577403986 -82.05903071294523 -34.348555745281104 35.35277827993127 51.13179530227839 -97.47720267752015 -90.83279714414408
14.622249425205226 43.35138792321382 -78.72379090148533 -89.63397790420318 -68.72229836044585 40.69123833147427 45.043146042982244 53.282526504542915 -76.06556717810406 -34.205694208941935 75.2271140790618 -33.77119570507625 -76.61917325795267 -0.046749843293142135 51.28433151568285 -99.3690546201203 70.33470623267931 18.963115014046267 97.48484457369196 -43.50589903316375 50.60095647109256 8.521857186929708 7.213176461087215 -79.70065795264792 5.607259072654443 71.06101001920169 40.966084159405625 8.634251497770123 8.672369160133925 -66.37738832822939 87.23555813814338 -54.25403560800079 -90.06443072265927 -52.50191407720764 2.395515705151439 88.45633571489674 33.333525350098284 79.39128847431886 33.972110838712666 -9.766360814398368 32.73235115690659 93.59308716737587 66.51276225886889 56.0969142089796 -64.97981545689935 -27.88745767434797 14.046959188163726 71.0040442657791 60.79607963705985 -58.71369164821403 -31.39485788443379 0.8560593284249478 50.890227987237466 94.47197579350495 7.311443364571744 98.74243814743963 -18.318968271431757 -66.3805403341806 -32.38317686931995 -79.9456636035461 -73.01105061775914 77.17644195791087 -89.24861453028362 38.36844393747501 56.846651982430984 57.65645759167114 -36.000569387779805 -47.57298011399733 0.16948521853970533 14.095269961516948 -92.15270958678876 61.09232487283555 25.15064946845054 66.39618950527125 -79.3941721774581 -60.18285844203193 -63.018782271097315 -87.39583234039985 80.47660313683252 -36.50022018995563 -3.0689019087563736 59.659882298678156 -3.1818918213326555 81.39031864240607 -13.762571027460211 34.109495668323945 -69.87899036088317 61.242983672295054 65.33886016939329 74.23098415297596 39.06363696884722 -27.046201931208543 75.05323969604504 65.08645812008865 -1.514010512793007 -40.62500555056143 -78.08959028745805 -97.0172971231984 1.3852831843499445 41.091119779056584 81.3899603565182 6.419091734972923 54.23712602130658 -68.63345706824056 -68.21065481286706 -72.04534617406449 -38.08411788898054 -55.311278107865114 -79.61287268574675 -33.69785128451133 77.17171590497435 46.57549621741751 -8.824891906644552 25.372025968298615 -31.110559334559042 -36.93100978529831 -19.005597161519262 -63.9267813100828 -2.6671317748575802 14.971299522361605 99.14006401355417 -80.7260416694322 -39.382613682045985 46.54744013424417 90.74535713490991 -97.93114402771236 -38.361145046928044 -57.249543975321025 73.02945522925737 55.737203641416755 60.00955959056648 11.414663908561067 -97.25246388349275 58.98725399550304 -59.534402689627484 -28.49448694266114 93.32282129235111 -16.34834260367522 -97.86158604079121 -20.109279911491143 15.512684725464084 49.33649406336508 -94.41550153754147 -35.53520578613001 -67.11778762563719 -29.025454765504733 31.596258862945604 82.0372206474334 -83.73116380658503 -48.711100243043084 11.032634326996813 72.52711912032245 25.872531141574598 66.63469207839464 -85.02525885293531 74.84837180728942 96.56884614624676 -74.15110586078939 -80.53178084579943 -28.501519118971117 87.73819400351812 74.16009696217617 -50.44905600519185 93.06720625767124 85.60402838282656 33.465016905092085 24.236383745997372 49.1339041393783 -21.147398006459838 -77.41894965076943 7.87822654403827 -39.76974897838581 4.46604093118728 -86.9464986436652 46.8571151581034 42.874850518328884 -2.440049839738961 -15.528511149398952 -41.66674763071363 53.54864547265424 -93.1887450489025 -96.1789783368982 -30.33627120520906 -77.97082213202226 48.033339134861706 79.77885654500773 -73.0413882608351 85.15877219127754 -24.50000403446306 24.27010267354342 35.44916041131086 76.92272696437456 -25.300338959317116 -36.107880944754875 56.02326063295891 -16.307987983453188 -17.73769434979981 -25.428866066016994 0.239347184817575 16.292053168124838
65.86546879589682 30.172314301431868 -36.45739759217257 8.177902829107396 -73.40334015361827 19.696265548667483 -28.257910581880452 81.68458264359992 -57.85265299237508 94.47060096293757 21.49707119362006 -18.96646345799023 77.62340059370788 29.851497018917684 4.638726605856604 -64.8972445053426 -88.7053765994859 -29.21341490090758 73.04700597161488 -51.709176642657575 -43.75686908163799 -5.183645807508498 -38.267978065556484 -96.99475669274278 -64.79692349252224 7.43612826435502 20.189292083599014 -98.86360358343089 22.09534910146587 -86.29407645513001 79.9258936816612 44.72097983942999 43.61875949314299 -20.173654623143307 -34.90821277699196 74.59346137622688 -28.534694030603987 3.0075204561470485 42.33996942211894 -20.621928822451153 99.71344290141792 -66.40160121223697 81.91234652338267 83.60002417650276 -3.623656146635554 7.73029131567786 -25.578663089135574 30.572830850185483 -61.16106087392155 99.44129701977252 -32.74430447117456 -75.85209364632692 89.38353592800175 0.46917153133989586 -92.43612220999088 -5.388886303834312 -77.01822442625243 -78.50374101913242 -54.70391734818663 -97.77250021377606 60.280665995150144 44.31441164134813 4.698441598804067 46.671781139246036 -53.5673916292196 -58.18896996333811 66.22149238902364 31.77198512287285 75.41929642420163 18.082707238739772 -60.499061626385185 63.41906409514496 -25.699761076629727 51.836836163199195 40.77748288113057 -26.250011357150683 55.62194488637476 -45.47290330546572 55.452104038517604 -38.92000641194786 -34.76557600328674 6.371465880148804 -81.46615358513415 1.0668696381484182 97.91269253615224 -30.298631436323603 74.41259291275594 44.74841013862047 -64.18512676413357 82.76484731654676 -22.33179877870799 -96.23646768875318 2.497301177464877 55.68511454542343 49.675520668911474 39.02193999753442 -99.93834374041883 -69.37848287026401 -86.63067853363991 6.895643658526879 -29.369859455786013 -32.178486421049485 -79.72441158379971 50.82179822639782 55.83476945192112 -48.3177354601142 53.995823343320524 -38.92231915882354 -19.989115424455207 19.93240482339344 -26.80642856701658 -16.52175906348232 -55.312919184710886 -81.80511381075577 -93.4451789481231 -41.059937740390716 -2.331524310148268 89.8264511041086 -67.85602477844603 -70.94806056583869 -4.001953028698324 -93.25180322360693 -61.164906714984156 -32.83947439630232 -28.15130433236557 -48.97087500429775 -64.95553673986495 -67.53620464632121 28.281145181537852 -89.33640988002635 77.48495990309326 45.85573153872534 83.99536541327419 25.095729371770204 -39.875842475921196 57.73506461288463 50.03118587442202 -65.44528882775305 -88.67541957403 64.26405757088318 43.44583893907057 -85.8724334415309 -97.92622672948102 49.28224914640583 12.893179571469517 68.70454891194015 26.8016980563375 66.77720353709148 -78.63458831765509 -96.65330306864625 83.33886291785018 75.35521933791739 70.9457920963643 45.083667397146684 66.66194717788784 -23.21480374677931 41.428196904946276 6.2816709895084415 -89.05221813491573 68.80587805885702 -45.80198699083977 84.25990677825934 32.911477845528196 -65.01735593028953 82.03326715952286 -29.505067735570606 80.4835277648614 -86.90675647070287 59.103782077800304 -39.846855112741444 -21.866583392468414 78.63050899018401 84.270565852419 56.461017249906746 -62.0562867420267 -69.98945864065038 -38.46203107016408 9.18763956633741 -52.832955458672416 -27.359081752817843 -49.67603695648821 83.3820281562522 -42.10639588268563 35.0132023072168 -1.0331220217477437 -55.49917867459848 6.135215930227105 -58.61057879979419 -47.178740986001785 25.451277708637733 19.407463118453776 76.07904037626255 -59.58973347028751 55.015389219558614 10.066846322390347 -61.20282547285816 -66.32937509162626 10.71166441237861 -50.96017955214172 -32.77302280492411
-11.807637401637578 -81.38344074595052 44.05333925358792 69.12963279257497 87.3535333800032 77.97729057825967 -18.21019280028895 -99.8904620826369 79.21959756574083 93.41887615242408 55.526847767559616 95.61164912631611 -15.060901878971308 -58.85697105898626 -98.68940073474903 -63.66983880471007 -34.53923781295447 -36.32710113902802 84.87341165434009 81.65316023744938 -82.65860733277106 41.36325192191143 -20.331710981786614 -85.08880639895955 -42.838008710845024 -8.482986716040884 88.33756679816591 -6.560798871411237 -48.92637458574913 10.235987633534947 -97.03272684696552 76.51818819551445 -31.159292173303996 29.00754747141832 82.54814702610645 -42.690372375947774 68.5418421586341 -46.58428921453501 -29.259804921646506 24.358140370778415 -80.86229149015867 53.530453209836395 95.67683889210707 -11.146578470026085 -61.58295139868719 -91.6044113708886 -35.396908716249584 98.30828288403802 22.94599609200864 22.096198775856777 -86.11901352495157 -10.994444022632706 9.508102599774261 -20.910715863971447 -83.43840150404361 12.870322642299882 37.93896775745708 -53.55493719311448 -29.437122638138604 -12.291399203485298 -72.24749509615727 71.48532212836892 5.978389709445338 27.93000635465917 70.82069075800607 29.411900588318957 -1.6384192475364046 17.56783061687935 -12.266406083586674 74.08471155802926 -23.246562004385552 43.46772364060698 37.57528357257348 -72.43621359865075 34.96252311400599 -80.68667651958864 90.94635170877808 95.75465115553158 36.25713765540294 -17.0908123759489 -58.72255417179759 -59.200579109287865 85.3686657181704 66.17025836014443 -64.82695876923783 -48.23177388661237 93.78511397102588 86.67205327988802 28.885965881761763 30.556929201653418 -70.2243669446677 -73.58544213837197 -72.92420639306854 -88.822115394689 -83.72143979776808 42.164154779673595 55.899287439475245 -19.144024518158133 23.271562957629996 82.67320664461468 -91.0612171937405 57.41176292134443 -28.086367817902286 67.75185912549065 -95.523867325387 -7.314691856741476 -21.973791331866366 -20.82911337098696 -67.08991887207527 27.772373447176335 48.14151570858655 26.213129240116714 -72.54952164311158 -39.49573593637019 19.73438905626115 17.596454924153278 77.79046857775506 -15.547472212364582 65.76973149937731 79.57962740810541 27.11049484123697 10.46613106337206 1.4323833506536374 94.62703593076674 -93.02798958258825 93.54950256946063 -78.9798708284214 98.19729242165542 66.4622498421896 -58.81833549520368 -66.36194648518266 -75.8077413850175 21.19482404469595 86.96703309902497 43.783278889154786 98.44186016651602 -86.71857591821379 5.751617541677106 39.1356989343638 81.3049453595757 25.19164796709316 -69.79939066572544 -45.40317009271489 5.356812034969565 -2.46799714468564 -7.41647788124466 -42.792640090683776 12.518091251459794 78.42898753236432 34.2416443943566 76.3808771705549 -29.22061916414779 68.47344424081612 59.9511310045325 48.20866052109375 -55.44450954829492 18.646694577943506 60.78069409647543 27.584741553788135 21.798104824990034 19.286449724300667 19.360631671414154 -50.38488505862817 54.04495879527414 -87.82209069783241 -53.39468490392609 85.58982469658702 32.85659952613227 9.613335463005711 7.441817462099195 58.17192627759741 17.733619240466084 -4.1927144429296845 -27.963177631926797 -23.51895224965621 70.85371372234499 82.02857605046052 -89.58534640246263 5.488253119716575 -95.21226737611097 -40.614791448137666 -56.85567360977315 -33.34468392302948 -48.27381376023669 72.6883089104928 68.62001047494655 -96.38798408227207 -77.20381705528357 97.63883935583078 54.60527546072589 -78.75423432248441 59.861852043998 16.99545104713276 -86.87376420061148 -85.33441150903619 48.99384922635838 83.45624682696001 -84.67882551808512 -12.175478692690717 -63.974145541591156
-52.83673110697118 -17.777967692690424 33.19628074010518 57.760708078129596 -84.9930044712163 -93.0439007714692 45.075564854755925 -43.64300093229747 9.203405330814334 53.79396167415874 -24.027985212138077 -11.231411954806745 8.025637016231315 -86.06935730323366 -62.441063779996206 3.1352609716731195 -32.932336245913945 -84.82615041082641 -59.043609157560304 -94.00966090769438 35.98866849239175 84.32042163865319 12.636163564511165 -0.3955469709430588 -41.75915337906626 76.03163743611125 9.045358160059664 -52.43722646590696 26.902790624718037 -0.7875228438491035 -37.386390475595974 9.723438127217037 53.24807116825551 70.72771134618137 -99.37109579875036 92.71757724080979 76.20317801171254 8.721079184973135 65.90175250577579 99.7946491404457 -49.86786918398334 -32.27202508710401 -89.61406384366491 -81.43222934372363 9.856809534067182 82.75219713915499 -78.8054906772922 69.8626896502679 -39.70241173970494 -98.58459277986307 74.34844726648831 -95.91830847084377 43.88561976458374 -6.419955780033433 27.948115459416712 -81.84891887589919 13.178947361647559 48.39346605745567 -62.83254299346499 81.68178442159021 -18.05502135344466 78.55469699790603 77.32438424763649 -22.534660545471837 -69.3169012979638 5.147525225460043 -20.41475886294235 -47.26705093409262 -45.79229981645654 83.17976579030434 13.267146671046916 90.9338218723087 88.66425925753572 -87.13357549343522 -24.974330742584797 74.9018313184717 17.486708052708195 39.37309507577959 13.13656590172478 21.660752250262178 61.08487051781103 -26.74559845238673 -78.79264760921087 24.326034618175683 -43.764903861873215 -40.33569642986359 -38.44609696137966 87.00860153405176 -50.75376260293842 71.66253444280727 -14.66247149685482 6.106430625387716 63.98633900821878 -17.743408358803407 56.85837811680625 -83.51792012745487 41.23283572727837 -46.823808177971074 -41.19270717992294 -72.84437018552912 72.12822313277877 -91.21300808435717 60.72390577021494 75.16045911832273 -63.80816517014094 -5.513760716558423 -39.50780167666117 95.29156532284881 87.80201011616975 -94.88319387112492 -91.47618354342761 -90.52417386372697 43.46482661970336 -92.69871957475108 -86.0956050782798 29.494080813193193 -24.227242689396533 64.1882452255962 68.20620041796047 -78.23077939975059 56.25832596185006 -96.80472362178098 -77.54435647039158 75.84682570963628 -55.25374811019208 -82.23464564919067 19.374460518864268 -51.23543172263745 -92.1600160002324 -44.53793929753553 -40.467119392684545 17.34641831775319 32.508237432695665 -60.79395503178624 97.80556031886832 87.68237907810826 -40.108867606875755 -37.100889639844304 80.12646681869015 -51.33992078755875 10.870110542208948 60.318321532742175 -68.28612631403668 31.802947914470536 -55.00859934853417 -81.54274240971887 45.58066847049463 -66.15532640518597 -49.52591417883055 25.252361362979727 -96.33239827665064 34.69383922425365 51.639241869200134 2.723665458480241 75.90040213686308 -18.316731531036098 -84.57085511917496 22.91353639976505 61.70137055281475 7.712743134522398 -57.63446149013083 93.75094447959177 -15.146676327865435 80.08028024634629 33.9473198973339 -2.631729518789186 23.39160452404498 32.20791117309324 -14.198701527543705 99.04143272778904 23.97670847241038 -15.939474694073283 25.620061640210977 8.839521508341491 -29.615983223216418 -14.054592088358461 55.888174448273304 -22.6503066186134 53.53395621783409 20.33640725140657 -30.95643890479171 91.4483390975607 81.45809230984972 84.91634044101639 -89.7109449880497 39.42513088823 62.80389574611772 -34.07410653852041 -25.731375696471616 78.95570958095252 -30.332891350263893 44.53976867269594 17.236540450282533 -15.42708331244178 10.842860638527767 68.77079489462432 37.78036783956293 -58.73728097859674 90.74774425830225 -65.76087471785708
74.25702409294576 -5.681776448666625 -94.21825425897643 -22.158717580472583 14.582871170290531 73.987997001075 85.624110185516 71.27799787493774 52.3844686050511 -37.364295150553616 -75.99610472265168 -56.321658449522126 76.94032315595271 12.515617474972387 -21.966440608956844 60.12769856794682 -77.85666035461054 82.1145203042698 34.66825027407546 -17.260533039477252 41.726291418210934 30.215846495059736 53.325341994689296 -13.59198132611104 16.053645141031907 73.31579697563063 -70.95563717681092 -46.22986426167215 21.676338271532657 30.67351227666316 39.973636750350664 -3.031690815932336 91.12981518940072 -89.96052431483332 29.904708608686093 -18.11217015717368 67.88127477901668 48.077228794553946 3.8539505044581404 44.73064979928333 6.290117182078177 -63.9194865560355 -66.75552978969657 -63.92565038124871 55.61936795105714 -63.492571679909894 -75.42704204703415 16.66753601323505 91.67366889844254 13.285494406292386 -60.82563259489196 58.83012224959916 -17.048139105856805 21.411674480250454 14.559101973063875 -16.674600016278546 -8.426961821652881 87.35660356264043 -7.119054717475919 -24.788495117706447 14.352342096838512 80.23226230860715 -90.58705291104421 -62.55043879957207 -74.37462902096266 67.22696206253647 84.87929273156254 -36.651834106586634 -16.48612509566621 41.08197632249767 -8.790490845595727 -97.08809413183677 -20.981154502491734 31.04238025897118 24.62533722672984 -61.12197761743663 -13.327267445587438 -27.915958894289744 -15.061367711720706 -43.85227265979632 9.166003092364747 12.870673777121368 -61.530141777270074 -91.57492250526869 -61.03966229609632 -21.75326378351177 -42.1315935997163 50.731726401605044 -82.75809203881408 -65.71801873655802 -10.645127694596795 -48.859710022083135 -66.69834620502837 32.77740081621468 25.452052925313012 4.110773604105347 74.30180729932005 -36.795308555002926 -55.090959295591915 -35.868356240905584 31.938904284891066 -25.621687388436825 -61.2141040160687 -23.878525002786176 -61.709518158902064 47.10542863679163 30.78379649234853 59.6093568752641 88.24086155214715 36.434079212429225 -61.11663952502333 72.81068124265772 -99.90367528745779 51.38432058019734 5.692200136174193 -6.137575272514212 -42.3256135011846 61.85036217296877 -76.98921367803806 -92.60285748271309 41.9111030374209 30.33962053762454 91.1738277177256 -26.21661811383369 -65.19867343753305 49.611339962707746 2.684683423561978 6.7324260929720054 53.85558027218224 -34.82316460989361 -83.63464034167198 52.13801281750477 98.4877328027159 -98.96690963629314 -61.0675833208687 94.34951530087554 -86.42154080942493 88.16856418345768 63.47654417915686 0.24909330811711072 12.880906482073897 62.03576319811347 -77.92962312821035 -22.3446582764079 -47.73154781643581 -36.739516515248624 66.8377887609524 53.07983347262828 -59.216154474046334 -86.45147199685749 -2.4547413359308194 -55.88761896742407 -44.66079463217181 63.81780721500013 -60.010054269694365 -75.04355456208933 64.76511720401606 39.766800590202536 85.29570917252943 -76.59994965247898 16.106659167657426 40.86393309411369 -44.644294645063475 28.23271476731051 99.3834936251576 78.05307581348049 82.60868418955766 65.52531286348977 38.91144583002594 -10.93893600429044 -37.5480813765215 -12.180031790071126 13.42712923401281 -36.15656601383914 70.31970573475604 64.15425705338015 -48.129866164054235 12.941752677057792 13.60196798605304 13.130862322222555 -10.107081061554538 -57.68689399866116 -31.357109537725364 21.683086832603323 -98.66279759322143 96.1983228480158 72.10564372571704 90.57481074767563 14.64515087305756 54.06022906476855 31.412244734774305 -56.321185934874386 9.493237358464526 49.149390484434974 -33.51477842129489 -46.20149951655475 -32.853490278958944 -62.85685953033941 9.281609557405446 63.00440342752245
95.00115100691957 -79.08149733459152 -20.92444452613708 -4.999540236144725 -44.33963241097187 88.11631470056983 75.23353953354535 4.531305756308626 -86.47019989462274 49.750391404963125 58.51427427338706 97.50810144492505 -1.4693112231076952 7.018543603634214 82.93249432815571 -65.7723777507291 38.81897868854841 -43.86219683401731 -42.72167666877933 25.23382257440285 50.754125656154656 2.660955455867679 -44.2821943154464 -48.122035124443464 -18.426514586421987 -41.30468888217405 -40.673172823190406 68.47233832739187 -63.95489828243408 -21.583565383980968 -75.50984428504346 64.50630469636741 97.79962888859768 -45.57040325722683 23.845091201158382 -32.04497151672665 5.5263932018084745 -0.8945711748934428 81.6742364682901 -11.647950299707688 85.32575217150895 -50.28893207687584 -21.805452147461793 6.438783201375202 -90.98506398705783 7.890216101074515 51.54171582641578 -80.21067263902484 -53.597031927612825 -51.52958208249305 45.13345321589114 49.20053836868797 70.60341097673992 69.50131942731076 -34.36693965603561 36.676069903257115 -88.9329339788134 -26.61548026437579 75.23697669093991 50.52898563623222 36.32691846353072 61.12430702286264 11.701973348039772 -16.020283122855062 -21.726232269000818 -63.27219667867929 -94.31160931234761 69.20763740153873 94.62932779217513 -28.66885186705288 83.77488410738115 15.398326205989093 -28.937180563594268 83.44906322808936 50.32152855122433 77.73066192638439 65.7752996245836 43.11110466892271 93.41250550423393 -92.71285405143159 -10.423935076498054 59.75843115501755 -43.08770188159485 -5.2138941703403106 -91.2577408125724 39.08461312853592 38.74947246298646 -43.74928539468237 58.350166745323634 -11.683987122978934 40.61260298334639 -16.07575839189596 -55.77607931715993 0.029208394401706528 93.38569738954078 -25.10555542011683 53.52245880374025 -34.72620972700433 37.85221767080961 -59.9777864447725 89.39302108103448 50.02223605796411 -98.37376415569466 93.51168184794167 89.86138226717844 -65.39833326019107 95.12080255269677 -31.645887923122856 26.651478927693177 -73.40396102362959 -84.35200443317578 89.6818623315171 18.424867317283017 -22.698422758403154 -80.23047998154007 94.78130257943013 4.392581914425733 63.653465564243305 -96.44013106675833 82.7231903230699 -76.14310156389652 -21.778884863576778 90.79927605334427 -15.842427135364218 -23.69812618199272 51.69987206946249 -70.32084579934227 87.67484421186344 -73.95829435507454 -69.17887414060446 73.05591240153117 72.96706911461845 -58.45127420308109 29.003049709895862 14.358454480952048 -13.994451478024558 -1.4212407017973163 -3.0558917067827167 -35.63007261759185 89.47823780468192 61.27649181348772 -83.57204297157446 -67.78963717126302 48.5822643384565 15.4061598605971 -39.2946804474118 -46.226554359406414 -7.587516368341298 48.99638402896983 -60.105079104257086 -48.848430029291535 84.78641063997958 -61.40664946467336 -11.037619579352878 62.9343555096043 5.000719733949907 58.015756116458704 -56.5140646736205 -19.027270717946237 14.952754366474934 36.66165366767481 80.9680852601337 36.410952679844144 72.373182494416 80.70841332320197 -56.67105394113021 25.161050071286084 -67.00518490467846 -80.37810009435165 -81.6638716837478 -8.752784732246496 81.68678237178426 22.557875588562908 87.31987707852775 93.04357326794093 20.521991220213252 -26.053083423486598 -81.75385249543959 59.376356348694 -49.06971726712332 -98.50739635953578 -34.966077826571635 70.8935580966916 55.88391616363853 -55.207094016023795 -47.6403195948786 21.385527704123433 85.4639950568787 79.94285287962052 -13.678027554253404 14.448654595499221 62.517251972332986 14.989715869507165 -50.02075922136029 -13.837399598745435 -61.83328323619881 -79.85684802984656 -49.63257078413798 55.981360487646526 92.45848413443082
