-0.04721060395240784 0.1514304131269455 -0.016538675874471664 -0.03789114952087402 0.1035124734044075 -0.11384717375040054 0.03341516852378845 0.06275513023138046 -0.05162985250353813 -0.041735321283340454 -0.017645303159952164 -0.022714534774422646 0.1070711687207222 0.11850308626890182 -0.04927082732319832 -0.09048070013523102 -0.05676525831222534 -0.009743088856339455 0.10164442658424377 0.17609305679798126 0.008076689206063747 -0.004330380819737911 0.107508085668087 0.0129810506477952 0.01110771019011736 -0.13434568047523499 0.11919792741537094 0.1052355095744133 0.10306206345558167 0.07875360548496246 0.20143018662929535 -0.02446727454662323 -0.006915284786373377 -0.05037936195731163 0.013872102834284306 0.03192009776830673 0.19692637026309967 -0.009426319971680641 -0.09350281953811646 -0.17804425954818726 0.10880175232887268 0.06692491471767426 0.06538683921098709 0.10981868207454681 -0.1469847410917282 0.19292274117469788 0.04590660333633423 -0.014937895350158215 -0.02836485207080841 0.14293332397937775 -0.15890100598335266 -0.061899155378341675 0.0031872696708887815 -0.059372447431087494 -0.008969143964350224 -0.0039474437944591045 -0.06420375406742096 -0.2116575986146927 -0.2864325940608978 0.07050669938325882 0.06379912048578262 -0.035571854561567307 -0.025774355977773666 -0.1979091614484787 0.002430344931781292 -0.09544447064399719 -0.16189616918563843 0.0543624609708786 -0.08298361301422119 -0.04192758724093437 0.04262004420161247 -0.13817161321640015 0.10322583466768265 0.08684156835079193 -0.048024870455265045 0.0033563028555363417 0.12521325051784515 0.1262407749891281 0.018822871148586273 -0.011951112188398838 -0.08659567683935165 0.0019519142806529999 0.05699891969561577 -0.020883329212665558 0.01611580327153206 0.025847725570201874 0.14900946617126465 -0.032339632511138916 0.1468256413936615 -0.14236973226070404 0.2695700526237488 0.047237955033779144 0.03847229853272438 0.1424751579761505 0.1342276930809021 0.04265815019607544 -0.11144006997346878 -0.027382949367165565 -0.03274029865860939 -0.06891824305057526
-0.06575730443000793 -0.1575891226530075 0.01178177259862423 0.0646827444434166 -0.09153237193822861 0.12023375183343887 -0.08769043534994125 -0.11308608949184418 -0.011409965343773365 -0.05844294652342796 0.0415065698325634 -0.09864166378974915 0.0139658497646451 0.0916794016957283 0.016018779948353767 0.007096970919519663 -0.11559939384460449 0.0944863110780716 -0.1657467931509018 0.05902661010622978 0.02842654287815094 0.05292525514960289 -0.05446300283074379 -0.028673570603132248 0.009617230854928493 -0.03119361400604248 -0.02044345811009407 -0.09293238818645477 -0.04238089174032211 -0.12841761112213135 0.0022593180183321238 0.03152422606945038 0.11431492120027542 -0.19000031054019928 0.2851199805736542 -0.150092214345932 0.10520348697900772 0.06571168452501297 -0.07373545318841934 -0.016779085621237755 0.08102764934301376 -0.11111360043287277 -0.1243867352604866 0.2785993814468384 -0.019926559180021286 -0.05644644424319267 -0.13855388760566711 0.06017889082431793 0.03200913220643997 0.14536137878894806 -0.028539376333355904 0.1061326116323471 -0.049169279634952545 0.08340775221586227 -0.08751847594976425 -0.13975395262241364 0.07265724986791611 0.02628427930176258 -0.11439559608697891 0.029334407299757004 0.04724634066224098 -0.016160452738404274 -0.06151429936289787 -0.019582953304052353 -0.21538086235523224 -0.08530924469232559 0.1912105530500412 -0.048202283680438995 -0.1658235490322113 0.0008229308878071606 0.0030356275383383036 0.048533596098423004 -0.0032162191346287727 -0.06692495197057724 -0.10653046518564224 0.04048928618431091 -0.19515056908130646 0.04139517620205879 0.029778173193335533 -0.2342117428779602 0.027280034497380257 -0.2264409214258194 0.056025151163339615 0.09498675912618637 -0.07346803694963455 0.04376676678657532 0.07788439095020294 -0.014873577281832695 0.05652172118425369 -0.07730209827423096 -0.009558232501149178 0.1262219250202179 0.0034954652655869722 0.0708700492978096 -0.04707818850874901 -0.07010239362716675 0.08563102781772614 0.15970948338508606 -0.019488776102662086 0.12484601140022278
0.05476422235369682 -0.09544220566749573 0.060497913509607315 0.08519844710826874 0.09401489049196243 -0.004447298590093851 -0.045511163771152496 -0.10751272737979889 -0.12745770812034607 0.13119074702262878 0.06107098609209061 0.11098957806825638 0.19871672987937927 -0.060466617345809937 0.03699586167931557 0.010392460972070694 -0.06798972189426422 0.017416678369045258 -0.016492433845996857 0.08848144859075546 -0.01724209636449814 0.18448235094547272 -0.08269605040550232 0.030319590121507645 0.12662029266357422 -0.001113140257075429 0.07072088122367859 -0.08910020440816879 -0.13817080855369568 0.025461958721280098 -0.15462172031402588 -0.04600296914577484 0.014146990142762661 0.10740219056606293 -0.0354866087436676 -0.0814354196190834 -0.09448849409818649 -0.05496746674180031 -0.08547156304121017 0.0392778180539608 -0.03767353296279907 0.014864455908536911 -0.02096523903310299 0.09485075622797012 0.046707767993211746 -0.015540426596999168 -0.013790242373943329 0.11603494733572006 0.13346371054649353 -0.12403667718172073 0.0064881788566708565 -0.2894730269908905 0.08014082908630371 0.18156111240386963 0.1416730284690857 -0.04709000512957573 0.12844541668891907 -0.022541992366313934 0.05281483381986618 0.1757306009531021 -0.04532790929079056 0.054953187704086304 -0.10797705501317978 0.19921597838401794 0.05951853469014168 -0.11622624099254608 -0.07619711011648178 -0.15499506890773773 0.04546588286757469 -0.0779779851436615 -0.0489996038377285 -0.278433233499527 -0.114278644323349 0.08030445873737335 -0.14404095709323883 -0.14686860144138336 0.0915491133928299 -0.03176994249224663 -0.07456954568624496 -0.02127155475318432 0.08320671319961548 0.02917865291237831 -0.07567432522773743 0.028363848105072975 -0.032142043113708496 -0.12873901426792145 0.1521250307559967 -0.011376678943634033 0.0973282977938652 -0.1022794172167778 0.06858471035957336 0.043496545404195786 0.21454238891601562 0.12008348107337952 -0.09001574665307999 0.06287581473588943 -0.0518617182970047 -0.061066657304763794 -0.06354013830423355 0.0161135233938694
-0.0033910663332790136 0.013347859494388103 -0.1732601374387741 -0.05762903019785881 0.18821577727794647 0.2185593992471695 -0.07281284779310226 -0.20760664343833923 0.1010914295911789 0.0071859220042824745 0.030750136822462082 -0.08261432498693466 0.08369467407464981 0.01038204226642847 0.07408782094717026 0.021115165203809738 0.044633109122514725 -0.17820236086845398 0.06237400323152542 0.10237079113721848 -0.08573335409164429 -0.04026464372873306 0.017646171152591705 -0.09678357094526291 -0.006214432418346405 -0.010020062327384949 0.013817681930959225 0.009557347744703293 0.08164174109697342 -0.288725882768631 0.25046873092651367 0.043682198971509933 0.0045987986959517 0.12948012351989746 0.12844602763652802 0.005567730870097876 0.09405099600553513 -0.012438329868018627 -0.01856374181807041 -0.054150503128767014 -0.1346178948879242 -0.0437999963760376 -0.04085901007056236 -0.1808200180530548 0.09026683121919632 0.027739951387047768 0.018956651911139488 -0.02586260251700878 0.06967776268720627 -0.004797391127794981 -0.06984936445951462 -0.08984936773777008 -0.062289126217365265 0.009741700254380703 -0.037301234900951385 0.20959237217903137 0.041991960257291794 0.19020777940750122 0.0066455393098294735 0.08036097139120102 -0.0296765323728323 -0.11107642948627472 -0.0029305447824299335 0.01573576033115387 -0.0006835721433162689 -0.1930149644613266 -0.020689424127340317 0.011129479855298996 0.08805597573518753 0.08548297733068466 -0.08006948977708817 -0.012383660301566124 0.1210348829627037 0.03385160490870476 -0.14928272366523743 -0.06192823871970177 0.037327419966459274 0.08335896581411362 0.11632471531629562 0.12602636218070984 0.14116880297660828 -0.0835934653878212 -0.0019008938688784838 0.13868595659732819 -0.12852628529071808 0.09724991768598557 -0.008584591560065746 -0.11307958513498306 0.06735441833734512 0.24653741717338562 -0.015847083181142807 -0.07279706746339798 0.07449337840080261 -0.07190725952386856 0.008728619664907455 0.14802300930023193 0.00591014651581645 0.13253535330295563 0.030118469148874283 -0.027527984231710434
0.08287780731916428 0.07853968441486359 0.039206698536872864 -0.05242844671010971 0.12531808018684387 0.1828082948923111 0.03108644112944603 0.001665758085437119 0.08727648109197617 0.02387658879160881 0.2723631262779236 -0.12752674520015717 -0.12615515291690826 0.15150940418243408 -0.010154910385608673 -0.048688825219869614 -0.02434106171131134 -0.18704670667648315 0.01611112244427204 -0.23876892030239105 0.012928277254104614 0.08334146440029144 0.06551463901996613 0.09645597636699677 0.18367977440357208 0.04262310266494751 -0.07891824841499329 -0.00042886054143309593 -0.005696778651326895 0.06963679939508438 0.002464321441948414 -0.061913926154375076 0.021378379315137863 0.13345786929130554 0.058629512786865234 -0.06273046880960464 -0.03828059881925583 -0.037401892244815826 -0.0331953689455986 -0.07851697504520416 -0.0317423939704895 0.10591086745262146 -0.0676230937242508 0.05862089991569519 -0.02775915525853634 0.06265774369239807 -0.11911031603813171 0.09874803572893143 -0.14675942063331604 0.09963395446538925 0.07298286259174347 0.13807088136672974 -0.10652773082256317 -0.16268101334571838 0.2275029718875885 0.0046057552099227905 0.05491043999791145 0.004861261695623398 0.004217567387968302 -0.02250373549759388 0.13696575164794922 0.10552440583705902 -0.009647850878536701 0.1857607513666153 -0.09927414357662201 -0.02515728585422039 0.027385419234633446 -0.10228631645441055 0.05688168853521347 -0.039842505007982254 -0.006353392731398344 0.009835893288254738 -0.03275134786963463 0.06538049876689911 0.02257881686091423 0.07070042192935944 0.17037662863731384 0.10763619840145111 0.003870548913255334 -0.07455917447805405 -0.0818638950586319 0.044118400663137436 0.14455388486385345 -0.03001987934112549 0.03749070316553116 0.26819339394569397 -0.056513529270887375 0.08150791376829147 -0.02915911376476288 -0.1500147581100464 0.07545651495456696 -0.05370179936289787 0.13195987045764923 -0.04486050456762314 -0.19417250156402588 0.11131081730127335 -0.016640223562717438 -0.05879433825612068 0.1670098453760147 0.0016153540927916765
0.012232398614287376 0.09327220916748047 0.0626215860247612 -0.04618484154343605 -0.11535340547561646 0.03179914876818657 -0.06955942511558533 -0.15514114499092102 -0.08740977942943573 -0.06913276761770248 0.08658812940120697 0.0838891938328743 0.022135373204946518 0.02218066155910492 0.14299160242080688 -0.08679714798927307 -0.09415940195322037 0.05495249480009079 0.02614453248679638 -0.19175191223621368 0.04210123047232628 0.17791999876499176 0.13907212018966675 0.01642473042011261 -0.06129225343465805 -0.09229057282209396 0.014717532321810722 -0.018258027732372284 0.06726496666669846 -0.21198850870132446 0.11254426836967468 0.045271385461091995 0.0761791318655014 -0.03902607038617134 -0.21248474717140198 -0.026195740327239037 0.1307326853275299 0.14330162107944489 0.049263592809438705 0.057315561920404434 0.014059219509363174 0.12706544995307922 0.27571961283683777 -0.03339073434472084 0.04816601797938347 -0.005229555536061525 0.08179795742034912 -0.1686779111623764 0.009619912132620811 -0.03791357949376106 -0.07792612165212631 -0.15798203647136688 -0.20154599845409393 -0.10570299625396729 -1.4390157048183028e-05 0.025914795696735382 0.0009037681738846004 -0.12957975268363953 -0.05319680646061897 0.06466036289930344 -0.014624879695475101 0.12447534501552582 0.04821166768670082 0.019122811034321785 -0.08690723031759262 0.22337135672569275 0.062413617968559265 -0.06393667310476303 0.05950833112001419 -0.03513605147600174 -0.0230729877948761 -0.0634218156337738 -0.26662153005599976 -0.06064750999212265 0.09007427096366882 0.04508557170629501 -0.019062338396906853 -0.041841212660074234 0.03833678737282753 7.810645911376923e-05 0.1054341048002243 -0.04082134738564491 0.08039761334657669 -0.11811366677284241 -0.04422006383538246 -0.027106579393148422 -0.10369415581226349 -0.17860843241214752 0.12934142351150513 -0.07312143594026566 -0.11628279089927673 0.026580482721328735 -0.028539879247546196 0.07737035304307938 -0.08065278083086014 0.10936283320188522 -0.005813947878777981 0.18604367971420288 -0.017167985439300537 0.11648130416870117
-0.03766927868127823 0.0319722481071949 0.07802467793226242 -0.0908733382821083 0.015205728821456432 -0.04573754966259003 -0.008157067000865936 0.073428213596344 0.04975097253918648 -0.026929190382361412 0.042132820934057236 0.22478552162647247 -0.0803992971777916 0.019123906269669533 0.09004881978034973 -0.020678101107478142 -0.12045617401599884 -0.08868057280778885 -0.018761061131954193 0.19167539477348328 -0.22001735866069794 -0.04998314753174782 0.02888779155910015 0.15081380307674408 -0.16785971820354462 -0.2046027034521103 0.03822978958487511 0.06157632917165756 0.09446268528699875 0.04490009322762489 -0.009718920104205608 -0.09126728773117065 -0.07586345821619034 -0.18232066929340363 0.10671992599964142 0.14874811470508575 -0.14489205181598663 0.04265880957245827 -0.1234138160943985 0.2249174565076828 0.11158367991447449 0.15009532868862152 -0.21974021196365356 0.03854866325855255 0.0004911861033178866 -0.07189521193504333 -0.18556863069534302 0.07128085941076279 0.03339367359876633 0.07932636886835098 0.045151062309741974 -0.0201385747641325 -0.01394589338451624 -0.09899011999368668 0.008812257088720798 0.13071535527706146 0.17260417342185974 0.027045032009482384 0.011721308343112469 0.08448630571365356 0.10854511708021164 -0.12295544892549515 0.18655180931091309 0.004367774818092585 -0.0010905107483267784 -0.02043135091662407 -0.06713943928480148 -0.04434235766530037 0.049917738884687424 0.0015408472390845418 -0.0909215584397316 0.004211817868053913 -0.13057228922843933 -0.048477139323949814 0.05577107146382332 -0.2587997019290924 0.07623524963855743 -0.05037074536085129 0.040368493646383286 -0.03932347893714905 -0.02667764015495777 0.08915860205888748 -0.12762881815433502 -0.027055595070123672 -0.03110923245549202 0.0927020013332367 -0.005299337673932314 -0.12360428273677826 0.07207883894443512 -0.016497382894158363 -0.06277267634868622 0.016989508643746376 -0.1968945413827896 0.0201711505651474 -0.05882633477449417 0.04349522292613983 0.09484501928091049 0.04605638235807419 0.1180528923869133 0.01832614280283451
0.17126235365867615 0.11825190484523773 0.19720359146595 -0.09008441865444183 -0.012149597518146038 -0.11170437932014465 0.09119212627410889 0.03075307421386242 -0.04630029574036598 -0.04799746721982956 -0.0757225975394249 0.12154991924762726 -0.04527057707309723 -0.09480704367160797 -0.1254126876592636 0.19659121334552765 0.08410130441188812 0.08333165943622589 -0.015668313950300217 -0.13447801768779755 0.02729411981999874 -0.1727384626865387 -0.054957982152700424 -0.10331886261701584 0.015627067536115646 -0.00832084659487009 -0.13825593888759613 -0.038681045174598694 0.02281077951192856 -0.05225886404514313 0.09068262577056885 0.1308351308107376 0.11436926573514938 0.09437642246484756 0.24236279726028442 0.17908819019794464 0.09043430536985397 -0.02365552820265293 0.05451373755931854 0.10060356557369232 0.027563991025090218 -0.04851890355348587 0.04622333124279976 -0.01037616841495037 0.016793951392173767 0.01426289975643158 0.07718238234519958 -0.03649316728115082 0.03994663059711456 0.027045341208577156 0.0025490375701338053 0.04668591916561127 -0.0771445482969284 -0.056283220648765564 0.21181659400463104 -0.007788239046931267 0.13031011819839478 0.00037473803968168795 0.06009384244680405 0.02810969389975071 -0.12717674672603607 -0.02297452837228775 -0.052668794989585876 0.11004772037267685 0.04014367237687111 -0.07169917225837708 -0.10803170502185822 0.06925474852323532 -0.06578246504068375 -0.035705506801605225 0.006986470427364111 0.03573792800307274 0.04590330645442009 -0.200489342212677 0.015276497229933739 -0.13996556401252747 -0.05404370278120041 0.1275819092988968 0.0348806232213974 -0.22224299609661102 0.2019157111644745 0.07892432808876038 -0.052902642637491226 0.014126849360764027 -0.015479860827326775 -0.041851744055747986 -0.024516357108950615 0.14746825397014618 0.049764253199100494 -0.2428072988986969 0.08521971851587296 -0.07171958684921265 0.00037654544576071203 0.023785371333360672 0.07031264901161194 0.21271242201328278 -0.011682618409395218 0.18745918571949005 -0.08451711386442184 -0.09251300245523453
-0.13904699683189392 -0.16995421051979065 -0.036822061985731125 0.024828054010868073 -0.14234508574008942 -0.024940509349107742 -0.14584049582481384 -0.02927999570965767 -0.03757140040397644 -0.03737914562225342 -0.009030257351696491 -0.03534090146422386 -0.023564187809824944 0.06329610198736191 -0.12495176494121552 0.05237695202231407 -0.055173084139823914 -0.09345264732837677 0.1637517809867859 -0.12279617786407471 0.001853104680776596 0.15533509850502014 -0.07604702562093735 0.015257874503731728 -0.007223555818200111 -0.12042222172021866 -0.05668604373931885 -0.07191886007785797 0.0768032893538475 -0.144385427236557 0.09029044210910797 -0.0692807286977768 -0.05948576703667641 0.0808488205075264 0.16845127940177917 -0.04567050188779831 0.07637297362089157 -0.1343694031238556 -0.06422659009695053 -0.09916045516729355 0.08252580463886261 0.07790566235780716 -0.037103794515132904 0.0992753654718399 0.05031779780983925 0.031453803181648254 -0.16129377484321594 0.03873569890856743 0.02738877385854721 -0.01029256172478199 0.03331555426120758 -0.16968557238578796 0.041734881699085236 -0.1323443502187729 0.12813276052474976 0.16808757185935974 -0.012497862800955772 2.929262882389594e-05 0.10310529172420502 -0.150021493434906 -0.116343192756176 -0.16262616217136383 0.05792295187711716 -0.14541424810886383 0.05764085426926613 0.05341370031237602 0.07213512063026428 0.06471996009349823 0.11936556547880173 -0.24228771030902863 -0.029536820948123932 -0.07580042630434036 0.07161621749401093 -0.05445067211985588 0.04728875309228897 -0.06777723878622055 -0.19009491801261902 -0.056519657373428345 -0.1871548444032669 0.12122971564531326 0.06689143925905228 0.03829837590456009 0.07500524073839188 -0.15436196327209473 0.11613021045923233 -0.17868639528751373 -0.08435240387916565 0.09237992763519287 0.00910895224660635 -0.09057742357254028 0.11955010145902634 -0.012731216847896576 0.07676215469837189 -0.13311727344989777 0.12697532773017883 -0.11869993805885315 0.047219883650541306 -0.02570105530321598 0.17409387230873108 0.04413963109254837
-0.07640732079744339 -0.021391993388533592 -0.0833108201622963 0.008269458077847958 0.004972798749804497 0.03825727850198746 0.22707509994506836 0.05765576288104057 0.18457701802253723 0.08241776376962662 0.09649224579334259 0.038425546139478683 0.04022173956036568 -0.01292706374078989 0.12533819675445557 0.1720990538597107 -0.02226058579981327 -0.013236424885690212 -0.08106905966997147 -0.13343384861946106 -0.22852866351604462 0.029490122571587563 -0.011465562507510185 -0.13522528111934662 0.09702420234680176 -0.008150075562298298 -0.07405973970890045 -0.024151094257831573 0.10676953196525574 0.0562933124601841 -0.0028363754972815514 0.10650195926427841 -0.029334740713238716 -0.0919293612241745 -0.07996216416358948 -0.10462861508131027 0.13415396213531494 -0.05874793976545334 0.03583826497197151 -0.12583418190479279 0.02951948344707489 -0.12093385308980942 0.041059281677007675 -0.1653037816286087 0.11544632166624069 0.14146146178245544 -0.04057767987251282 0.2041710615158081 0.12716537714004517 -0.006386165507137775 0.0728268027305603 0.08491294085979462 0.003956000320613384 0.11710057407617569 -0.12937995791435242 -0.1664082407951355 0.019545385614037514 -0.21184396743774414 -0.06890125572681427 -0.06927501410245895 0.10933268815279007 -0.10507670044898987 -0.003362002084031701 0.14147219061851501 -0.12664847075939178 0.07072693854570389 -0.26719048619270325 -0.035415299236774445 0.021731950342655182 -0.07137580215930939 -0.21191707253456116 -0.0923997014760971 0.007603273261338472 -0.05715207755565643 0.08448517322540283 -0.04065851867198944 -0.28042730689048767 -0.012848556973040104 -0.029416879639029503 0.04556974023580551 0.0033520369324833155 0.03239990770816803 -0.0853114128112793 -0.07291573286056519 0.05765104293823242 0.016060642898082733 -0.06026650220155716 -0.06368432939052582 0.11434157937765121 0.04441918432712555 0.042643576860427856 -0.06592397391796112 -0.012729371897876263 0.09850594401359558 0.014700306579470634 0.01899128220975399 0.07585964351892471 -0.019983487203717232 0.0997898280620575 -0.05627942457795143
0.06430543959140778 0.09590095281600952 -0.06134193018078804 -0.08904293179512024 -0.22825457155704498 -0.06829371303319931 0.04383045807480812 -0.08316585421562195 -0.01536022499203682 0.14936183393001556 0.10175979137420654 -0.029435304924845695 0.017476743087172508 0.05227896198630333 0.2325541228055954 -0.003998453263193369 -0.034391723573207855 -0.046004291623830795 0.11566827446222305 0.0012657764600589871 0.08190841972827911 0.04714001715183258 0.1279013454914093 0.01964089646935463 -0.1841675490140915 -0.10898827016353607 0.023795032873749733 -0.16793566942214966 0.06150813028216362 0.039013877511024475 -0.03730699419975281 -0.05458850413560867 0.02130950056016445 -0.0930209532380104 0.02970709465444088 -0.2655335068702698 -0.005887831095606089 -0.239975705742836 0.22793841361999512 0.11226896941661835 -0.05505351349711418 -0.09382584691047668 -0.057015351951122284 -0.023626042529940605 -0.028398655354976654 0.0008698986493982375 -0.03324219956994057 -0.01639696955680847 0.04876253008842468 0.17194509506225586 -0.07540775090456009 0.07080664485692978 0.03927306830883026 0.11898662149906158 0.04845821484923363 0.030626188963651657 -0.015947038307785988 0.06870244443416595 0.07933539897203445 0.03900795057415962 -0.005812569055706263 -0.04703790694475174 -0.17783445119857788 -0.008553790859878063 0.029164975509047508 0.08995211869478226 0.11245111376047134 0.01689123921096325 0.005840572062879801 0.09643111377954483 0.026005327701568604 0.053107794374227524 0.04767877236008644 -0.08974646031856537 -0.029867952689528465 -0.052372533828020096 0.03896535187959671 0.2032819539308548 0.1208079382777214 0.23953139781951904 -0.10315296798944473 0.042864471673965454 -0.07979785650968552 0.05321653559803963 0.08546757698059082 -0.10043992102146149 0.06937919557094574 0.0464719757437706 0.1431574821472168 -0.21378293633460999 -0.0615810863673687 0.004666810855269432 -0.03166326507925987 -0.06251219660043716 -0.07034671306610107 0.005449944641441107 -0.0864117443561554 0.005088656209409237 0.009961983188986778 -0.2568920850753784
-0.13176614046096802 -0.12766098976135254 -0.15721221268177032 -0.007918912917375565 0.029521653428673744 0.034668195992708206 -0.05569946765899658 0.06826135516166687 0.1620759665966034 -0.017879841849207878 -0.07530293613672256 0.014303488656878471 -0.17927251756191254 0.14077186584472656 0.10521060973405838 -0.01345028169453144 -0.10369305312633514 0.02396506257355213 -0.011356819421052933 -0.07066422700881958 0.028933629393577576 0.04185387119650841 0.022024860605597496 -0.008483687415719032 0.028775960206985474 0.12805645167827606 0.004451393149793148 0.02479695715010166 -0.06629686057567596 0.11591543257236481 0.006873447448015213 -0.14027394354343414 -0.08603490889072418 0.0185146052390337 0.03437534347176552 0.056951288133859634 -0.10917283594608307 -0.11565247923135757 0.29963770508766174 -0.0710170790553093 0.052680689841508865 0.12638139724731445 0.04148423299193382 0.13818392157554626 -0.05832572281360626 0.13953371345996857 0.09941364079713821 -0.0718679279088974 -0.0096034687012434 0.0031193688046187162 0.12214094400405884 -0.2006455510854721 -0.10981439054012299 -0.012841913849115372 0.22538267076015472 0.016488390043377876 0.09761770814657211 0.05634373798966408 -0.13384658098220825 -0.110298752784729 -0.05820175260305405 -0.052527762949466705 0.06494797021150589 0.16196013987064362 -0.006583381909877062 -0.10680171847343445 -0.027985094115138054 -0.024144381284713745 0.0001899502967717126 0.16061656177043915 0.14009970426559448 0.13427984714508057 -0.012219594791531563 0.12438462674617767 0.025761455297470093 -0.013321664184331894 -0.18443894386291504 0.02722669206559658 -0.06503571569919586 0.0024595449212938547 0.0418599508702755 -0.04519569128751755 0.044328100979328156 0.06578947603702545 -0.08665148168802261 -0.12967516481876373 0.08003198355436325 -0.20269611477851868 0.0315248928964138 -0.008916741237044334 -0.026616984978318214 -0.02741076797246933 -0.14707931876182556 0.16563695669174194 0.09559880197048187 0.09615333378314972 0.13622403144836426 -0.0031775718089193106 -0.16599681973457336 -0.1535559743642807
-0.03679957240819931 -0.12257219851016998 -0.007719857152551413 -0.12677572667598724 -0.024606043472886086 0.19769950211048126 -0.06358656287193298 -0.06891927123069763 0.09916794300079346 -0.1438237577676773 -0.012943481095135212 -0.06640832126140594 0.026601718738675117 0.03157314658164978 -0.10264384746551514 -0.025962334126234055 0.19700056314468384 0.04031788930296898 0.14206482470035553 0.029133932664990425 -0.13009881973266602 -0.10448548942804337 0.11661778390407562 0.007310597226023674 -0.024488382041454315 0.02892543561756611 0.0831819623708725 0.01064036414027214 0.07048281282186508 0.018168026581406593 0.009295976720750332 -0.013968296349048615 0.011706125922501087 -0.015302598476409912 -0.2238294929265976 -0.04471848905086517 0.12970677018165588 -0.0884767472743988 0.12390728294849396 -0.03770997002720833 -0.14277665317058563 0.04004242271184921 -0.08665894716978073 0.044900041073560715 -0.16063328087329865 0.0899030938744545 0.04038984328508377 0.1238589659333229 -0.11844200640916824 0.020145690068602562 0.23951423168182373 -0.17458513379096985 0.04984941706061363 0.19804280996322632 0.019350064918398857 -0.03177022188901901 -0.07417785376310349 0.09749231487512589 0.04215536639094353 0.16140484809875488 0.05787880718708038 0.032181959599256516 0.0937323123216629 0.02200951799750328 -0.06028343364596367 0.14590059220790863 -0.12650208175182343 0.1278584599494934 -0.013477439992129803 0.027254493907094002 -0.08713164925575256 -0.030850764364004135 0.12445589154958725 -0.024319898337125778 0.050530314445495605 -0.08819101005792618 0.12546733021736145 -0.03398364037275314 0.02128462865948677 -0.2232741117477417 0.08133342117071152 0.059274137020111084 -0.002170403953641653 -0.03296897932887077 -0.1565224528312683 -0.052070729434490204 -0.016521096229553223 0.1298782378435135 0.03377177566289902 -0.2229546457529068 -0.11973155289888382 0.19011136889457703 -0.0393592044711113 -0.10471022129058838 0.02641957812011242 -0.1453709602355957 0.06381239742040634 0.11336081475019455 0.01075640507042408 0.08495577424764633
0.1011907234787941 0.1533988118171692 -0.16653360426425934 -0.037243619561195374 0.057513829320669174 -0.06284988671541214 -0.17108556628227234 -0.12332566827535629 0.032560598105192184 -0.026406312361359596 0.05951108783483505 -0.06158522889018059 -0.009860970079898834 -0.008221386931836605 0.03525828942656517 -0.06095336377620697 0.046334970742464066 0.0570853017270565 -0.025907885283231735 -0.06341603398323059 0.032155368477106094 0.09248378872871399 -0.04966685548424721 0.042547523975372314 -0.013780293986201286 0.07201807200908661 -0.03894681856036186 0.16401314735412598 -0.12639088928699493 -0.054017361253499985 -0.1279025375843048 0.06604395061731339 -0.22854670882225037 0.1007632464170456 0.0799664556980133 0.03236392140388489 0.11853597313165665 -0.09797133505344391 -0.0817255973815918 0.036875493824481964 0.17116768658161163 0.012993023730814457 0.10536765307188034 -0.0663626566529274 -0.14002659916877747 -0.0036759437061846256 0.20506158471107483 0.0925421267747879 0.048148013651371 0.14680331945419312 0.06262321025133133 0.1726372092962265 -0.16351449489593506 0.19050554931163788 0.11009927839040756 0.19530557096004486 0.02469167485833168 0.0698622465133667 -0.06806270033121109 0.1619386225938797 -0.05603820085525513 -0.10233843326568604 -0.00018204895604867488 -0.03065614029765129 0.1117887943983078 0.11958738416433334 0.0267786867916584 -0.08580093830823898 -0.2751539349555969 -0.23558957874774933 -0.05729286000132561 -0.0038046585395932198 -0.001360450522042811 -0.02217375487089157 0.002012288197875023 -0.12496714293956757 -0.10615391284227371 -0.06150571256875992 -0.08634931594133377 -0.058096837252378464 -0.17203828692436218 0.014859871007502079 -0.11664034426212311 -0.026297632604837418 -0.10419996082782745 0.07802434265613556 -0.07019615918397903 -0.0764658972620964 0.0016754260286688805 0.018581802025437355 -0.136016845703125 -0.03185402229428291 0.02377014048397541 0.041451454162597656 0.027043910697102547 -0.12159321457147598 -0.0671350359916687 -0.09731302410364151 0.010672423988580704 -0.01728062517940998
-0.13197296857833862 0.03964937478303909 0.09519344568252563 -0.12869927287101746 0.010361844673752785 0.07460638880729675 -0.21866099536418915 0.1407621055841446 0.054866861552000046 -0.09573981910943985 0.1434752494096756 0.021167980507016182 -0.021134627982974052 -0.10002575069665909 -0.08016449213027954 0.11334989219903946 0.1758035570383072 -0.12844648957252502 -0.17037779092788696 -0.20682597160339355 -0.06192989647388458 0.022679267451167107 -0.03776329755783081 -0.12196022272109985 -0.05468496307730675 -0.05475611239671707 -0.1251888871192932 -0.03534378856420517 0.15735410153865814 0.1261206418275833 -0.06158140301704407 0.06650906056165695 -0.11835498362779617 0.025394760072231293 0.00031449287780560553 -0.11642494797706604 0.037943337112665176 0.275185763835907 0.05173827335238457 0.0776570737361908 0.05462344363331795 -0.0625731572508812 -0.0791902169585228 -0.021347638219594955 -0.1358690708875656 0.020727118477225304 -0.06646700948476791 -0.2681078016757965 0.10875605046749115 0.06457185000181198 -0.09462461620569229 -0.03274722769856453 0.1042054146528244 0.16698862612247467 0.08250739425420761 0.046898454427719116 0.09406616538763046 -0.15514348447322845 -0.025320501998066902 -0.041256796568632126 -0.03794350102543831 -0.048017892986536026 0.0888059139251709 -0.0006092654075473547 -0.033492811024188995 0.008937688544392586 0.014652533456683159 -0.02481759525835514 -0.05430883169174194 -0.06955627351999283 0.06474455446004868 0.02587033249437809 0.02603871002793312 0.03059675544500351 -0.05889840051531792 0.03780778497457504 0.2219567745923996 0.08100883662700653 0.008289202116429806 0.08523571491241455 0.03213990852236748 0.012846515513956547 0.010396803729236126 0.19519713521003723 -0.09905155748128891 -0.20790088176727295 -0.08557230234146118 -0.09831845015287399 0.018933752551674843 0.06725912541151047 0.10756364464759827 0.07874710112810135 0.07771869003772736 0.05206015333533287 -0.10434842854738235 -0.12792208790779114 0.059037577360868454 -0.08663348853588104 -0.013146200217306614 -0.01801639422774315
0.008503856137394905 0.009561685845255852 -0.04514727368950844 -0.13870330154895782 -0.0909268781542778 0.04987437278032303 0.04134035110473633 -0.17213724553585052 -0.08784567564725876 0.17979742586612701 0.020213766023516655 0.02414102852344513 0.13603220880031586 0.05198188126087189 0.10038455575704575 0.04202902689576149 0.0028588087297976017 0.024771740660071373 -0.041355133056640625 -0.008564683608710766 -0.16799010336399078 0.021463919430971146 -0.01797107420861721 0.04479000344872475 0.031076427549123764 0.10233575105667114 0.12063989043235779 -0.008869822137057781 0.10096564143896103 0.1428932100534439 0.10120640695095062 0.02234550006687641 -0.09136054664850235 -0.07628379017114639 0.06689952313899994 0.2592944800853729 -0.2048301249742508 0.014352702535688877 0.017024114727973938 -0.17123346030712128 -0.07631243765354156 0.12387807667255402 0.052142851054668427 0.02087937667965889 -0.20071503520011902 0.02261846885085106 -0.11297634243965149 -0.10592092573642731 -0.11558862775564194 -0.06666532158851624 0.047470636665821075 0.15978994965553284 0.0067225005477666855 0.03561249375343323 0.21916957199573517 0.007966612465679646 0.151936873793602 0.00424243463203311 -0.08361878991127014 -0.011488442309200764 0.06031526252627373 -0.06275322288274765 -0.26707562804222107 -0.16065888106822968 -0.018120961263775826 0.05665001645684242 -0.05119417607784271 0.028194967657327652 -0.03874729946255684 -0.08476409316062927 -0.057027898728847504 -0.030357560142874718 0.03656142204999924 -0.1429401934146881 0.018851388245821 0.11099942773580551 -0.026267606765031815 -0.0823376253247261 0.14789459109306335 -0.05838533863425255 0.09123088419437408 -0.06198965758085251 -0.017205726355314255 -0.10500457882881165 0.1365131139755249 -0.1996995210647583 7.827660738257691e-05 -0.012942038476467133 -0.054499223828315735 0.19942593574523926 -0.04257618263363838 0.10598170012235641 0.11789793521165848 -0.11176231503486633 -0.13431458175182343 0.01695307530462742 0.024603793397545815 0.04431024193763733 -0.1041073277592659 0.04177917167544365
-0.0076523879542946815 0.02296368218958378 -0.034608885645866394 0.014522183686494827 0.09494006633758545 -0.10787487775087357 0.0896720141172409 0.1751587986946106 -0.04301175847649574 0.015485646203160286 0.10371153056621552 -0.1211882010102272 0.02818586491048336 -0.08147168159484863 -0.17934805154800415 0.024285413324832916 -0.1791379749774933 -0.05459243059158325 0.09305450320243835 0.04033571109175682 -0.12000520527362823 0.07188967615365982 0.03874093294143677 -0.022450175136327744 -0.05247022956609726 -0.13722975552082062 -0.0018037810223177075 -0.07214125245809555 0.17978401482105255 -0.13171564042568207 -0.06989950686693192 -0.1213255226612091 0.07002702355384827 -0.00967347901314497 0.009528896771371365 -0.09492320567369461 0.01757064275443554 0.017240019515156746 0.12620820105075836 0.02607358805835247 -0.08051283657550812 0.18907684087753296 -0.06188996881246567 -0.12221013009548187 0.10137227177619934 0.07708101719617844 -0.06596817821264267 0.09497480094432831 -0.1527998298406601 -0.018883531913161278 0.10755997896194458 0.2267763614654541 0.011608140543103218 0.09896320849657059 0.1587737500667572 0.010358630679547787 0.009103585965931416 -0.07395631819963455 -0.004271070472896099 0.12537476420402527 -0.21287386119365692 0.09504340589046478 0.039084237068891525 -0.04555545374751091 -0.013335279189050198 -0.003629492362961173 0.16732898354530334 0.2966628968715668 -0.05167292430996895 0.001307222293689847 0.0793786495923996 -0.18167027831077576 -0.002982307691127062 -0.09741513431072235 0.024470971897244453 0.05277582257986069 -0.057521380484104156 -0.03383459150791168 -0.0525611937046051 -0.030183473601937294 0.07184366881847382 0.02278955839574337 0.0048558977432549 0.10051129013299942 -0.06616608798503876 0.07199855893850327 0.08041268587112427 -0.08135311305522919 0.015284773893654346 0.09255178272724152 -0.12137516587972641 -0.1375991553068161 0.038159046322107315 0.14569558203220367 -0.017934968695044518 -0.016797591000795364 0.04813775792717934 -0.12280162423849106 -0.2658933401107788 0.11548532545566559
0.005301108118146658 0.14934568107128143 0.046070218086242676 -0.00108729291241616 -0.036089539527893066 0.19368566572666168 -0.04564664512872696 -0.16669495403766632 0.026814879849553108 0.0591399222612381 -0.12889915704727173 0.038732096552848816 -0.16810663044452667 0.16686345636844635 0.03718388080596924 0.08344005048274994 -0.09456732124090195 -0.18849056959152222 -0.07340876013040543 0.09920662641525269 -0.07037157565355301 -0.09484763443470001 0.13529549539089203 -0.04221852868795395 -0.06448347121477127 0.044845715165138245 -0.05380883440375328 -0.09636949002742767 0.12455184757709503 0.017731094732880592 -0.007820101454854012 -0.05557987466454506 -0.06291025876998901 0.1422107070684433 -0.2515299916267395 0.044394318014383316 -0.10604645311832428 0.0031758067198097706 -0.032424818724393845 -0.012174198403954506 -0.014268549159169197 -0.06988739222288132 0.15693742036819458 0.1470334380865097 0.006404879968613386 -0.14057162404060364 -0.05705884099006653 0.055401187390089035 0.11766168475151062 -0.13259075582027435 -0.021048959344625473 0.11397996544837952 -0.21443341672420502 0.026739483699202538 -0.013952943496406078 -0.10966259986162186 0.05868419259786606 -0.11572105437517166 0.22468499839305878 0.11316768079996109 -0.09763454645872116 -0.1804729700088501 -0.12013653665781021 -0.00790826603770256 0.11783421784639359 1.4419610124605242e-05 0.12286810576915741 0.13225659728050232 0.006526642013341188 -0.02343709208071232 0.027645038440823555 -0.07910716533660889 0.016642730683088303 0.1254379004240036 0.07085084915161133 -0.007774068973958492 -0.01694132573902607 -0.016116274520754814 0.00036670861300081015 -0.10806431621313095 -0.07316829264163971 -0.05680200457572937 -0.017420759424567223 0.12498465925455093 -0.0030285462271422148 0.06008102744817734 -0.027503803372383118 -0.010113805532455444 0.0042238724417984486 -0.07582426816225052 0.2862642705440521 -0.07146803289651871 -0.07225196808576584 0.04935549944639206 0.12353665381669998 -0.1766005903482437 0.03762628138065338 0.02321135625243187 -0.043005019426345825 0.04531677067279816
0.026927616447210312 0.0064956857822835445 -0.09044414013624191 -0.04950740560889244 0.1406044363975525 -0.07432436943054199 -0.1136888936161995 -0.0004182620032224804 -0.0976460874080658 0.08941354602575302 0.045128244906663895 -0.11890988796949387 -0.18310347199440002 -0.05369623005390167 0.25614234805107117 0.13147607445716858 0.04598141834139824 0.16404668986797333 0.12116599828004837 0.13354067504405975 0.03954324126243591 -0.002653461182489991 0.09451689571142197 0.05089358240365982 0.15347647666931152 -0.2019665688276291 -0.1964225172996521 -0.1279180645942688 0.03485044836997986 0.07787298411130905 -0.028995977714657784 0.10213996469974518 -0.08369708806276321 0.011679156683385372 0.10075301676988602 -0.03622207045555115 -0.18468910455703735 0.20262353122234344 0.003150403266772628 -0.08410972356796265 0.02844560332596302 -0.07022356241941452 -0.08321933448314667 -0.021828653290867805 -0.0333612784743309 0.04176877439022064 0.06826361268758774 -0.07160597294569016 -0.023888086900115013 -0.18864834308624268 0.029558097943663597 -0.05022817477583885 -0.03685431927442551 0.07559722661972046 0.0017006705747917295 0.05836012586951256 -0.07040902227163315 0.041246626526117325 0.01359547022730112 0.06679756194353104 -0.1142476499080658 0.1333407759666443 0.11201415956020355 -0.011459656991064548 -0.17907795310020447 0.02496158331632614 -0.08737827837467194 -0.02453695796430111 0.02460203692317009 -0.05940794199705124 -0.057999737560749054 -0.20787061750888824 0.07027626037597656 -0.10187599062919617 0.0058753350749611855 -0.0023168781772255898 0.015426754020154476 -0.04528927430510521 -0.10631082952022552 0.016324756667017937 -0.19277068972587585 -0.1966267079114914 0.11012432724237442 -0.016690269112586975 0.08210179954767227 0.08842853456735611 -0.06961491703987122 0.05236070230603218 -0.004462087992578745 -0.062326688319444656 0.08007068186998367 0.03984725475311279 -0.17996938526630402 -0.16909922659397125 0.06282302737236023 0.05651353299617767 0.08195415139198303 0.09943100064992905 -0.1348450779914856 -0.08576296269893646
0.05845242366194725 -0.13654719293117523 0.09159029275178909 0.09068763256072998 0.08655057847499847 0.0025530140846967697 -0.2538166642189026 -0.10225796699523926 0.0010362885659560561 0.09767626971006393 0.1404583752155304 0.10895933210849762 0.01260032132267952 0.07916071265935898 -0.07992886006832123 -0.2393866777420044 0.013299510814249516 0.07475727051496506 0.000299754407024011 -0.07622218132019043 -0.006690840236842632 -0.00816903542727232 0.10161559283733368 -0.15996475517749786 -0.06291165947914124 0.0020292734261602163 0.009222476743161678 0.03764922171831131 0.14023323357105255 0.08929325640201569 0.004152670502662659 -0.007346510421484709 0.08434302359819412 -0.056868135929107666 0.025413086637854576 0.06765850633382797 0.05550117418169975 0.05542754381895065 -0.09262026846408844 -0.27981892228126526 0.003844848135486245 -0.02208959124982357 0.058588847517967224 -0.03574049100279808 0.041217245161533356 0.1361277550458908 0.06170053407549858 0.01823665015399456 0.16516202688217163 -0.16920222342014313 -0.1713733822107315 0.02797156572341919 -0.06424322724342346 0.04304027557373047 0.05345701053738594 -0.060240693390369415 0.07023988664150238 0.07276991009712219 0.1234392449259758 -0.008717721328139305 0.05601013824343681 -0.007993515580892563 -0.012783029116690159 -0.04736345261335373 -0.02405157871544361 -0.09330195188522339 0.004907780792564154 -0.046436212956905365 0.02077239379286766 0.07785598188638687 -0.03515039384365082 0.07312283664941788 -0.02043192647397518 -0.33800798654556274 -0.0019741684664040804 -0.05205138400197029 0.07613426446914673 0.017040058970451355 -0.0046759783290326595 0.04326102137565613 0.0380127914249897 0.11491794884204865 0.0500471368432045 0.03784192353487015 0.06257641315460205 0.0888313427567482 0.18837831914424896 0.017327355220913887 -0.11557856947183609 -0.11383894830942154 -0.18595917522907257 -0.11242113262414932 -0.17733493447303772 0.050771232694387436 0.06354373693466187 -0.1307152658700943 0.13192534446716309 -0.22979190945625305 0.025571050122380257 -0.05849149823188782
0.051168397068977356 0.026119345799088478 -0.026279104873538017 0.08902242034673691 0.06850302964448929 -0.08932279050350189 0.09376892447471619 -0.16198238730430603 -0.04540922865271568 -0.21404916048049927 0.10716430097818375 0.011889191344380379 0.029842175543308258 -0.07414208352565765 0.12031327188014984 -0.16030240058898926 -0.1166582852602005 -0.08095910400152206 0.049344826489686966 -0.10267256200313568 -0.023658500984311104 0.10321497172117233 0.04415559396147728 0.006623562891036272 -0.07404359430074692 0.007618920411914587 0.04150677099823952 0.16422978043556213 -0.03172501176595688 0.044576164335012436 0.1898309737443924 0.02170189842581749 0.0038994501810520887 -0.05336629971861839 -0.1429155021905899 -0.02101035602390766 -0.13336393237113953 0.11215434968471527 -0.07319433242082596 0.051649488508701324 -0.10384617745876312 -0.3102389872074127 -0.028424782678484917 0.07227906584739685 -0.09404752403497696 0.0003429334319662303 -0.02313987910747528 0.03184565156698227 -0.05823806673288345 -0.053817275911569595 0.02746700868010521 -0.03546269237995148 0.028000326827168465 0.03160057216882706 0.09818504750728607 0.1000501811504364 -0.07053953409194946 -0.10102809220552444 0.04092085734009743 -0.0052322642877697945 -0.05454382300376892 -0.0741536095738411 0.2539208233356476 0.1515294909477234 -0.08293555676937103 -0.19673533737659454 0.16681638360023499 0.14107179641723633 0.032006632536649704 -0.035416945815086365 -0.026733286678791046 0.0668732225894928 0.14398908615112305 -0.11850940436124802 0.06495357304811478 0.015170940198004246 -0.14065878093242645 0.0964813306927681 0.06983309984207153 -0.06761205941438675 -0.027901411056518555 -0.09356255829334259 -0.2347104698419571 -0.14460423588752747 -0.01938360556960106 -0.10323923826217651 -0.043489277362823486 0.11195872724056244 -0.15043112635612488 -0.0010564742842689157 0.07195323705673218 0.12308704107999802 0.026859769597649574 0.10138220340013504 -0.024336954578757286 0.09377225488424301 -0.06015796586871147 -0.15789805352687836 -0.04097225144505501 -0.05494287982583046
0.1458672136068344 0.029297299683094025 -0.06369681656360626 -0.11051307618618011 0.18883731961250305 0.07158847153186798 -0.061979301273822784 0.07225050777196884 -0.0014707407681271434 0.07423525303602219 -0.17436304688453674 -0.16375181078910828 -0.10947296768426895 0.05426131933927536 0.05673316493630409 -0.1571112722158432 0.05223916098475456 -0.01645318791270256 -0.17464470863342285 -0.02130296640098095 -0.030192285776138306 0.03685224801301956 -0.25170305371284485 0.034948013722896576 -0.05500393733382225 0.03633863851428032 0.04406292364001274 -0.12499340623617172 -0.1420840471982956 -0.02966911345720291 0.09654755890369415 -0.1625170111656189 -0.07599780708551407 -0.10007571429014206 -0.07933647185564041 0.08103890717029572 0.1954728066921234 -0.003254928858950734 -0.0811629369854927 0.007111840415745974 0.11805412918329239 0.06342973560094833 -0.03208563104271889 -0.17465683817863464 -0.06944400072097778 -0.0013239923864603043 -0.15643282234668732 -0.08862970024347305 0.12400077283382416 -0.12076395004987717 0.13064007461071014 0.00949045643210411 0.11137916147708893 0.1743573248386383 0.05243527516722679 -0.12271369993686676 -0.011111224070191383 -0.03381522744894028 0.03475523367524147 -0.16800761222839355 -0.1403014361858368 0.09927931427955627 0.03003295697271824 -0.08956445753574371 -0.08634709566831589 0.0994633287191391 0.10114765167236328 0.09375672042369843 0.11882616579532623 -0.03060372732579708 0.05990597978234291 -0.07470015436410904 -0.07651347666978836 -0.0034156751353293657 0.08094807714223862 -0.13741934299468994 -0.0007900242926552892 0.08581674098968506 0.1889343112707138 -1.5524150512646884e-05 0.06952530145645142 -0.1185518279671669 -0.07365016639232635 -0.005042486358433962 0.1082950010895729 0.10373017191886902 0.07196049392223358 -0.06390367448329926 -0.08595049381256104 -0.144576758146286 -0.010050414130091667 0.08556228876113892 0.043827272951602936 0.052015867084264755 0.10485349595546722 0.1117299497127533 -0.08991330116987228 0.024943172931671143 0.12476424872875214 -0.10240229219198227
-0.06945335865020752 -0.08268708735704422 -0.1414019614458084 -0.18090271949768066 0.20185095071792603 -0.012469006702303886 -0.1032758355140686 0.10582522302865982 0.12222234159708023 -0.17697584629058838 -0.06563566625118256 0.04270591959357262 0.12150359898805618 0.029365621507167816 -0.11078325659036636 0.004485222510993481 -0.025875046849250793 0.1109314039349556 0.05676178261637688 -0.06698243319988251 0.17031924426555634 -0.17530110478401184 0.05405702814459801 -0.11522405594587326 -0.0985405221581459 -0.07760636508464813 0.12423502653837204 -0.015716975554823875 -0.12292539328336716 -0.029754430055618286 0.14563854038715363 0.007038481533527374 -0.12013634294271469 8.685332431923598e-05 -0.03978070989251137 -0.11093279719352722 -0.24255545437335968 0.028885530307888985 -0.014244264923036098 -0.031470876187086105 0.07537853717803955 0.010590441524982452 -0.09411977231502533 0.006067187525331974 0.19293220341205597 -0.06383811682462692 -0.0028763613663613796 -0.07463157176971436 -0.20184947550296783 -0.08291864395141602 -0.05125458538532257 0.10063648223876953 -0.20134490728378296 -0.05391295626759529 -0.10218685865402222 -0.08684544265270233 0.3011413514614105 0.00088706542737782 0.011376839131116867 0.10426230728626251 0.010723510757088661 0.030750909820199013 -0.04430206120014191 0.0025179246440529823 -0.05250686779618263 0.13507406413555145 -0.0014516067458316684 -0.12134992331266403 -0.005372503772377968 -0.08613754063844681 -0.052031952887773514 -0.1553749293088913 0.06322438269853592 0.09753656387329102 0.08638818562030792 0.036790817975997925 -0.0680203065276146 0.13025245070457458 0.05160980299115181 0.10069245845079422 0.0707487165927887 -0.014777658507227898 -0.12485061585903168 -0.031009577214717865 0.06466668099164963 -0.06587064266204834 0.0500611774623394 0.15893608331680298 -0.027574902400374413 -0.07686662673950195 -0.07997079193592072 -0.04634740948677063 0.09391617029905319 0.12014403194189072 -0.048500292003154755 -0.11154849082231522 -0.01892710104584694 0.025349067524075508 0.04739870876073837 -0.0930861160159111
0.03186856210231781 -0.012418627738952637 0.08113262802362442 -0.17119896411895752 0.11934132874011993 -0.09838306158781052 0.03135856240987778 0.04382297396659851 0.16933782398700714 0.3075006306171417 -0.09230011701583862 0.03459367901086807 -0.07265384495258331 -0.05535653233528137 -0.09791958332061768 -0.020120885223150253 -0.03244270384311676 -0.023304248228669167 -0.10628700256347656 -0.01890103705227375 0.15248359739780426 0.19881011545658112 -0.04752782732248306 0.18570852279663086 0.007819768972694874 0.01671377569437027 -0.02645071968436241 -0.018157953396439552 0.014707759022712708 0.10789076238870621 0.0632571280002594 0.1433313637971878 -0.044826459139585495 0.02498759888112545 -0.1588355004787445 -0.024637654423713684 0.12130323052406311 0.05848430469632149 0.026595493778586388 0.1119687408208847 -0.14204631745815277 -0.05441867560148239 0.024565866217017174 0.18481139838695526 -0.005018963012844324 0.17579928040504456 0.017647942528128624 0.07078908383846283 -0.225518599152565 0.06944684684276581 -0.08357124030590057 0.003023822559043765 -0.09449373930692673 -0.10870742797851562 0.010229341685771942 0.039534129202365875 0.006610379554331303 0.07370702922344208 -0.027697281911969185 -0.06251265853643417 -0.026701003313064575 -0.04237480089068413 0.0018440564163029194 -0.05066193267703056 -0.017352323979139328 0.005636886227875948 -0.029273776337504387 0.03959459438920021 0.06209931522607803 0.08706670254468918 -0.10645274072885513 -0.09378676116466522 -0.04196765273809433 -0.1513943374156952 -0.18185345828533173 -0.04530959203839302 0.0035985440481454134 -0.07149425148963928 0.018630128353834152 0.03358157351613045 -0.06069004163146019 -0.2358645498752594 -0.18373775482177734 0.19669538736343384 -0.06847990304231644 -0.1621159166097641 0.0014948759926483035 0.08179238438606262 -0.008100423030555248 0.0019105402752757072 -0.07525359094142914 -0.14202995598316193 -0.00962069071829319 0.010746597312390804 0.12280617654323578 -0.030239028856158257 0.05116475000977516 0.02613936923444271 0.19663289189338684 0.1604299545288086
0.1127510592341423 0.07520326226949692 -0.23441427946090698 -0.07082092016935349 -0.1230131983757019 -0.09960167855024338 0.009067250415682793 0.0934268906712532 -0.10535438358783722 0.044694215059280396 0.14208471775054932 0.05612604320049286 -0.030512642115354538 0.14254073798656464 0.15504276752471924 0.03159583359956741 0.14754119515419006 0.10317232459783554 -0.13534948229789734 -0.13039273023605347 0.03852546960115433 -0.022566499188542366 -0.04835547134280205 0.09434634447097778 0.10189840197563171 0.10938102006912231 0.04007315635681152 -0.006128204986453056 0.03355119377374649 -0.1798989474773407 0.15183137357234955 -0.03147106617689133 0.014953472651541233 0.015316407196223736 -0.14397864043712616 -0.01762842759490013 0.04339200258255005 -0.1169639527797699 -0.008624699898064137 0.06824410706758499 0.04570281505584717 -0.06287078559398651 0.03267914429306984 0.13412447273731232 0.1636461615562439 -0.04715918004512787 -0.1182691752910614 -0.005039697978645563 -0.1543918401002884 -0.07431278377771378 -0.038155533373355865 0.04519670456647873 0.1594437062740326 -0.015884792432188988 -0.027477195486426353 -0.11993596702814102 0.13284136354923248 -0.053776733577251434 0.053831156343221664 0.08013220131397247 -0.06168780103325844 -0.22184017300605774 0.09680994600057602 0.006591144949197769 -0.1352601796388626 -0.16866211593151093 -0.1320010870695114 0.006201647222042084 -0.026948193088173866 -0.1401633769273758 0.1909201592206955 -0.08662645518779755 0.054707616567611694 0.007910404354333878 -0.17216947674751282 -0.044648900628089905 0.13507504761219025 0.10708655416965485 -0.0582875981926918 -0.014807213097810745 -0.04468010365962982 0.17673160135746002 0.1276634782552719 -0.02399103343486786 -0.057405102998018265 -0.028428561985492706 0.03586266562342644 -0.07578933238983154 -0.12561559677124023 0.05336235836148262 -0.15540356934070587 0.029289614409208298 -0.17304831743240356 -0.0750773474574089 0.09729055315256119 -0.019951876252889633 -0.023129161447286606 -0.009122171439230442 -0.05109500512480736 0.1289084404706955
0.046040188521146774 -0.08983062207698822 0.13640610873699188 0.047701600939035416 0.08349405229091644 0.08629339933395386 0.1475987434387207 0.20609904825687408 0.05857020989060402 0.025640027597546577 0.07277955859899521 -0.010690792463719845 0.11235786974430084 -0.11379462480545044 0.08822505921125412 -0.06983563303947449 -0.11871547996997833 -0.22830252349376678 -0.10153397917747498 -0.011764619499444962 0.13250136375427246 -0.10969708859920502 -0.09831274300813675 -0.10134856402873993 -0.137221097946167 -0.029524996876716614 -0.12254302948713303 0.10029241442680359 -0.10895979404449463 -0.03009294532239437 0.04301271587610245 -0.2847839891910553 -0.024716466665267944 0.041038792580366135 0.06113678961992264 -0.03336843475699425 -0.08844099938869476 -0.12391933053731918 0.01602901890873909 -0.1300281286239624 0.013622128404676914 -0.1422923356294632 0.10947459936141968 0.05155937001109123 -0.1509537696838379 -0.047063298523426056 -0.046822454780340195 -0.11522233486175537 0.057830896228551865 0.1589728146791458 -0.2282424420118332 0.035345397889614105 -0.09250454604625702 0.06480038911104202 0.08132419735193253 -0.08996433019638062 -0.12376885116100311 0.09881327301263809 0.05074022710323334 0.0492304190993309 -0.0043512084521353245 0.030273787677288055 -0.014370553195476532 -0.051501527428627014 -0.10141030699014664 -0.007736442610621452 -0.17504990100860596 0.0792793333530426 0.08343534916639328 -0.17109045386314392 -0.16605548560619354 -0.09051939845085144 -0.03578696399927139 0.07595521211624146 0.07653497904539108 -0.014880796894431114 0.056277450174093246 -0.08493490517139435 -0.04940549284219742 0.019973350688815117 -0.0010274873347952962 -0.07160837203264236 0.027210380882024765 -0.11191795766353607 -0.15316294133663177 -0.09478870034217834 -0.009455330669879913 -0.034024856984615326 -0.04470377042889595 -0.061282262206077576 -0.14407314360141754 -0.0626508966088295 -0.12443907558917999 -0.15420308709144592 0.021995479241013527 0.005824184976518154 -0.008149544708430767 0.0779997929930687 -0.15098877251148224 0.11229723691940308
0.16293253004550934 0.22388403117656708 -0.0006219933275133371 -0.22901257872581482 0.04558074101805687 0.1470007747411728 0.050501834601163864 0.15315888822078705 -0.06687606871128082 -0.08539780974388123 0.09737739711999893 0.11500980705022812 0.0840902328491211 0.026292895898222923 0.0335657112300396 -0.07833892107009888 -0.14912906289100647 0.06750090420246124 0.042515311390161514 -0.032292455434799194 -0.056893929839134216 0.08122938126325607 0.15697339177131653 -0.10608348250389099 0.14478600025177002 0.06687132269144058 0.14677487313747406 -0.051739487797021866 -0.02192167192697525 -0.07935424894094467 -0.044314634054899216 0.03909487649798393 0.051822829991579056 -0.056599508970975876 -0.027882881462574005 0.08052756637334824 -0.0048597329296171665 -0.10223537683486938 0.019345847889780998 0.01810331456363201 -0.02593686431646347 -0.05616583675146103 -0.21122439205646515 -0.10698692500591278 0.07480309903621674 -0.06931459158658981 0.11192520707845688 0.015095479786396027 0.23056770861148834 0.06049578636884689 -0.16943421959877014 -0.00921681523323059 0.04153357818722725 -0.05201152712106705 0.04020712897181511 0.03500800207257271 0.09874022006988525 0.04171328246593475 -0.06320802122354507 -0.17904463410377502 0.010500083677470684 0.15698282420635223 -0.05664600431919098 -0.023730453103780746 0.15673498809337616 0.008796630427241325 -0.0192601028829813 0.14634990692138672 0.06603831797838211 0.012168340384960175 0.09383243322372437 -0.06325474381446838 0.06914327293634415 0.06408242136240005 0.006063754204660654 -0.12795425951480865 -0.09153501689434052 -0.0306413471698761 -0.11609235405921936 -0.11393831670284271 -0.15999378263950348 -0.22656351327896118 0.1706688106060028 0.014994126744568348 -0.06231144070625305 -0.15355046093463898 -0.061423737555742264 0.10102908313274384 -0.0995451882481575 0.0329732708632946 -0.041880492120981216 0.11288245767354965 -0.030262479558587074 0.03194139525294304 -0.002341525861993432 -0.10115258395671844 0.1916949450969696 -0.03495783358812332 0.10488637536764145 0.029652835801243782
-0.04552066698670387 -0.0013042425271123648 -0.08031659573316574 -0.020953167229890823 0.17728085815906525 -0.0469878688454628 -0.038724012672901154 -0.10262472182512283 0.13383348286151886 0.07989510148763657 0.05247436836361885 -0.09241212904453278 -0.014866471290588379 0.02327672578394413 -0.08972278982400894 0.013777297921478748 -0.012394750490784645 0.03602335602045059 0.05154215544462204 -0.02490949258208275 0.01327634695917368 -0.2338971048593521 -0.07657205313444138 0.16368672251701355 0.005433108191937208 -0.04739905521273613 -0.1726931780576706 -0.12084238976240158 -0.09862512350082397 0.026538990437984467 0.26936352252960205 -0.011208388023078442 0.19030405580997467 -0.06053965166211128 0.05746549740433693 -0.12807926535606384 -0.053014494478702545 -0.08848510682582855 0.14359058439731598 0.10183960199356079 0.09825941920280457 -0.047639790922403336 0.06621153652667999 -0.043528102338314056 -0.0537504144012928 -0.0990537479519844 0.1519441306591034 0.1845104843378067 0.0414610393345356 -0.0787486657500267 -0.1705407053232193 -0.10784637182950974 0.10203750431537628 -0.06966064870357513 0.08473376929759979 -0.1302390843629837 0.01728047989308834 -0.12715217471122742 0.07437806576490402 0.09243949502706528 0.07079590857028961 0.04179295524954796 0.058154840022325516 -0.03607441484928131 0.12513992190361023 -0.006578024011105299 0.03842448815703392 0.1163415014743805 -0.07328116148710251 -0.14504629373550415 0.08218426257371902 0.07877421379089355 0.011812596581876278 -0.0743328332901001 0.0632518082857132 0.07211005687713623 0.0947394147515297 -0.3003840446472168 0.08404769003391266 -0.12304346263408661 -0.0845450684428215 -0.012686900794506073 0.014515279792249203 -0.006840819958597422 0.06311831623315811 -0.11407963931560516 0.04488491639494896 -0.1981768012046814 0.07941772043704987 0.0928814709186554 -0.011671651154756546 0.04474562779068947 0.03555937856435776 0.020140577107667923 -0.14178287982940674 0.002798130502924323 0.103010393679142 -0.04136836528778076 0.17305760085582733 -0.07796008139848709
0.028269430622458458 -0.11651633679866791 0.07533498108386993 0.04052238166332245 -0.06761939078569412 0.027548713609576225 0.020195525139570236 -0.08277508616447449 0.1615932285785675 -0.1549571305513382 -0.12098955363035202 0.06437330693006516 -0.055101171135902405 0.023304495960474014 0.00814791489392519 0.11303913593292236 -0.06406935304403305 -0.03379778563976288 0.10863916575908661 0.008673779666423798 -0.029591159895062447 -0.11661235988140106 -0.026541240513324738 0.016897832974791527 0.10609237849712372 -0.06929296255111694 -0.01749856397509575 -0.1963678002357483 -0.1885048747062683 -0.07047022134065628 -0.0988331064581871 0.0622888021171093 -0.08430392295122147 -0.07647474110126495 -0.04546070471405983 0.08994938433170319 0.21082788705825806 -0.1223590075969696 -0.1403018981218338 -0.10345412790775299 0.04218918830156326 -0.030068490654230118 0.03478611633181572 -0.06441403925418854 0.12094567716121674 0.07803869992494583 -0.21126820147037506 -0.12545108795166016 -0.1076759472489357 0.09639152884483337 -0.10051576793193817 0.0018334398046135902 -0.12673059105873108 0.11819691956043243 0.12783777713775635 0.07565674930810928 0.04452017322182655 -0.12241614609956741 0.12988974153995514 -0.055902618914842606 -0.03347131609916687 0.021431120112538338 0.07379060983657837 0.03243135288357735 0.0865149199962616 -0.07059510797262192 -0.0012787168379873037 -0.06130325049161911 -0.030401336029171944 0.26929768919944763 -0.006894976366311312 -0.09070136398077011 0.09491271525621414 -0.1293489634990692 0.023061677813529968 0.10431940108537674 0.21406768262386322 0.012407559901475906 -0.04215610772371292 -0.06604830920696259 -0.3468687832355499 -0.01204921118915081 -0.04993562400341034 -0.16680806875228882 0.042564377188682556 -0.11508108675479889 0.025587474927306175 -0.10201000422239304 -0.021943384781479836 0.10045668482780457 -0.10920193046331406 0.01555741485208273 0.0738675594329834 0.07031802088022232 -0.03142620995640755 0.01488703303039074 -0.014322982169687748 0.05110916867852211 -0.08192133903503418 0.023333614692091942
0.019410455599427223 -0.025277193635702133 0.09261776506900787 -0.11079234629869461 -0.03122769296169281 -0.2946810722351074 -0.13286493718624115 0.21259675920009613 0.1360669881105423 0.1099693700671196 0.025406289845705032 0.012412749230861664 -0.08323998749256134 -0.018070587888360023 0.1619649976491928 -0.03773065283894539 -0.028013892471790314 -0.0917019248008728 -0.006479666568338871 0.10685492306947708 -0.2026909440755844 -0.04329404979944229 0.08357781171798706 -0.16554497182369232 0.10696501284837723 0.14642606675624847 -0.06317810714244843 -0.11952835321426392 -0.013826736249029636 0.03281932696700096 0.15156249701976776 -0.01909950003027916 0.05085251107811928 0.10256687551736832 -0.04192173108458519 0.010566660203039646 0.08356757462024689 -0.11712304502725601 -0.038003578782081604 0.027178509160876274 0.06616537272930145 -0.13376381993293762 0.0009770565666258335 0.08784135431051254 -0.06892108917236328 -0.10217814147472382 -0.038379862904548645 -0.13236981630325317 -0.0960557833313942 0.027579758316278458 -0.06493239849805832 -0.08579489588737488 0.05944216251373291 -0.032219793647527695 0.01218357402831316 0.02248762734234333 -0.09300533682107925 0.18909308314323425 -0.09967990219593048 0.08944353461265564 0.02132931351661682 0.028239483013749123 -0.00959419459104538 0.08217214047908783 0.0965147316455841 0.18716846406459808 0.19928881525993347 -0.12940683960914612 0.06604484468698502 0.07501241564750671 -0.07803644984960556 -0.17842555046081543 0.08319399505853653 -0.1147163137793541 -0.053845807909965515 0.0750691220164299 -0.11352358013391495 -0.016618238762021065 -0.01602221466600895 -0.13154876232147217 0.19113387167453766 0.10095305740833282 0.07306744903326035 -0.11091272532939911 -0.056342896074056625 0.15329763293266296 -0.009271468967199326 -0.017240019515156746 -0.033783383667469025 0.13210642337799072 0.07125458121299744 0.07129281759262085 0.0013743563322350383 0.13841213285923004 -0.06638304889202118 -0.14467187225818634 -0.08956874161958694 -0.05372079834342003 0.027842823415994644 -0.060836538672447205
-0.17480044066905975 0.08788519352674484 -0.05950913578271866 0.0503479540348053 -0.10018924623727798 0.03426586464047432 -0.04969695210456848 0.11188466101884842 0.08734333515167236 0.042324166744947433 0.052789345383644104 0.06707102805376053 -0.027650486677885056 0.06873103976249695 -0.17018385231494904 -0.09010589867830276 0.050560060888528824 -0.032933708280324936 -0.017970044165849686 0.0267080869525671 -0.07618249207735062 0.05881554260849953 -0.00030053366208449006 -0.16620366275310516 0.05238158628344536 0.07174737006425858 -0.026331208646297455 0.17905081808567047 0.14694644510746002 -0.001251831417903304 -0.044971175491809845 0.0869022011756897 0.03571528196334839 0.1019972413778305 -0.00233578123152256 0.1424788385629654 -0.13566982746124268 -0.011920456774532795 0.05931517481803894 0.0089644780382514 0.146941676735878 -0.1497134268283844 -0.21241237223148346 -0.034518368542194366 0.01961333677172661 0.15494181215763092 -0.006572843529284 0.04153546318411827 -0.17702503502368927 -0.08800673484802246 -0.1743856966495514 -0.04667675867676735 -0.04257630929350853 0.1560860574245453 -0.08240710198879242 -0.025191178545355797 -0.0460212342441082 0.11236722767353058 0.0869155079126358 -0.013098783791065216 -0.0008474518544971943 0.12820032238960266 -0.057424161583185196 0.03795706480741501 0.019764885306358337 -0.1158144399523735 0.1803015172481537 0.08955001085996628 0.0028172354213893414 -0.0854218453168869 0.02906259521842003 -0.07362055778503418 -0.19048768281936646 0.03625242039561272 -0.11330582946538925 0.01580115035176277 -0.07905620336532593 -0.06411369889974594 0.17681355774402618 -0.039142269641160965 -0.211092010140419 0.09558314085006714 -0.024090947583317757 -0.11238141357898712 0.14028790593147278 -0.05881713330745697 -0.08653485774993896 -0.18839755654335022 0.07997207343578339 -0.15784576535224915 -0.0868314579129219 0.04919017478823662 0.11264871805906296 -0.05144020915031433 0.1313522905111313 0.12102068960666656 -0.11722572147846222 0.2001790851354599 0.00918641872704029 -0.009500298649072647
0.06046866625547409 -0.24986441433429718 -0.03532346710562706 0.157994344830513 0.030247893184423447 -0.0355246402323246 0.16312642395496368 -0.04579656943678856 0.009974096901714802 0.001552588539198041 -0.026392744854092598 0.10847757011651993 0.06531821191310883 0.00828287098556757 0.1871325671672821 -0.015217425301671028 -0.009789724834263325 -0.029006607830524445 0.06110982596874237 -0.11985169351100922 -0.03766812011599541 0.06102536991238594 0.0182520542293787 0.052661776542663574 0.07847074419260025 -0.09927235543727875 -0.1467241793870926 0.09675396978855133 0.024546509608626366 -0.02931179478764534 -0.07451092451810837 0.05807431414723396 0.10118641704320908 0.16879500448703766 -0.048229511827230453 0.03813789039850235 -0.08713272213935852 -0.01823994517326355 -0.0042304713279008865 0.0499773770570755 0.12095263600349426 0.045481570065021515 -0.21257776021957397 -0.003928455989807844 -0.1718526929616928 -0.08548083156347275 0.04884390905499458 0.07506723701953888 0.11608510464429855 -0.010783587582409382 0.02452394925057888 0.019057337194681168 0.009412855841219425 0.020115096122026443 0.057795148342847824 0.052607014775276184 0.03643355146050453 0.042307619005441666 0.01707773655653 0.010762951336801052 -0.05736833065748215 0.11872003972530365 -0.045263055711984634 -0.1639115810394287 0.021520497277379036 0.0671437680721283 -0.11801224946975708 -0.04905733838677406 -0.06915582716464996 0.0254304651170969 0.19392384588718414 -0.0718727633357048 0.19739291071891785 -0.04245755448937416 0.08868370950222015 0.22446365654468536 0.06246594712138176 0.15773512423038483 0.24791496992111206 0.07612646371126175 0.06182403862476349 0.003487302688881755 0.0012090896489098668 0.043481532484292984 -0.044334422796964645 -0.014485147781670094 -0.056311238557100296 -0.0881180390715599 -0.05692038685083389 -0.03136586397886276 -0.0071579511277377605 -0.09846166521310806 -0.0716722309589386 0.2508264482021332 0.16215507686138153 -0.10950680077075958 -0.03633885830640793 0.150177001953125 0.20685222744941711 0.19755052030086517
-0.07042630016803741 0.0513702929019928 -0.06506993621587753 -0.17371037602424622 -0.06286081671714783 0.05830204486846924 -0.0789031833410263 -0.10620453208684921 0.04550079256296158 0.1615532785654068 -0.08579574525356293 -0.10303109884262085 0.1858188360929489 -0.12744839489459991 -0.04596414417028427 -0.12594681978225708 -0.09934202581644058 -0.06174376979470253 0.10391867905855179 0.04820750653743744 -0.0024386330042034388 -0.03992928937077522 -0.010952339507639408 -0.05754490941762924 -0.04406405985355377 0.05558008328080177 0.0650884285569191 0.14404474198818207 -0.03123009391129017 -0.2768512964248657 -0.11108920723199844 -0.09768889844417572 -0.11062724888324738 0.02520710416138172 0.04773152619600296 0.03634463623166084 0.005973238497972488 0.04843776300549507 0.13184058666229248 0.006054389756172895 0.011419741436839104 -0.19752156734466553 -0.1452181190252304 0.1746441125869751 0.012808852829039097 0.10733786225318909 -0.08128108829259872 0.06987668573856354 0.02991761453449726 -0.06946486979722977 -0.022269070148468018 -0.019318660721182823 0.19293516874313354 -0.19915789365768433 0.04356027767062187 -0.06175119802355766 0.055446308106184006 -0.15231414139270782 0.007429720833897591 -0.05262737721204758 -0.21464256942272186 0.05917360633611679 -0.0008841727976687253 0.06118839606642723 0.016880439594388008 0.14942586421966553 -0.2126895934343338 -0.1569613367319107 -0.012654253281652927 0.0504303053021431 -0.0431671217083931 0.08964341133832932 -0.0378689281642437 -0.1505252569913864 0.08576920628547668 0.1356385499238968 0.09284988790750504 0.018985692411661148 -0.09181508421897888 -0.15949982404708862 -0.034744199365377426 -0.017065400257706642 -0.04787790775299072 0.1306961327791214 0.09608055651187897 0.10179682075977325 -0.17914557456970215 -0.11567508429288864 -0.040172167122364044 -0.02910814806818962 0.03796536102890968 -0.024773798882961273 -0.0986865758895874 0.020932121202349663 -0.02859746478497982 -0.02933184802532196 -0.1539352834224701 -0.03927327319979668 -0.07052353769540787 -0.06918862462043762
0.12699465453624725 -0.1116369292140007 0.05976136401295662 -0.016931233927607536 0.0675436332821846 0.029241645708680153 -0.006877032574266195 -0.03994236886501312 0.016649646684527397 -0.07035768777132034 0.04308942332863808 0.0065236822701990604 -0.03604475036263466 0.0600404366850853 0.028266223147511482 0.019488872960209846 -0.11291684210300446 -0.22843459248542786 0.04577759653329849 0.006826136261224747 0.08711231499910355 -0.0592397041618824 -0.07874932885169983 0.1500129997730255 0.03302972391247749 -0.030238475650548935 -0.11262118071317673 0.08296442031860352 0.06612528860569 -0.02429281361401081 0.10636218637228012 0.0029844501987099648 -0.16599461436271667 -0.11955372989177704 -0.1225895807147026 -0.024068158119916916 0.045138634741306305 0.09581203758716583 -0.024780023843050003 -0.09850658476352692 0.11561431735754013 -0.04901265725493431 -0.07683125883340836 0.08612871170043945 -0.01925688236951828 -0.11222399026155472 0.20831502974033356 0.07670053839683533 0.033776722848415375 0.06877019256353378 0.07474666833877563 0.13488100469112396 0.022380627691745758 0.0706523135304451 -0.0900164321064949 -0.008339500986039639 0.017636802047491074 0.007793205324560404 -0.052291300147771835 0.07063070684671402 0.01237026508897543 0.13581833243370056 -0.004740715958178043 -0.04499521479010582 0.07435276359319687 0.04977380484342575 -0.1272999495267868 -0.004483315162360668 0.2643595337867737 0.12153466045856476 0.29217350482940674 0.033370401710271835 -0.17763976752758026 -0.12458334863185883 -0.27844133973121643 -0.054903097450733185 -0.11993342638015747 0.10213088989257812 -0.09196240454912186 -0.08388181030750275 0.0667666420340538 0.16141146421432495 -0.03625396266579628 -0.05820261314511299 0.14807261526584625 -0.07175830751657486 -0.08992274850606918 0.0004925161483697593 0.05920465290546417 0.06054014712572098 -0.013746664859354496 -0.019463228061795235 0.1971806436777115 -0.11787084490060806 0.015693577006459236 -0.1147129163146019 0.09879361838102341 0.05065075680613518 -0.167499840259552 -0.11044702678918839
0.03782327100634575 0.006594660691916943 -0.017521368339657784 0.006354435812681913 -0.07299188524484634 0.024371733888983727 -0.04376858472824097 -0.02040047198534012 -0.1059551015496254 -0.027785275131464005 0.025907572358846664 -0.12046100944280624 -0.05270109698176384 0.08574731647968292 -0.047682471573352814 -0.050836749374866486 0.07512039691209793 0.005943157710134983 0.21169985830783844 -0.18117506802082062 0.07538506388664246 -0.04316200315952301 -0.3203206956386566 -0.243630051612854 0.15410014986991882 0.046127479523420334 -0.052772000432014465 -0.02781643532216549 0.0329061821103096 0.0523151196539402 -0.03469431400299072 0.06750807911157608 0.06402932852506638 -0.24546347558498383 -0.18811793625354767 0.08437502384185791 -0.08782295137643814 0.09188074618577957 -0.17068913578987122 -0.006896618753671646 -0.015136339701712132 -0.033957432955503464 -0.10431822389364243 0.09271290153265 0.07688499987125397 -0.05209464207291603 0.05127865448594093 0.024174265563488007 -0.15007157623767853 0.1931314915418625 -0.005651033949106932 -0.03047894686460495 0.009313252754509449 -0.04975397139787674 0.05488906428217888 0.023734096437692642 -0.08608586341142654 0.07814329862594604 -0.0008928054594434798 0.01920727826654911 -0.0230101365596056 -0.034110117703676224 -0.14503584802150726 0.0034890074748545885 0.1362258493900299 -0.004532931372523308 -0.05353502556681633 -0.026883235201239586 0.15278498828411102 -0.06644381582736969 0.04079000651836395 -0.07095731049776077 0.11814724653959274 -0.00400959700345993 0.19631126523017883 -0.13606476783752441 -0.0319800041615963 -0.023745793849229813 0.06100527197122574 0.062120795249938965 0.025711748749017715 -0.10147202014923096 -0.10661251097917557 0.11815166473388672 -0.04225866124033928 0.06533834338188171 0.08318372815847397 -0.18441441655158997 0.26604387164115906 0.01976795680820942 0.04329172149300575 -0.03923054039478302 -0.19938145577907562 -0.008246159180998802 -0.12486852705478668 0.009757990948855877 -0.0361119844019413 -0.07015310227870941 -0.08098123222589493 0.06717607378959656
0.09485790133476257 0.15066945552825928 0.24304258823394775 0.026858601719141006 -0.0238796453922987 0.14986029267311096 0.022765008732676506 -0.0728185698390007 0.2627564072608948 -0.09208352118730545 0.08484268933534622 -0.0076649305410683155 -0.1660916954278946 -7.961125083966181e-05 0.009413590654730797 -0.04775611683726311 0.13982371985912323 0.00025872973492369056 -0.08551514148712158 0.05836353823542595 -0.10184222459793091 0.12748569250106812 -0.15479397773742676 0.08796358108520508 -0.015021804720163345 -0.0720893144607544 0.16192954778671265 -0.15767110884189606 -0.0024324252735823393 -0.021051930263638496 -0.07944423705339432 -0.03284343332052231 -0.012039287015795708 0.09916876256465912 0.1681840419769287 0.025037379935383797 -0.06273891031742096 -0.03698184713721275 0.012356815859675407 0.016895262524485588 -0.08773085474967957 -0.20051884651184082 -0.01748555712401867 0.07538771629333496 -0.011466700583696365 -0.0018121741013601422 0.05495081841945648 0.1180906668305397 -0.1561528891324997 -0.07541827857494354 0.033469945192337036 -0.031493913382291794 -0.10360020399093628 -0.09201540052890778 -0.12424466013908386 0.09500375390052795 -0.09976472705602646 -0.20093615353107452 0.030545292422175407 0.03999349847435951 0.02807367593050003 0.11150623112916946 0.10098911821842194 -0.17659248411655426 0.15129972994327545 -0.007362815551459789 -0.11876469105482101 -0.09437867999076843 -0.05198497325181961 -0.09302343428134918 0.048089832067489624 -0.12356964498758316 0.004945412743836641 0.009398724883794785 0.07933729141950607 0.014915784820914268 -0.1311083734035492 0.13153299689292908 0.09727488458156586 0.0678170770406723 0.1596609503030777 -0.013265302404761314 0.2037333846092224 0.0405142605304718 0.05875072255730629 -0.12108953297138214 0.14297206699848175 -0.046940937638282776 -0.021606648340821266 0.041987624019384384 -0.17211946845054626 0.04003530740737915 -0.06741929054260254 0.010747727937996387 0.014444702304899693 -0.028187531977891922 -0.06578191369771957 -0.08539770543575287 -0.10199137777090073 -0.11070087552070618
0.13751594722270966 0.04095575958490372 -0.1878461390733719 0.09862043708562851 0.0567985437810421 -0.05671898275613785 0.10578346252441406 0.04708855226635933 -0.06584133207798004 0.08399984240531921 0.04888463020324707 -0.04332224279642105 -0.13050222396850586 0.07562125474214554 0.010186195373535156 -0.038756731897592545 0.11406826972961426 0.026678510010242462 -0.07768652588129044 -0.07845687866210938 -0.0373772457242012 -0.03738363832235336 0.008721445687115192 -0.04862833023071289 -0.08188050240278244 -0.028215227648615837 0.023203445598483086 0.09059389680624008 0.08382702618837357 0.022325612604618073 -0.15278993546962738 -0.08914729207754135 0.08657471835613251 0.10631924122571945 0.03860819339752197 -0.01835092529654503 0.23646759986877441 -0.026842139661312103 0.030143380165100098 -0.18117137253284454 -0.05938051640987396 -0.21567735075950623 -0.18331404030323029 0.062224823981523514 -0.12382639944553375 -0.1695919781923294 -0.024805663153529167 -0.05379034951329231 -0.15689215064048767 -0.06589584052562714 -0.048760369420051575 -0.09867672622203827 0.027540111914277077 -0.02385476790368557 -0.013662072829902172 0.03539359197020531 0.2665945589542389 -0.1628672331571579 -0.06277509778738022 0.1402784287929535 -0.03097231313586235 -0.020641760900616646 0.04143407568335533 -0.11945337802171707 0.17106741666793823 0.07139503955841064 0.06531614810228348 -0.09891574829816818 0.08046016097068787 0.11415096372365952 -0.03759162127971649 0.14518122375011444 -0.0567445233464241 0.025691533461213112 0.11116436123847961 -0.0487949475646019 0.026420708745718002 -0.20965038239955902 -0.0897204577922821 0.1773482859134674 0.0055142962373793125 -0.07742711901664734 -0.11261561512947083 -0.09508760273456573 -0.006177745759487152 0.0678371861577034 0.03845878690481186 0.12227623164653778 0.04001857340335846 -0.02178936079144478 0.029209831729531288 0.00682425033301115 0.11787711083889008 0.06139408424496651 -0.013320737518370152 0.09333724528551102 0.21506285667419434 0.15953293442726135 -0.10239364206790924 0.07786712050437927
0.18101659417152405 -0.07561951130628586 0.08892132341861725 0.0020192768424749374 -0.02471112459897995 -0.004529700148850679 0.02958916500210762 0.11296358704566956 0.19315773248672485 -0.12933778762817383 -0.03952478617429733 0.14587654173374176 0.06496773660182953 0.08683428168296814 0.08514546602964401 0.007700845133513212 -0.21508997678756714 0.0865766778588295 0.10234218835830688 0.0073534403927624226 0.011338278651237488 0.17500977218151093 0.1085442304611206 -0.03392984718084335 -0.058670174330472946 0.009767918847501278 0.04905128479003906 -0.042405642569065094 0.11507271230220795 0.025197500362992287 0.03679284825921059 -0.16798268258571625 0.0016280791023746133 -0.06261222064495087 0.06376532465219498 0.006008397322148085 0.01881283149123192 0.1980157345533371 -0.045953042805194855 -0.08702173829078674 0.13290835916996002 -0.16675077378749847 0.11598802357912064 -0.14676403999328613 0.01616285741329193 -0.057723257690668106 0.10455639660358429 0.039958976209163666 -0.22578242421150208 0.018333464860916138 0.1894155889749527 -0.053464021533727646 0.038845084607601166 0.1409536898136139 0.04230349138379097 -0.1888512670993805 0.1228492259979248 0.10817566514015198 0.042744457721710205 0.004551335237920284 -0.16116705536842346 -0.041571080684661865 0.007717049680650234 0.0007415842264890671 0.09352999925613403 0.03965189680457115 -0.02399924024939537 -0.05004920810461044 -0.04674724489450455 -0.07360707223415375 -0.03049018234014511 0.1837298721075058 0.08668193966150284 -0.031483422964811325 -0.029218852519989014 -0.016638025641441345 0.0428750216960907 -0.12131104618310928 -0.037229400128126144 0.04895210638642311 -0.07388557493686676 0.027738818898797035 0.14931271970272064 0.23794026672840118 0.0038728879299014807 -0.021305734291672707 0.06245697662234306 -0.04252202436327934 0.012893903069198132 0.05098874494433403 0.13212467730045319 0.025439826771616936 0.04934857413172722 -0.1632886528968811 -0.017723198980093002 0.1241719052195549 -0.214374840259552 0.034221045672893524 0.15706221759319305 0.10293399542570114
0.18156173825263977 0.24213933944702148 -0.17378847301006317 0.04881388321518898 0.005496804602444172 -0.0031121408101171255 0.12469430267810822 -0.05437809228897095 0.14750075340270996 -0.17163081467151642 0.06217466667294502 -0.1899372637271881 -0.06863866001367569 -0.13035260140895844 -0.10192564874887466 -0.1013510674238205 0.049333468079566956 0.07156139612197876 -0.07541189342737198 0.0004897425533272326 -0.012800606898963451 0.023324644193053246 0.12455595284700394 0.10842869430780411 -0.17948633432388306 0.04568096622824669 -0.13654053211212158 -0.15959970653057098 0.05070214346051216 0.08024419099092484 -0.03658106550574303 0.045700229704380035 -0.08923118561506271 -0.17751848697662354 -0.008812078274786472 0.049078505486249924 -0.143931582570076 0.0019636040087789297 0.04105140641331673 -0.14879335463047028 -0.023244818672537804 0.1152220293879509 -0.06621816009283066 0.11256762593984604 0.1389387547969818 -0.09836036711931229 -0.005078352056443691 -0.06105776131153107 0.10903754830360413 0.10535372048616409 -0.06266933679580688 -0.25207579135894775 0.02487988770008087 0.022803431376814842 0.011962774209678173 -0.0742080882191658 -0.1084042564034462 0.09969545900821686 -0.09455761313438416 -0.09474817663431168 -0.0888180062174797 -0.038363777101039886 -0.02130916342139244 0.029585061594843864 0.10125230252742767 -0.0845298022031784 -0.052175942808389664 -0.028219513595104218 -0.04058536887168884 -0.04100053757429123 -0.15861502289772034 -0.06792468577623367 0.028920605778694153 -0.09299985319375992 -0.08255330473184586 0.0911184772849083 -0.013644922524690628 0.04437694326043129 -0.05354248732328415 0.012573562562465668 0.07780320197343826 0.14179223775863647 -0.08513633161783218 0.015290279872715473 0.14023366570472717 0.04455353319644928 0.024782920256257057 -0.129256933927536 -0.1767231822013855 -0.0738268569111824 0.03471268340945244 -0.10833443701267242 0.08828896284103394 0.05403560772538185 -0.04955071583390236 -0.10172656923532486 -0.009452912025153637 0.17403794825077057 0.00614318298175931 0.18453001976013184
-0.0006277598440647125 0.2196984887123108 -0.0724596381187439 0.21630477905273438 -0.0241576936095953 0.10500071197748184 -0.10258445143699646 0.053171612322330475 0.20676684379577637 0.1755724549293518 -0.14442084729671478 0.21136389672756195 -0.09059920161962509 -0.1165299117565155 0.11359050124883652 -0.042825985699892044 0.1156473457813263 0.11941668391227722 0.198485866189003 -0.09581130743026733 0.09053954482078552 -0.10013379156589508 0.04128780961036682 0.002823535818606615 -0.053359486162662506 -0.0670929029583931 -0.15104350447654724 -0.04025815799832344 0.04955146834254265 -0.1541774570941925 -0.07852112501859665 0.0051553393714129925 -0.009193655103445053 -0.008259663358330727 0.04402691125869751 0.04316353425383568 -0.10943730175495148 0.046148695051670074 -0.04348597675561905 -0.0727611556649208 -0.01321804616600275 0.039933450520038605 0.17225705087184906 -0.04687788709998131 -0.06843893229961395 0.027694517746567726 -0.17851565778255463 0.12366489320993423 -0.06442809104919434 0.21079830825328827 -0.0028728684410452843 -0.07664129883050919 0.1464948207139969 0.03684890642762184 -0.07849205285310745 0.06869251281023026 0.18085548281669617 -0.04600723460316658 -0.09723671525716782 0.04983684420585632 0.006855220068246126 0.11939778178930283 -0.0600106306374073 0.006432513240724802 -0.1581127643585205 -0.05030379444360733 0.0007944509852677584 0.1008823812007904 0.16825425624847412 0.026182055473327637 0.08190672844648361 0.0810169205069542 0.035439081490039825 0.05093958228826523 -0.11118342727422714 -0.10583707690238953 -0.047901835292577744 -0.09730415046215057 0.09655705839395523 -0.06952488422393799 0.08524174243211746 -0.12676110863685608 0.042756326496601105 -0.12065639346837997 -0.048029184341430664 -0.011446715332567692 -0.030521085485816002 0.04472311958670616 -0.0757717713713646 -0.051652636379003525 0.013547620736062527 -0.03477632999420166 0.07832886278629303 0.09369832277297974 -0.04196604713797569 -0.15055711567401886 -0.13330936431884766 -0.16710029542446136 -0.032983019948005676 0.007066164165735245
-0.12855932116508484 0.12476588785648346 0.012766223400831223 0.11867012828588486 -0.031194239854812622 -0.08522224426269531 0.10772932320833206 -0.14707936346530914 0.21130245923995972 -0.05490714684128761 0.18428410589694977 0.06913835555315018 0.14811132848262787 -0.02939446270465851 0.1379224807024002 0.033372897654771805 0.039399221539497375 -0.1623069941997528 -0.014099360443651676 -0.0579763688147068 0.2026812881231308 -0.01913490891456604 0.022089136764407158 -0.08282569795846939 0.10736674815416336 -0.09090131521224976 0.13062378764152527 -0.1440516859292984 -0.04527683183550835 -0.06827890872955322 -0.005788440350443125 0.04923376441001892 0.009229437448084354 0.04652247577905655 -0.011080940254032612 0.1328837275505066 0.20835642516613007 0.10075744986534119 -0.08893662691116333 0.00879379827529192 0.0739622563123703 0.21282638609409332 -0.050744641572237015 0.07200489938259125 -0.17131644487380981 -0.051511432975530624 -0.013141549192368984 0.004369261674582958 -0.11591202020645142 -0.11428523808717728 -0.10341854393482208 -0.031944964081048965 0.13539156317710876 0.021305061876773834 0.018660131841897964 -0.09465794265270233 0.03043787181377411 0.2594710886478424 0.07994017004966736 -0.1147315576672554 -0.0959908664226532 -0.07408222556114197 0.1437888890504837 0.023779703304171562 0.03734206780791283 0.08162221312522888 -0.11314726620912552 0.15196387469768524 -0.09860607981681824 -0.01724150963127613 -0.0051378170028328896 -0.02523117884993553 -0.10720149427652359 0.15646274387836456 -0.03622927516698837 0.05947110429406166 -0.10928350687026978 -0.09741777926683426 0.08198873698711395 0.005817918572574854 -0.03302432596683502 -0.003622215474024415 -0.07818876206874847 0.13136346638202667 0.15271314978599548 0.0871715098619461 0.050981853157281876 0.1508803814649582 0.004483326338231564 -0.033719561994075775 -0.0045073251239955425 0.004147512838244438 -0.09275532513856888 0.03705922141671181 -0.1053539291024208 -0.055693697184324265 0.1227201521396637 -0.017501769587397575 -0.11631738394498825 -0.12162264436483383
0.068239226937294 0.0801369696855545 0.014701089821755886 0.03406137600541115 0.18698930740356445 0.05515178665518761 0.00404821801930666 -0.09555153548717499 0.052566736936569214 0.03459905460476875 -0.12505723536014557 0.02690298669040203 -0.07265576720237732 -0.23655104637145996 -0.12539006769657135 0.07640227675437927 0.0106849679723382 -0.11195787042379379 -0.012305229902267456 -0.06207277998328209 0.05587843805551529 -0.011332724243402481 0.1538444459438324 -0.05510509014129639 0.13936032354831696 0.15183186531066895 0.11015861481428146 0.015018340200185776 0.20148469507694244 -0.10687044262886047 0.025899838656187057 -0.007692559622228146 -0.1141849085688591 -0.06773996353149414 0.03452320024371147 -0.0988917425274849 -0.03547079861164093 -0.09517006576061249 0.010106254369020462 -0.00392526388168335 0.10727381706237793 0.0827673152089119 -0.008881780318915844 0.03092244639992714 -0.10602336376905441 -0.12201998382806778 -0.05350722000002861 -0.003528354922309518 -0.053083207458257675 -0.0070950244553387165 0.02465316653251648 0.0008165800245478749 0.14300435781478882 0.05679350346326828 0.01585891842842102 0.015795854851603508 -0.09447838366031647 0.0397360697388649 0.0684407502412796 0.0558798611164093 0.09687899053096771 0.10246440768241882 -0.03719233721494675 0.10947827994823456 -0.07614118605852127 0.02093900926411152 0.09203613549470901 -0.0815463662147522 -0.0031471436377614737 -0.15445399284362793 0.016922811046242714 0.13340796530246735 -0.13019269704818726 -0.10556133836507797 0.08202215284109116 -0.012016131542623043 0.06276784092187881 0.17055246233940125 -0.15410390496253967 0.05889556556940079 -0.07778776437044144 -0.05362690985202789 0.011647682636976242 -0.10712028294801712 0.1212068721652031 -0.12324818968772888 0.261750191450119 0.12524332106113434 0.1982099860906601 0.2256062775850296 0.026942994445562363 0.052074287086725235 -0.23300455510616302 0.1599167436361313 0.14477013051509857 0.048815324902534485 -0.03573722019791603 0.10864714533090591 0.04405606538057327 0.10700109601020813
-0.348028302192688 0.10192492604255676 0.20228034257888794 0.0657983347773552 0.08619949966669083 -0.029474763199687004 0.13301610946655273 -0.07328815013170242 -0.0865914449095726 -0.04159930348396301 0.07441575825214386 0.09344251453876495 -0.16573075950145721 0.07978639751672745 0.14302566647529602 -0.06131776422262192 0.09450354427099228 0.07620029151439667 -0.16337528824806213 0.10949302464723587 0.07734816521406174 -0.02956710383296013 -0.010629597119987011 -0.01795715093612671 -0.02498660981655121 0.01628558151423931 0.05040271580219269 -0.08031532168388367 -0.04206468164920807 -0.03337087482213974 0.14761409163475037 -0.00894710049033165 0.052233997732400894 -0.053551144897937775 0.007402163930237293 -0.12775075435638428 0.07052870094776154 0.04873226210474968 -0.0005975698586553335 -0.12630580365657806 -0.005416757892817259 -0.03384508565068245 -0.12323448807001114 -0.16400350630283356 0.10495082288980484 0.01928538642823696 0.12180265784263611 0.1237092837691307 -0.07893402129411697 0.013421515002846718 0.036024611443281174 0.05389058217406273 0.09931641072034836 -0.08111914992332458 0.2901541292667389 0.0788925290107727 0.05900571495294571 0.05722062662243843 0.0325220562517643 -0.008519990369677544 0.1213456317782402 0.04929858073592186 -0.13473966717720032 0.060463279485702515 -0.016153519973158836 0.04417439177632332 0.008722114376723766 -0.01574513502418995 -0.00525388540700078 0.005340214818716049 -0.014478788711130619 0.04733811691403389 -0.003367562545463443 0.024478107690811157 0.07219098508358002 -0.09542050212621689 0.0915888175368309 -0.0013021890772506595 -0.1995050013065338 0.06053230166435242 0.06715107709169388 -0.06045486032962799 -0.12981128692626953 0.03325268626213074 0.05848977342247963 -0.022931097075343132 -0.11211948841810226 -0.150114044547081 -0.14235413074493408 -0.008053131401538849 0.012603668496012688 0.04791227728128433 0.0406046062707901 0.021764470264315605 0.16762155294418335 -0.23015010356903076 -0.2195039689540863 0.11732607334852219 -0.10002545267343521 0.07537779957056046
0.13076959550380707 -0.06889559328556061 0.0026370391715317965 0.04651820287108421 -0.14138536155223846 -0.015351536683738232 0.04257788136601448 -0.06314931064844131 -0.18546557426452637 -0.016899624839425087 -0.11067179590463638 0.049549493938684464 0.06330606341362 -0.15040601789951324 -0.00643633957952261 0.03630795702338219 0.11058612167835236 -0.03325852379202843 -0.04234796017408371 -0.06416667997837067 -0.08432544767856598 0.028439192101359367 -0.20935727655887604 0.10526640713214874 -0.07453013211488724 -0.0180977713316679 -0.03640364855527878 -0.000864272122271359 0.2518041431903839 -0.24386730790138245 0.07575363665819168 -0.12043415009975433 -0.14452248811721802 0.08523139357566833 -0.09891197830438614 -0.049131739884614944 0.02225641719996929 0.19429562985897064 0.19117876887321472 0.026354901492595673 0.15511523187160492 0.04928763583302498 -0.08204866945743561 -0.04831001162528992 -0.045442063361406326 -0.09599526226520538 -0.009702104143798351 0.02817285992205143 -0.10510789602994919 0.05430893227458 -0.08174732327461243 0.000719489180482924 -0.19462522864341736 -0.07039278000593185 0.0430230088531971 -0.07597816735506058 -0.041125331073999405 0.08709901571273804 -0.10542530566453934 -0.0420931801199913 0.23205655813217163 0.029699383303523064 -0.0453840047121048 0.18673060834407806 0.04907609522342682 -0.09413352608680725 -0.01898038014769554 -0.01832285337150097 -0.017788205295801163 0.09447070211172104 -0.12003449350595474 -0.11307507753372192 0.16019198298454285 0.01869013160467148 0.03834438696503639 -0.01033365074545145 -0.011620841920375824 -0.18003414571285248 -0.045974522829055786 -0.008771955966949463 -0.11204073578119278 -0.05101889744400978 0.08694248646497726 0.06712502241134644 0.06678037345409393 0.048811789602041245 0.17702887952327728 -0.016074612736701965 -0.150511234998703 -0.07705981284379959 -0.027800973504781723 0.09512077271938324 0.06439625471830368 0.05989323928952217 0.08782444894313812 -0.05294232815504074 0.040561188012361526 -0.06987326592206955 0.037727028131484985 -0.22505347430706024
0.23870964348316193 -0.03254520148038864 0.05045907199382782 -0.11813166737556458 0.07987750321626663 0.12119300663471222 0.012840824201703072 -0.15587888658046722 0.04530910402536392 0.055894434452056885 -0.04759673401713371 -0.07571948319673538 -0.04663873463869095 -0.008457633666694164 0.005701841786503792 -0.0018786308355629444 -0.0870901495218277 0.016337895765900612 0.07743337005376816 -0.020549798384308815 -0.13578109443187714 0.09852021932601929 0.036461081355810165 -0.08630942553281784 -0.04353399947285652 0.046801045536994934 -0.1879550665616989 -0.04499417543411255 -0.033812254667282104 0.06933295726776123 -0.05448707938194275 0.06676620244979858 0.12572906911373138 0.03638407960534096 0.01822654716670513 -0.07022153586149216 0.052523840218782425 0.07724862545728683 0.007102996110916138 -0.09239476919174194 0.19551563262939453 0.16249129176139832 -0.10724412649869919 0.07685218006372452 0.13855023682117462 -0.14844949543476105 -0.046146102249622345 0.11390088498592377 -0.08290513604879379 -0.16052596271038055 -0.22674866020679474 -0.0007998440996743739 0.03210311755537987 -0.03628089651465416 0.06438810378313065 -0.0071294731460511684 -0.022641144692897797 -0.017900755628943443 -0.17282536625862122 -0.10472952574491501 0.061443354934453964 -0.036100633442401886 0.03596220165491104 -0.10840292274951935 -0.1736665964126587 0.013790530152618885 0.04151301458477974 0.014003290794789791 -0.09733378887176514 0.1255795806646347 -0.00700910622254014 0.020694103091955185 -0.034785572439432144 0.18228134512901306 0.06117543205618858 -0.0815742164850235 -0.009183821268379688 -0.07741773128509521 0.03616149351000786 0.019293058663606644 0.013422283343970776 0.22379425168037415 -0.14786522090435028 -0.006643155124038458 -0.1937747746706009 -0.17413102090358734 -0.12532959878444672 0.13836950063705444 0.05600108951330185 0.07089440524578094 -0.04376300796866417 0.050186123698949814 -0.08692112565040588 -0.10010436177253723 0.10457506030797958 0.004890857730060816 -0.2707065939903259 -0.08084876835346222 -0.13226792216300964 -0.07786114513874054
-0.15892158448696136 0.09922956675291061 0.17320837080478668 -0.16754908859729767 0.09434983879327774 -0.060789499431848526 -0.06577468663454056 0.12546363472938538 -0.10000844299793243 -0.004089974332600832 0.03198600932955742 -0.034426651895046234 0.11199615150690079 -0.19565582275390625 0.16495327651500702 -0.0020068390294909477 0.11827108263969421 0.03351524472236633 0.04422583803534508 -0.1656949371099472 0.002715746872127056 -0.050254300236701965 -0.0007631696644239128 0.07131528109312057 -0.01370082888752222 0.015055164694786072 0.14619092643260956 -0.027240872383117676 -0.10163083672523499 -0.08430228382349014 -0.07599008828401566 0.11116714775562286 0.04389312118291855 -0.07525351643562317 0.05667760968208313 -0.014669862575829029 -0.04699964076280594 -0.07087133824825287 0.0878959372639656 -0.13416902720928192 0.1798427253961563 -0.08694467693567276 -0.023678019642829895 0.015111370012164116 -0.03975828364491463 -0.00029842089861631393 -0.06294992566108704 0.2686953544616699 0.08415806293487549 -0.0036295168101787567 0.04946862533688545 -0.12599392235279083 -0.3231433629989624 0.07374459505081177 0.040225282311439514 0.002193260472267866 -0.098800890147686 -0.022470343858003616 -0.0994580015540123 0.01149163767695427 -0.060726236552000046 -0.22349603474140167 0.030288349837064743 -0.04253693297505379 -0.04051653668284416 0.05800405889749527 0.1270788013935089 -0.0157192200422287 0.26045310497283936 0.0751652643084526 0.07385542243719101 0.06350605934858322 -0.001147185917943716 0.046628788113594055 0.01084886584430933 0.04559483006596565 0.049728862941265106 -0.05375143885612488 0.171921044588089 -0.044505614787340164 -0.07357331365346909 0.15575791895389557 0.016686726361513138 0.12775243818759918 0.11913392692804337 0.03819793462753296 0.10730843245983124 0.08250866830348969 -0.04163071885704994 0.10452205687761307 0.04918338358402252 -0.035977695137262344 0.030092550441622734 -0.04559549689292908 0.06603198498487473 0.051147304475307465 0.040406305342912674 0.004677840508520603 -0.0828535333275795 0.19221347570419312
0.06429148465394974 0.051078926771879196 0.028620926663279533 -0.055443018674850464 -0.029316354542970657 0.0030834691133350134 0.17688019573688507 0.07899418473243713 0.05814540013670921 -0.08338431268930435 0.008186974562704563 0.11417446285486221 0.12947481870651245 0.22310927510261536 -0.1587892770767212 -0.06300615519285202 -0.1827208250761032 0.20221969485282898 -0.1004171073436737 -0.07231923937797546 -0.019829289987683296 -0.14890021085739136 -0.11857060343027115 -0.0029347070958465338 0.07761669158935547 -0.0013292322400957346 8.273557614302263e-05 -0.17593728005886078 0.11649806052446365 0.04343149811029434 -0.07182607054710388 -0.09468891471624374 -0.11548417061567307 0.2051783949136734 -0.1522454023361206 -0.08720533549785614 0.019519058987498283 -0.047810427844524384 -0.059171583503484726 0.035353440791368484 0.034988466650247574 0.022161858156323433 -0.03817414119839668 -0.013946346007287502 -0.03322942927479744 0.020431766286492348 -0.04276641085743904 0.1396707147359848 0.07525104284286499 -0.07247766107320786 -0.08721000701189041 -0.08966641128063202 -0.0646270364522934 0.03374839201569557 -0.09326525032520294 0.39554736018180847 -0.09033367037773132 0.052091822028160095 -0.05416632443666458 0.008967997506260872 -0.07302364706993103 -0.008714530616998672 -0.05436714366078377 0.00253896601498127 -0.27458131313323975 0.071998231112957 0.028625158593058586 -0.057073984295129776 0.01919076219201088 -0.10085656493902206 0.06369711458683014 0.17005965113639832 0.043173450976610184 -0.10424595326185226 -0.0903887003660202 0.13167689740657806 0.0687408372759819 -0.08938707411289215 -0.04240794852375984 -0.02423379383981228 0.08579140156507492 -0.08795405179262161 -0.1352871060371399 0.00246621947735548 0.04292924329638481 0.044706035405397415 0.12070708721876144 -0.07624010741710663 -0.05120638385415077 0.011079289950430393 0.09383825212717056 0.018887192010879517 -0.07528826594352722 -0.09765711426734924 -0.08604054898023605 0.007324543781578541 0.00018660290515981615 0.0632101520895958 -0.08118388056755066 -0.1247619017958641
-0.07623794674873352 0.014744018204510212 -0.025058593600988388 -0.024015430361032486 -0.12925367057323456 0.024132246151566505 -0.030957046896219254 0.05217665806412697 -0.00283181294798851 0.05353878438472748 0.08175284415483475 -0.016277924180030823 0.13870541751384735 -0.11613373458385468 0.06309352815151215 -0.052175842225551605 -0.08829537034034729 -0.11969351768493652 -0.06474264711141586 0.1306643933057785 -0.03402486816048622 -0.24619540572166443 -0.02041364647448063 -0.11249930411577225 0.001844690297730267 0.022400356829166412 -0.09057042002677917 -0.07367759197950363 -0.12242776155471802 0.003915852401405573 0.005937786307185888 0.14875538647174835 -0.15429309010505676 -0.004112700000405312 -0.11317091435194016 0.01012041512876749 0.049971457570791245 -0.09051740914583206 -0.012350847013294697 -0.11331190913915634 0.06592092663049698 0.11630746722221375 -0.04112928733229637 0.2132774442434311 0.07239142060279846 -0.184470996260643 0.12150775641202927 0.018007198348641396 -0.08943895250558853 -0.0853729173541069 0.16170251369476318 0.04700321704149246 -0.09817687422037125 0.048783302307128906 0.027117351070046425 0.12692832946777344 0.019928527995944023 -0.18741755187511444 0.0020486433058977127 -0.07911574095487595 0.07506073266267776 0.17515282332897186 0.029960840940475464 0.041127078235149384 0.02860449254512787 -0.07789778709411621 0.02246851846575737 0.12539568543434143 -0.07563161104917526 -0.057142533361911774 -0.07105163484811783 0.14579789340496063 0.06970902532339096 -0.1530999094247818 -0.16922272741794586 -0.11759239435195923 0.023850740864872932 -0.1130731850862503 0.05958905071020126 0.29557982087135315 0.07456164807081223 -0.05183332785964012 0.20114459097385406 0.08430169522762299 0.014711277559399605 0.004239389207214117 -0.08987799286842346 0.03002096712589264 -0.020629676058888435 -0.14572946727275848 -0.02016260474920273 0.0979902371764183 -0.04768943786621094 0.11937873065471649 0.01948096603155136 0.19532658159732819 -0.08747877925634384 -0.08012594282627106 0.05158895626664162 0.13437142968177795
0.015999097377061844 0.006450583226978779 0.03480109944939613 0.02559121511876583 -0.056322406977415085 0.055271632969379425 0.010866912081837654 0.008745789527893066 -0.08531996607780457 0.034092750400304794 0.2086847424507141 0.009461585432291031 -0.06099337711930275 -0.178704634308815 -0.08588237315416336 -0.09255567938089371 -0.07761611044406891 -0.027525557205080986 0.10790254920721054 0.10011812299489975 -0.14338596165180206 -0.09865672886371613 -0.15638944506645203 0.21133460104465485 -0.048604510724544525 0.012789163738489151 -0.02012636885046959 -0.03041353076696396 0.018094463273882866 -0.0492805615067482 -0.07731032371520996 0.09773027151823044 -0.12878674268722534 0.046850331127643585 -0.08382105082273483 -0.033461250364780426 0.08149625360965729 -0.1962655633687973 -0.20278121531009674 -0.04650557413697243 -0.1275358498096466 0.05441119894385338 -0.12601140141487122 -0.14835503697395325 0.021486667916178703 0.12116725742816925 0.22362178564071655 -0.1408679187297821 -0.08436156809329987 0.12791621685028076 -0.010361808352172375 -0.1492854654788971 -0.026524368673563004 0.006760937627404928 0.035353999584913254 -0.2824293375015259 0.20175617933273315 0.060913797467947006 0.04633406549692154 0.05844494327902794 0.03475930914282799 -0.09996277093887329 0.023297717794775963 -0.07678523659706116 -0.18310053646564484 -0.022922448813915253 0.12425786256790161 -0.11491978913545609 0.045516543090343475 -0.08866522461175919 0.06906045228242874 0.056387968361377716 -0.09182420372962952 -0.011825711466372013 0.07308565080165863 0.13547617197036743 -0.1076350137591362 -0.03259243816137314 0.09366656094789505 -0.026949116960167885 -0.023142961785197258 -0.03240170329809189 0.07310409098863602 0.06319466233253479 -0.06068934500217438 -0.10758140683174133 -0.07069537043571472 0.07734449952840805 -0.08548543602228165 0.05007406696677208 0.1883912980556488 -0.08130472153425217 -0.16021238267421722 0.05861186608672142 0.0344330295920372 -0.0012442461447790265 -0.07606426626443863 0.05454019829630852 -0.03257754072546959 -0.14427606761455536
-0.08033125847578049 -0.09958793967962265 -0.0508485771715641 -0.06593496352434158 -0.06191663816571236 0.04449959471821785 0.06931495666503906 -0.08282098919153214 -0.00975622609257698 -0.04843132197856903 -0.1088876947760582 -0.13031871616840363 -0.1313025802373886 -0.08526356518268585 0.0025647087022662163 -0.1839391142129898 -0.06894291937351227 0.0768786296248436 0.05218201503157616 -0.026835162192583084 -0.1215754821896553 0.15118341147899628 0.10159534960985184 -0.24570722877979279 0.03661872819066048 -0.02334137074649334 -0.09363224357366562 0.05908907577395439 -0.12940441071987152 -0.03865816444158554 -0.04700430855154991 0.04282543063163757 -0.11356542259454727 0.07944019138813019 0.1683652698993683 -0.11989353597164154 0.05694901943206787 -0.03367778658866882 -0.09230832010507584 0.21412542462348938 0.01649884320795536 -0.04628240689635277 0.10543946176767349 -0.17231881618499756 -0.1106179878115654 -0.048103269189596176 0.02903454750776291 0.08431550860404968 -0.16970759630203247 -0.018514586612582207 0.04413057491183281 0.02452399767935276 -0.12058977782726288 -0.08561388403177261 -0.029532579705119133 -0.12582676112651825 0.05369795113801956 -0.03350033611059189 -0.06556281447410583 -0.10776985436677933 0.08390460908412933 -0.010428297333419323 -0.10695695877075195 -0.0195851419121027 0.0844983458518982 -0.0327247753739357 -0.08858613669872284 0.1567852795124054 0.1268034279346466 -0.0652381107211113 0.053477343171834946 -0.06752318143844604 -0.07309891283512115 -0.027292907238006592 -0.24843908846378326 -0.015446380712091923 0.19682852923870087 0.004810239188373089 0.00995801854878664 0.06582596153020859 0.06242195889353752 0.08794763684272766 -0.12921495735645294 -0.06488538533449173 0.046126171946525574 -0.04515799134969711 0.11771685630083084 -0.05111878365278244 -0.18837234377861023 -0.03998459503054619 0.16743610799312592 0.07201783359050751 -0.2228732854127884 0.015329701825976372 -0.15537019073963165 -0.05733122676610947 0.15466398000717163 0.06825689226388931 -0.07740294188261032 0.011557679623365402
-0.07597889006137848 0.18015825748443604 0.15465420484542847 -0.015682900324463844 -0.10970836877822876 0.11857295781373978 -0.0527525395154953 0.06480452418327332 -0.024752061814069748 -0.010365274734795094 -0.08331972360610962 0.002635304117575288 0.01740523986518383 -0.024254824966192245 0.07263384759426117 0.14205816388130188 0.045871295034885406 0.12562696635723114 0.1520376205444336 0.15100564062595367 0.011625397950410843 0.19971425831317902 -0.03458693251013756 -0.09937980026006699 -0.026405094191432 0.061036448925733566 -0.08397211134433746 0.16961665451526642 0.058374613523483276 0.192765474319458 0.1496071070432663 -0.1388944834470749 0.08117126673460007 0.028798576444387436 0.029334716498851776 -0.031424395740032196 0.16383856534957886 -0.10296338051557541 0.01025313138961792 -0.14523489773273468 0.009377550333738327 0.14821757376194 -0.0692901685833931 0.07794175297021866 -0.001318803639151156 -0.24647380411624908 0.08215334266424179 0.013098887167870998 -0.03216911479830742 0.07618167996406555 0.07950752228498459 -0.026701664552092552 -0.06431464105844498 -0.08320990949869156 -0.08139633387327194 -0.03385898098349571 -0.060411371290683746 -0.060209598392248154 0.19514629244804382 -0.01777312532067299 -0.23472630977630615 0.025518979877233505 -0.04557555541396141 0.02112864889204502 -0.1988583505153656 -0.13124045729637146 -0.04385257512331009 -0.09441857039928436 0.09674402326345444 -0.1529325395822525 0.01720750518143177 -0.028905989602208138 0.02928580529987812 -0.04774956777691841 -0.016164574772119522 0.057613663375377655 0.07696369290351868 -0.023464655503630638 0.04583009332418442 -0.013033106923103333 -0.10124358534812927 0.0010562615934759378 -0.16328220069408417 0.05922190845012665 -0.004228215664625168 0.031060777604579926 -0.05927835777401924 0.012103629298508167 -0.08811367303133011 0.12081938236951828 -0.1987108439207077 0.031205223873257637 0.08865683525800705 0.20219486951828003 -0.06899287551641464 -0.005944307427853346 0.1428990364074707 0.022298626601696014 0.05204736068844795 -0.161154642701149
0.10954727232456207 -0.08969500660896301 -0.08191985636949539 -0.09793455898761749 -0.16444164514541626 0.19024226069450378 0.02597953751683235 0.19591575860977173 0.11032355576753616 -0.08860056102275848 -0.13463449478149414 0.06680814921855927 -0.188849076628685 0.03747594729065895 0.04832194745540619 -0.08545560389757156 0.005202132742851973 0.030868886038661003 -0.028350621461868286 0.041786305606365204 0.31172141432762146 0.0760241374373436 -0.09493937343358994 -0.04934193938970566 0.030487757176160812 -0.08964528143405914 0.0687449648976326 0.06251325458288193 0.11154738813638687 -0.07739783078432083 0.10182630270719528 0.09172049909830093 -0.014548653736710548 -0.06367585808038712 0.04396636784076691 0.10915607959032059 0.06626427173614502 -0.11411211639642715 0.01839599385857582 0.12690259516239166 -0.025913121178746223 0.013705541379749775 -0.022840866819024086 0.007439170964062214 -0.020238356664776802 -0.06957705318927765 0.12346814572811127 0.17301414906978607 0.13924585282802582 -0.12305719405412674 0.007213782053440809 0.02416890859603882 0.11736052483320236 0.07147558778524399 0.09971626102924347 0.009048854000866413 -0.006398758850991726 0.0719347670674324 -0.04855882748961449 0.13747456669807434 0.16557501256465912 -0.04692487046122551 0.025095738470554352 -0.07122769951820374 -0.09509814530611038 -0.05037476867437363 0.12966959178447723 -0.05966685339808464 -0.002240131376311183 0.03599158674478531 -0.2732652723789215 -0.12176748365163803 -0.027596399188041687 -0.05136649310588837 0.08044201135635376 0.1637275665998459 0.13129408657550812 -0.021454105153679848 0.02553369849920273 0.036320313811302185 0.0030443642754107714 0.05921516567468643 0.04726279154419899 0.03761583939194679 0.12865152955055237 -0.07098621129989624 -0.1858738213777542 0.014974298886954784 0.016185209155082703 0.006407324690371752 0.1462981104850769 -0.06133624166250229 0.05401868373155594 0.09634081274271011 -0.04620351642370224 0.08480041474103928 0.06655891984701157 -0.1878894716501236 -0.1902724951505661 0.06352705508470535
-0.012792735360562801 0.05607206001877785 -0.06997150182723999 0.06218685954809189 0.0695294737815857 -0.032121337950229645 0.1388067603111267 0.1207188069820404 -0.05964285135269165 0.021922478452324867 0.018887048587203026 -0.16486352682113647 -0.03232754021883011 0.08842513710260391 -0.02623823471367359 0.04825535789132118 0.002674353076145053 -0.06754966825246811 -0.009265296161174774 -0.023219000548124313 0.0629013180732727 0.20051324367523193 -0.044980645179748535 -0.06410859525203705 0.009799611754715443 -0.08149080723524094 0.05536603555083275 -0.024375254288315773 -0.07996620237827301 0.03763600066304207 0.15705102682113647 0.0929408147931099 -0.1348230093717575 -0.09294593334197998 0.02089148759841919 0.03375127539038658 -0.050075218081474304 0.09859919548034668 -0.12530025839805603 0.12073326110839844 -0.21775971353054047 -0.016998590901494026 -0.02059675194323063 -0.014977939426898956 -0.05294274538755417 -0.05537158250808716 -0.24965527653694153 0.05583995580673218 0.12411140650510788 -0.04815799370408058 0.010497314855456352 -0.1949634701013565 -0.20112432539463043 0.026509257033467293 -0.011902911588549614 -0.040515221655368805 0.1370345652103424 0.029915837571024895 0.060289036482572556 -0.009267019107937813 0.06553196907043457 0.08365568518638611 -0.11121127754449844 -0.0058252546004951 0.061823949217796326 0.08624279499053955 -0.05478458106517792 0.05305664986371994 0.02724647708237171 -0.07729783654212952 -0.013212299905717373 0.2439512312412262 0.09329988062381744 -0.11001422256231308 -0.09360571205615997 0.1368141919374466 0.049352653324604034 -0.16329409182071686 -0.04922303184866905 -0.06577958911657333 -0.05753609910607338 0.18695218861103058 0.15164227783679962 0.020635021850466728 -0.1310502588748932 0.03728439658880234 -0.07179901748895645 0.08211556077003479 0.17724160850048065 0.021665174514055252 -0.15731430053710938 0.020552458241581917 -0.03008139692246914 0.15695816278457642 0.20570868253707886 -0.09945974498987198 -0.14534702897071838 0.033843692392110825 -0.10626783221960068 -0.18219749629497528
0.05974869802594185 -0.04889918491244316 0.17616426944732666 -0.038298770785331726 0.07003175467252731 0.17817114293575287 -0.18003535270690918 0.09132809937000275 0.07986941933631897 -0.013012251816689968 0.03916823863983154 -0.06033210828900337 0.24234630167484283 -0.012625950388610363 0.07048986107110977 -0.06724768877029419 -0.1074087992310524 -0.015524252317845821 -0.14476341009140015 -0.09099294990301132 0.06489085406064987 0.022049421444535255 -0.04267820343375206 0.18534870445728302 0.06987102329730988 0.08734835684299469 -0.16363032162189484 0.14878231287002563 0.019910376518964767 0.01954697072505951 0.011184795759618282 0.08729931712150574 0.08571689575910568 -0.013297758996486664 0.07866700738668442 0.08062435686588287 -0.06418683379888535 0.01186385191977024 0.10781830549240112 -0.08593383431434631 -0.14205852150917053 -0.04933599382638931 0.019588010385632515 -0.20062001049518585 0.16492143273353577 -0.12883339822292328 -0.10108189284801483 -0.04717950150370598 -0.11303269863128662 0.03503258153796196 0.15365876257419586 -0.09389706701040268 0.1337665468454361 -0.069154292345047 -0.10028479993343353 0.12273416668176651 -0.061923086643218994 0.028460603207349777 0.0320691354572773 0.03756707161664963 0.07809475064277649 -0.29296910762786865 -0.06886200606822968 -0.04984211549162865 0.03850376233458519 0.10483112186193466 -0.0028092064894735813 0.11692236363887787 -0.16043764352798462 0.07059996575117111 0.13613425195217133 -0.11681477725505829 -0.024925993755459785 -0.04952934756875038 -0.04009362682700157 -0.005293227266520262 0.01884308271110058 -0.10883811116218567 -0.06382852792739868 0.0802110880613327 -0.09636835753917694 -0.0425795279443264 -0.015567203052341938 -0.09039107710123062 0.07871902734041214 0.05618392676115036 0.025072213262319565 0.02504321001470089 0.045875292271375656 -0.1581098735332489 0.07896269112825394 0.048635222017765045 -0.0954117625951767 0.24805296957492828 0.01151353120803833 -0.03190545737743378 -0.027936041355133057 0.09809516370296478 -0.11964421719312668 -0.09979133307933807
-0.05018393322825432 0.08088526129722595 -0.03973541036248207 0.032147277146577835 -0.1907702088356018 0.17278237640857697 -0.10910240560770035 0.17744939029216766 0.020905304700136185 0.027311332523822784 0.17646166682243347 0.06896250694990158 -0.11698494106531143 -0.03941864147782326 -0.027816135436296463 0.0926317423582077 -0.06036708131432533 0.007145892828702927 0.037103071808815 0.0043892632238566875 0.08486279845237732 -0.05076390877366066 -0.012416264042258263 0.18674005568027496 -0.2807678282260895 0.17564256489276886 -0.05992702394723892 0.13537362217903137 -0.08807104080915451 -0.050597429275512695 -0.02382540889084339 0.10179644078016281 0.21363557875156403 0.00790709163993597 -0.015173830091953278 -0.14037059247493744 0.1074821799993515 0.09196604043245316 -0.12491846084594727 -0.05091299116611481 -0.09130360186100006 0.04106455296278 -0.08475813269615173 0.045226551592350006 -0.0936761349439621 -0.0024400432594120502 -0.02953415736556053 0.018085164949297905 0.10590146481990814 -0.23725572228431702 0.06371478736400604 0.12127985805273056 -0.13081099092960358 -0.006253260653465986 0.012149892747402191 0.0122865354642272 0.10395179688930511 0.15169310569763184 -0.11497112363576889 -0.0821453258395195 -0.09564479440450668 0.1010049432516098 0.025562912225723267 0.07494229078292847 0.11108896881341934 0.09801245480775833 -0.1133495643734932 0.06822098791599274 0.016622936353087425 0.004775227513164282 -0.04930509999394417 -0.10478004813194275 0.15676116943359375 0.0073929899372160435 -0.05247335880994797 0.06582598388195038 0.03618593141436577 0.038356099277734756 -0.06188102439045906 -0.04251372814178467 0.010712699964642525 -0.027789529412984848 -0.0999865010380745 -0.1802806258201599 0.0630512461066246 -0.07596784085035324 0.2679135799407959 -0.10178638249635696 0.11184278130531311 0.10921825468540192 0.09182117879390717 0.03723296895623207 -0.08201409876346588 -0.03767042234539986 0.022862372919917107 0.08505073934793472 -0.12340663373470306 -0.031991515308618546 0.046100787818431854 -0.03128368407487869
-0.02339480072259903 0.03289378434419632 0.013213963247835636 -0.09325753897428513 -0.029031049460172653 -0.25068962574005127 -0.2321637123823166 -0.026842011138796806 -0.03780288249254227 0.01649225503206253 -0.03283599764108658 0.0606844462454319 -0.07682472467422485 0.24369941651821136 0.022368330508470535 -0.11135385185480118 -0.13418012857437134 0.03303639963269234 -0.10728423297405243 -0.04501492530107498 -0.08182600140571594 0.03257456794381142 -0.04691817983984947 0.014461122453212738 -0.047135621309280396 -0.03961221128702164 -0.20519760251045227 0.045631151646375656 -0.056977592408657074 -0.1273873895406723 -0.05213845148682594 -0.055831145495176315 0.021009230986237526 -0.00658136373385787 -0.012198789045214653 0.0454554408788681 0.005725196562707424 0.029469825327396393 0.04053405299782753 -0.11788217723369598 -0.16350345313549042 0.19351519644260406 -0.06586521118879318 -0.06579785794019699 0.06003051623702049 0.04457390680909157 -0.10466068238019943 0.21662341058254242 -0.031734418123960495 0.11551062762737274 -0.11170530319213867 0.04638167843222618 -0.015731142833828926 0.14061197638511658 -0.11330560594797134 -0.1362292319536209 -0.17390398681163788 0.03667246922850609 0.016138453036546707 0.07370544224977493 0.002383854705840349 0.056090328842401505 0.1037137433886528 0.18115238845348358 0.21563392877578735 0.0010836496949195862 -0.11735616624355316 -0.06116298586130142 -0.020986543968319893 -0.14595840871334076 -0.07310238480567932 0.14301235973834991 0.042409155517816544 0.06848016381263733 0.04259620979428291 0.030315108597278595 0.13040651381015778 0.11027047038078308 0.12257488816976547 0.04078604653477669 0.08845391869544983 -0.1418847292661667 0.04304186627268791 0.002209476660937071 0.09044798463582993 -0.1619260013103485 -0.10368337482213974 0.2103070765733719 -0.03644580394029617 0.14446671307086945 0.06265269219875336 0.034035008400678635 -0.00035746803041547537 0.07012902945280075 0.03868432715535164 0.0635899156332016 0.05805930867791176 0.0904337465763092 -0.12357693165540695 -0.01440647803246975
0.05624886974692345 -0.1322856843471527 -0.01146029680967331 -0.09658743441104889 -0.164125457406044 -0.03787384182214737 0.04773738235235214 0.1493636667728424 -0.08419753611087799 -0.08003368228673935 0.0449770987033844 -0.13650280237197876 -0.030262673273682594 -0.026110079139471054 0.017565986141562462 -0.04984340816736221 -0.013376051560044289 0.0032257679849863052 0.14368128776550293 -0.1661425232887268 -0.2068530023097992 -0.08766888082027435 0.13103839755058289 0.14034828543663025 0.02809891104698181 0.08923798054456711 0.0664081797003746 -0.17922602593898773 -0.05007131025195122 -0.0810680091381073 0.043446388095617294 0.010222264565527439 -0.0066092233173549175 0.03479919955134392 0.07037422806024551 0.08111711591482162 -0.12082521617412567 0.07563212513923645 -0.14791157841682434 -0.18239474296569824 -0.07537023723125458 -0.11741741001605988 0.18145199120044708 0.040478091686964035 -0.199281707406044 -0.0076573495753109455 0.08605033159255981 0.11330176889896393 0.046947792172431946 0.09424688667058945 -0.006335506681352854 0.1104370728135109 0.12620030343532562 -0.12147022038698196 -0.12885913252830505 0.04778192937374115 0.052958108484745026 0.041274476796388626 0.12285540252923965 -0.12402520328760147 -0.017073804512619972 0.0860019400715828 0.06203179806470871 0.05569642037153244 -0.09826430678367615 -0.02740468457341194 0.12351006269454956 -0.047223810106515884 -0.12810268998146057 -0.007250920403748751 -0.09476765245199203 -0.07760006189346313 -0.0818634033203125 0.16939935088157654 -0.058948956429958344 -0.11660992354154587 0.18097494542598724 -0.07178717851638794 -0.015846427530050278 0.03858313709497452 0.06979796290397644 -0.009319804608821869 -0.15565268695354462 0.1475854068994522 0.10936620831489563 -0.05935311317443848 -0.03859231621026993 -0.08046270906925201 0.1562410593032837 -0.016451910138130188 -0.10945575684309006 -0.0664147436618805 0.060451608151197433 0.14512445032596588 0.22877809405326843 -0.012112262658774853 0.07262218743562698 0.044574469327926636 -0.041702959686517715 -0.09091442078351974
-0.20756575465202332 -0.07088308781385422 -0.004003596492111683 -0.14540258049964905 -0.10434786975383759 -0.05834610015153885 0.08161192387342453 -0.22619210183620453 0.031369928270578384 -0.057532988488674164 0.017263315618038177 -0.09631089121103287 -0.03410612419247627 0.015733635053038597 0.06999164819717407 -0.001820495817810297 0.07106699794530869 -0.004444812424480915 -0.00596810644492507 0.06776929646730423 0.21102316677570343 0.009927064180374146 -0.028395969420671463 -0.08074496686458588 -0.00028204472619108856 0.3090050220489502 -0.04449235275387764 -0.09399539977312088 0.10852943360805511 0.06716325134038925 -0.0025313333608210087 -0.06970153003931046 0.02829846367239952 -0.06682581454515457 -0.06909558176994324 -0.004973495379090309 -0.1259196251630783 -0.04545614495873451 -0.08342137187719345 -0.07121232897043228 0.024178624153137207 0.015994690358638763 -0.1273050159215927 -0.2749330401420593 -0.11249414831399918 -0.12776312232017517 -0.15307222306728363 0.055288687348365784 0.03842271491885185 0.1402992159128189 -0.05114307999610901 0.04000028595328331 -0.026531916111707687 -0.07011521607637405 -0.1568019688129425 0.08727741241455078 0.1020788624882698 -0.03745116665959358 -0.11335951834917068 0.09626762568950653 -0.12773330509662628 0.058076877146959305 0.16663655638694763 0.00653203297406435 0.04419194906949997 0.020615573972463608 -0.046535931527614594 -0.0036529707722365856 -0.0823984444141388 0.030593298375606537 0.027819180861115456 -0.12963131070137024 -0.1990184634923935 -0.1560433804988861 0.008909948170185089 0.03925032541155815 0.010492881760001183 -0.08370400965213776 -0.03951060026884079 -0.06140833720564842 0.017568573355674744 0.039117079228162766 0.12449485808610916 0.033223383128643036 -0.20094996690750122 -0.11723826080560684 0.09388507157564163 0.06308559328317642 -0.08881251513957977 -0.10363215953111649 0.0939846783876419 -0.15192559361457825 0.057382091879844666 -0.011999208480119705 0.12561222910881042 0.19653663039207458 -0.0036543027963489294 -0.10958538204431534 0.05148870125412941 -0.016300609335303307
-0.0038921725936233997 0.1648811250925064 0.02297154814004898 0.03686900809407234 0.04101189970970154 -0.05687496066093445 -0.03276875242590904 0.0721912682056427 -0.04162405803799629 -0.150497168302536 -0.09598523378372192 -0.002995294751599431 0.18897564709186554 0.03536222502589226 -0.0029833167791366577 0.09749184548854828 0.11924878507852554 -0.14748598635196686 0.20318379998207092 0.00541697209700942 0.03307756409049034 0.21836094558238983 0.05187118798494339 -0.0663859024643898 0.003973590210080147 0.06107323616743088 -0.255982369184494 -0.025312727317214012 -0.08718369901180267 0.03888392820954323 -0.051492758095264435 -0.025029128417372704 -0.0931108295917511 0.06139649450778961 -0.01870788261294365 -0.010395707562565804 -0.004140982870012522 -0.12741872668266296 -0.08261337131261826 0.007891474291682243 -0.16060446202754974 -0.030119769275188446 0.05669843778014183 0.04698731750249863 0.20933543145656586 0.009678010828793049 -0.044535234570503235 -0.027568744495511055 0.05486813187599182 -0.08450498431921005 -0.003769706701859832 0.2182030826807022 0.15375858545303345 -0.06158507615327835 0.1294306218624115 0.007613333407789469 0.062290117144584656 0.033991992473602295 -0.10334610193967819 0.16865448653697968 0.18839143216609955 0.03593573719263077 0.19085188210010529 -0.06634178012609482 -0.044883958995342255 0.09948055446147919 0.004098727833479643 -0.1059909462928772 0.05510873347520828 0.03665908798575401 -0.06717099994421005 0.12939192354679108 -0.041151054203510284 0.002139031421393156 -0.004182515665888786 0.05287753790616989 -0.07982102781534195 -0.09839880466461182 0.17758671939373016 -0.045498672872781754 0.012253508903086185 -0.038496777415275574 -0.017078252509236336 0.13118457794189453 0.08710663765668869 -0.06464676558971405 0.2284122258424759 -0.19344601035118103 -0.08328355103731155 -0.0989483967423439 0.031250931322574615 0.15595364570617676 -0.017147386446595192 -0.07560532540082932 0.18402506411075592 -0.0011149009224027395 0.1212034672498703 0.07271147519350052 -0.010205913335084915 0.010496675968170166
-0.042183768004179 -0.08971574902534485 0.021467873826622963 0.0939515084028244 -0.0024302273523062468 -0.046026043593883514 0.04768344759941101 0.07529893517494202 -0.09066011011600494 0.0017947021406143904 0.07400701195001602 -0.13235412538051605 -0.102131687104702 0.07425031065940857 -0.014181454665958881 -0.024578658863902092 -0.10982434451580048 -0.014011319726705551 0.019819587469100952 0.1667642593383789 0.08231345564126968 0.04551853612065315 0.19567911326885223 -0.010613197460770607 -0.05104014649987221 0.269382506608963 -0.10941825807094574 -0.044503770768642426 -0.04788364842534065 -0.18459616601467133 0.012592308223247528 0.13437192142009735 -0.014090567827224731 0.07652950286865234 0.009948690421879292 0.2025769203901291 0.012269756756722927 0.0516134575009346 0.14156238734722137 0.1595417559146881 -0.0631549283862114 -0.02224474959075451 -0.024645360186696053 0.005067580379545689 0.016358930617570877 -0.04727095738053322 0.0570949986577034 -0.04146672785282135 -0.07828890532255173 0.05569218471646309 -0.09751511365175247 0.05113846808671951 -0.05011468753218651 0.3129541873931885 0.02649298682808876 0.1360485553741455 0.013569070026278496 -0.1301196664571762 -0.024479089304804802 -0.10931477695703506 0.02019893191754818 -0.13478533923625946 0.06935076415538788 -0.10119371861219406 -0.16277974843978882 -0.128362774848938 -0.19266542792320251 -0.06852387636899948 0.16578985750675201 -0.02816055528819561 0.053664546459913254 -0.008236304856836796 -0.05373450741171837 0.013539229519665241 0.2502318322658539 -0.046715475618839264 0.05093856900930405 -0.11536898463964462 -0.0311284139752388 -0.04758201912045479 0.10269862413406372 0.00039920469862408936 0.03647566959261894 0.07670813798904419 0.1748928725719452 0.010347998701035976 0.1431257724761963 0.10039056837558746 0.09388614445924759 -0.02053459919989109 -0.05538467317819595 -0.0012529636733233929 0.06908519566059113 0.052180059254169464 -0.1435617059469223 -0.14882203936576843 -0.09774703532457352 0.011428718455135822 0.14708542823791504 -0.05571934953331947
-0.23919473588466644 0.11291889101266861 -0.025768766179680824 0.059919681400060654 0.048469386994838715 0.09821971505880356 0.013100472278892994 0.019266702234745026 -0.09010159969329834 -0.043636251240968704 0.04610776528716087 0.06498774886131287 -0.07841695845127106 -0.14636509120464325 -0.02711588516831398 -0.15560545027256012 -0.049366749823093414 -0.017843805253505707 0.04061378911137581 -0.06764872372150421 -0.053748589009046555 0.14319758117198944 -0.11167653650045395 -0.03304609656333923 0.18933995068073273 -0.028436075896024704 -0.029256345704197884 0.11100046336650848 0.017648832872509956 0.09517888724803925 -0.02713821828365326 -0.046796511858701706 -0.06293855607509613 -0.06182418763637543 -0.0750231146812439 0.09907274693250656 -0.03529355302453041 -0.08651714771986008 0.13517309725284576 0.04234907031059265 0.017798321321606636 0.050492942333221436 0.14166168868541718 0.08405858278274536 -0.0016372933750972152 -0.11978071182966232 -0.0204567052423954 0.12848083674907684 0.051249414682388306 0.047757070511579514 -0.16981759667396545 0.023835569620132446 -0.022142458707094193 0.09782924503087997 -0.05407855659723282 -0.13992473483085632 0.12666578590869904 -0.002754779066890478 0.11084708571434021 0.010092605836689472 0.024427330121397972 -0.006577491760253906 0.2014426440000534 -0.16234831511974335 -0.04032464697957039 0.1509649008512497 0.0960426926612854 -0.03775344043970108 -0.18300342559814453 0.21366161108016968 0.039692290127277374 -0.08673673123121262 0.29683718085289 -0.05562715232372284 -0.08663821965456009 -0.09968730807304382 0.06722881644964218 0.012180479243397713 -0.19881974160671234 -0.005134053062647581 0.19685807824134827 -0.07951707392930984 0.00396803067997098 -0.00835201982408762 0.10295359790325165 0.039639584720134735 0.040155380964279175 0.04258038476109505 0.005787690635770559 0.056385405361652374 -0.01519345585256815 -0.11299648135900497 0.024123087525367737 -0.13867789506912231 -0.07281330227851868 0.13683632016181946 -0.1199764683842659 0.17907091975212097 0.05264129489660263 -0.11773897707462311
-0.022193878889083862 -0.07214581966400146 0.03779362887144089 -0.05017920583486557 -0.028191115707159042 0.03726418688893318 0.06539932638406754 -0.07071217894554138 -0.035027917474508286 -0.036416538059711456 -0.013664125464856625 0.005092134699225426 -0.13667404651641846 -0.18910522758960724 -0.0149011155590415 -0.009632865898311138 -0.2082662135362625 0.05134251341223717 -0.1493106633424759 -0.06970886886119843 -0.02238662913441658 -0.05085461959242821 -0.043978072702884674 -0.13450288772583008 -0.004287258256226778 0.01931651495397091 -0.00959028024226427 -0.05305393040180206 -0.013113136403262615 0.030728034675121307 0.15535831451416016 0.07617516070604324 0.09111177921295166 0.14300520718097687 -0.025699535384774208 0.14603039622306824 -0.022726962342858315 0.10131153464317322 0.1973465085029602 -0.03522995859384537 -0.04361477866768837 0.1404459923505783 0.01999737322330475 0.07119865715503693 0.06885213404893875 0.1012599840760231 0.08198226988315582 0.1128484308719635 0.13837239146232605 0.21016691625118256 0.09211891144514084 0.008600873872637749 0.1886286586523056 -0.019129978492856026 -0.015697577968239784 0.02533789537847042 0.2059830129146576 -0.0747406929731369 0.04671678692102432 0.015099827200174332 -0.0630892813205719 -0.00041019299533218145 0.1271803379058838 -0.08133861422538757 0.13606514036655426 0.03881422057747841 0.06882374733686447 -0.14331896603107452 0.15182305872440338 -0.11978118121623993 -0.09906880557537079 -0.05284132808446884 -0.010362905450165272 0.014393859542906284 -0.12217370420694351 0.15710298717021942 -0.024932850152254105 0.02786324918270111 0.14342688024044037 0.12595979869365692 -0.2394002079963684 -0.006165326107293367 -0.03358286991715431 -0.0943029373884201 -0.15193302929401398 0.18624354898929596 0.21908393502235413 0.05520791932940483 0.0374797061085701 -0.03185725584626198 -0.045009225606918335 0.17895084619522095 -0.002330712042748928 -0.15996600687503815 0.06723536550998688 -0.10767889022827148 -0.07173427939414978 0.001054663211107254 -0.09332216531038284 -0.017416853457689285
0.05719315633177757 0.01769159361720085 0.04684820398688316 0.20093239843845367 0.18024857342243195 -0.08825752139091492 0.009358483366668224 0.02870376966893673 -0.0964834913611412 -0.04855179786682129 -0.01387153659015894 -0.04172022268176079 -0.09378831088542938 0.010749162174761295 0.09706580638885498 0.05449649691581726 -0.10495281964540482 -0.01025274395942688 0.08338990807533264 -0.058478109538555145 0.09096766263246536 0.045325856655836105 -0.0152537627145648 -0.12560278177261353 -0.11651286482810974 0.09321917593479156 0.010797005146741867 -0.10587353259325027 0.11882541328668594 -0.013719439506530762 -0.08204322308301926 -0.004455151967704296 -0.10984091460704803 -0.09777441620826721 -0.0343356728553772 0.04142547771334648 0.12080410867929459 -0.08073356002569199 0.15948247909545898 -0.13473324477672577 0.13084734976291656 -0.06369810551404953 -0.1593906730413437 -0.0182254109531641 0.03448671102523804 0.15631218254566193 -0.008718750439584255 -0.10823123902082443 0.11951233446598053 -0.02190323919057846 0.19637179374694824 0.01374043244868517 -0.048356425017118454 -0.16118468344211578 -0.09507601708173752 0.05858759209513664 0.040643684566020966 -0.053712114691734314 0.05943108722567558 0.09212373942136765 0.1263064444065094 -0.09110575914382935 -0.01847863383591175 0.017116118222475052 0.1140844076871872 -0.07187943160533905 0.05298740416765213 0.019519897177815437 -0.10566644370555878 -0.06971409916877747 -0.002903005573898554 -0.12164334952831268 -0.016886480152606964 0.16178220510482788 -0.241580531001091 0.1644185483455658 0.16466400027275085 -0.13995414972305298 0.09430147707462311 -0.19837337732315063 0.18651676177978516 -0.11992652714252472 -0.08608654141426086 -0.022110480815172195 0.11096999794244766 -0.10264238715171814 -0.12028172612190247 0.08414089679718018 0.06799688935279846 -0.0010419005993753672 -0.13431045413017273 -0.003476719604805112 -0.1922542303800583 -0.0756654441356659 -0.09256619215011597 0.04186533764004707 -0.10739237815141678 -0.07296130061149597 0.113305002450943 -0.01135504711419344
-0.0490570142865181 -0.12179428339004517 0.13680553436279297 0.06070677191019058 -0.01258575264364481 -0.12817659974098206 -0.06182103231549263 0.12053710222244263 0.07671463489532471 0.09657368808984756 -0.040788471698760986 -0.25815820693969727 -0.1288841962814331 -0.15885674953460693 0.09114222228527069 0.01889157108962536 0.033036693930625916 -0.1084367111325264 0.040729034692049026 -0.19133450090885162 -0.005634197033941746 0.011608950793743134 0.053931936621665955 -0.05205756053328514 -0.06973131746053696 -0.02752976305782795 0.10378398001194 0.016482636332511902 -0.044473275542259216 -0.008117501623928547 -0.016668375581502914 -0.27029287815093994 0.036723606288433075 -0.0001544705592095852 -0.19574709236621857 0.02889450266957283 0.012688525952398777 0.03828227519989014 -0.053206004202365875 0.06500982493162155 -0.12745866179466248 0.1458684653043747 -0.10998564958572388 -0.13433513045310974 0.07904503494501114 -0.10564041882753372 0.1752728968858719 0.07773091644048691 -0.015695659443736076 -0.10899510979652405 -0.13701534271240234 -0.06560561060905457 -0.011692602187395096 -0.04109670966863632 -0.05689126253128052 0.15760035812854767 0.11637146770954132 -0.06848840415477753 0.004868154879659414 0.00346095347777009 -0.040902767330408096 -0.08751912415027618 -0.15711824595928192 -0.07753292471170425 -0.10245497524738312 -0.0930180549621582 -0.08647158741950989 -0.07662620395421982 -0.23826828598976135 0.014907978475093842 -0.12373855710029602 0.13596448302268982 0.05594347417354584 -0.02187061682343483 -0.13631851971149445 -0.14701952040195465 -0.11240972578525543 0.1430400311946869 0.10975497961044312 -0.19989660382270813 -0.1386217325925827 -0.04092925786972046 0.11688166856765747 -0.09685193747282028 0.12499289959669113 -0.041239939630031586 0.02343534491956234 -0.052314333617687225 0.026006121188402176 -0.018688129261136055 0.09275910258293152 0.045132264494895935 0.05074920132756233 -0.05140789970755577 -0.05521361529827118 -0.021576449275016785 0.020112764090299606 0.02876160480082035 -0.04957776889204979 0.08479999005794525
0.015859562903642654 -0.12369228154420853 0.1480555683374405 -0.18953578174114227 0.07893871515989304 -0.02408776432275772 0.0742001086473465 0.004021165426820517 -0.033889077603816986 -0.1034940555691719 -0.001069957623258233 0.2081432193517685 -0.08127950131893158 -0.10216546803712845 -0.11112267524003983 0.006435916293412447 0.0819149762392044 0.07446654886007309 0.032677602022886276 0.09379369020462036 0.012972504831850529 0.21081732213497162 -0.06801201403141022 -0.06933311372995377 0.09436270594596863 -0.018706992268562317 -0.1909797042608261 -0.06650613248348236 -0.03492219001054764 -0.17684626579284668 -0.022171569988131523 -0.020255381241440773 0.04460838809609413 -0.09029755741357803 -0.1367034763097763 -0.19328682124614716 -0.11983884125947952 -0.1358623504638672 -0.008998898789286613 -0.13387104868888855 -0.10473193228244781 -0.027878711000084877 0.022849738597869873 0.19343964755535126 -0.14682531356811523 -0.0026479121297597885 0.027635959908366203 -0.08125139772891998 0.006489750929176807 -0.04183906689286232 0.01613733358681202 -0.06047416478395462 0.012627198360860348 0.07926183193922043 -0.05805367976427078 0.06067010015249252 0.1935766190290451 0.008161131292581558 -0.17282836139202118 -0.025927959010004997 -0.060049187391996384 -0.15737088024616241 -0.06354935467243195 0.037057723850011826 0.09503314644098282 -0.06648436933755875 -0.046884432435035706 0.25467848777770996 -0.1691550314426422 -0.007152555510401726 -0.03201664611697197 0.09181240200996399 -0.16874170303344727 0.015162714757025242 0.0939045175909996 -0.004672312643378973 0.07368960976600647 0.062385234981775284 0.1186848059296608 0.04949566721916199 -0.02847820706665516 -0.04621654376387596 0.05891500040888786 -0.1079864427447319 0.1468277871608734 0.2798094153404236 -0.08413795381784439 -0.04587221145629883 0.008456515148282051 0.110364630818367 -0.058600254356861115 -0.03738362714648247 0.031067239120602608 -0.06833558529615402 0.04044603928923607 -0.03354255110025406 -0.02462722733616829 -0.02314542792737484 0.05660553276538849 -0.11946582049131393
-0.0929742380976677 -0.01472032442688942 -0.21455876529216766 -0.056885976344347 0.029461367055773735 -0.08742163330316544 -0.00825093500316143 0.012564905919134617 0.2133694738149643 0.00016158334619831294 -0.06535252928733826 0.11742499470710754 -0.07093138992786407 -0.09727223217487335 0.10561114549636841 0.019032740965485573 -0.13080939650535583 -0.11422274261713028 0.024390986189246178 -0.0427405908703804 -0.06754036992788315 0.007297159638255835 -0.037571415305137634 -0.048974569886922836 -0.05068966746330261 -0.04593607410788536 0.037425488233566284 0.016140136867761612 -0.03480115532875061 -0.021266823634505272 -0.15594466030597687 0.11671336740255356 0.22669993340969086 0.15346238017082214 -0.10822261869907379 0.16808992624282837 -0.007451193407177925 -0.006662532687187195 -0.12971237301826477 -0.0031063249334692955 -0.027979129925370216 -0.01324560958892107 -0.058982569724321365 -0.06649836897850037 0.03573019057512283 -0.14723238348960876 -0.02086476795375347 -0.08068156242370605 0.07733909040689468 0.055388227105140686 0.12697605788707733 -0.09124423563480377 -0.09613991528749466 -0.16365037858486176 0.05910512059926987 -0.19212977588176727 -0.16858792304992676 -0.05029776692390442 -0.18421056866645813 0.08897128701210022 0.09285743534564972 -0.06516721099615097 -0.06987328827381134 -0.0157201886177063 -0.11882171779870987 -0.09877511858940125 0.0585874505341053 0.06752654165029526 -0.0834011510014534 -0.1405630260705948 0.11552654206752777 0.03814779222011566 -0.04914380982518196 -0.15051522850990295 0.06658878177404404 0.026172544807195663 0.15125669538974762 0.08742940425872803 -0.19319167733192444 0.02262989617884159 0.047741133719682693 -0.12459489703178406 -0.0458657406270504 0.1334436535835266 0.08975591510534286 0.007479795254766941 0.07582627236843109 0.012764540500938892 0.08465918153524399 -0.07473137229681015 -0.17426663637161255 0.09531665593385696 0.18386459350585938 -0.221760094165802 0.0827786922454834 -0.07430391758680344 0.01742796041071415 -0.03919262811541557 -0.03841420263051987 -0.10347788780927658
-0.07876937091350555 -0.14567555487155914 -0.08378899842500687 0.2503824234008789 0.14304155111312866 0.007747827563434839 -0.08607348799705505 0.06697575747966766 0.13399800658226013 0.027484461665153503 -0.02949969843029976 0.2325362116098404 -0.01373874582350254 -0.0007328985957428813 0.08951064199209213 -0.10313838720321655 -0.012402210384607315 0.08662091195583344 0.003243291052058339 0.029703494161367416 -0.1721685826778412 0.06780411303043365 -0.09454061836004257 0.0904865637421608 0.06490228325128555 0.2203543484210968 0.07753996551036835 0.0029969164170324802 -0.022940373048186302 -0.027363834902644157 0.09455548971891403 0.1447317749261856 -0.15677529573440552 -0.03425534442067146 -0.046712588518857956 -0.2165435552597046 0.09285249561071396 0.0518282875418663 0.08657630532979965 -0.025300147011876106 -0.1316584050655365 0.022436028346419334 0.027158072218298912 0.009441264905035496 0.007991480641067028 -0.11227571219205856 -0.06183570623397827 -0.10319001227617264 0.0925067886710167 0.07837764918804169 -0.07246626913547516 0.10259930789470673 0.04997577518224716 -0.16748948395252228 -0.007454729173332453 0.1270110309123993 -0.016565781086683273 -0.05090070515871048 -0.07984808832406998 -0.013041378930211067 -0.11296156048774719 0.14124184846878052 -0.06199881434440613 -0.06178950145840645 0.06698983162641525 -0.026545539498329163 0.07193232327699661 0.06224165856838226 0.013014677911996841 -0.13782905042171478 -0.08391866087913513 -0.03650130331516266 0.07338865101337433 0.016422726213932037 0.1473483294248581 -0.08963831514120102 0.005422116722911596 0.0031644857954233885 0.09401378035545349 -0.12649719417095184 -0.1502661406993866 0.2652500867843628 0.01349864061921835 0.20864009857177734 0.08102868497371674 -0.02891646698117256 -0.002060950268059969 0.12082318961620331 0.006931801326572895 -0.11985898017883301 0.025288764387369156 -0.07227188348770142 -0.0557902455329895 -0.10545322299003601 -0.11451384425163269 0.08885117620229721 0.04943234845995903 0.13784842193126678 -0.15182453393936157 0.01675979234278202
0.07585375010967255 0.08494634926319122 0.10201328992843628 -0.07720831781625748 -0.21875177323818207 -0.05450214818120003 0.018454788252711296 -0.022144874557852745 0.223708838224411 -0.07720043510198593 0.033149849623441696 -0.05389271304011345 -0.15732277929782867 0.05941962078213692 0.08073347061872482 -0.10147228837013245 0.05201241001486778 -0.05606018006801605 0.09152156114578247 -0.0064516207203269005 -0.1504133641719818 0.00617994973435998 -0.09828241169452667 -0.07991437613964081 0.15122440457344055 0.04363508149981499 0.13568490743637085 0.11530635505914688 -0.1863870769739151 -0.0910535380244255 -0.03029012121260166 -0.07221487164497375 -0.04369400814175606 -0.08207385241985321 0.04582885652780533 -0.1685575246810913 -0.09905760735273361 0.17796698212623596 0.09046997874975204 0.04006928205490112 0.07254187017679214 0.1109461709856987 -0.06081656739115715 0.07849020510911942 0.08135303109884262 0.19836395978927612 0.08279211074113846 -0.1865495890378952 0.20389798283576965 -0.08904283493757248 0.0014074292266741395 0.1030135452747345 0.06383030861616135 -0.048129741102457047 0.010506180115044117 -0.016782237216830254 -0.06600291281938553 0.003063922980800271 0.04978460073471069 0.2202794849872589 0.017992837354540825 -0.08457404375076294 -0.05408206209540367 -0.010074478574097157 -0.09725966304540634 -0.06140345707535744 -0.07403280586004257 0.08811970800161362 0.014565138146281242 -0.0006165247759781778 0.09893984347581863 0.027249334380030632 0.032922253012657166 -0.08060388267040253 -0.02015872672200203 0.0017787686083465815 0.05110109969973564 -0.30734819173812866 0.010553392581641674 0.10954894125461578 0.00048597497516311705 -0.048093583434820175 -0.0399625226855278 -0.09154064953327179 -0.0490388497710228 0.00841196347028017 0.14533281326293945 0.2029678374528885 -0.008142181672155857 0.014470821246504784 0.04951775446534157 -0.14895112812519073 0.14640437066555023 0.09109628200531006 0.06793401390314102 -0.008726459927856922 -0.04829202592372894 0.13378527760505676 0.06346574425697327 0.04423582926392555
-0.0054301111958920956 0.07140246033668518 -0.120961032807827 0.060809534043073654 -0.12019700556993484 -0.08577051758766174 -0.01615574024617672 0.02765744738280773 0.15862427651882172 -0.16133029758930206 0.03931159898638725 -0.09527337551116943 0.17321820557117462 -0.04852442443370819 0.08162295818328857 -0.05786089226603508 -0.021637625992298126 0.183224156498909 -0.07052973657846451 0.0677376389503479 0.08505357801914215 -0.10908673703670502 0.024249663576483727 -0.0065592508763074875 0.13178656995296478 -0.08139064908027649 -0.07315903156995773 0.16897326707839966 0.10861778259277344 0.06929540634155273 -0.014889450743794441 -0.14080700278282166 -0.054022371768951416 0.11119718104600906 0.03770146891474724 -0.16152268648147583 0.01933984085917473 0.06698741018772125 -0.08859903365373611 0.008742528967559338 -0.10470689833164215 0.06711052358150482 -0.02535618655383587 0.027585802599787712 -0.0099902069196105 -0.09963379055261612 0.03429749980568886 0.012568163685500622 0.0030492465011775494 -0.05806032568216324 0.05995532497763634 -0.009503853507339954 0.030015403404831886 0.058338552713394165 0.16807231307029724 -0.001477123354561627 0.00472715450450778 -0.20864126086235046 0.012183016166090965 -0.27446049451828003 0.14260472357273102 -0.1330653429031372 -0.03849843516945839 0.0751643255352974 0.15183161199092865 0.01087144110351801 0.14747804403305054 -0.06760866940021515 0.12796787917613983 0.0679895356297493 -0.02265252359211445 -0.1430511772632599 -0.11748423427343369 -0.0636255070567131 0.014284231700003147 -0.09499084949493408 0.08924663066864014 0.014292526058852673 0.19995848834514618 -0.21119917929172516 0.0476774163544178 -0.12340878695249557 0.0804271548986435 -0.0066695441491901875 -0.045026831328868866 -0.027027878910303116 0.026572532951831818 0.07523580640554428 0.13293805718421936 0.10395712405443192 -0.08953586220741272 -0.22995756566524506 -0.04339950904250145 -0.14959315955638885 0.1593259572982788 -0.0789262056350708 -0.07360368967056274 0.06925197690725327 0.008145516738295555 -0.06329710781574249
0.05674956366419792 0.047047752887010574 -0.11835240572690964 0.11462391167879105 -0.08789172768592834 -0.11500571668148041 0.010725749656558037 -0.08792172372341156 0.07574960589408875 -0.03446323424577713 -0.07005767524242401 0.021977094933390617 0.11540968716144562 0.11210818588733673 -0.10478724539279938 -0.010937985964119434 0.04868752881884575 -0.1927383840084076 0.0010017341701313853 0.07613526284694672 -0.1421475112438202 0.12212935090065002 -0.24408622086048126 -0.07291616499423981 -0.11616158485412598 -0.009159844368696213 0.05724964663386345 -0.07110327482223511 -0.10553084313869476 0.0332924947142601 0.06341500580310822 0.14356492459774017 0.27333176136016846 -0.002766314195469022 0.048012472689151764 0.003210284048691392 -0.12832021713256836 0.09421955049037933 0.12426623702049255 -0.06975706666707993 0.023125115782022476 -0.021890267729759216 -0.025424843654036522 -0.007544363848865032 0.024194542318582535 -0.08202296495437622 0.1582166850566864 -0.04748676344752312 -0.0686788409948349 0.10800789296627045 0.032597772777080536 -0.03596769645810127 -0.006542150862514973 0.14731872081756592 0.05827447772026062 0.12587031722068787 0.08445543795824051 -0.1015750914812088 0.015275132842361927 0.020752711221575737 0.005160545464605093 -0.025971675291657448 -0.045757394284009933 -0.013661893084645271 -0.17762140929698944 0.28790929913520813 0.01696692779660225 0.0443359836935997 0.11343241482973099 0.00956136267632246 -0.1371736079454422 0.020343851298093796 -0.054431427270174026 0.14286662638187408 -0.16563229262828827 -0.02440919540822506 0.15758055448532104 0.1332681030035019 -0.1415148824453354 -0.17141273617744446 -0.08490533381700516 -0.03652510419487953 0.10421320050954819 -0.05464848875999451 0.10404083132743835 -0.005003615282475948 0.002276355167850852 0.03533584251999855 -0.12553586065769196 0.034708309918642044 0.02688523568212986 -0.17166122794151306 -0.18973498046398163 0.06207913160324097 0.08285956084728241 0.07820307463407516 0.09374638646841049 -0.07240869104862213 0.06572940945625305 -0.015953220427036285
-0.025050770491361618 0.060997817665338516 0.12233777344226837 0.16027790307998657 -0.1430366188287735 -0.014715546742081642 -0.07128580659627914 0.16956697404384613 0.09712433815002441 0.0602739080786705 -0.07202158123254776 -0.22854073345661163 -0.07134915143251419 0.031445927917957306 -0.10034206509590149 -0.046047888696193695 -0.13193084299564362 0.035794295370578766 0.09447135776281357 0.15183117985725403 0.16029538214206696 0.09112768620252609 -0.02213473804295063 0.0575459860265255 0.04006563127040863 -0.1885816752910614 0.04328202083706856 -0.055881477892398834 0.05354897677898407 -0.178085058927536 0.08958026766777039 0.21717795729637146 -0.022178852930665016 0.08326706290245056 -0.1827506572008133 0.05356306955218315 -0.13201579451560974 -0.017355598509311676 0.054773081094026566 -0.223419189453125 0.06147916615009308 -0.10044881701469421 -0.02955322340130806 -0.06559304147958755 -0.1242167204618454 -0.009593455120921135 -0.08993519097566605 -0.019160527735948563 0.091924287378788 -0.036276500672101974 -0.04090874269604683 0.00806841067969799 0.06258776038885117 0.0018912248779088259 0.12511514127254486 -0.020982133224606514 0.023175913840532303 -0.09170440584421158 0.009474190883338451 -0.035067424178123474 0.14282584190368652 -0.04476189985871315 -0.06967984139919281 0.1422823816537857 0.014761503785848618 0.13013523817062378 -0.05315695330500603 -0.07457294315099716 -0.1766151636838913 -0.04757848009467125 0.14346104860305786 -0.0010102157248184085 -0.021909046918153763 -0.0024004485458135605 0.019683316349983215 -0.15048754215240479 -0.05529903247952461 0.06853729486465454 0.0522734709084034 0.048523493111133575 0.022993287071585655 0.12811602652072906 -0.15756574273109436 0.05073582008481026 -0.23789221048355103 0.05401447042822838 0.07578766345977783 0.056042809039354324 -0.17012879252433777 0.10953278839588165 -0.028049979358911514 0.09044579416513443 -0.011867087334394455 -0.08247309178113937 -0.08409405499696732 0.14149750769138336 0.14902068674564362 0.07852043956518173 0.05314823240041733 0.02935113199055195
0.08118212223052979 0.07973048090934753 0.09259067475795746 0.09353689104318619 -0.1440834403038025 0.029879018664360046 -0.1208171397447586 -0.024963896721601486 0.05753832682967186 0.18996559083461761 -0.024256834760308266 -0.07454869896173477 0.1434817612171173 -0.09834731370210648 0.039573825895786285 -0.057800278067588806 -0.08696135133504868 -0.07998465746641159 -0.152631938457489 0.012548351660370827 0.11631234735250473 0.04038942605257034 -0.01856018789112568 -0.020796243101358414 0.15981566905975342 0.14305879175662994 -0.039053190499544144 -0.09038159251213074 0.15643642842769623 -0.023017486557364464 0.15602153539657593 -0.09376199543476105 0.1239098608493805 -0.07304277271032333 0.032667361199855804 -0.022201621904969215 -0.1367332637310028 -0.1028280109167099 -0.25861096382141113 0.1533493548631668 0.09882252663373947 0.018832240253686905 -0.038882143795490265 -0.06680842489004135 0.05127478018403053 0.22258199751377106 0.09325047582387924 -0.041662946343421936 -0.016498614102602005 0.004548199940472841 0.1412602961063385 -0.053167447447776794 -0.11031197011470795 0.06627504527568817 -0.006605376023799181 -0.0007603063713759184 0.0829634889960289 -0.17849604785442352 -0.20995961129665375 0.055987562984228134 -0.10305943340063095 0.1440483033657074 0.1272764354944229 0.014733370393514633 0.043903812766075134 -0.05223796144127846 0.054345645010471344 0.020462535321712494 -0.05120003968477249 0.07707121968269348 -0.06120455265045166 0.09548697620630264 0.21068169176578522 0.16853363811969757 0.0988168865442276 0.02619992569088936 0.09898275882005692 -0.030919497832655907 -0.04525670409202576 0.06288924813270569 0.038195859640836716 0.11578164249658585 -0.14581526815891266 -0.032176341861486435 0.10194357484579086 0.0001162602857220918 -0.07420839369297028 0.07275017350912094 0.00702658062800765 -0.023694757372140884 -0.0781632512807846 -0.02542942389845848 -0.041761983186006546 -0.10481321066617966 0.0423143208026886 -0.15731190145015717 0.17860810458660126 0.14953580498695374 -0.02244211919605732 -0.04138774052262306
-0.11074123531579971 0.11588624119758606 -0.051256418228149414 -0.08836620301008224 -0.04604940116405487 0.07384978234767914 -0.04377375915646553 -0.026267491281032562 -0.2173614501953125 0.10775327682495117 -0.02435676008462906 0.16812315583229065 -0.2164682000875473 -0.014687609858810902 -0.06957048922777176 -0.08384215086698532 -0.22473974525928497 -0.11640395224094391 0.15505065023899078 -0.04811343550682068 -0.016406426206231117 -0.15089638531208038 -0.07029649615287781 0.048599723726511 0.182210311293602 -0.07733596116304398 0.04811239615082741 0.014220432378351688 0.020510712638497353 0.08984994143247604 0.04717233031988144 -0.04598803073167801 -0.09449944645166397 -0.09908901900053024 0.12715627253055573 -0.012492197565734386 0.11371690779924393 0.09364296495914459 0.01334424875676632 -0.0018870887579396367 -0.08606018126010895 -0.21084032952785492 0.021197199821472168 -0.08800463378429413 0.13055220246315002 -0.24585701525211334 -0.008679523132741451 -0.05281921103596687 -0.05994972586631775 -0.05158582329750061 0.045009512454271317 -0.09250221401453018 0.045728348195552826 0.12237417697906494 0.11632899194955826 0.07936079055070877 -0.1304778754711151 -0.01637343131005764 -0.13014428317546844 -0.0055710319429636 -0.09110584855079651 -0.00506255030632019 -0.02377968840301037 0.09731660783290863 -0.04683225601911545 0.029530348256230354 -0.1392572671175003 -0.01815173774957657 -0.20386222004890442 0.02506822906434536 -0.08079870790243149 0.019777804613113403 -0.08906407654285431 0.16871708631515503 -0.06287936121225357 0.19231365621089935 -0.046252038329839706 0.004352083895355463 0.19957256317138672 -0.006851268466562033 0.04837712273001671 0.0721287876367569 -0.00694239791482687 -0.048423875123262405 -0.04610972851514816 -0.007065101061016321 0.15320709347724915 0.05814197659492493 -0.03160662576556206 -0.09628145396709442 -0.1234356090426445 -0.15159878134727478 0.02716555818915367 -0.03203548863530159 0.08422914147377014 -0.1175185814499855 0.0850873738527298 -0.03436973690986633 0.11834090948104858 0.0648646354675293
0.05603212118148804 0.05582398548722267 0.10760482400655746 0.03252235800027847 -0.004171404056251049 -0.09895031154155731 -0.10108689963817596 0.06374190002679825 0.03968704864382744 -0.16404345631599426 -0.1526942104101181 -0.10098598897457123 0.10372292250394821 -0.041215382516384125 0.06789616495370865 0.012550919316709042 -0.036556605249643326 -0.03246160224080086 -0.10511716455221176 0.011057494208216667 -0.09992262721061707 -0.13839827477931976 0.04923812299966812 -0.11329036951065063 0.01843935437500477 0.05738520249724388 -0.04787921905517578 -0.00943728070706129 0.014819435775279999 -0.00974256545305252 0.006644421722739935 0.10264193266630173 -0.09200326353311539 -0.12035344541072845 0.03150453045964241 0.009249985218048096 0.15660427510738373 0.1730230748653412 -0.0071688685566186905 0.0406220518052578 -0.30413296818733215 0.06735112518072128 -0.014396559447050095 0.08542808145284653 -0.17733412981033325 0.0033555685076862574 -0.0437462255358696 0.26270830631256104 0.007743689231574535 -0.027248244732618332 -0.048652276396751404 -0.061006974428892136 0.01406691875308752 0.0022789507638663054 0.10726003348827362 -0.04246800020337105 0.08190395683050156 0.014043339528143406 -0.052006691694259644 0.23595543205738068 -0.08541915565729141 -0.0002856602950487286 -0.18028979003429413 -0.005874285940080881 -0.06124691292643547 -0.09443124383687973 0.0748082622885704 -0.04558078199625015 0.0011855714255943894 0.056305453181266785 0.18397672474384308 -0.10290513187646866 -0.04852541163563728 0.14937527477741241 0.09246693551540375 0.11505865305662155 -0.10550393909215927 0.02423596940934658 -0.15892137587070465 0.18008898198604584 -0.05332032963633537 0.030680010095238686 0.023617981001734734 -0.10749737173318863 0.05201634392142296 -0.07686387002468109 -0.0630578100681305 -0.10652321577072144 -0.1267513781785965 -0.07074879854917526 -0.12643557786941528 -0.10108620673418045 -0.10403671860694885 -0.15806053578853607 -0.008646470494568348 0.13077834248542786 0.010429810732603073 -0.03176775574684143 0.2455732822418213 -0.07036852091550827
-0.033290695399045944 0.13938666880130768 0.15790937840938568 -0.026621321216225624 -0.036309532821178436 -0.06389851123094559 0.09262556582689285 -0.14607280492782593 0.05452573299407959 0.06508049368858337 -0.1667511761188507 -0.04704534262418747 -0.038859494030475616 -0.13277797400951385 -0.022867774590849876 0.07143527269363403 -0.03974210098385811 0.22820891439914703 -0.14835426211357117 -0.00026269900263287127 -0.11740313470363617 0.07228563725948334 0.11149242520332336 0.10152006149291992 -0.014616266824305058 0.018975337967276573 0.00856844149529934 0.19828391075134277 -0.24215441942214966 -0.1487983614206314 0.03622526302933693 -0.08427862823009491 -0.01595166325569153 -0.021497301757335663 -0.16528217494487762 0.029249422252178192 -0.007227798458188772 0.02947893738746643 -0.05279175192117691 -0.17357377707958221 0.09032680094242096 -0.09262026846408844 -0.11043374240398407 -0.03420453518629074 0.07448486238718033 -0.043173033744096756 -0.08269912004470825 -0.061663445085287094 -0.08005605638027191 -0.0030354196205735207 -0.009427065029740334 0.03128168731927872 0.08061028271913528 0.13254337012767792 0.08466736227273941 0.077752485871315 0.05129595473408699 0.13386127352714539 0.04301711171865463 -0.014903764240443707 0.1514517217874527 0.046626657247543335 0.061612848192453384 -0.08939427137374878 -0.01969902217388153 -0.024976029992103577 0.07007943838834763 0.0382060632109642 0.06505356729030609 -0.11114650964736938 0.017405008897185326 0.009195433929562569 0.13583940267562866 0.04589323699474335 -0.062144339084625244 0.1762886345386505 0.009014517068862915 0.042266447097063065 -0.04253065958619118 0.03577885031700134 0.09638014435768127 0.06073833256959915 0.09677305817604065 0.04941559210419655 -0.05894812196493149 -0.02073460817337036 -0.04867124557495117 -0.08903474360704422 0.30458688735961914 -0.1722988337278366 0.0504840612411499 -0.1978098452091217 -0.033492472022771835 -0.06178487837314606 -0.0786023885011673 0.01985926553606987 0.2622067332267761 -0.13260217010974884 0.014720683917403221 -0.09363171458244324
-0.09271705895662308 0.15394511818885803 0.10616082698106766 0.16545285284519196 0.03146884962916374 -0.011817133985459805 -0.001332116313278675 0.04695542901754379 -0.049749504774808884 0.0881548523902893 -0.13212110102176666 -0.10178542137145996 0.03945503011345863 0.34927934408187866 -0.07010975480079651 0.10827044397592545 0.08674079179763794 -0.06308808922767639 0.015018085949122906 -0.06571313738822937 -0.12457886338233948 -0.07082518190145493 0.09592153877019882 0.09131704270839691 0.11181609332561493 0.02985903061926365 -0.09688328951597214 0.0897810235619545 -0.06535482406616211 -0.07877086102962494 0.017178401350975037 -0.06666219234466553 -0.10754162818193436 0.09855221211910248 -0.0405968576669693 -0.03768203780055046 -0.038930494338274 0.09501557052135468 -0.07569768279790878 0.06065083667635918 0.14903807640075684 -0.09915076941251755 -0.05532718449831009 0.03649118170142174 0.038815420120954514 -0.03513823822140694 0.1732531040906906 0.08309482038021088 0.15446747839450836 0.1589607298374176 0.11854910850524902 -0.15135608613491058 0.019362956285476685 -0.06936590373516083 -0.032120104879140854 -0.09320621937513351 0.16648879647254944 0.10423467308282852 -0.10041152685880661 -0.08457224816083908 -0.06588911265134811 -0.06878995150327682 0.029131591320037842 -0.049405358731746674 -0.043196044862270355 0.01894039288163185 0.057242702692747116 0.19999095797538757 -0.0650458112359047 0.1187264695763588 -0.22379660606384277 -0.12508440017700195 -0.13235481083393097 -0.17764563858509064 0.10002507269382477 0.09001024067401886 0.04851038381457329 0.12300707399845123 0.023298736661672592 0.1469382792711258 -0.018513359129428864 -0.029317505657672882 0.050774168223142624 -0.013840500265359879 -0.002688476350158453 -0.11621923744678497 0.10290049016475677 0.11276674270629883 -0.02492140606045723 0.04375436156988144 -0.15245947241783142 0.05975499749183655 -0.03341671824455261 -0.02369857393205166 -0.15727822482585907 0.0548550970852375 -0.09441643208265305 -0.04611581563949585 -0.09948453307151794 0.029256995767354965
0.07821393758058548 -0.04757753759622574 0.10549649596214294 0.004173025954514742 -0.021605145186185837 -0.18074990808963776 -0.09497952461242676 -0.03834887593984604 -0.06708095967769623 -0.17382317781448364 0.055379483848810196 0.024127479642629623 -0.0902290865778923 -0.06891603022813797 -0.004663517698645592 -0.13766054809093475 -0.05080045014619827 -0.06331543624401093 0.05207337066531181 0.039893798530101776 0.04910890385508537 -0.05876656249165535 0.1314491629600525 0.09141568839550018 0.08306960761547089 0.23142296075820923 -0.05200197547674179 0.014718050137162209 0.1326356679201126 0.05698239430785179 0.02524898760020733 0.19984862208366394 -0.017721401527523994 0.06433642655611038 0.013566465117037296 -0.07463052123785019 0.04538004845380783 -0.04715784266591072 -0.017131613567471504 0.11049868166446686 0.2078557014465332 0.005911500658839941 -0.0648980662226677 0.01830216869711876 0.011157453060150146 0.030774502083659172 -0.2015843689441681 0.05358469486236572 0.006880342494696379 -0.11603540182113647 0.10044527798891068 -0.1088777557015419 0.055940985679626465 -0.05316333472728729 -0.0306769497692585 -0.11146199703216553 0.0023194102104753256 -0.03650810196995735 0.1325342059135437 0.0046720667742192745 0.05706169083714485 -0.015805702656507492 -0.15626110136508942 -0.1878625750541687 -0.042506977915763855 0.13513921201229095 -0.13528959453105927 0.09850642085075378 0.06447058171033859 -0.04529905691742897 -0.208003968000412 0.16060872375965118 0.09490272402763367 0.13976876437664032 -0.011915215291082859 -0.07387756556272507 -0.02488144300878048 0.10564740747213364 0.017919205129146576 0.01906401850283146 -0.05696990340948105 -0.23063744604587555 0.04741370305418968 0.00022487406386062503 -0.129207581281662 0.0012666238471865654 0.04685129225254059 -0.1866026222705841 -0.0700492113828659 -0.006951857358217239 -0.1306309998035431 -0.21106716990470886 0.19573460519313812 0.010382045060396194 -0.0637344941496849 0.07897067815065384 0.05390627309679985 -0.0216068122535944 -0.18805165588855743 -0.08233389258384705
0.004624058958142996 0.14604195952415466 -0.18424640595912933 0.004481083247810602 0.10655660182237625 -0.04865717887878418 0.05495141074061394 -0.005697148852050304 -0.013828546740114689 -0.11882524937391281 0.04418601840734482 0.0724913626909256 -0.10676302760839462 -0.12255970388650894 -0.09764453768730164 -0.06796184182167053 -0.08140633255243301 0.07659478485584259 0.019275669008493423 0.16284482181072235 0.058045681565999985 -0.10378234833478928 -0.0814175233244896 0.004276797641068697 0.21645312011241913 0.14542227983474731 -0.16556957364082336 -0.00691584125161171 -0.01644083298742771 -0.13933663070201874 -0.04077783599495888 -0.2777918875217438 0.2593415081501007 0.023997260257601738 -0.051733847707509995 -0.034615252166986465 -0.020139383152127266 0.17845945060253143 -0.04656254127621651 -0.016528043895959854 -0.04479131102561951 -0.016492076218128204 0.020824577659368515 -0.007230172399431467 -0.14049887657165527 0.1371372640132904 -0.1077316626906395 -0.038259390741586685 0.061581626534461975 0.04077179357409477 0.09339598566293716 0.026879433542490005 -0.15593041479587555 -0.05371934175491333 0.07277991622686386 0.033885836601257324 -0.05113230273127556 -0.01025884598493576 0.15353278815746307 0.03317319601774216 0.05122149735689163 -0.1209079772233963 -0.0932888612151146 -0.14100304245948792 -0.06341653317213058 0.11728134006261826 -0.05231573432683945 -0.08978123962879181 -0.017957348376512527 0.1367371827363968 -0.10365956276655197 -0.02213219553232193 -0.02461787313222885 -0.01579468511044979 -0.13782045245170593 -0.06115620955824852 -0.13556499779224396 0.043655045330524445 0.04806811735033989 0.13020355999469757 -0.05725061893463135 0.19929836690425873 0.0417630672454834 0.13540083169937134 0.0943554937839508 -0.18510369956493378 -0.12016969174146652 0.04508689045906067 0.03354591131210327 -0.017144642770290375 -0.025866704061627388 0.24127374589443207 -0.027852457016706467 0.10649679601192474 -0.06148447468876839 0.01055334322154522 0.0542408749461174 -0.03809046000242233 0.05303414538502693 0.0304261427372694
-0.014575605280697346 0.04158298671245575 0.16399501264095306 0.0989217683672905 -0.04163282737135887 -0.0845993235707283 -0.00230695609934628 -0.0893874317407608 0.07129514217376709 -0.026413697749376297 0.05031822621822357 -0.06734276562929153 0.08292529731988907 0.09720898419618607 -0.15710808336734772 -0.2392420768737793 0.04329169914126396 -0.07738728076219559 0.014987881295382977 -0.044055111706256866 0.05338478833436966 -0.10463957488536835 0.11163857579231262 0.09110860526561737 0.22279638051986694 -0.14353559911251068 0.021920079365372658 -0.022466858848929405 -0.052291203290224075 0.0054780556820333 -0.14173150062561035 0.0009618503972887993 0.13065236806869507 -0.08809936791658401 -0.05761289596557617 0.030288344249129295 0.08487308025360107 -0.04234568402171135 0.342482328414917 0.06127219647169113 -0.025115054100751877 -0.03274334967136383 0.057289086282253265 -0.05967429652810097 -0.016050197184085846 -0.19209617376327515 -0.14015789330005646 -0.1384502798318863 0.026701293885707855 -0.04192487522959709 0.1743890941143036 0.08258645981550217 -0.11426902562379837 0.001945211086422205 -0.05936804413795471 -0.05646152421832085 0.17591592669487 0.1294923573732376 -0.18499796092510223 -0.00031298192334361374 -0.09006860107183456 0.09312526136636734 -0.013176918029785156 -0.08325883001089096 -0.06448718905448914 -0.22248612344264984 -0.005620266310870647 -0.14186610281467438 0.09844502806663513 -0.16997210681438446 -0.1343686282634735 -0.0808185264468193 0.05467937886714935 -0.04389791935682297 -0.021264705806970596 -0.08833975344896317 0.012165202759206295 -0.023731498047709465 0.017078790813684464 0.010064588859677315 -0.02439109794795513 0.012285705655813217 -0.09788169711828232 -0.012922784313559532 -0.009458168409764767 -0.035303302109241486 -0.1317981779575348 -0.07221432775259018 0.02938118577003479 0.13353261351585388 0.11925002932548523 0.06046946346759796 -0.05354979634284973 -0.05065714195370674 0.2063855230808258 -0.03465253859758377 -0.004766589030623436 -0.07612872123718262 0.02517814002931118 -0.08866838365793228
-0.06380556523799896 -0.018566308543086052 0.02177146077156067 -0.20225326716899872 0.06411030143499374 0.030955832451581955 0.03684946894645691 0.08709091693162918 -0.05326463282108307 -0.03419763967394829 0.03493628650903702 -0.10284385830163956 0.08748897165060043 0.17336022853851318 0.1499018669128418 -0.043623071163892746 -0.005223677959293127 -0.008735139854252338 -0.035142045468091965 0.17454886436462402 0.11711189895868301 0.011672929860651493 -0.16967082023620605 -0.00907120667397976 -0.11674594134092331 0.14147672057151794 0.006964119616895914 -0.03159463405609131 0.07908576726913452 -0.06849154084920883 -0.404731422662735 0.06794822961091995 -0.025774594396352768 0.025305675342679024 -0.02932010404765606 0.012918943539261818 0.016952302306890488 0.15744803845882416 0.043739791959524155 -0.025454308837652206 0.11206898093223572 -0.01605996862053871 0.24125537276268005 -0.047666117548942566 0.012671140022575855 -0.042782094329595566 0.023062296211719513 0.03262391686439514 -0.07180804014205933 0.035906895995140076 -0.04005470871925354 -0.1583884209394455 0.10721241682767868 -0.16172319650650024 0.18657179176807404 -0.01563926413655281 0.06259018182754517 -0.05189922824501991 0.10803616791963577 0.0881102904677391 0.06214813143014908 0.16962836682796478 0.06952929496765137 -0.018201276659965515 -0.058420561254024506 -0.15196847915649414 0.04999382421374321 0.15205630660057068 -0.015906913205981255 -0.029424676671624184 -0.12924446165561676 0.043349314481019974 0.14105521142482758 -0.047373853623867035 -0.06524509191513062 0.031629931181669235 -0.10877078771591187 0.15189051628112793 0.10025174170732498 -0.016828840598464012 -0.018849361687898636 0.1289016157388687 -0.038270048797130585 -0.14820212125778198 0.009795705787837505 0.033328279852867126 0.03403055667877197 0.07500534504652023 0.13228058815002441 0.1254461109638214 0.016678515821695328 -0.07156050950288773 -0.01298210397362709 0.011040525510907173 0.015415414236485958 -0.12316220253705978 0.12554436922073364 0.115658700466156 0.1320408135652542 -0.058493804186582565
0.1104741096496582 0.146971195936203 -0.0008593418169766665 -0.15304280817508698 -0.049870941787958145 -0.02201654762029648 -0.1198679655790329 -0.007083999924361706 -0.12319523096084595 -0.016265057027339935 -0.05094879865646362 0.028580740094184875 0.04844079539179802 0.04349476471543312 0.11791694164276123 0.060818061232566833 -0.1056906133890152 -0.025226842612028122 0.1032293289899826 -0.09882570803165436 0.029342804104089737 -0.039492327719926834 -0.12867753207683563 -0.09653402864933014 -0.024807674810290337 -0.07671236991882324 -0.004072375595569611 0.03885246068239212 -0.15627537667751312 0.08597967773675919 0.16138440370559692 0.018562640994787216 0.0939583107829094 0.20006026327610016 -0.04775473475456238 -0.08650746941566467 0.0269778985530138 -0.01956430822610855 0.1185271292924881 -0.043800074607133865 -0.043570127338171005 0.030702678486704826 -0.07656169682741165 -0.03961096331477165 -0.17490585148334503 0.09047827124595642 -0.15878792107105255 -0.04613971710205078 -0.01725633069872856 0.01531363744288683 0.1551739126443863 -0.1114010140299797 0.0069315251894295216 0.09893813729286194 -0.17073869705200195 0.03398360684514046 0.07492293417453766 -0.01082624401897192 0.08903246372938156 -0.05914799124002457 0.2604009211063385 0.20197950303554535 0.07740002125501633 -0.12809839844703674 0.020008917897939682 -0.24721626937389374 0.0024128055665642023 0.01920471154153347 -0.1414409875869751 0.052122753113508224 -0.05692640319466591 0.005102925933897495 -0.1467277854681015 -0.05628536269068718 0.09530650079250336 -0.03596368059515953 -0.15660761296749115 0.00496442336589098 -0.16160796582698822 -0.05742250010371208 -0.038690365850925446 0.10825947672128677 -0.05625263229012489 0.14742958545684814 0.1082320511341095 -0.002440830459818244 0.08686869591474533 -0.05564776808023453 -0.06419095396995544 0.06615077704191208 0.07912960648536682 -0.22761106491088867 -0.05568572133779526 -0.03913697600364685 -0.10098303854465485 -0.13968102633953094 -0.10962565243244171 0.0891135185956955 -0.024411983788013458 0.147165447473526
-0.009227147325873375 -0.010176808573305607 -0.11945422738790512 -0.0729464441537857 -0.1771175116300583 0.046252258121967316 0.09610089659690857 0.09519819915294647 -0.010285402648150921 -0.09988057613372803 -0.017572294920682907 0.09284333884716034 0.03976839408278465 -0.07130496948957443 -0.04181038588285446 -0.022057190537452698 0.1118018701672554 -0.19018100202083588 -0.05755775794386864 0.10562650114297867 0.04716886207461357 0.11652673780918121 0.10362344235181808 0.1257396638393402 0.0507529079914093 0.06073411926627159 -0.022041838616132736 -0.058847472071647644 -0.12796832621097565 0.10999482870101929 0.1552162766456604 0.05053207650780678 -0.11181172728538513 0.21698224544525146 -0.004210145212709904 -0.15557381510734558 0.006644811946898699 0.18658405542373657 0.07036053389310837 -0.09895283728837967 0.10043902695178986 -0.009582644328474998 -0.028041234239935875 -0.14386321604251862 0.15053409337997437 0.06560594588518143 -0.09351474791765213 0.08841630816459656 0.01520808506757021 0.1395842730998993 -0.0569486990571022 -0.10725945234298706 -0.049707308411598206 0.022760996595025063 0.060782574117183685 -0.10412280261516571 -0.010596366599202156 0.02421068586409092 0.04967983067035675 0.07821322977542877 -0.15258145332336426 0.07143724709749222 -0.13103137910366058 -0.16411346197128296 0.06285686790943146 -0.11914485692977905 0.019654976204037666 -0.1448700875043869 -0.13719941675662994 0.06639331579208374 0.11114426702260971 0.0677616149187088 -0.02107979543507099 -0.050563301891088486 0.0728660374879837 -0.10524486005306244 0.012686166912317276 -0.05515837296843529 0.0948018729686737 -0.08705930411815643 0.17084158957004547 -0.11797112971544266 -0.0919889584183693 -0.17388591170310974 0.1244441345334053 0.11945103108882904 -0.06328964978456497 0.06442757695913315 0.14272946119308472 0.013761142268776894 -0.020447077229619026 0.09241469204425812 -0.20706596970558167 -0.04234533756971359 -0.001055769040249288 0.043885380029678345 0.11384377628564835 -0.2150396704673767 -0.04085962474346161 0.10849040001630783
0.02996617741882801 -0.01499694213271141 -0.04595306143164635 -0.09498418122529984 -0.05968500301241875 -0.126647487282753 -0.1642293483018875 -0.03797723352909088 0.07622279226779938 0.008146418258547783 -0.029653631150722504 0.03644929826259613 -0.028474241495132446 0.011243591085076332 -0.010596749372780323 -0.0021462792064994574 -0.03869772329926491 -0.018620412796735764 -0.10195667296648026 -0.045790232717990875 0.0859178826212883 0.07773435860872269 0.08857609331607819 0.15242207050323486 0.19012942910194397 -0.028453154489398003 0.01194117870181799 0.022846722975373268 -0.004089319612830877 0.016232604160904884 -0.11941418051719666 -0.04040396213531494 -0.06123833358287811 -0.04573526978492737 0.14827996492385864 -0.027636565268039703 0.029998507350683212 -0.0343196764588356 -0.006301224697381258 -0.05930967628955841 -0.06165958568453789 0.0718941017985344 -0.10862059891223907 -0.0681963860988617 -0.05886084586381912 -0.10197272896766663 0.1664828211069107 -0.11147915571928024 0.0029758133459836245 0.1369115561246872 -0.1600501388311386 -0.05989044904708862 -0.04181073233485222 0.013166205957531929 -0.1206498071551323 0.04513855278491974 0.1348218023777008 -0.17852039635181427 0.27686432003974915 0.02322341687977314 0.13018010556697845 0.02579723671078682 -0.0891297459602356 0.09260663390159607 -0.08395147323608398 0.024709146469831467 -0.07361329346895218 0.2677290439605713 0.1435951441526413 0.050930991768836975 -0.06899483501911163 -0.03357808291912079 0.12060519307851791 0.05975162610411644 0.08680971711874008 0.20074781775474548 -0.11811404675245285 -0.01639934629201889 -0.046941112726926804 -0.0732702985405922 0.1521708071231842 0.10753395408391953 -0.1866919845342636 0.09439718723297119 0.013294512405991554 0.13418826460838318 0.06971987336874008 -0.10617581754922867 -0.0017772193532437086 1.317116584687028e-05 -0.009781421162188053 0.22527176141738892 -0.014895581640303135 -0.11697181314229965 0.1608315110206604 0.14683932065963745 -0.11306025087833405 -0.13808868825435638 -0.011686480604112148 0.13374316692352295
-0.11744709312915802 -0.023921750485897064 0.008963163942098618 0.016188640147447586 -0.03862489387392998 0.01113872230052948 0.07447966188192368 0.00987082626670599 -0.1305665671825409 -0.22481004893779755 -0.1314379721879959 -0.08219324052333832 -0.05755840614438057 -0.05155434459447861 0.007441448979079723 -0.10249026864767075 0.03139670193195343 -0.03902493789792061 -0.06599908322095871 -0.035393934696912766 -0.0030942836310714483 0.06331188976764679 -0.01770966686308384 0.1764637976884842 0.03826582431793213 0.0519549697637558 0.04624800384044647 -0.10585933178663254 0.03407973423600197 0.060176949948072433 0.04483760893344879 -0.13939958810806274 0.05585947632789612 0.2465374618768692 0.20266538858413696 0.18589451909065247 0.06638473272323608 -0.045058269053697586 -0.013964418321847916 -0.13706722855567932 -0.023946475237607956 0.027712322771549225 -0.0007531607989221811 0.06859895586967468 0.06892605870962143 -0.006400141399353743 -0.006591142155230045 -0.09672293066978455 0.031074777245521545 -0.13974939286708832 -0.0757492408156395 -0.0137347262352705 0.027092302218079567 0.06452316045761108 -0.13888084888458252 -0.05917448177933693 0.04945972189307213 -0.03347605839371681 -0.20687557756900787 0.22293217480182648 0.052644651383161545 0.06918686628341675 -0.03063298389315605 0.2815099358558655 -0.030335668474435806 0.14522325992584229 -0.02113928645849228 0.17153599858283997 0.09992702305316925 -0.007648723665624857 0.07192644476890564 0.017357446253299713 0.0874982550740242 -0.1664363443851471 -0.020735440775752068 -0.13399004936218262 -0.04775707796216011 0.02438799850642681 0.1063055619597435 0.07755329459905624 -0.2041853815317154 -0.008905794471502304 -0.0818990096449852 0.10373996943235397 0.003935853019356728 -0.09179317951202393 -0.12066870927810669 0.001835611998103559 0.12099252641201019 0.02316100150346756 -0.023528991267085075 -0.15975499153137207 -0.13098591566085815 -0.029423227533698082 -0.18765892088413239 -0.12063650786876678 -0.10852537304162979 -0.06860307604074478 0.08329085260629654 0.058409880846738815
-0.16920478641986847 0.026128022000193596 -0.003260440891608596 -0.0622328482568264 -0.06470507383346558 -0.01933325082063675 -0.1152193620800972 -0.08627921342849731 0.027657004073262215 -0.11261775344610214 0.02380424551665783 -0.022392170503735542 -0.023905321955680847 -0.008210285566747189 -0.07337027788162231 0.07769886404275894 -0.1263800859451294 0.09072604030370712 -0.09440187364816666 -0.18606896698474884 0.031845301389694214 0.05600608512759209 -0.05303778126835823 0.09395286440849304 -0.031015805900096893 -0.16913987696170807 -0.016978997737169266 -0.06884125620126724 0.013714094646275043 0.034183669835329056 -0.011174971237778664 0.05677024647593498 -0.07682465761899948 0.1427043378353119 -0.11380544304847717 -0.006319629494100809 -0.12345724552869797 -0.10606379061937332 -0.08492490649223328 -0.061353761702775955 0.04439115524291992 -0.06155135855078697 -0.028742501512169838 -0.10575972497463226 -0.10940802842378616 -0.04609290137887001 0.03197212517261505 -0.036718517541885376 0.007545764558017254 -0.0827518180012703 -0.01195746660232544 0.17916348576545715 0.18569111824035645 -0.02078317478299141 0.08882267028093338 -0.0746132880449295 -0.14083923399448395 -0.02650396153330803 -0.13312822580337524 0.15471859276294708 -0.16818690299987793 -0.026637667790055275 -0.12163221091032028 -0.18060314655303955 0.05574333295226097 -0.23005054891109467 -0.044418152421712875 0.023211581632494926 0.2376677691936493 0.21073609590530396 -0.24123254418373108 0.08452904969453812 -0.007569192908704281 0.11533865332603455 -0.07218445837497711 -0.03964974731206894 -0.038711246103048325 -0.05420564115047455 -0.12301437556743622 -0.09679347276687622 0.01832212507724762 0.054232701659202576 0.09286615997552872 0.016250446438789368 -0.018184702843427658 0.05929829552769661 0.009671103209257126 0.08535926043987274 0.04633599519729614 -0.007086861412972212 -0.1686558574438095 0.07742073386907578 -0.1377367526292801 0.19894611835479736 -0.07771412283182144 0.06946159154176712 -0.12158683687448502 0.12433832138776779 0.13894276320934296 -0.04673118144273758
-0.17344778776168823 -0.06959568709135056 -0.03542983531951904 -0.15608306229114532 0.05018501356244087 0.06765992939472198 0.06558812409639359 0.09841631352901459 -0.04320536181330681 0.11632323265075684 -0.13548384606838226 0.08055514097213745 0.015526926144957542 0.0145919444039464 0.02569757215678692 -0.21125034987926483 0.1987924575805664 -0.12116335332393646 -0.0021084670443087816 -0.11479422450065613 0.03846760466694832 -0.0005204894696362317 0.21894113719463348 0.04620574414730072 -0.019453154876828194 -0.05626408010721207 -0.02061004377901554 -0.17951560020446777 0.07562608271837234 -0.11566685140132904 -0.060700174421072006 -0.09155434370040894 0.16318760812282562 0.024390069767832756 1.9385988707654178e-05 -0.04925786703824997 0.007307036779820919 0.14803047478199005 -0.17479929327964783 -0.017731301486492157 -0.009344040416181087 0.035381756722927094 -0.0025030497927218676 0.18298886716365814 0.14255858957767487 -0.02566193789243698 0.08413460850715637 -0.04891136661171913 0.04190084710717201 0.07709227502346039 0.1630662977695465 0.02482844516634941 0.03932485356926918 0.2031116634607315 0.02386278659105301 0.059901077300310135 -0.08165999501943588 -0.05484660714864731 0.03724445402622223 -0.028582273051142693 0.17191781103610992 -0.005632968153804541 -0.056397367268800735 -0.15311142802238464 0.16812053322792053 -0.07117386162281036 -0.023473985493183136 -0.07126783579587936 -0.007832488045096397 -0.14029785990715027 0.04448826238512993 -0.02386585995554924 0.04100802168250084 -0.010462054051458836 -0.0224769189953804 0.11693686991930008 -0.1264079362154007 -0.08598724007606506 -0.08570228517055511 -0.1279376894235611 -0.08448287099599838 0.0511283241212368 -0.1289522796869278 -0.01955060288310051 -0.10481108725070953 -0.03363485261797905 0.004261509049683809 0.02991384267807007 -0.16366638243198395 0.03993774950504303 -0.040403954684734344 -0.10839208960533142 -0.07965251058340073 0.04290233179926872 -0.08544842898845673 0.2643967568874359 -0.045985475182533264 0.08615389466285706 -0.004149426706135273 -0.21807898581027985
0.018027115613222122 0.13370364904403687 0.06651102751493454 0.10052868723869324 0.17091721296310425 0.09684368222951889 0.010254467837512493 0.07649783045053482 -0.10939235985279083 0.07665684074163437 0.05746406316757202 0.04293293133378029 0.024638758972287178 0.03739260882139206 0.02866281196475029 -0.3139486312866211 -0.008402199484407902 0.10738293826580048 -0.060258567333221436 -0.02351466380059719 0.011175892315804958 0.05157532915472984 0.003860780270770192 -0.17125259339809418 -0.10343288630247116 -0.0716734528541565 0.02229074016213417 -0.17885978519916534 -0.11036203801631927 -0.08258576691150665 0.06879878789186478 0.13854439556598663 -0.08773098140954971 0.20751339197158813 0.04690161347389221 -0.05665909871459007 -0.07269874960184097 0.01431768573820591 -0.033895619213581085 0.035864394158124924 0.0372188575565815 0.16780699789524078 -0.11675171554088593 0.05581106245517731 -0.10285647213459015 -0.09223015606403351 0.03300092741847038 -0.08543995022773743 -0.10473048686981201 0.10613522678613663 0.15694667398929596 0.10374456644058228 0.08190799504518509 -0.04557577148079872 -0.13874615728855133 -0.09229715913534164 -0.10632801055908203 -0.03671569377183914 0.09435805678367615 0.05343638360500336 -0.11120861768722534 -0.1693292260169983 -0.028174495324492455 0.13574399054050446 -0.04248913377523422 0.006352230906486511 -0.08669308573007584 -0.015676576644182205 -0.04888999089598656 0.25301817059516907 -0.0638340562582016 0.025684939697384834 0.06646457314491272 -0.11187770962715149 0.07515029609203339 0.05890569090843201 -0.02387266792356968 -0.04460224509239197 -0.0009468593634665012 -0.07217089831829071 -0.042265888303518295 0.0791749432682991 0.04924049973487854 -0.1373172104358673 -0.014319662936031818 -0.18752582371234894 0.0010986991692334414 -0.16050812602043152 0.18406744301319122 0.015609821304678917 0.07183258980512619 -0.03409028425812721 0.11369171738624573 -0.14018718898296356 0.15513208508491516 0.02489076368510723 0.16145576536655426 -0.09278589487075806 0.07093098014593124 0.001386504271067679
-0.09532155096530914 -0.012940124608576298 -0.06760431826114655 0.015384679660201073 0.010863887146115303 0.17296117544174194 0.10181387513875961 0.21828895807266235 0.014356357976794243 -0.016252299770712852 0.13602744042873383 -0.018370991572737694 0.11078116297721863 0.06331270933151245 0.020804330706596375 0.08921248465776443 0.055193278938531876 0.04625875502824783 0.03182559087872505 0.003952207043766975 -0.17879299819469452 0.10559625923633575 0.024068022146821022 0.10857745260000229 0.13525496423244476 0.011249048635363579 -0.18008558452129364 -0.005906452424824238 -0.10771792382001877 -0.1811658889055252 0.09386814385652542 0.003898845985531807 0.05571230128407478 -0.24635547399520874 -0.007818053476512432 0.16008546948432922 0.018242916092276573 -0.0172054935246706 0.06150015816092491 0.04477665200829506 0.1659262478351593 0.13137699663639069 0.015138783492147923 -0.06788444519042969 -0.17351572215557098 -0.02975200116634369 0.01787860505282879 -0.07985500991344452 -0.10696997493505478 -0.16579213738441467 -0.059769388288259506 -0.04812052473425865 -0.010112658143043518 -0.025465844199061394 -0.06218881532549858 0.05477026849985123 -0.08293389528989792 -0.14394669234752655 0.10161303728818893 0.17864692211151123 -0.03274889290332794 0.01149246096611023 -0.10778168588876724 0.028621433302760124 0.18608565628528595 -0.0769878476858139 0.08570080250501633 -0.14480237662792206 0.03294091671705246 0.0492338202893734 -0.1455073356628418 0.14848124980926514 -0.10090873390436172 -0.036235008388757706 -0.05500589683651924 0.07658485323190689 -0.04259011521935463 0.16004151105880737 -0.049926117062568665 0.012975793331861496 0.0148465596139431 -0.14533811807632446 -0.1587582528591156 0.06017693877220154 -0.12493536621332169 -0.04869023337960243 0.0976184755563736 0.10563874244689941 -0.08846785873174667 -0.14901608228683472 0.05028821900486946 -0.1248774453997612 -0.04644624888896942 -0.15019835531711578 0.04604039713740349 -0.1316644698381424 -0.059102777391672134 -0.12990817427635193 -0.0266078133136034 -0.02496672049164772
0.11394098401069641 -0.0563666895031929 0.07370501011610031 -0.018045397475361824 -0.15765731036663055 -0.10952676087617874 0.20947222411632538 -0.028061525896191597 0.04571881517767906 0.26003298163414 0.16202397644519806 0.19671949744224548 -0.01085632760077715 0.017375925555825233 -0.16029255092144012 -0.0863695815205574 0.0969160869717598 -0.04619643837213516 0.17131604254245758 -0.040755629539489746 0.18689008057117462 -0.052421361207962036 0.001996101811528206 -0.08085011690855026 -0.03760626167058945 0.10917215049266815 -0.056500278413295746 0.02836463414132595 -0.20035159587860107 0.017650973051786423 0.03868688642978668 -0.06364840269088745 -0.2411746233701706 -0.005917907692492008 0.14427490532398224 0.050550252199172974 -0.010995090939104557 0.15817274153232574 0.040807709097862244 -0.1671622097492218 -0.04282652586698532 0.10734601318836212 -0.023262562230229378 -0.11635974794626236 0.002658550627529621 -0.04257078096270561 -0.02557835355401039 0.09504719078540802 0.042982228100299835 -0.16218158602714539 0.06358500570058823 -0.06840121746063232 0.003738158382475376 0.018488220870494843 -0.07576566934585571 -0.018539035692811012 -0.07295145094394684 -0.15539704263210297 -0.08840519189834595 0.11259118467569351 0.051890499889850616 -0.1285853087902069 0.07093080133199692 -0.03080390766263008 0.0213896706700325 -0.008838350884616375 0.2281031310558319 0.08355768769979477 0.06175340712070465 0.011718430556356907 -0.014707636088132858 -0.10352497547864914 0.05681157112121582 0.04265018552541733 0.026517225429415703 -0.004100164398550987 -0.0029567114543169737 0.2237185537815094 -0.11117483675479889 -0.0632319375872612 -0.05707652494311333 -0.044769492000341415 0.02539132535457611 0.12320856750011444 -0.10603415220975876 0.009152542799711227 -0.05326664447784424 -0.10829669237136841 0.02793865092098713 0.02637743018567562 -0.05298256874084473 0.15212702751159668 -0.03640671446919441 0.03021480143070221 -0.08266641944646835 -0.05160951241850853 0.041246041655540466 0.19571952521800995 0.09638158231973648 -0.04949251189827919
-0.004818329121917486 0.0421651266515255 0.012040120549499989 -0.1302848905324936 0.09338051080703735 -0.11235712468624115 -0.005363409873098135 -0.09995583444833755 0.009100799448788166 -0.14395108819007874 0.09571843594312668 0.09755314141511917 -0.05115501210093498 0.013848699629306793 0.16838982701301575 -0.0009260099614039063 0.11354969441890717 -0.20335166156291962 -0.05411657691001892 0.15991437435150146 0.06388167291879654 0.013439815491437912 -0.09179771691560745 0.015786439180374146 0.038398828357458115 -0.17121060192584991 -0.2079794555902481 0.0519261509180069 0.03910382091999054 -0.13434955477714539 -0.02058725245296955 -0.04930473119020462 -0.08620383590459824 0.0003437425766605884 -0.013505266979336739 0.17109602689743042 -0.018350495025515556 -0.051198218017816544 0.0705551952123642 -0.0494721382856369 -0.10885970294475555 -0.040256317704916 0.005195453763008118 -0.00015235690807458013 0.0442826934158802 0.14195245504379272 0.10114257782697678 0.06443863362073898 -0.03248671069741249 -0.10725344717502594 0.07261813431978226 0.028846818953752518 0.05680902302265167 -0.031424835324287415 -0.22215257585048676 -0.04247063398361206 0.038781795650720596 -0.00518473656848073 -0.08120891451835632 -0.31187891960144043 -0.12347469478845596 0.05686120316386223 -0.2541128695011139 -0.0031552044674754143 -0.10041572898626328 0.04994358867406845 0.229245126247406 -0.08880786597728729 -0.0342518649995327 -0.05377393588423729 -0.008889736607670784 0.06649687141180038 0.13059215247631073 0.040968652814626694 0.07075507938861847 0.009259173646569252 0.10497849434614182 -0.07824037224054337 -0.10223041474819183 -0.09132397174835205 -0.013934595510363579 0.15620440244674683 -0.06172729283571243 -0.07322592288255692 -0.16133369505405426 -0.12650780379772186 0.22782312333583832 0.021238572895526886 0.09447132050991058 -0.0935354083776474 -0.019552065059542656 -0.024749306961894035 0.004440507385879755 0.04868040978908539 -0.11413784325122833 0.03510987386107445 0.06911098957061768 -0.04452567920088768 0.03486790508031845 0.10802284628152847
0.03705732896924019 0.06891938298940659 -0.027957692742347717 0.09984446316957474 -0.11646619439125061 0.08994685113430023 0.05601945146918297 0.07217838615179062 -0.15525220334529877 0.03041633777320385 -0.10062184184789658 -0.06038204953074455 -0.07709088921546936 0.000563449808396399 0.09178955107927322 0.10776007920503616 -0.16142834722995758 -0.12873712182044983 -0.24042832851409912 0.029963817447423935 -0.0322503000497818 -0.10650847107172012 0.005681157112121582 -0.15378378331661224 0.18296504020690918 -0.06700583547353745 0.035468943417072296 0.004256373271346092 0.0304584801197052 -0.07839721441268921 -0.11633602529764175 0.0809319019317627 -0.021521219983696938 -0.038346752524375916 0.07656992226839066 -0.2567181885242462 -0.1354447901248932 -0.001165802008472383 0.0329732745885849 -0.16700777411460876 -0.07428694516420364 0.12435516715049744 0.11901246011257172 -0.0502488873898983 -0.01700260303914547 0.049518030136823654 0.07979436963796616 -0.038596853613853455 -0.1497875303030014 -0.11782895028591156 -0.04699048399925232 -0.11624138057231903 0.0038097116630524397 -0.06818284839391708 -0.08963728696107864 0.014440352097153664 0.0050008054822683334 0.2052098512649536 -0.07643123716115952 0.031503789126873016 0.01802915893495083 -0.10736185312271118 0.20446883141994476 -0.21070128679275513 0.10837609320878983 0.06859541684389114 -0.038679953664541245 -0.02990073151886463 0.10550278425216675 -0.08089432120323181 0.03904220089316368 0.07659055292606354 0.04033801704645157 -0.11260367184877396 0.0723041519522667 -0.0741218701004982 0.08245385438203812 0.11353566497564316 0.029418259859085083 -0.2555747926235199 -0.05803887918591499 0.003932926803827286 -0.15119338035583496 0.08568931370973587 -0.003834284609183669 -0.0715256854891777 -0.03210178762674332 -0.0666828453540802 -0.03669718652963638 -0.1121060773730278 -0.10908722132444382 0.019193710759282112 0.15607599914073944 0.10546167939901352 -0.012456243857741356 0.06954353302717209 -0.044825851917266846 -0.14123931527137756 0.12409687042236328 -0.016086582094430923
-0.04291732609272003 0.02114836312830448 0.019619407132267952 -0.010630040429532528 -0.00222726259380579 0.24281924962997437 0.1576220840215683 -0.07559284567832947 -0.08468054980039597 -0.022459445521235466 -0.17030954360961914 0.006312466226518154 -0.006799838040024042 0.035935163497924805 0.05300293117761612 -0.0062172189354896545 -0.16064655780792236 -0.0826980248093605 0.03235002979636192 -0.08317190408706665 0.11482583731412888 -0.07424056529998779 0.12932053208351135 0.07712411880493164 -0.048136770725250244 -0.04475222900509834 -0.14333215355873108 0.06694022566080093 -0.18846558034420013 0.15383152663707733 -0.10558399558067322 0.054666779935359955 0.06333497911691666 -0.06240764632821083 -0.06554494053125381 -0.01758773997426033 0.10270009934902191 0.07271299511194229 -0.016596024855971336 0.09936709702014923 0.07906844466924667 -0.0012065703049302101 -0.13525666296482086 -0.010273638181388378 -0.1066625714302063 0.24758373200893402 0.0036334339529275894 -0.08444172143936157 -0.11797318607568741 0.014982318505644798 -0.11970598995685577 -0.050808556377887726 0.14405037462711334 -0.023419775068759918 -0.10334628820419312 0.06473922729492188 0.023125745356082916 -0.07443386316299438 -0.029832873493433 0.09939505159854889 -0.056853268295526505 -0.11769832670688629 -0.12714867293834686 0.16155347228050232 0.03151322528719902 0.06868946552276611 0.1710907518863678 -0.057383276522159576 0.0051882266998291016 -0.19391301274299622 -0.07340680062770844 -0.09396563470363617 0.1362936645746231 -0.05668856203556061 0.020957238972187042 -0.18590062856674194 -0.020168505609035492 -0.04866935685276985 0.020212886855006218 -0.015006492845714092 0.13346005976200104 0.1472637951374054 0.2506420910358429 0.091380774974823 0.14050108194351196 0.06392750889062881 0.07043643295764923 0.0062410575337708 -0.13642427325248718 0.1612137407064438 -0.14551019668579102 -0.01845783367753029 0.0350990816950798 0.01673194393515587 0.145625039935112 0.044537659734487534 0.09209541976451874 0.011750778183341026 -0.058549392968416214 -0.05539104714989662
0.07804431021213531 -0.06827317178249359 0.02141009084880352 0.16371040046215057 -0.03797842562198639 0.02604825049638748 0.019399428740143776 0.031055402010679245 -0.08389696478843689 -0.13066889345645905 -0.03773183375597 0.06986745446920395 -0.06026575714349747 0.02750670351088047 0.18775233626365662 -0.029259052127599716 0.08931583166122437 0.027212051674723625 -0.11033079028129578 -0.18602339923381805 0.03866076096892357 -0.1299927681684494 0.07284211367368698 -0.0064959535375237465 -0.02527424693107605 0.004044628702104092 0.010336052626371384 0.16801822185516357 -0.02490766905248165 -0.08638700097799301 0.023458316922187805 0.028936224058270454 -0.039615266025066376 -0.04251118749380112 0.04333077371120453 0.0559530146420002 -0.11048736423254013 -0.156514972448349 0.0033449213951826096 -0.03646326810121536 -0.09485766291618347 0.028454797342419624 -0.10801921039819717 0.09303541481494904 0.17905095219612122 0.1141948327422142 -0.06132747605443001 0.013881562277674675 -0.11554622650146484 0.0430724173784256 -0.03939669206738472 -0.08365797996520996 -0.07113004475831985 0.048676446080207825 0.13305595517158508 -0.025896966457366943 -0.13513286411762238 -0.12050481885671616 0.02772543951869011 0.0385957807302475 -0.1581363081932068 0.20798282325267792 -0.06878244131803513 -0.16298335790634155 -0.053764235228300095 0.1289159506559372 -0.012556959874927998 0.1443561464548111 -0.14621368050575256 0.036782532930374146 -0.138950914144516 -0.06365864723920822 -0.22743915021419525 -0.050541240721940994 -0.12441909313201904 -0.04688510298728943 0.019145512953400612 -0.04899090528488159 -0.024971622973680496 -0.005187924485653639 0.030277440324425697 0.05649152025580406 -0.07033263891935349 0.17809654772281647 -0.11082905530929565 0.0702667161822319 0.07325021177530289 0.015032057650387287 0.04314110055565834 0.23926183581352234 0.21298587322235107 0.11539282649755478 0.01146711315959692 -0.060801684856414795 0.015806855633854866 -0.05957679823040962 0.07400261610746384 -0.047009266912937164 0.2161967009305954 -0.2339605987071991
-0.11911572515964508 -0.0024507222697138786 -0.11336839199066162 -0.04802413657307625 -0.05791208893060684 -0.08859501034021378 0.09997963160276413 -0.04471912980079651 0.07248490303754807 0.08347808569669724 0.2565222978591919 -0.12226828187704086 -0.02119387499988079 -0.11335569620132446 -0.1137240007519722 0.06985634565353394 -0.15780745446681976 0.08288644999265671 -0.16336274147033691 -0.08319787681102753 0.006146333646029234 0.08847209811210632 0.02373574487864971 -0.08566879481077194 -0.07209742069244385 -0.0927777960896492 -0.10605406016111374 0.079371377825737 -0.006249755155295134 -0.008561809547245502 0.027819881215691566 -0.023505061864852905 -0.07243835180997849 -0.0385492742061615 0.02036239765584469 0.09689758718013763 0.12067384272813797 0.0177152119576931 -0.054296549409627914 -0.028597936034202576 0.11421447992324829 -0.08792997151613235 0.15604464709758759 0.16455093026161194 0.15659281611442566 -0.018144624307751656 -0.015847591683268547 -0.021816138178110123 0.047061823308467865 0.028565602377057076 0.2029723823070526 -0.118521548807621 0.04270382598042488 -0.030312953516840935 -0.12359990179538727 0.16440044343471527 0.027677327394485474 0.16940544545650482 0.09247886389493942 0.2082407921552658 0.06652898341417313 0.18220371007919312 -0.18107253313064575 -0.03045194409787655 -0.044031862169504166 0.005020935088396072 -0.033829305320978165 0.0671888217329979 -0.007162964437156916 0.16230633854866028 0.08412618190050125 -0.06130645051598549 -0.002026441041380167 0.09562674909830093 0.2942809760570526 -0.13763083517551422 0.12747642397880554 0.022373750805854797 0.151220440864563 -0.1055629774928093 -0.06895547360181808 0.03315036743879318 0.05429863929748535 0.04289078712463379 0.04414850473403931 -0.13334479928016663 0.058717142790555954 0.04613432660698891 -0.18666988611221313 0.1107887551188469 0.08733300864696503 0.015164223499596119 0.017699074000120163 -0.028724420815706253 0.07285292446613312 0.037579260766506195 0.034260500222444534 -0.0439235083758831 0.03051479160785675 -0.08538985997438431
0.041520703583955765 0.055525459349155426 -0.026451274752616882 0.1538257896900177 -0.049620967358350754 0.047697603702545166 -0.26936620473861694 -0.0032139860559254885 -0.10925647616386414 -0.1490679532289505 0.16764116287231445 0.1385565847158432 -0.08646449446678162 -0.006973447743803263 -0.12742483615875244 0.067600779235363 0.010106281377375126 -0.11910361051559448 -0.10042788088321686 0.016192199662327766 -0.04224252328276634 0.016871243715286255 0.08268678188323975 -0.10641992837190628 -0.1868741363286972 0.05716407299041748 -0.0019756408873945475 -0.13396437466144562 -0.21182100474834442 0.006922806613147259 -0.003929283935576677 -0.20785975456237793 -0.02329075150191784 -0.0672447681427002 -0.06201932579278946 0.015275650657713413 -0.06704606860876083 -0.0798390582203865 0.019235258921980858 0.10803525894880295 0.11298434436321259 -0.028637683019042015 0.1262897253036499 -0.0912017673254013 -0.07508035749197006 0.01777241751551628 0.006771251559257507 0.14891915023326874 -0.12642250955104828 -0.05158323794603348 0.008596067316830158 -0.10655281692743301 0.16796433925628662 -0.04826033115386963 0.017632009461522102 0.06482604891061783 0.011532955802977085 -0.04187793657183647 -0.15418623387813568 -0.09274416416883469 0.14309515058994293 0.0013809894444420934 -0.16498754918575287 -0.032068319618701935 -0.06358470022678375 0.0011294824071228504 -0.12303491681814194 -0.03072894550859928 0.03216646984219551 0.013326079584658146 0.10024962574243546 -0.1826200932264328 0.08412101864814758 -0.1874803602695465 0.0004712341178674251 0.17041173577308655 -0.05375024303793907 -0.023626981303095818 0.041402749717235565 0.01778736151754856 -0.10461589694023132 -0.052947718650102615 -0.12214601784944534 0.1615259200334549 -0.049486082047224045 0.12825186550617218 -0.13619326055049896 0.185846209526062 0.08612313121557236 0.06359223276376724 -0.03441407531499863 -0.07379657030105591 0.02556067891418934 -0.03050377406179905 0.14553862810134888 0.14729727804660797 0.0947847068309784 0.08706174790859222 -0.027186885476112366 0.017621401697397232
0.0714864507317543 0.00012753209739457816 0.04970173165202141 0.010476860217750072 0.17432983219623566 -0.007326705846935511 -0.03896903619170189 0.026718413457274437 -0.0042402190156280994 -0.05375214293599129 0.18410442769527435 -0.0836162269115448 -0.1469687968492508 -0.02691788785159588 0.0527709499001503 0.2518373727798462 -0.05734964460134506 -0.05615280568599701 0.15416111052036285 0.05401886627078056 0.08025284111499786 -0.020250683650374413 -0.0729367658495903 0.054986391216516495 0.09235239773988724 0.05095731094479561 0.3394622504711151 0.1664152294397354 -0.03275958448648453 -0.031568560749292374 -0.05647452175617218 0.015918230637907982 0.1075541153550148 0.1521732658147812 -0.007129409350454807 -0.049663104116916656 -0.04002233222126961 0.08263236284255981 -0.02822146750986576 -0.01416163332760334 0.08951594680547714 0.13638976216316223 0.13782274723052979 0.08044824749231339 0.10797341167926788 -0.03008921444416046 -0.10275141894817352 0.07111271470785141 -0.04508475214242935 0.12531226873397827 -0.06815806776285172 0.03365454822778702 0.11390478163957596 0.21969641745090485 -0.14504919946193695 0.017439689487218857 0.016222262755036354 -0.06977055966854095 -0.12952102720737457 -0.042117632925510406 -0.031133953481912613 -0.03613463416695595 -0.1530129313468933 0.04521728679537773 0.12909917533397675 -0.030725941061973572 0.09379598498344421 0.02476661093533039 0.03851251304149628 0.039093706756830215 -0.1350400149822235 0.04516344144940376 0.0002911592600867152 -0.15724626183509827 0.058206960558891296 0.09116775542497635 0.0673539936542511 -0.07947168499231339 0.03458566591143608 0.04986623302102089 0.1508343517780304 -0.008091136813163757 -0.034876469522714615 -0.002731391228735447 -0.018182186409831047 -0.10786834359169006 -0.13905452191829681 -0.1645670235157013 -0.21140757203102112 -0.16359521448612213 0.024678945541381836 0.06350944936275482 -0.15729616582393646 -0.035173289477825165 0.07845532894134521 -0.0005642093019559979 0.09870360046625137 0.08294392377138138 0.0734749436378479 -0.14502081274986267
0.10664334148168564 0.030163228511810303 -0.14645594358444214 -0.03530837222933769 -0.017381325364112854 -0.1292901486158371 0.009796634316444397 0.0865636020898819 -0.07902637124061584 -0.032430775463581085 -0.17699697613716125 0.03669358044862747 -0.050428953021764755 -0.05648793652653694 -0.11268454045057297 -0.15207158029079437 0.0986994057893753 -0.2745526432991028 -0.18024592101573944 0.03240940719842911 -0.004140757955610752 0.07971696555614471 0.07075081020593643 0.019712384790182114 0.009448250755667686 -0.09715021401643753 0.0560104176402092 0.13901378214359283 -0.03946709260344505 0.05602465569972992 -0.0482904352247715 0.16822519898414612 0.15858229994773865 -0.15442167222499847 -0.02043931558728218 -0.11348197609186172 -0.011464337818324566 -0.10642240941524506 -0.07755771279335022 -0.18464621901512146 0.15141944587230682 0.04536496102809906 0.10445751249790192 -0.0892079621553421 -0.045939359813928604 -0.0035583938006311655 -0.010946167632937431 0.13051873445510864 -0.012669138610363007 -0.04899067059159279 0.05775654315948486 0.06450130045413971 0.012814290821552277 -0.09119414538145065 0.008587544783949852 0.18280598521232605 0.07730479538440704 -0.0127340666949749 0.13829855620861053 -0.020457038655877113 -0.14571206271648407 -0.03177212178707123 0.025724105536937714 0.1831885576248169 -0.07115139812231064 -0.11540580540895462 -0.06955205649137497 -0.05622731149196625 0.006596333347260952 0.07952729612588882 0.004151505883783102 -0.09107853472232819 -0.015252147801220417 -0.030033539980649948 0.07007456570863724 0.09960232675075531 -0.053600359708070755 -0.11973647028207779 0.08327150344848633 0.012161044403910637 0.0464901439845562 -0.06948181986808777 0.195169597864151 0.10959295183420181 -0.09246823191642761 -0.11979077011346817 0.042347364127635956 -0.014878855086863041 0.04238622263073921 -0.043843332678079605 0.02804424613714218 0.06933299452066422 -0.041283510625362396 -0.10371076315641403 -0.21519050002098083 -0.2109229564666748 -0.08852465450763702 0.20549634099006653 -0.029870595782995224 -0.15208026766777039
-0.10566875338554382 0.13113197684288025 -0.08005128800868988 -0.010123147629201412 0.07754577696323395 -0.12286927551031113 -0.004213027190417051 -0.022591840475797653 0.026065343990921974 -0.019772740080952644 -0.11907244473695755 0.15002936124801636 0.065772645175457 0.08252012729644775 -0.13031288981437683 0.2530863583087921 -0.2041407823562622 -0.10419101268053055 -0.04320437088608742 -0.1970633715391159 0.09000484645366669 0.12443261593580246 0.02603917568922043 0.06296727061271667 -0.032209865748882294 0.2116522341966629 0.09370775520801544 -0.1194458082318306 -0.017163259908556938 -0.14458006620407104 -0.06787087023258209 0.0048706308007240295 -0.016197718679904938 -0.11294271051883698 0.12335063517093658 -0.012635652907192707 -0.019213486462831497 0.014531880617141724 0.02006256766617298 -0.05762927979230881 -0.13325092196464539 -0.009457647800445557 -0.14650361239910126 0.0414646677672863 -0.14201605319976807 -0.03768163174390793 0.17487260699272156 -0.0037898439913988113 -0.03123565763235092 -0.07846616953611374 0.052978865802288055 -0.025048548355698586 -0.020842386409640312 0.015447893179953098 -0.036128509789705276 -0.13124941289424896 -0.14329896867275238 -0.05040792375802994 0.08048760145902634 -0.057246915996074677 0.0680614709854126 0.048668354749679565 0.020683545619249344 -0.11685098707675934 -0.10218766331672668 -0.050104979425668716 0.03621693328022957 -0.12171533703804016 -0.026391634717583656 0.061947308480739594 0.0016837691655382514 -0.10033625364303589 0.09073255211114883 -0.11586831510066986 -0.004083707462996244 -0.23924507200717926 0.11622748523950577 -0.09920105338096619 0.21140822768211365 0.11413294076919556 0.0015858631813898683 0.05674886703491211 0.034989047795534134 -0.20864377915859222 -0.21139070391654968 0.11978990584611893 -0.07425067573785782 -0.10836519300937653 -0.08074317127466202 -0.03584546968340874 0.12993836402893066 -0.07042961567640305 -0.024632539600133896 -0.04517517611384392 -0.04451991617679596 -0.1111832708120346 0.013671762309968472 0.004531473852694035 -0.08626753091812134 -0.07466064393520355
-0.031038084998726845 0.09714771807193756 -0.15160614252090454 0.14845022559165955 -0.057887621223926544 0.03679169714450836 -0.13144084811210632 0.07874829322099686 -0.017609482631087303 -0.026762239634990692 -0.10726823657751083 -0.008010528050363064 0.12519122660160065 -0.2231913059949875 0.1411687731742859 -0.09558182209730148 -0.0649418756365776 0.009958699345588684 0.09463024884462357 -0.018523896113038063 0.002885726746171713 0.05049694702029228 -0.10866740345954895 0.1152150109410286 0.07489117234945297 0.041464440524578094 0.0016041427152231336 -0.26936468482017517 -0.04747035726904869 0.19448234140872955 -0.02630683034658432 -0.10404249280691147 -0.0069492897018790245 -0.021352048963308334 -0.01888498291373253 0.0755787044763565 0.10340947657823563 0.119047611951828 0.11162339895963669 -0.007939405739307404 0.06974481046199799 -0.10195180773735046 -0.06837248057126999 0.0757371187210083 0.08974690735340118 0.12715575098991394 0.06831282377243042 0.13248780369758606 -0.07448962330818176 -0.08764899522066116 -0.07652503252029419 0.17370307445526123 -0.07508881390094757 -0.00040613411692902446 -0.08543410152196884 0.08581758290529251 0.07773575186729431 0.148246631026268 0.0502813346683979 -0.008913311176002026 0.061519067734479904 -0.09845362603664398 -0.04317604750394821 -0.041150689125061035 0.05454574152827263 -0.08813595771789551 -0.04808148369193077 0.1768142431974411 0.0352807380259037 -0.080884650349617 -0.060619618743658066 0.07198923081159592 -0.2114143669605255 -0.07924582809209824 0.19534988701343536 0.09277449548244476 0.16335812211036682 0.18285205960273743 -0.09304358810186386 -0.0013593853218480945 0.11535218358039856 0.06004121154546738 0.07461439073085785 -0.12161824852228165 -0.26921460032463074 0.01960461400449276 -0.031904153525829315 0.000596346624661237 0.03682497888803482 0.045635491609573364 0.1034623384475708 0.07936609536409378 0.09426660090684891 0.06535442918539047 0.018984943628311157 -0.031126491725444794 0.07147872447967529 0.12416742742061615 0.06353747099637985 -0.07128563523292542
-0.15766261518001556 0.15513363480567932 0.1046910434961319 -0.025895146653056145 0.05408449098467827 -0.12430734932422638 0.1936795860528946 -0.014395649544894695 0.09531472623348236 -0.058786384761333466 -0.12534552812576294 -0.06581078469753265 -0.00563467713072896 0.0653558149933815 0.08477115631103516 -0.18301062285900116 -0.09930279105901718 -0.04338514059782028 0.1716858148574829 -0.16876134276390076 -0.10050894320011139 -0.0682477355003357 -0.22209003567695618 0.10206063836812973 -0.20523115992546082 0.15228724479675293 -0.08131223171949387 0.08326340466737747 0.17367404699325562 -0.010711842216551304 0.024123793467879295 0.10386866331100464 0.009903320111334324 -0.017146259546279907 0.1467386931180954 -0.1601632982492447 -0.06323875486850739 -0.10170694440603256 -0.07107103615999222 0.055423539131879807 0.03501281887292862 0.08582877367734909 0.1575334072113037 0.03417116031050682 0.03489982336759567 0.02799837291240692 0.006980380043387413 -0.0894765704870224 -0.032425083220005035 -0.19451026618480682 -0.040277641266584396 -0.05416399613022804 0.05111776664853096 0.20579218864440918 -0.06830765306949615 0.050061631947755814 0.1168324425816536 0.053596410900354385 0.05651845782995224 -0.07301991432905197 0.02104680985212326 0.03614961728453636 -0.11432110518217087 -0.012826974503695965 0.06484291702508926 -0.08881668746471405 -0.06298515200614929 -0.14350569248199463 -0.027228286489844322 0.08680854737758636 0.0555296428501606 -0.13858018815517426 -0.025483381003141403 -0.019653037190437317 0.03933706507086754 0.06394831091165543 0.012743702158331871 0.04957907274365425 -0.09704875200986862 -0.013929191045463085 -0.03651975467801094 -0.06294277310371399 0.037573203444480896 0.10990329831838608 -0.06761404871940613 0.13862453401088715 -0.11712931841611862 0.1340028941631317 0.0798473209142685 -0.04347168654203415 -0.052724648267030716 0.26154670119285583 0.014943624846637249 -0.046048130840063095 0.06083117797970772 0.016021471470594406 0.14674845337867737 -0.09165788441896439 -0.014326629228889942 0.12051717936992645
