30.367071723789365 -17.313247349258077 -33.82293020030906 -31.27078085393957 -41.38883899416148 26.281819202238907 -20.552388381217668 -21.103739705194442 -56.98696956742837 -95.66091107204129 -27.999545809686595 -42.8957412342391 -67.31753654929977 -84.94675199468675 -34.951951461752 -73.1454748089761 -16.304939697875653 -22.41025362707674 -8.199214081549243 -24.68597078203689 -20.855346975956323 87.7525638306989 -72.19185056248867 -6.265703568910936 19.254667616020598 -48.57996487534426 -9.025001812024968 8.5707499431891 -28.40503183826921 69.82086380583326 -57.35026122505984 94.22852134439594 -74.19655068498805 90.65386717557013 -76.12323896697795 78.09146806783255 75.74975170100899 -19.565794425840053 -63.935621395627116 -72.62024306921603 -6.751432103565037 -46.23202657444567 -39.3237391269579 -31.6242123979342 23.531389235335666 -46.86900710612083 17.583952722787103 26.20006309612917 -74.4423208314908 -2.0914687195018047 36.1875007734908 -46.25034387655922 -93.37144416865726 -87.38152977228486 51.75782060781901 51.82007993659846 -28.028554937720514 -52.96672350301763 17.094907265849017 86.45449253994963 -65.24571602761861 -64.90373350283866 37.16720601968325 -84.03619448783218 29.98373128915773 -26.868575323571903 -27.79963672154618 17.23728565599565 79.11352558107944 -28.57506039963431 -27.03472907457507 94.96080352312731 -49.22955154214763 12.337650709443679 -11.537852572101784 25.7967952459599 90.91190750071095 55.410912033724486 -44.120016826692066 24.508569195705803 65.72543890586391 -82.36802736518882 13.177404816186296 -2.9522403643377686 37.768202968557745 49.80891877337223 90.87415838074861 -19.622540516943104 13.545455332372242 -95.01546095380988 -10.014292387139704 39.94246362664117 41.423734680388065 14.140879394120446 76.82337614181287 76.46800971736866 -96.470733818481 -78.29485423969153 82.51672561408046 97.35074667138127 -28.696789451709577 72.989630071964 -76.40236198648381 68.99052592308342 -82.03293653787168 -64.48820376939622 7.78089578068672 -40.79855248278963 27.842722230979263 -42.9316320263482 -47.720375242126714 28.953274706624313 -79.06352521227751 -10.161502073276594 54.277756040191946 8.3730811191856 -70.96914428724446 -43.95458098169791 32.051988594163845 24.165199479089566 18.508066423775645 -55.557678809777066 -11.28542451198156 41.5418884761489 -25.92080983872674 33.49610032938705 45.50517509289605 79.83871657577149 27.10664514390693 -92.0110898852041 48.23698875705276 5.353722765966836 -15.412043360488624 -77.25349968471704 42.93098702371452 -30.298247288760578 71.17709693892476 33.50712959729148 -95.00634951127014 -50.580223083412456 -75.67890085291542 50.16288570054803 18.029857750020568 -81.35105515525487 -6.136416302359038 90.63831895710189 -95.37772861341212 79.82454559703262 -58.33205777133574 -90.61617573646083 -3.007640345633277 73.26263261911456 51.221947677650036 -56.4903451899438 77.29107703567959 -98.93646908088472 -36.84844741150219 -28.015196735071186 49.14149912429312 81.6522004476459 -88.78714853410693 33.072939058272084 40.04263213353053 -17.823170798352976 -13.650275404380892 -66.19424027581542 59.77486506072046 42.15062679321497 16.48184931130274 -1.3849164556306306 -91.86362896682472 63.745533796498535 4.532356452324706 0.8635015558809727 -97.4479330216354 57.92626049700971 37.023473867970324 -2.186606340946426 -98.85722443878802 92.83104361169976 -2.7195816212756085 -54.2408925789982 -14.099665119165977 -99.22300250724456 -67.6274348631487 -95.21089147137745 -41.3613250973164 33.79555603511463 95.29494967121954 32.87853869325815 -71.26217245299756 48.882179972142694 -21.365640981866378 12.891587334153812 -33.06566031824258 52.616570635664175 -97.1422706754107 -73.73232173114113 -2.7040463663122267 -5.750040066323365
-98.22077986310775 83.56881346729361 97.3595149562461 -48.43708217395568 -37.8371291302618 32.69134969194417 -42.26135781018003 67.77108449552753 57.232057428441095 61.7335265442218 -14.983949527287479 -24.37021488158993 -44.623644703423324 -9.843070605609157 81.10541816305604 29.29882556597869 35.209354625487975 -77.23178803158399 -99.57691209029859 -71.0161120053231 -51.87795483611488 -64.20516130733958 34.173908035212634 70.30780406943006 -69.30345011681611 -36.48287694620844 -17.59785351368906 12.326439608704149 -73.17515890904798 71.14841361460483 -18.75637987162075 -93.52484551163 54.099352761065774 -81.72721866552975 -94.84864798419743 -16.73202781240235 20.979579006021282 -67.00015606987003 -36.11363395194647 63.69735327280196 10.081874929967967 93.64676873100652 69.2748998410894 -83.95268872247645 68.2771004239734 -94.47647710665433 82.02409413583723 -73.9642514217838 -36.443405722853804 -67.32964253401911 36.3682923632291 29.16617462159826 47.69559810419025 -84.51134147924215 -28.023157780111376 29.541330356272596 44.65050968313582 -95.46868189335358 82.07608374255307 85.69285694779992 -42.19962451585615 -95.8589386715107 9.015786654402064 -11.847169112095798 23.8182380391128 -64.7561804273706 29.004267552207835 -58.50410589514592 91.59514559133524 -14.723995251311422 17.652414110455 -16.641474351442014 -56.43494640419446 61.7630337322945 -6.9043315874190085 16.03910398181452 35.59294295164278 82.47229559778381 -23.295545304863396 -54.88669945799476 26.50107438703475 -44.6869992465347 -25.83101012419546 22.146219115758498 -47.586764263408845 -48.300198043853705 69.33563801011758 -82.39113861749252 -68.38399604775134 99.24274716092114 -16.757991857400583 -56.82561063485585 -94.71181967841864 13.027153701892402 42.453604267888835 11.979687323859281 27.390155759093318 -97.18421608080183 82.73477480159443 -41.10933660171143 17.492983035676062 -90.36783843426144 -42.7994604823853 -13.857125733592298 -4.402107938912536 87.28158488484897 -16.881039161135362 -35.71864650521535 23.92586838232225 23.349564913489914 -15.368704107673565 -95.6985304593254 18.08990580037164 -4.19740260094585 20.583850899533118 -38.95998950468136 12.97917262366171 24.637223554223226 -67.71794690799513 -50.765018157264976 23.960360972295035 -67.84866859885202 64.53635275493625 48.213912481179136 99.33613082172789 28.38078405285526 -2.4060606176653465 69.11206681902053 20.7252660057611 -36.992413675724364 -72.72001199855367 54.74621227520282 -74.27328490082402 79.69058816735733 -36.79296781029458 79.47295617780884 75.51490265803989 -66.59247556735431 87.33447928076598 70.31462793861516 -74.50911438128054 -5.680621818726422 -29.758521808912548 -56.386053431319304 18.958491150299707 73.76144658829799 -8.244140101563218 -64.13620238175403 57.38217724269748 -90.0375364996697 -23.746503147922013 9.59869783120655 13.320380241029568 74.53526322223553 -38.06826527568787 77.63104997355842 79.68942239867508 -47.519301802032345 -43.97809215452841 -22.995306135735376 99.62122133091282 76.57268274385385 28.540473145863672 1.8050570597627456 97.49012067894546 32.592678829357055 -13.338128558282335 -93.86564433029609 84.91805036021384 -32.1621419217426 68.30088814685556 -44.130450913096 52.21967530286332 75.22634093744466 24.600037338028898 13.720754488578606 8.535857604045844 15.805988275217246 -31.274788101129218 94.77571329363826 0.7587136233758116 50.275420539511146 -65.68578639037014 48.223960794033275 40.02077805351439 7.873348594712752 -52.983077776666086 -56.17971794475851 -92.04337804359459 90.69409897344596 12.928466308703506 -29.921922957256683 73.26046550132082 -11.9985294434847 -86.3558383660834 -34.665846166974276 88.76592240210516 40.68983133878146 85.42672159880777 38.86432145747804
16.162080598981987 2.2795274675735584 77.23670980933713 -38.19953979104849 97.84389741085718 58.98157262661519 -74.93588368009488 -45.18993087928034 58.470935872042304 -71.6522727150153 -28.261616984220964 85.88254360218303 -57.544829910438786 -8.480344494005038 98.6658762325118 -95.58854576884026 -33.915777036646006 -96.01057284320449 5.275896383288 -75.23565409911686 49.0669883902888 -82.31767303294548 -8.081893853632181 -71.4557974033124 -69.45669982647394 -27.154284044993844 75.39084584630746 -94.4471659313173 -39.04818058493831 9.576761874199647 -52.9830066430597 59.886911903384856 -71.91703967063832 -11.991785768124402 16.927516546047798 78.0394359313714 -18.920645779704444 -27.718166127029093 81.58354379953349 63.539053683173194 -19.556790826562874 60.2309231408361 -13.203358725307226 65.89731842483076 -82.90585176544671 80.31057248657805 -96.58370882057153 -61.82458802403716 -56.8625539224704 -3.214009005377477 -90.9370491401693 17.91754863154182 27.596298380838476 88.68824526872129 17.56426374744646 49.89316958358057 54.344101106256375 25.815686342288984 -85.14530873423888 53.85872526924061 -96.92055867428945 -16.021205759745243 -34.7981247622502 91.10159737385106 90.72489676442245 -22.00769155503528 -33.881407313585484 5.121142503455616 3.0781364563279965 70.93235837982715 -80.066922622394 -96.48773233377052 79.26886683280946 -31.39986769636252 45.3201967226384 70.5964268730151 11.918222291137567 -3.2072094515621217 -65.84124864883536 -14.750684238974827 -63.392378561008925 -16.80970702458957 82.81643218332988 -91.79698021963378 54.219850355508925 -36.23475771913278 41.89451349251851 11.200978611567393 32.52504490281373 97.72471683507217 -60.62090458123126 -87.74263038126495 58.494902256122515 89.20710881200228 26.661781201323834 84.38750914216354 -97.14209204286166 -82.7396058490047 94.1535152623355 -21.545978839822013 32.76056580006096 96.05833076219307 38.08176914908418 61.802333763250516 10.907024338780332 26.04986312393045 -91.83084771042553 -57.26517194615306 39.64076189028867 -89.0693113807794 -20.213474967561694 -62.09215994068986 -53.239087534526305 58.08970542730441 53.456800281227856 75.08351734250317 95.74849086630545 -64.7686114491423 90.46771342809677 24.624748299170136 73.9563294589413 -57.194369017476035 -32.62396777475361 -78.15572877211663 67.16371729150472 -33.4333634905546 46.97513432005758 21.395787233927962 93.4286126276977 -89.78440870585922 4.804601089325274 -73.09539364302239 -70.31306966016248 93.78185741649878 -22.11133883208585 -70.5999916098158 37.17007331268289 95.64114611480252 70.71149810660708 -91.70389442811478 -63.999474695078476 82.01809611532752 -35.170587724124445 -0.9639780748429843 94.80966911784265 88.16880004666638 -27.835814500971168 -28.370205684074932 98.64233629748588 5.516070727657322 88.81971394316727 -89.81142942045506 -64.36200433949665 63.71957603066565 -62.8245789251205 8.10304942736721 -93.57061102271949 41.62757099031501 23.49025058256953 -86.46341979122596 20.299805889700124 94.69912314441689 80.78773715867305 -21.576888424912013 -86.66642106385254 71.38586622055894 -32.82121068805178 65.34500152156482 0.9689181632902972 -47.64632224327625 99.03826694568426 70.61569249668273 40.86465545385764 -72.77540919391112 61.16808944617625 -92.64153248281207 -3.8594908866177633 -98.93731729860495 -66.01903920150176 -43.52957739202896 5.283209048399826 18.304648089776563 -78.30232922462827 12.964510964139109 27.77841644461067 -23.071863212192127 -38.636081974047 65.17698916317048 -1.488716322502583 -89.1634098135963 -42.225417305849966 17.57153884765657 81.93487686127406 61.968423531503845 -66.15495385457103 -91.75341263066701 -74.56239359580209 88.59473259751363 15.844517369647164 -81.32518528327708
-2.7210201163496066 49.68275127348156 22.25540966620659 3.5038295138122493 22.738238984305823 -68.85840631681002 -7.887286615222649 -4.958279362472567 39.642758069798475 72.80995973188377 71.56020706431048 28.293589339434163 24.63282985273854 2.892571662646006 -89.73001912551 -98.39292320335566 -14.299091817749556 -32.56099804538208 42.602015446935525 30.41553707305934 -20.432163910279172 -94.16578471214766 80.99170840496149 77.38635610145897 -77.78251405645477 -52.25832095736891 61.65163477430781 67.8943194334881 -85.66481931226377 -62.37635594970536 -93.43520799696083 -83.63269200339647 -36.219595667873875 -51.52553200323429 -30.59229183439851 76.84947524198188 -18.28735777930035 -44.97824158376629 -26.39345093648771 -9.5500825754457 31.017741263658593 -5.320866472500413 -34.90317839501181 4.718037530873673 -86.00092748496213 44.249841849841516 -56.028293042366094 99.35080478777675 -67.49047470651801 -53.89141670521502 80.71049590082598 -19.349720219024277 -68.91799484831526 68.6386214644939 13.115728049728318 -47.63038104149715 -19.72356939576754 1.4491976650419645 68.08831298990773 -57.29648107255634 -74.52240609863192 94.1540622444868 89.916269571156 -91.35757630863586 49.249626964625236 55.14639091062281 75.55288090380552 -59.87981821371764 -86.87830408235729 -25.035944957405547 74.77706441522355 -27.802259875471734 45.42029301337851 -87.92470709366293 -0.28312509293573385 -80.22657879108068 -7.839308421277934 6.922969626065196 16.742589458971068 92.35361420314223 -39.30963630244124 -52.436991205327075 -68.72455381392555 -81.20337949842018 2.5033840632546287 -39.93491803359406 7.076252779351137 -77.36865251544576 -47.903231103687375 4.853369598953591 63.56337375258056 54.96241483949706 49.81846139158591 -32.00854252814234 -75.56888642647732 41.399222349968454 76.84449314579135 90.73430528328356 -82.48325280857841 -29.213211056515334 -94.97452903263266 -95.5335198682179 95.29486669550613 16.971253387909087 33.326039160215885 17.293316899425818 -7.819043894308209 68.7874219276487 56.849508708022654 -41.94314734833087 -87.2210750132665 42.01934578511924 37.763747444678614 -8.252127484276954 30.255422369007903 -9.847895425768627 67.0075707578786 63.45013082189456 31.560011229143015 91.31777803515718 -5.792835816051706 -19.753411140896787 67.39252397843092 18.384529177910068 -79.48173492521396 -91.88816761111005 -19.192753176637027 -47.50051634837283 10.953542318635016 -36.56472511628736 47.23263540779746 -24.609937192440697 38.66074451568065 -81.31111182869424 -30.59428403850397 82.36366524917506 -39.928945253081885 -19.724665491754905 -41.92873897402918 -48.54130899972628 -34.95903753060496 -55.552071298161955 -50.95628942909198 -33.720254984578006 -41.09971250982811 82.53745167228749 -4.908922834667308 20.13334243878522 -29.264622488888563 29.02362775522377 99.32151309832602 -69.58223048110457 -39.810250956834835 65.45515479522467 90.77827547410021 51.104969010059136 -48.804419803061535 -4.835468414200264 -8.619846144621391 20.632838646724878 -63.70877021391437 -12.05422850605487 96.59445426804643 -52.68101625852468 67.14062416534827 49.4304932485052 87.53569834367426 -61.07728179689407 -39.014247939072064 -8.906135285170663 -15.847972667254197 -25.255639971045454 64.6112956224373 -21.50268426204785 -98.85392241891122 20.053317261074227 45.72696299949342 -97.83207767146011 7.724720879969183 67.30302417702816 -83.58921411071603 18.731655441300063 54.09498814073797 94.59451607611072 92.45945217005257 -94.72666836021403 95.75997798008024 -92.26638908386933 3.9949997164391107 70.96872892711866 -45.72263533682581 8.909236802285307 -68.70188987880223 14.915532899457261 98.40192501051058 -11.234733084240318 -6.917032553229134 81.56055703814727 9.423258437466004 50.759614791769536
-16.441658962004894 -81.96274551056732 77.26580270485053 -98.41030052949746 -38.11899286496079 -59.10720452458862 -60.10512843769058 64.23527307239561 -31.52570209056576 -6.110989738453213 57.47744491188138 -50.478149432750506 -35.994063572672275 -80.68531836467703 -47.491709906010705 93.24859862529456 33.27813529290876 7.579504727775003 69.14606773375462 -40.48127618983719 52.13707592010985 -29.554989872166757 7.301958814283523 -30.566467063583104 56.254097857234825 81.05012148312585 -74.27803778629894 92.45893641639688 1.140807703057689 44.40790705117709 -14.637584021395924 -78.14099178944821 29.647749149917388 -37.03019608760274 29.69270306102763 97.11024442538664 0.48727417997311306 -42.46416722148272 24.206122826863094 -86.70110686225073 -21.127752534728003 -27.697347442397785 17.080328267593003 -64.33227811504807 76.09027438870498 -15.307195365830097 -15.76784448832855 -72.06835609834272 -74.03770766564064 -10.764712500114285 -31.98903289266937 -83.14797394311937 18.392841207534616 35.63352075454313 -79.78662053602537 80.07342041493104 39.56772853104326 28.801395616063274 31.98551908467499 77.77106717139037 -26.89654998442603 -77.8736773327886 92.45556991816446 48.50338375667238 30.267879243227753 -62.16176836973555 -85.04264101869315 52.297820358973496 48.97680817976689 0.8809409636265428 -32.520637961654074 -34.83290129588012 31.83312880961475 -86.42539484173915 39.29627178501465 36.568288498032985 78.97185632315086 83.86509027226947 -74.08479797055165 7.641785243913262 55.650840708576055 57.22923918973427 -84.31143269586678 47.520508908828845 -27.49913940602721 -94.33041400143453 -16.76969032327149 -10.173727581462956 -67.59828143092767 37.82742215880316 -39.36942895160313 27.95984312150921 8.262008970788614 56.38411209517281 -24.788915905943654 -96.62348489071061 81.78751414848685 -72.48176332119765 -67.08698585024516 86.79236892911987 87.14861753073174 78.92443733345667 42.48680264874494 -45.497049761321115 50.31648666206195 12.455310465980986 -94.16602993705465 36.848558349890595 42.36800716430372 11.071092371772593 -65.68905823284554 -3.3628363145338227 -67.00102397667042 46.93008368624106 -75.26443795456437 28.93849191552843 -11.758265462220848 -9.071155472729401 93.62688732969903 93.55791351616557 -56.43053283190469 -13.979493210253494 62.01898199493294 -38.64591787196679 34.63235824264436 39.95841609822702 -61.44441200343027 36.038724880156906 -84.13739902524355 -0.18305572551156502 55.326185465953444 87.85633669857401 -35.04167070864335 -77.47810514582171 -48.094055233046326 -34.200443724392755 -80.25743515503487 81.84939359574093 -28.144077717974426 -25.841142639021257 -75.62045035455355 33.88376579212863 43.885696824234486 -85.33249318150638 63.0967727764787 -96.04275307638403 56.66640395951052 31.959492395366766 -6.734886843946541 -53.795683946549275 -3.653329360264763 -58.79823409316902 -20.550434052225015 -41.28041266210243 -69.07716180704122 -84.14543626588733 25.824846824483743 -24.395157582077502 -97.74951603045999 -55.90712602223373 -30.325128527626617 19.250844602079525 -13.83143648133209 1.3803556348064348 64.74467256663814 -38.00754965336055 74.17637565636795 1.1793016860766983 42.47693131347728 -94.30662221184478 -9.861965340144877 98.7486767708499 -60.68704587232081 16.880696961510466 43.3329596667316 -82.83252402207664 -23.404995870875283 -82.62036857236612 -72.38385047299703 -82.10593157520057 -79.50728036790736 -38.33207952651492 -58.03521140784602 -96.79348386898468 -42.428336594070906 52.46364114954301 -37.43325254328271 90.19918459346599 -30.974033745605993 -18.654929236936653 13.785606786229138 20.18357213421602 38.926320215436164 -44.91976065432133 76.83110118063308 -38.34683702947501 39.19099133182152 -29.904647963391113 89.64337787961446 -22.754997868670216
-43.35289878037973 -62.047019964226216 94.23142774661613 -93.06538491687768 -25.812886739299216 0.8909782708965253 -38.047139230237256 -14.433316280489265 83.4985280737013 1.399666127853493 85.16459874418595 76.03250945745336 30.013940172217985 -33.94365620908948 -20.13934440777676 -53.57262970212684 31.472157430160706 -41.95135490600164 17.440189648959063 46.96514579032936 10.206661282218079 25.959741002471517 -15.556008038720933 -29.106699837550536 45.41299762183348 46.7481995243258 -97.29345868992345 -64.55030002099873 -62.24750909941037 -14.79617275318455 92.78288702954251 -72.44398716420136 -10.108263425277642 63.47321209552308 -65.33879470142989 23.760909541081432 1.1878899656254163 87.04716532627191 67.5706029677381 72.82820442350109 -3.818499677573328 -60.35598231626058 32.369276380159334 37.044095359630745 -65.96659198696646 -10.332902027753192 12.995830964285986 -10.124991845199972 -69.08592118534906 -81.77084796062577 97.15194074638424 51.83714431226454 90.38500962969704 -29.35203240654711 11.363248612894864 40.729613168185494 -75.18817842690959 60.18303750302729 -22.783785188709587 -18.27153976829075 -50.54170123633048 -89.25473805883118 43.961375520997336 -29.504670087816038 -93.25394517272869 -35.47425946130838 -54.81701837310138 94.73341807636021 65.66504571183742 21.813164756268904 -19.40149667732463 -19.45129753543449 -94.88121530368016 -40.54917946919401 -8.590776106646047 58.158215118604204 11.975043369290589 -90.62576066611302 -65.44282852709509 78.6276357951439 -7.538554528182573 52.390332441266565 90.38137984551383 75.02751923549744 -54.59515488261657 -79.80286641592667 -48.96562078490372 -4.935520257022958 90.40561935882053 -12.019210779882684 -73.7879349951427 34.97637608707623 -2.0741205295867786 -57.01279624664642 42.34191755680024 -70.93128557519924 70.8979175285157 22.351488106644695 71.76971756588839 -35.74086678279539 70.05571890893407 -51.062160992034954 -12.198497098126353 79.29719525368026 -48.92842727427886 62.980026141268354 65.09381459555306 -89.13829128144764 71.33215575842871 93.84713331159034 -10.400431751713498 -21.678273623892125 -74.91981035678346 36.913093192818565 -10.54810764066363 19.975987148002645 -81.75998924009338 -44.96143346635093 -48.04957082868082 -74.47153389345613 -9.094495272546865 0.6394349505057164 -34.2290042090752 51.027886745481226 -52.939000277860025 -74.31232347094361 -53.16700125887132 74.34192767329503 -8.930044007283215 -76.68913371128241 -43.544710083953554 56.77173935453402 -4.537779635409848 61.58071118650378 80.78671973220236 -95.20588043298123 -56.68854826295726 44.85725898604741 -2.6243887754373105 24.927060298917027 -79.57058204536514 -16.715091376639023 56.63772573819213 27.035309942367377 99.61432580454502 19.266591435525598 -15.177856570734292 -20.70082150457111 -3.0340827481698938 30.567419763331003 84.2171788073367 66.56996527460467 -51.312480298183026 76.81306727727906 -27.74492002202716 5.1348123547013955 -70.48033357503923 12.47072524632111 -45.07883546812994 49.05046303676886 49.23755946870892 -79.84622800256882 -11.241945663252167 41.330698573438525 87.29634381371994 -14.886486557017989 -20.28418041370645 -73.93126901158138 77.23944684500998 -31.672809177978635 70.56033326993071 -35.294639835508065 -88.9631930250613 74.87610418148432 -95.7240134654614 -93.35332191198187 -3.2957243233173443 -91.2602854205752 -49.44868980722148 -58.60008767020475 43.655897885252216 88.33439602012623 -18.909208716001416 30.469433668826127 -78.11440185064498 35.26222679479517 -46.97346320613725 4.953522136875833 55.25862436464698 -3.998749483189499 -6.994656529683468 5.9235298183873795 -29.3442020643447 59.67248829792666 38.79000838531766 34.03696636614717 -34.70768190464008 -32.894670675026205 -95.1414764525331 -53.54280777573399
48.53793692067961 84.8560616799669 -12.58424786626908 50.80298874108502 -85.75904351662733 -34.52012195529373 -95.96445664164092 -91.46650397847729 -55.88321346727068 93.14046643894193 -59.19653573874024 -80.93397872350747 -41.61824497827049 -54.95559872972142 -92.92381817444237 -72.2056837822472 52.386861971438094 -69.08510665519941 0.5021037040306311 -54.981222393981376 62.13131203582412 87.35183916649913 -28.788550906076637 9.681806928558373 42.96081206666486 7.8436297608061665 -9.182332373697307 13.332636244519108 -29.298553435133428 32.520456888702654 -56.60383061733836 66.4767356569977 51.30963557239028 51.911793262323215 -64.59885797032442 90.58224005248815 -58.56284586334428 -29.574280644722336 -39.420305080006244 12.44962144655986 11.602750134648332 -92.38866188011596 71.96742355702932 31.31847798756263 48.17634370401487 -34.249261241271014 97.41032695544621 60.52628190103849 82.59756030413155 -52.16876541008328 -76.07601492191202 -97.4098103012289 -68.75858493601004 3.792701961220658 -64.2557991450879 -99.26441220406726 -90.64843799232267 -27.587568365185675 -42.33852679338437 0.252282523396147 47.79818735880997 92.61079468587207 -34.75343648946374 70.74434848734589 2.473512810430023 24.904377842276432 72.91119440629558 56.52521478844267 -28.631666166802503 99.58491618521506 -7.905862681075774 -14.041256340567429 -99.9100994223788 -7.565817985340644 81.37666313857665 -97.45864166999934 69.26663551499055 1.0760758141127127 -54.27672427686352 -33.15779726260557 84.50621799967914 -45.458292179572354 -28.11746031012821 91.34953795424406 64.1016560957924 -65.62778148816857 79.9128505934172 -18.21242083529546 3.1896137401343054 -23.313317218104814 43.12633267281623 -72.86253031933039 -91.37164631110852 52.386743255337166 -64.33972396653886 -57.058802002164086 -93.22088561925763 -15.308211402565306 99.24409978671756 20.325185966867082 -67.29066058460484 -64.98199433941548 -78.57698520206941 11.872588361172504 -85.5557736773931 38.95205758233766 -62.179975895463514 82.43374807176906 -48.14106622708789 90.72130012074223 -64.96657819366618 83.1564810746899 55.97486654614488 -21.79721999248831 2.006789484632023 -94.59371728271557 -58.34803911095756 47.9087650451134 46.769580813346835 85.84897006289424 -29.586261872735832 -19.161077106514995 -84.50198713806097 32.89103519198281 59.952136569311875 -9.874878930625087 90.55494925227592 19.691052521456996 -50.08838654976779 44.95931552072835 -81.19289404207916 90.71751794630481 22.763372324362166 78.22007284200333 -97.12966401757753 66.64215670552716 78.10741117425982 -28.100958505716548 -62.22840608023237 -43.86028648645204 36.60622959686759 -97.74019436289632 -65.32257915266186 -89.6552436954493 -64.58738745237844 62.335606473800084 7.591334405827226 -0.1681112375263183 21.815581527152176 -81.1302701520867 -73.04927418969066 21.581312126366498 25.01108513660435 -76.65132646536364 12.085621092305672 17.615994497822456 67.03585644456894 71.10372402810236 4.108517649273196 -83.19296637130375 68.6156671622582 -43.907274743036325 -78.92648565821938 -72.50226867653882 -43.55908231976511 -36.418918993459485 6.4795748471164245 68.01808167961434 78.46860281582329 -98.15232791097881 -85.30248437287744 -1.6356605734916059 79.23000455228205 -73.76203727431864 -97.18514351425935 17.031934018596388 26.988380175413113 95.10677660864422 87.23430245497786 -52.54111284273408 -17.286628728973596 -97.28814720240426 -7.720678479343974 -69.85409329082246 3.981497959058771 53.973007422701556 -34.46964492208528 -18.704600282232306 95.11138371139864 41.253520310504484 -19.184494485596645 -56.81358268803347 9.902942587023418 -62.67038885419778 -62.034017881946156 -77.88136238130825 -37.53134252871211 -80.48401554538636 -24.417121713404512 63.81795434112237
26.5838006248579 -84.78806461752868 97.28696544529953 -8.990102036592049 -6.8369608540308064 -73.8492962011623 85.22329795082683 -39.45122246405022 45.321707490659406 -2.691996981603623 97.12292550582794 77.11659923270128 -14.644256590169277 7.248577367455894 -59.78621081048705 -1.4070932982487534 93.76489772615187 71.22514993805379 55.68762493887331 -59.28062016730073 -75.5144783256376 -32.125273895419355 -25.21746862587078 72.4153291957715 -98.00078745879202 -99.3032837890284 -23.61775406789326 -1.720382859870952 -33.218528421339215 -80.50373633644398 -74.30386770790747 -76.52638575186523 -35.02776403873655 -80.0117032572665 84.64333625000432 49.57665140393007 -59.30184787728203 81.39419070427823 -64.75460096957453 -91.00660710860456 -61.76138562355315 -65.38208088508055 -23.457555621194913 -28.268166412255496 48.83689044926308 -83.16539955431293 42.50667846887731 -1.3601025953529273 -0.041297477435236374 -17.90105037115825 -90.66893776851343 11.251843393567967 -46.35091446169992 -76.8911164803859 -6.030950440805043 19.357164519265098 75.67188590822826 -93.03537956792051 13.390601209077019 -73.62238664993932 -38.03996430951804 40.96191653983348 47.108585812980664 -33.21725709483678 10.200415147216717 -11.061280866127674 24.69047167786877 -34.898972094660834 95.43503092160836 -53.51193353274175 25.075549852999515 50.99773720724869 9.480863787721077 -37.76404677413561 36.869428824259415 74.58237638367612 -67.05602758877734 44.79273385358823 69.23338376592565 3.346934272489605 -10.233805047458716 49.687333456010435 -79.69127074814683 32.80355123754299 -24.993128253571314 -30.992298736632378 -32.60757517807737 72.16432742801615 33.39869479698581 -50.92563311360063 44.73619571301654 -40.296100227557965 -26.64207422692006 -0.8154027949504297 -40.33223088732514 44.05824152976376 -34.94482320946733 -90.5247456352638 88.89302770806657 23.501118387949475 -72.52893939803535 47.80946956609577 -60.34296856494805 -57.95407618367832 -94.99496659023072 -22.10259424520966 -13.96423924884094 46.70461819160124 7.934357338731317 8.85519915821105 -77.12849374497988 -79.87009477947775 36.07469396561706 -29.592932746861294 1.7490629472681576 20.44034715495671 74.85877315043666 -15.170020902261584 -83.50694440576561 -70.48627377126115 8.800036473959949 26.60274984913586 16.215798807058476 81.637369992365 92.31286086561391 -40.45141123498182 -50.64501100209509 -40.258680638647306 23.303227874704106 62.44483629768226 45.25851940227389 -28.947222086449685 39.93898155910048 84.18410681916504 -98.91097066090057 15.898209738600073 -96.6518265947929 -17.606982717981396 -36.08127861232126 -37.6528500951993 61.97015635504988 70.56934109272592 84.59367594947949 37.0659460049778 7.726233501764142 92.29124327577972 -7.461855396616215 -93.82634067582241 -4.312152105702523 -65.83983517815186 -9.474087609608176 58.74222853265596 -35.70126454104536 7.785245067275426 69.45033090454422 -37.15472380065927 83.50031871328792 53.150018275484086 49.427938437005935 -84.69020543900302 66.90569853668637 36.02616869959979 99.80344721621742 -19.928241507431594 38.302726317939175 62.79913001118001 -59.211709338585614 -95.40812612284593 -70.28250091066049 -8.117559548475711 -84.3809146127284 68.05315721082872 96.82747315224944 60.10640324113368 -39.18576761832951 -92.91460812177148 45.044993016282916 -35.24754551322306 6.696390976677463 -28.117758211583578 -51.02328758548895 0.7102834006706473 -60.47872773599612 -49.46628165039053 8.798337114839413 -64.0232273855003 1.3739209688777407 17.375322134829347 -66.9079370211908 74.48851329499433 -54.47574796140571 -34.574232163368805 -51.09912650996098 -59.1475422046841 69.60756137564829 31.325798002983817 57.951652439430006 7.224924998098288 -31.57859772722429 -10.285719925949849
73.446323094521 0.32786291957489766 92.11774297031775 -81.53772267620589 -90.76161472963152 -72.2333776963552 25.49993131924937 19.88058723120774 62.41593313158114 -4.569495797109042 -19.602295501270845 -50.76573420134834 18.36603408215926 -88.52021930387255 -89.15831479022486 -88.9375115996437 85.52182245075835 -74.20957507938385 86.38025642995328 -71.76865721240927 -53.40161187107957 -66.63220122165254 -73.19654993380689 -80.86567797395305 -12.973393514446016 -64.28670618751227 92.4136258695215 -48.10661439781854 88.96404808460977 -19.847356169180813 -14.57190401457855 -68.3888128624854 -26.52062494562317 67.836183825468 36.6139391729574 -65.83768899202471 -87.1293593855005 73.84604032438409 -10.900993952613149 2.833895747883602 -87.59057286167152 71.10385498493685 -16.177360224503005 12.242135876581472 -94.31189058884888 88.83547453804331 -85.75294161862608 -34.71263560633797 -1.3185018133754483 55.97133121000891 37.02395966540948 -63.44783941993588 -62.95169804632443 90.69932630564958 22.633363718227685 -46.75028600071216 81.43411660578172 -17.560951209064996 51.53223349713005 -93.60269835771686 34.591801389028944 92.09385580339617 -65.07046832673562 -53.619351086671884 -25.72278000583819 -2.53649963236586 19.206208424215447 58.103020806820865 40.64100842157097 -25.16258969825506 15.794786723944895 49.77325242051282 77.47095505019098 60.00183466121874 87.43157255696062 22.502299832384082 24.775573513273002 -67.03501247726417 34.15474595133841 5.281130490154638 -99.76884627962448 63.38168015325246 -48.82452874293701 -35.50410527001608 -24.64857775159497 29.965500327628718 75.8079152035252 -82.3320894407975 70.77878469925102 -35.73116150473858 39.77277020285658 -98.15029850088854 -29.477323208447046 32.93830028364573 -20.17024880071199 -48.773851003178635 66.46712325928883 -89.3949164134093 -97.32652870483417 -30.622275397186158 -63.27348436961804 99.21921980929761 -10.477543901517365 86.97241817699057 80.71270952359265 -19.26864349420525 -48.37176784406736 67.4521200635478 94.90969698738908 -92.1969015834214 0.9643427274228742 81.46285325587596 -74.75042574327992 74.05267233987277 -67.04366281374524 8.19034282159086 -16.20639876016577 -90.64576136776114 3.9251873171622265 -74.65656822256794 32.610891722859066 -80.02064724667372 99.42551784845006 -2.3873774865123636 -40.85703834235797 -6.653705330772894 -12.56116902253757 18.817423907772607 73.0422807779307 -52.679507524718126 76.0403910693723 -80.200627662773 9.343594244617321 7.598556531091049 -35.348284136990046 68.3758315235674 -72.55969385735088 -23.81598275314569 34.47995032548582 23.384117682818612 48.58423058461665 -31.962269085649922 66.74472742341538 -56.83993935249734 75.03223677281633 -57.822293062615216 54.41850327603396 -91.51955397290115 10.850173840426791 45.93768627893468 57.863612204474805 -24.043966933403354 74.80059242267077 -31.77796073435526 -90.0599867943373 -79.74474434815289 -13.567445288909312 -74.99024294904262 87.91747868605955 -8.585838102850346 -99.65834576382606 71.7862437635886 -2.0083558693654027 -89.68383848225639 -13.171533747192242 99.82313410404666 -18.297475090689886 -94.1605813893782 48.72660793905351 62.39323702231786 84.7066828242283 2.3483520564292064 -82.56374091151352 67.11742559091698 -50.01266472287686 18.852816223006073 1.5262710428338266 -1.353042177086536 -29.032183499132103 -44.65354775698849 93.39774222049007 29.946280719177338 -3.951077500751566 -3.151476719055239 -94.7848762863549 -25.009262300315285 39.283024252040434 -99.12338145415683 81.04367331951454 69.46340910314797 52.0637813561666 -13.761543211776313 -85.31503886110237 -55.84149612263194 -44.53106188536795 -34.76440771459974 -34.89499651460102 -42.16988880689374 15.08954046689739 53.09194928504053
84.51646254958004 36.586911454732814 -53.87398463604309 17.111298658918983 -14.342259860683981 -84.77320635681369 -51.89052775181455 80.69091937076507 -15.22160774183574 -96.12070609853845 -37.49252110597021 -23.652094886315325 27.263204464634413 -42.77146828037106 49.641482278619605 -55.95920425614105 -0.0037184409474377844 86.70244850516877 -75.04357455456194 -89.18463398846896 -5.511465473182042 -4.989956193034956 -43.955560347586584 -4.696588785531233 -29.088765496953513 99.79677691973524 50.64659598955893 -67.06454633647867 71.95726460281932 95.20544646187662 -80.59251342553755 33.83595149960067 92.53366317282669 -39.70189749943647 28.82006755918883 70.70487738774312 -0.9798360495750273 70.4748752838619 69.6826923566588 -11.90028139334241 72.58779605389401 90.96926301363439 12.701956985964813 67.59801240997146 -12.667821543171456 9.146818585507901 -81.18158289068249 63.69160757589404 -8.54601321163355 -7.064437023658911 -30.503575440145724 -13.047391322436354 -38.4626040357056 -73.97317252132464 -10.135196759804543 61.14464979470057 -52.03028806658456 81.78215679155306 77.80182400358484 69.62470496547363 88.95119085520423 72.24823162921263 63.00017968962399 -87.22192294727044 46.681980043316656 -22.61984712638659 8.21785054054034 64.64910784992173 -2.102278094083431 -8.300585034943083 82.83116282924331 -94.97058902467164 53.349595688211906 -58.714623452259886 18.611257262613663 -32.21776699467415 -37.47891843969173 42.04090027428285 39.50273691213815 80.71902883800232 88.33924893320747 86.2189497996026 -17.190892907670857 34.008577721869585 -95.38799483579625 1.9391186752395413 -31.50257519885791 78.18652496094597 41.052044581847326 7.982311914557755 -8.652201953929975 45.27176872137909 54.111581618315 -84.89820320086673 5.148571244057905 -98.02456945335692 12.476164062870978 -15.743524589944258 -22.721201370105092 57.580497398135094 10.184512293780415 42.89987348530812 -44.450785174741526 -61.46328696172336 -16.936841354859894 -90.24208757589687 23.942049605313102 -76.47223083399408 23.673855346741533 -0.638391539210545 -91.36321822489427 -93.23604759670907 -68.37838940939832 -58.499175901887 -52.84430334533414 4.914158551731489 97.74601422538635 91.76707462363228 -13.31799140183034 72.99773603229772 -94.6130515865549 50.834374472676075 -86.56898910740802 0.12029637916350566 40.01927391660735 77.57376385119173 -59.775768632932454 59.18543803472372 -57.67064602449366 45.482452309816125 -18.51020661882596 -0.6889025720258957 -19.693887487375633 -18.57562063668132 -32.905959091396596 64.01035762502775 17.041332663535 -43.318277497104 -25.354296594167238 53.746153836355376 -25.13034816310551 -79.24305783826483 -65.97286092983808 -15.811160808177192 50.24962626783213 62.26089074317753 86.96680348661042 98.70830836266276 14.818567400899127 -38.98702192846375 35.935273054732534 -80.93983552593721 -49.795105030297115 28.279846609824602 0.9540380956103149 7.999851175696506 -94.86112088427778 -23.37876992202456 -4.304395302705771 90.2089106060235 -60.11985913994147 59.813025437713975 -41.646131920026484 78.6510145737341 -84.04700240821958 34.8256290323493 -82.32642441121092 -74.05884674817747 47.382793084357075 75.78675547267702 -74.51074410927197 79.01296075904676 84.30464985207092 -51.92110295350887 -51.3139371945581 67.32560778457432 -92.46652621134355 66.14669065709123 -70.81034864853113 64.47283860400006 -50.16798528784354 -23.69415420924652 46.90553887289977 -97.47537944074207 -79.99680103833072 -82.57532875945162 46.23532138042506 -16.623624815419703 53.39642650197669 -15.029289582265633 30.108014550873634 9.83266938264012 24.437277758318203 -93.29271038200011 -27.94678945016058 -9.410791741926943 -53.027151726698605 79.87894951742928 -37.90059105974613 -55.19352605028296
-21.715292809924676 78.47675954996649 37.25709026153956 41.74055283057291 99.61914024554466 11.073618194415218 -26.87914660735393 -83.55690933723174 -42.165123358911785 22.835587908808023 8.022674262003719 21.215938178035728 91.87848064325922 -62.33748372932373 32.580563063444515 -53.396847979271286 4.20473061690916 -98.15042892139083 -5.152241842711945 -20.365655059380742 3.482276128865351 59.67883004114739 -3.0487059806637973 12.64592837652718 20.332594633916145 -1.787241030499942 26.787564795056824 -51.11207892638103 85.78798218256463 -79.82027907424056 58.28918429737678 -33.17635119198256 63.80101483500823 -32.26226368579795 -4.064769953792506 -29.93088635413895 -77.29493536776191 -32.93467749042736 86.29146574782669 -65.90116676536557 75.44878572288258 -80.04272168088758 69.15014826092587 37.62880457161833 89.49325014224948 5.223614101685143 -22.426963023828733 3.7510121698222605 82.09089957506967 51.796365108062645 -15.51328331736093 -79.74088480090273 44.90374739379425 39.85499353712447 33.91516546888576 51.48215005457254 74.67383023238418 66.79446889921746 -54.14587661788908 30.499397088883455 17.13363274866822 94.44990182706249 -34.01320930495946 -27.5039792762189 23.439299058014157 -2.1324180214152335 36.208818814441855 99.11773457577516 -5.8360891436716 -13.839880071220165 -44.9588127142194 -62.097891484556136 -56.239937150145856 98.30081827174803 92.23460959194418 -3.8204775335652528 -62.11191725331946 61.538275547001405 -6.940099430246363 -16.257268321774873 89.4074006395316 42.403901056973126 -68.35999183068047 -10.06242430816539 13.310016742258867 84.75629801511948 -21.147362380877283 87.41862475939479 -65.02943846041273 -99.9843037503136 -54.745319727263684 -49.68982504329076 67.66511988470748 18.097604218631403 73.81844503116957 78.39869429917573 -58.85667876709542 77.07062585064673 40.016081261686196 -12.582501964951447 15.338085319298116 -1.656595951770143 -91.51665228487407 64.72368023388009 47.703926266822236 97.37986142925675 1.888555108729733 32.28303648063249 58.254833889871236 -89.49369561729375 -49.631503950205946 30.26703659179995 -50.23525099041129 66.55509129657554 78.66691146323126 60.723445366214435 -14.544990735648284 27.355278405335298 67.17037721340799 60.152497670567755 -43.23589797081331 -48.790357015378746 80.10353056456862 69.76098644594313 24.025095932114866 68.8831723501807 -52.30507644327149 12.786460544358434 -66.28186625502934 -89.370359115164 0.20312936770766044 -16.434412771271155 23.59898765743958 -21.600112091144567 -64.46054561105439 87.72054122560647 71.68662020155719 75.25245355651043 -76.05280082731254 27.666674751359693 85.91703474061649 -65.45891640105867 16.07836079984422 96.97048297098254 -37.464710188962734 -8.360824962821113 33.15538500016194 30.34984319685242 39.23804316909636 -3.8188739881375398 19.218270479782618 48.53533088211856 39.399435530466064 -27.542334521545683 86.647994473007 -55.23226928606029 -19.26465672478163 90.91189834597847 -37.83052876544488 36.67236335603695 -51.723217832731684 19.988953314674134 -17.58739835106499 -99.61945346741099 17.53868629240172 34.171047026678195 21.43225107882016 26.190299741417974 -77.72135057104373 -90.83591882688597 -54.67962590826452 14.562764387401359 -91.97491779317312 -59.37788943404849 54.79611535513837 -83.43640668024443 -41.91990331337856 80.31957934054938 95.34624602552023 37.40870937147548 42.66107447985078 64.96696673455159 -35.93087273475331 -36.66507722965599 43.56845053378771 -27.81145754336569 37.79778281217608 -79.86686187280125 30.84888938352279 -2.602192291001444 69.4012086498646 -69.94678024491648 -63.530563996457225 21.922761322524778 -84.97756369998153 -74.68234205733887 -44.235228390184744 -88.21653536347915 -93.20030078679238 -6.8160137650626496
-49.34117734468049 -57.68450628392765 74.59723331760296 -94.97707084749725 -87.35660364965874 79.52336032014722 -26.48797822314502 -19.350479518778087 97.98807652704471 -93.33513843378347 16.67644547327278 63.66017365657427 19.69085558220658 -21.386557974985564 3.853882408576254 52.16151076588673 -45.6733560365129 72.02325730032709 86.03919789111097 18.97252516818844 -95.70210386034827 -92.52560336313975 55.407018944283294 5.355173047391574 -3.1980948737899695 51.34983718065956 76.48225094273596 -81.68095149869445 -83.00015397335987 14.548735860058642 88.19979074317033 58.637639875069084 23.518371189046874 33.05125246456399 -21.49088671671258 -85.9655796272709 -5.608179637783152 13.463305460127543 -97.00846272293195 74.77956894760095 75.10593726729087 -17.444527002631546 -54.59100486554065 -56.285972158110376 -54.59069709346658 -26.286901408365367 18.004219249856163 -7.417845368214458 -87.53191864395198 -2.596147772609413 34.91746672125308 -73.3228743040566 49.64356812888448 27.42534049484533 -40.01840388114872 50.86430346596717 -44.19547781272142 12.745104609383844 51.24866037631588 47.33534132205415 91.57188431652861 73.4978223575161 61.98083855766686 74.3347277707625 -15.581686936882136 -29.754489813670034 -68.79763327539419 66.28228508296382 -1.2757871095153632 36.825923618672675 36.31660785193884 39.813252554072704 67.9782779640768 -8.137633212746081 99.43590125692168 65.8696674134755 46.59405834505617 17.08779573332511 -7.825709732303764 -31.45911684220262 -99.5165053429134 36.06810807390849 42.81435041142984 46.03960885003852 34.62127632225659 68.74902555686575 -80.95120768349884 87.60089612161983 17.199459077972108 94.8392314534837 49.2371756429134 12.625481790562887 -7.268343860848532 95.78404988212421 4.052954102531743 -33.971892880754595 -98.06696674973642 -61.009758176306114 -34.94815532468549 18.624863898809593 63.956488915113084 86.85480348297943 78.14285075449186 99.63190053502711 52.12918961956723 38.34511276907668 -50.92360854071609 -66.51629010041209 -56.577094457665964 32.07882455147643 75.95781434146525 50.32202428198903 -0.9834928434694064 7.941880687717855 -17.447062657855113 -80.24351145410398 38.73142981854295 70.78630230585426 -76.48740814164847 -71.61312306922628 -78.44279464512623 59.253959278994216 13.180820751756201 -3.100844392198894 -11.63564064901638 51.85959133057193 -56.99183726535788 -80.22646094094961 47.94330772179035 76.203399896261 -31.147783558523827 -35.33786819310636 78.28545139838965 23.432135432732252 4.076082918609842 -3.8811524965968403 -12.822640197577797 -1.2146489041837754 -86.63789937720941 15.217097740489521 -23.84751425624212 -71.91033552285033 -15.675974632863827 -19.918044029960782 -74.50373491888979 20.113661243606032 64.5080344244798 26.56001788112195 68.15095655746873 -99.92815835420998 0.4807393107067952 -28.288437970675545 65.34519659570907 -26.473971673994896 61.64153167775976 -25.946134076857504 -21.954716258448627 -16.545946573287026 92.21101946029978 91.79565479136852 8.075762815087458 85.95097855461967 56.8319863479833 26.99754229023084 59.894654184702716 -23.664949038119687 20.847277574173376 50.77562696446404 75.06524781040281 -5.343459509398201 -64.86641142209501 -43.478277743476056 25.676220569122194 -76.37693965730614 -50.6043579094692 -28.574834991057173 -1.80357346263456 34.342576133291374 -5.955788592905577 -0.3536458722195164 -58.911976664723895 -24.18870697192574 2.9766826892773963 0.15346727990834097 -91.11164699068455 38.9280666266917 -3.6250841789479864 -14.695187398762073 92.85875317017971 -31.559080469227013 66.7895127207299 45.578757587255154 -74.18801617975114 61.28253619537068 94.80723080345254 8.218698947359073 -86.38157681236771 95.66512019116215 31.592927734052495 19.56433671744864
-0.11932190209992655 -11.023620002015974 54.36196152378946 13.164957075230262 -7.338555189067037 12.90833372711127 -37.29717119389597 88.64836032841572 1.957850290080927 81.37457843012388 -84.9904184591673 -4.552708844462757 64.20969248039913 16.73465764957828 -72.81478047812828 -79.28464517097325 -37.3973519793807 89.2048093738722 -16.76147603386798 91.76131734669417 -52.33940771452412 3.586875237846982 75.71540398690581 -29.38591750809529 -75.44608613302488 6.75795595732491 43.83287967790005 -76.39469386048769 28.159968284502213 32.7376053117338 10.390891931069618 4.870107175212439 69.04296700101602 -53.46315934179478 94.49526491709017 78.25331529137736 60.18947440429082 81.42825445948009 -90.54003805523828 66.59137372525177 25.443294913214444 79.92541999835365 -56.43670066779902 68.33485685695914 -29.66652068764087 98.47169889556946 79.19980678304671 -39.953311823141746 55.924570843219925 -1.5751186407065205 20.86052797505924 -51.93410758865675 -67.22602955281047 98.88601703374488 -85.13153369824806 -3.862582087128402 74.74766383794264 50.169784587318986 -24.419476927579524 -89.04955776089464 2.4199187843995276 44.65488098734522 25.42730341235233 -63.32349508121284 -41.44147375293188 46.53227074255241 -14.272077137234021 -53.90616419509004 -19.767502335719314 -34.34043015916306 -44.84442305524263 55.71796041586873 29.06492240580053 -30.960809041567884 -97.09342402825652 -74.08938757823924 57.690306819798025 10.356670499788251 -98.30279200206911 -10.327944089055507 99.28646628581467 -87.25711334311231 -97.19808982502892 -94.28341917243081 65.88445651405044 -92.17309850046959 -25.704996881683925 -25.918328607904286 5.746223164043627 12.070481454142424 -74.71261715980486 62.52527027683183 -72.24798298456952 -84.43932015193735 95.72042829042962 -94.60490335621397 -64.39363447991133 -92.21836333694596 -66.89451347214347 59.85929701955291 -3.6176894797279147 -66.15642540862126 -68.07458092905816 57.890862084512776 -74.48843640973593 -87.2914540057524 -41.3268848161004 94.16430996396946 -94.83802605227444 12.262501031877889 -25.110023878437147 24.7177574519213 77.82902499290336 61.86819617778562 -50.38737086920335 23.917250026922417 -80.07130102429466 -20.509603432045637 27.757542472654677 93.25697965487524 19.757460853791017 -89.09955480693984 -28.426543725845093 -19.960814520603563 -45.14138589168073 -96.83695114570942 -44.58719159384723 -70.95134426950132 -30.824437422623134 -52.37152811391217 64.90569695665368 94.35253604870678 50.62047346917626 -67.20397299451881 93.39765092523882 58.74286760009761 -6.730573219620936 6.910378541120508 -74.29229897940877 88.92927956338116 90.43863290589067 55.6013606187245 23.54310855116654 -59.77591439702567 -65.26131714094352 58.773013295440336 -16.867027536651463 -67.35264028263101 50.28155463796156 98.5244446929976 -64.04938776938805 52.39217218548717 -28.50387037313115 4.394484657371578 -62.20406880271252 -30.33799303512332 -5.930344662790162 96.3008810728112 -9.840093402312561 -23.35388404264127 -69.81866795473968 0.14818419243623282 -34.51300270938795 94.51284601827209 -53.62289804460028 60.926902224706424 -62.29975378020802 -33.331253457423344 12.557866616736007 96.9299246644037 -12.41471746594371 1.021639048862795 93.90233152294653 -22.25558842432993 -26.332162652755727 -15.290057782322592 -50.9273142595726 46.51532345574293 85.25802763279358 -82.58267426114412 -99.61360258177822 -14.28022284042936 31.49838344083861 4.352429419940833 42.23382704776307 90.86576879239334 -80.01260086762834 -59.533064016372194 -87.00033382045356 -63.68629782669386 -88.73471133150977 -66.54368166246411 58.27446273034042 49.11721711157881 -73.51108024419644 -39.75459780876027 6.407098532797633 93.9686134472089 -62.62587535914881 29.168409236220754
-68.17275511823739 -64.89326893435683 91.36110402443671 44.353512079193194 -56.450740618379356 -1.4710217169156152 -5.042763089890002 -31.85797227238183 40.64208343701904 55.05736355852676 4.109641340052718 19.84489202314019 -70.858639366731 -24.142353055401642 -72.5463314950212 73.4477807609922 -90.02515921501345 29.0567982442914 31.454236029820947 -74.74641775432546 45.93731901155121 -34.35231827477014 74.10009928843405 66.66509537834733 54.67379430056519 -30.13027317839115 -82.69107641442758 -26.652623141937966 -0.7913255311429879 93.2422075252961 75.1640113746511 -5.543424631356714 6.637292285944142 9.26663188715331 47.36819788834799 87.77668501266112 -37.19822447851102 -94.79985128339167 95.98388620391083 79.64735155272226 -5.5718709662315575 -64.89595250636884 -32.97428255584916 -83.2926351978998 72.82062577345266 -72.5347023700581 39.01505907615439 -45.705272706872414 17.227981675544356 25.093847397821406 38.8682596656823 11.212025152719619 -67.75095456291072 -21.773434606620242 98.01175442992039 61.80153636349894 -98.27327194638652 21.962521606243016 -39.81741664486928 10.232552237615565 70.87474238408254 -90.41096737670964 9.402924358350845 -12.486749458858128 -85.64021910203772 44.03958830312311 -91.80966688124363 80.41382911278461 60.14720991360571 -10.296459248159607 -94.47602439247196 -88.52083223065654 -1.0309992052478094 -9.113400665261764 -54.33123366043888 -68.06753692526428 19.864709510640452 -90.87019946315517 -97.47000367182446 23.42722716575065 -38.981582788771554 -34.31545747413307 19.127397973309286 68.84845470820707 -18.92385381103432 62.76623511110688 -80.91468273231419 75.2726769164116 -47.12392480067871 40.88727094306762 -2.133858200099084 -45.91212382644323 14.678351580881738 -38.38301249497555 72.94007360496306 39.68167825473111 24.950290041352318 28.556868344535502 69.31907785301345 -13.79309848846755 81.43265561122857 -87.10096330662971 62.31687870118466 -93.74765930559951 -33.36209927696055 -60.878448713186195 27.62060026536355 13.419200354905115 -22.97077551000588 3.1395916791383343 26.211615023810126 43.84158299969957 -94.36664151436867 84.20521955875986 -69.62740228623407 -61.668509991174545 54.7097793140577 7.33147597477155 -81.47179361459489 -6.2036165161440096 -66.28392085950283 -97.32952761108369 52.315057098428184 51.96300472387068 67.3545916018069 -94.4529911963782 -2.0601380363029875 -25.93107509615325 -47.27701129787927 -15.067295332550287 -12.949599171237011 -99.115422684781 -38.325559324790206 69.52073123373478 78.35655282595215 -83.75613374939901 76.0773845647918 -93.79853966261062 -97.75839571621137 -7.102044132593804 91.86936196528 55.468551724056425 -52.08914741888599 28.196770242453255 78.57846716403085 -72.76166299109927 87.12078830375768 -45.811301853448526 79.13904704537126 61.069968725929215 -80.53507222203592 -63.891035320614996 -6.523214879948469 70.28246905922842 54.56008785594838 56.03240949360705 61.81672404021148 38.38010131457423 35.931789283105985 -95.65835048801922 -99.35867418308779 11.880521855847448 -50.24711943056528 -65.2061368070307 -41.1903237806835 -70.69777947796909 -48.51938255837944 64.19377347309876 -60.355045977888764 97.73341307617409 43.56773223133305 76.92703038757145 -68.63512923387802 37.88354266298796 57.601213886248274 -92.29998859453512 -70.0051329129153 -6.997845974067204 63.552159587030474 -0.32409164508784727 -84.36170553832855 -6.799920079248594 59.52612172827361 -50.48988856175676 14.922170011943265 -42.72497692689989 -82.84437957990693 57.18381569526713 -24.193697241911877 56.028036791360364 56.01322639776703 -90.82399428708486 -14.070723052864793 -63.06839317717139 -85.37838314002902 -33.99666686208556 -54.271418236297905 -97.60728142030206 -65.64302709558243 -1.0882252690008727
-32.272192425374115 -20.479927745416134 53.42917327299685 26.9304586818087 30.344265190506633 -60.871234078456936 32.96991466678915 -63.78875365600762 83.97026350267282 -25.54121331811659 -74.553630292913 94.53291249103728 -11.33647150501615 -51.3734416045867 -85.98307079892653 60.672096479705715 1.1117659371880535 -53.87629849713711 0.2566163403230348 -90.93984299361165 36.29504433342686 -36.020101472364495 71.80092374613042 -39.567659837010005 -87.90458923877182 4.0196575306434426 2.606518393019911 -33.84008505125446 82.89025989506561 7.658151651255068 74.21350886981978 -26.571643028068067 -10.439069035436475 33.34370103787799 82.64149921745562 76.88402781071127 -86.03346277687278 85.02458026812371 84.18599113365158 38.487547881405675 -23.35837795014129 -66.17341285410396 32.62848312476808 -66.58061347094929 9.520825435915526 -16.07840188167924 60.29993948350182 -58.58000457897419 79.32839731528992 -8.014385856837151 97.49065254698061 46.99321788482146 2.0426787860742053 53.78319267833075 -95.81487994765487 73.8779804238633 5.590229361872545 33.57323514945338 -54.278882480799595 61.8247459412317 -1.2780248601002313 41.69418115545028 -58.01420559552937 16.673802969384298 82.73519809637469 31.033512626094875 -86.59518139965368 60.55583441167599 -79.47567333278678 -82.49637277036803 -23.671742465763046 90.362485012447 68.22800243712197 94.79377322557463 89.4593297688711 -9.1265743085645 -92.6177771345628 84.6334244602819 68.56293873640786 99.26720836120708 -2.549627745678279 40.848536888939094 60.55234361466927 60.127733756340035 24.375502243732512 46.02503846952635 -84.1319121372205 78.21468730396904 52.241703184818476 -72.07004042699702 -28.63301695846144 25.368316578035774 -37.98432116368509 -90.71490540606044 -98.9496996288531 -33.55591915695324 -16.223541241057447 8.086222255925918 -49.78131537400701 -58.66606653948565 -1.4567802458992531 45.326232577984655 -57.10069818436132 13.455398932594022 -32.0899351445851 66.71501515440377 -23.063308414309276 78.95921795069111 -92.85004114012405 90.82144081684268 -31.169987170730067 -28.54472933186858 -68.90965444724766 -81.82541246394028 -21.6836161833498 -71.62890622598799 24.103849835555906 57.948757119671455 74.45358929233038 55.99314909549145 9.884891058725628 -39.662299466380404 64.96667055948478 -29.156241395376 24.34433350679224 91.4796331327741 28.183378722152156 19.512697777731987 0.8319283915344755 -52.86528316473369 33.9371324020137 -42.555715377924926 78.23337470890704 47.423768122672215 93.29629754101086 -41.73328725787 -79.43908563412667 71.7047793080061 30.70426690076613 86.1173436936769 92.2442992963914 -98.98112427962715 11.696352236068932 0.4254119992307892 67.96304684340444 -27.91195504933586 -5.005328754633425 -35.149956749510494 -37.833025759254 -80.58241460869758 25.799254731240623 -44.99911439778228 -13.41019431637585 -19.23308786709069 68.74957682943855 -0.01232536247131577 30.704863279861968 98.96922235816368 69.95143980100167 -67.47778790185019 69.45703558383403 47.53415321785718 0.9793026182801867 0.17291140789312465 99.79452636097929 -37.724792853883905 -81.4689371233169 96.37054273522347 -43.98904474928409 27.549668570496678 -88.77346274490425 -89.9077978719977 28.09412367830717 -54.87603088802268 45.323662196300205 6.440080806057267 -52.216283988554444 70.70482206864472 4.337290114462888 55.9133984436628 75.97329694875054 -97.63113940084556 -14.579157450778808 -15.99898399362975 -51.341025306658764 -8.178812641659292 -52.03450609343096 -12.754433498085291 53.7691388253057 -75.87166202124318 4.7560303359536675 49.573228903343846 -50.77483626793522 0.09761219351595685 -68.38941550850446 76.17342893395838 67.89394862045307 -49.90289781191437 -62.98698041978985 -78.32114563601456
65.56303315521401 74.14663352710375 75.57856243854565 9.588379190991404 -95.93340210175913 28.569166063962058 74.59614507453966 -64.19153087216799 -4.950313128381083 92.8621309271092 23.353333299827966 61.29000321894591 -30.743363674476882 86.95985259391864 12.343292139034133 68.0451736404506 -28.770547017440038 -23.50234916860255 16.839532319674873 -3.158546355493172 -25.30118353919218 -4.528236128156806 50.66133482311437 -49.10513989967733 83.95775705198412 -24.10241447321215 22.428803651052192 -42.09116739804659 -52.64333753710495 33.85971794694967 -45.96961275022324 -86.83578238827656 -2.8553074504091995 7.19389578336947 43.738734124918665 29.021175188257985 -3.9730992980681776 10.835803849693974 96.31360974355229 -98.36000464338038 44.962734435954985 81.33346842569878 79.23522093361404 74.72917785194136 -60.986145131792014 -28.450824397505855 76.20124459583377 -87.99017874313593 47.92581221708082 -17.917604684006534 43.48275695784454 93.98367555439737 54.76584831551406 4.935451587499102 71.53398083085747 -75.1198904534753 -18.46694848719521 -37.1216240720041 -6.969336670352334 -83.36670041768339 -94.2934395674897 -43.981937235094406 99.41310381048152 83.5377750870029 90.98726000948892 57.29133964829015 85.79923565696228 -88.0835232339565 21.173697700687825 -2.6778603664720464 76.72556544552137 -55.648218011045046 45.886710036439325 -93.75219417687035 -91.27500649801627 -32.05342645130639 -59.35171895784763 -4.176914582702523 46.05008290691447 -11.176343934001693 37.152965605001526 68.19493301243307 -79.73117103509897 -71.66498909972341 -19.47686930490478 -88.90111063482078 43.99988884451693 -13.086117460016482 84.36557290952467 -69.7006610714696 72.03803721418737 85.73770284456131 24.434126646941465 -98.89770778083302 -88.56057679046316 37.10780508459911 -8.785459666884037 87.43600474826076 95.02772471435236 -56.783634406183346 -17.50232410111687 -28.644071958660618 -2.471673926848368 57.56656728136929 53.06423006656661 -47.91155207356805 -87.41437434538048 28.82048543154778 58.38574762931475 -30.03826656277286 -64.06900742635332 -30.572129387077325 -3.7680018412414853 -26.61311101647918 82.34860983636915 -74.79007911333863 -80.80162355642668 16.968138270552743 15.521322061664605 -5.27396879931095 -36.53504871872679 95.85447010121601 -60.90143042247238 -5.735299109450764 23.63921454767555 17.086135728737403 92.99036510933323 77.7821838449612 -9.58170978446877 -59.56734666571517 78.06685127713814 49.201086567649725 -67.4246509160474 16.19289186424477 -48.38072623801355 -85.50286166008331 42.783968532639875 17.280881079620684 -65.43537376272195 16.82382629316625 87.77035764873929 -15.660596845115052 86.0346833329092 -81.52500117659275 -83.32774315644001 -51.23185230748128 36.42666573288312 -72.68403415269269 70.76875928493243 -51.56779092055681 61.680151587025705 -91.56393614925236 -69.30453362006348 -78.38884298605333 73.57226016866761 44.8617611661233 28.1015184103031 -19.062802583985828 42.24860378982078 -58.34483342448378 6.919273504580261 -93.23721436853587 -54.556961037173465 -6.150437843320816 -39.549973928539785 -95.07524140369314 81.23799863627562 -3.7301089030042647 -63.315162133416194 -54.58423967737873 39.608204007421676 4.15099947260606 -68.19427087220187 -9.608235361070982 -55.121963150441154 61.88813779864853 -33.449741830188 56.043414255193056 -56.88694623194033 -53.182820346921055 -27.335005579299406 -7.984615702014537 18.256471081860553 -16.946090338794548 -46.48828370175187 -71.03977772876611 19.495380290070628 -36.38798989320284 73.10420137181501 -6.943793300921058 -68.61704320171913 -60.62704077821637 52.50052112469078 45.17767454985639 56.53544846946599 -58.16928499093701 70.62588507745491 -42.31647717001461 -56.834749856384526 96.6534392522168
16.5398264862407 67.30267406135414 34.54676126995676 -43.24893768970599 -57.67436682937777 -55.551617630182236 46.79992280109292 17.032339976942097 27.589873994381904 -83.6878699896471 96.45187612161078 61.42578652159921 -18.055776411722604 72.60403236471663 15.086283166065712 -6.268637220535723 -33.78707353483547 -4.4954123091846725 39.17672437068774 75.47213251505912 -12.899368459137548 -77.11926278799157 -75.54983242445795 44.64791644165618 64.46719947695826 87.08973888152292 96.89524366706712 69.6319118678301 85.80549236995552 78.81586777292293 7.955221340419399 93.93159695559461 20.247751025857056 66.50733751645282 -14.981768815599139 78.6316635731277 98.48893304450291 33.86278779579288 23.903700975558124 -30.43312978879588 45.17069996109797 37.360519929085854 -92.10293223879881 -17.323231100230657 17.509345478941313 -90.53707539811452 -19.610073836944352 -66.62241104963485 -74.95468458989123 -41.30647982994016 -30.607017446173046 -91.27016923116962 -88.35309250938046 67.571491799873 -4.001810378799206 -20.781196166698578 -58.003960301971325 -74.93805119282015 -7.296712036005232 -1.7047678817800715 -37.93931200816056 39.774001187319925 -55.65038786598295 52.967537168492754 -64.3525925806997 -50.37761491096639 -49.42300925590794 0.7356510908071101 -72.07247792189462 18.062670154162944 -42.96586548571095 -36.26463710811654 -3.5949069353465433 89.42271062372936 2.7517796882979013 45.61007551878305 27.60516156564981 -64.02435237814106 -72.78759453399002 -69.63293574390528 53.76771650379973 97.2335401925832 27.766645919752747 23.531957674747403 -58.43237849182859 -75.94289955620712 -66.57803348244171 -71.64487646698106 -90.5690983495125 -98.3959108041701 73.70511048134892 -91.77309072674325 5.538058460587479 -76.19920959185833 44.745527979409985 -82.81290200490199 43.75624439060064 2.956681843332646 84.52968329039643 -55.901230565744896 81.02982210001224 -36.64686580721739 -65.80471579567441 38.22476946104152 -53.39375948515863 -80.37819420943435 15.698513047612366 92.32056927912637 30.018759438045237 19.482885494596445 -61.83670896822828 20.03142339703882 -76.26791760139858 78.80502154904576 -49.874801195562135 78.25278096691738 20.597517713260643 -43.800130033258846 -50.73522046619176 -93.31727867995276 48.74844255702689 65.60553192295447 90.19011571655429 -56.11948907882811 56.46039921201432 10.74932062689551 96.68794146254797 8.360632415947734 -25.54883925200879 -1.0736149784581954 6.485733685489308 67.54370694938123 -5.4926295110731616 38.78687394768946 -50.561441943680954 -71.77025549440161 41.90103876217333 74.03626123749993 -82.35069772419163 23.75691228955405 -20.51505312310546 58.50289913066641 40.09625033562125 19.05325691043616 24.462348065884385 12.679954496539466 80.30004722374196 76.7218666097254 27.65270282187214 -15.28790501746893 5.6265137641673135 -46.20367822235203 -99.02078987237444 49.4442505197847 -86.59080582960766 -31.869282780252718 -57.4208578935963 64.43110842478976 52.4867525323769 -95.82111990485886 -15.099415485057605 16.58578451976038 -16.271135102419265 -36.251306171132036 71.21411578423437 -1.1490780550689692 32.43454672724664 47.424232518529124 21.697663464293953 -96.88397372760171 44.236638355936975 86.09271888850515 12.340351286607174 -40.81280717494036 55.51239172503108 75.7415900078141 73.23649415196908 -9.85037931498674 37.417707716630645 53.162005356539396 -93.58050037758272 64.59324836157637 -66.86994181093112 69.7489756898018 70.51667039879027 84.04041962894564 39.98529616031655 4.538625588607118 86.6015700507102 -97.46592955626994 28.28975001878905 -6.6287871912801535 -6.2029512848178 91.82054505194102 38.15703628382198 -91.09707620717711 -63.6009238510467 -97.98582207199075 49.51822372660101 -96.87678871579335
29.91519333840614 -13.978467167806755 4.264641319109657 83.26650271867331 62.2799243632619 -10.73696814610247 42.48937029726508 -69.55293490345426 8.16421664802958 -87.5753713510864 11.060533360782898 -25.784382120928996 -1.3428116184750252 49.473963367596355 35.34906304359123 -68.43678993871143 50.332374273554876 40.383831659687075 -73.59051386463946 -49.67752274468147 -36.090392406197736 -42.466093821007746 13.148921179402691 49.31835066494003 64.81582240392586 64.26207699679668 9.707156767175945 57.82639008470238 39.5061289458358 -41.96153834819996 -77.47030025595483 84.20448924280876 92.37524329302192 -54.3952693391119 34.282814197785456 7.004184703637478 20.728722503304226 66.92600011293658 -30.24241464276436 -47.36789098779211 98.0455862415526 12.509039735171456 12.68156649133519 -98.46520728451684 -91.25356145427703 -25.725614426352735 93.7118302099565 -89.3953509261018 -77.23446598709344 -88.43450496847562 82.93970449779331 -13.338820360793463 -66.31088510907885 -92.46567084112019 84.01712995780602 -18.96101982007275 -85.35831181880198 31.933578290924572 -52.812461993770874 37.88521636829233 19.84546976794708 -7.8464787256729664 59.57481310985304 -43.25309224978196 -19.44418629088318 -96.60458573190522 -55.207578774147436 15.256435687347405 -31.936691923248134 -15.748841782136694 -11.043152749351151 -8.512587645995495 67.1458936712958 43.321844951368405 -57.63084318380456 48.626615607380415 -66.47458683099599 31.412530464552646 -15.48076185492792 22.865008734053546 73.91446698832377 10.832738369875088 -45.26871721873729 -49.224597860822406 44.81777576656819 92.06315118177608 -42.13153042905047 -18.452018830757467 -59.42352401442346 -46.80744959847085 44.02034346742823 1.0331653620445138 10.089968502756449 -38.03708707802531 5.965923179553755 -15.094265629890643 72.8114081665897 -39.55338987726618 77.85641885645018 88.35118643436317 26.56855285768009 55.07817508912774 -99.37361546564622 -93.26272959047913 44.21138290390152 -93.02595869506003 -10.562528022389529 -39.414229298770366 79.8543891622243 18.65602312702947 81.25194729296607 29.56131272376109 -66.05053943311708 -8.607285501575106 50.35088844314231 -34.27088174326096 24.284876363153288 60.136403464857324 -96.72362657502835 -13.198401937516735 -96.54850662088985 -52.516516086702204 34.547338856597634 36.19606980332077 -23.055623615696348 -29.45067924691105 81.51290096791226 57.03797321052406 -93.1502499459671 87.4835180040657 -61.03722328104635 18.7146252206732 -59.10827869000388 52.51652491866716 33.19039971732499 -41.95169924848887 25.51105066925163 61.879133865386166 -77.56202129999431 91.20461824032125 -66.85911213908744 -62.81521924349456 -62.52745748568898 7.971890048720425 -43.57828891716651 9.615847254015392 9.793851292223835 -57.14781049111872 21.339605734214473 -54.926049687647584 -17.545697466431648 88.63991977535119 63.677288686344525 -34.45371705467299 -88.21492380366713 -59.757144947610485 48.31287006226617 -89.18221022979841 -36.273975608377704 -88.77338111754884 -99.59156189859158 63.81821113017759 86.13588851206094 -60.970614517360346 -93.63405858493591 -92.7292568297594 -36.44323421777547 -13.430328655823047 -59.50118409057139 26.79226429798966 81.13499100609928 -63.245111383103605 56.26995049046789 21.214579172703168 -45.63697105935227 73.55818447235421 -67.32923487991567 56.84694671677491 39.06997370091261 62.05061572092842 64.58342583912616 -55.38469872090248 -86.58179961001422 -64.98196335142228 71.1460853545629 77.66946935145404 -75.18481787084139 -66.70500181392944 -47.79237675306267 1.1510612288266628 -67.31250831860686 -49.84826570431953 33.587669302404834 -17.829970289079128 80.79279858754893 14.453475598514487 -5.179248135997909 65.87296852125007 -24.987202558433097 92.58526908539415
-38.167396049253945 -31.17025659640551 -34.703569627285844 -17.476860807315802 -96.6364893450623 18.83816298435721 -96.19512615692223 33.05442806027975 -62.3390301373439 -59.5549217693264 -34.55860101374233 -23.75152267849532 36.300831038607384 -21.85668616660972 0.15694146551157928 -43.75953113250177 61.0682346531234 25.42015827022486 83.89789559209936 -27.63316189177118 -33.560029510080255 74.9834841422414 -54.96300824207816 30.197116601217175 -88.04612127690513 37.28335497232504 88.46661578034633 92.91379187016005 -29.574165878071895 -13.232763292604503 75.45668339649077 -40.29036300786573 7.528691922420478 20.755455340239862 10.662735684284925 11.300089165781685 -36.02735105816801 -1.9048145150157438 -5.983295423047636 79.75862159870368 -84.32479410402452 70.01580711076193 -94.13915243395125 -38.99751708460306 -81.18868343647824 -35.49963922999362 83.07990052153366 -47.40627091598149 77.64982874055698 -33.89856469319233 -48.769659003108565 -18.84580612245385 -62.84375755037133 -15.097769621509642 85.49260616699584 80.76405357638424 85.6749309078395 23.486166293505846 91.22108520009996 23.131136276958912 57.778265145909614 1.28962747864702 -92.09718458427439 94.09534466315051 38.665189821330415 -82.1005774337033 28.314994100746077 96.48602588552825 51.17858068219931 61.49306423251042 -72.01855948040938 -35.3917116822833 64.5414039055982 -35.80618322308027 62.421944004011436 22.290110319887475 24.518582115865144 -85.35445563424699 82.65499546987135 41.00076071695145 72.0103345510552 88.2977724341986 -74.22372112843307 21.48447040888881 -53.61821750608555 -61.28140752546685 -13.392823688113339 -97.26122314571195 40.982581184053885 61.12839877883937 5.761171825250273 -33.50262993593283 -51.0966667253959 -55.2641193119658 -62.969790299253646 93.82353732103036 -58.09488862335499 30.66193542644001 -57.83093511017372 -8.78897643442653 -3.3665515867901092 -39.68076240730301 -79.58472406787592 45.589924041285286 62.453528106479894 43.45119330886732 87.83048298435872 -86.36156105272832 -70.6691331221527 57.13460859213001 30.319507053042457 -13.573680915674615 36.30302981931425 43.936001741501 69.89592098829488 -48.47208032327064 -54.27402160913479 -93.68300738508219 -47.451804688470325 6.17299511069578 -35.00815186262251 10.65157913519512 -88.57658810487403 -68.50628899092908 -73.00463574575664 46.526179671542366 66.88835485833954 -80.38384714685793 39.95689564606184 61.79488464795506 3.500769747593239 -88.90400909352473 9.390103070126841 -80.58883674484264 4.880535462828092 24.506136574435857 81.69312747363239 16.241477382335418 4.509819618424444 -79.71127455093256 -48.47784741629238 -50.348473882326196 -10.18693895077493 62.27916737176983 -49.42113612126842 31.710428649719546 9.08398856329866 4.927181202817536 34.306765088763484 77.62971465437269 -3.382297086579996 53.03129897899262 -53.22523744321672 -91.10879102575005 29.638544210711302 -86.67743155567051 -60.35099732294802 -18.633534223477113 38.742618912701886 -42.42945806979035 -70.21704174009272 -97.5794180057685 7.630510055900075 -32.63099527498183 -3.4173602802054575 85.27601593772457 4.762355602926476 -59.12689326735956 72.68533576594197 9.484672787762506 -11.567735483388915 93.69213076124439 -82.61478287063808 72.3004739753516 -4.455504607779389 -44.355259215583295 22.901285897058216 -88.08472476603234 -80.59097926757353 41.08515096560487 -63.670053411295655 21.290632136492164 -44.44987205290531 -32.12729680329281 43.804914688397304 30.418149472773223 -97.67061312051588 -14.568944950470012 22.644210733791965 76.2125269531083 -39.382796644619255 -74.3062232356296 -71.55513620891819 49.894269517490784 98.53754517187474 -60.303873610859135 2.7021342575148424 96.77626527641257 97.47927735650953 -6.934412148480476
78.211391498263 -98.68948003448466 -19.391112192824167 22.35801047378952 -13.967081005575693 -19.611157008852317 54.9932724384025 82.40144401137707 32.834222842241246 -55.47124067065832 88.39881207905361 39.1680987959881 -86.82428686514973 88.87993374068125 -69.53529282743688 85.9576437026461 78.91943171743208 -38.59509383233708 -28.35782902818802 73.5334504124192 77.14356835390578 -55.33270281166007 -64.13676633954265 85.52248647836134 -34.30602692030122 -77.50267178565963 -88.59352697637311 16.432914045650747 -57.072277880111244 -40.246252192223466 -20.751332584419686 -99.71217564013915 97.35998003787728 -23.704176137886137 -36.35124384999664 62.38817787249769 49.577454099364104 -77.75386169656238 -20.2789350345909 63.870071345803126 87.22781075774981 -47.22134948391823 35.22989028692086 38.795699268212985 46.55247270122712 -51.322499163277335 -46.84097820647588 46.67293351606162 -11.242374321190823 72.93989228672609 20.57510221082437 11.503098582909388 79.66938530236467 -9.196638452542373 91.78244544630036 41.650789587471735 -9.591128886610917 21.852129492691546 -13.220432056083268 -13.911280020684316 49.73438925044468 68.64261422491023 -17.491096440036372 -2.501778317297564 -39.68731644980377 45.656347933318045 -82.31260819358401 -24.621955920258003 0.6290785583163085 -80.4504503904119 -8.693691141996467 -62.68271606452191 -42.87853718864969 -23.225154743146675 18.45231271088892 82.89490985985316 -70.42094294734585 27.18810753664465 -38.460379465591664 46.07606606045522 -11.085193250028638 9.747807811613328 -11.752546914519584 -16.00457293888236 -90.26639510801732 -60.174102361061664 42.38306359560508 71.97951598541042 34.99556710507969 -45.21447212133418 90.93920350047756 22.91212243593101 -88.59975478215377 4.3858309037455285 15.7813687497528 86.95190169226436 47.506015707207666 -38.63973573697721 18.106244899803016 74.68491400261809 8.499490422528027 -76.21259260534023 95.97453591376771 3.109039131268162 -53.92811701305351 -55.409320985879894 -49.41812497334528 50.8854986206897 -82.88235006391771 -34.554494484924376 86.28413380642064 54.521531371962595 21.775066850110008 -92.91957774104918 72.06867729614254 78.51356577294209 -58.589490828975045 90.5297000439285 61.75861601632943 57.140579877020514 1.8167970886060658 -61.693927757000225 36.66172399007212 -64.80065320692148 -51.14715071986771 33.160660608235816 -23.45794354337511 -41.09733932376447 77.74806308239019 -70.7047493647693 94.65901293212477 72.38965749566844 -27.338787138562438 66.76255214202772 -58.05360865306586 -64.20261751680613 -86.9925714862823 90.07056555002546 93.81073068691677 -53.54022435256765 87.99776980307391 71.41916928701903 -32.63160587987768 17.696980111267038 68.56971704036155 17.455446520486788 -69.83164266065735 -73.5834832489499 68.79057455578192 61.65159931051164 35.0732408363352 99.2079837433925 -99.98598897736348 -39.3453992442313 97.25605828357774 -53.87117911039665 41.65373948962525 64.7908916401127 -98.9290441425523 44.43023377376804 -93.56168211885128 51.44887878874965 19.013427373789682 11.860689053793408 29.14962933870845 -62.95383142783177 23.20898390735198 -26.743465638649596 -66.36826332366275 21.552889343010577 -13.656545795630265 -28.61868112192039 -93.04004189799096 -21.628918599523345 71.64593977986473 14.239108308064203 90.5725124642266 -72.0999999115673 -96.25889004966643 -87.65441748664999 72.96498680553461 -87.92218514745791 93.27360048679583 -70.04723185186066 37.956106488601165 80.27400460161425 36.613788818991395 85.86577699692032 63.22784558424371 -29.031543171458424 -98.21820864900897 75.08438238865045 8.506767261987463 1.285149135802314 -6.30586421448578 -57.632364299011925 59.57781554746262 -38.83979332745855 74.72610823060194 69.38676851823072
53.72054543851513 -51.98100789043585 44.67200540901092 -24.312337771039452 -81.96538586473348 -96.00864997441307 -8.417642251965134 -52.40734659590534 -40.934201463644996 -75.88285534478045 -56.08503466704726 83.32314564256521 51.67132093055898 -57.414281818302506 97.39779073491158 -39.02923224348518 87.13828159833741 70.93797227507326 40.26636399303857 -4.952879065693949 66.16166792004825 19.230002502874612 -2.0776506442465177 -8.839577609620108 21.140324935963875 -76.7349956711725 -62.28452043124268 -21.126252679040576 -92.0873581480723 72.87258689170704 13.37787701386199 59.05588022181365 66.14586100882164 36.211056446403035 98.22973551717078 -72.51653645557585 51.7414591505015 31.677367414686614 29.755804293535277 -95.91490249675776 51.91210857346988 -5.666801436727681 10.300068278920449 48.20827865596982 -1.02538464857507 28.82128717915907 -57.071227227647995 -53.29165383058232 61.13800240014044 -31.393976253924322 -34.54510588894233 -55.02233129491232 95.91002062832072 -35.3169141736449 -57.14863518095918 -91.23341341483997 66.56975995542302 46.96642118265896 54.58520916050844 -39.86326681225909 84.56488376964126 87.67049010065742 59.63015366889758 -60.28972583490071 40.06058649877565 -90.04913876090663 -30.491173357191272 -31.121945038410686 50.30942300490719 -32.436200484146 74.38016805889754 -17.61982551055354 43.31476050372194 -58.9896000737322 57.07885688319604 34.569461901171564 -33.549677588812685 61.82240465456508 35.85334759799491 35.74719739813449 97.84363965697978 79.23143395330041 6.984390741833153 -78.68710325068832 4.357013601824164 27.362868688259283 95.99176321395208 94.50532843054484 26.519574091781735 91.29293431761081 -57.32507773763547 6.993151831175396 -94.46835338555371 -4.491081087643735 -48.594321497807044 -27.964490026393335 -8.884910748665845 -93.16574111668783 -13.322854267795933 67.47540139997449 65.9888173665903 0.619483988479459 -89.76773067428034 37.30961785933812 -44.12035215651966 13.530415927575163 74.96865928000841 94.05004380765948 84.5892955359088 22.490021225058143 -40.14622468359703 37.031355926289564 -69.26581225543225 44.645587144966726 -55.428664067563524 -24.029065522947548 -74.39330032698092 63.59280286896623 -43.78193771755539 -81.07124825269567 94.5737654606553 -73.29276273622705 -6.801200038143833 -62.401445794047476 -64.80014337964411 79.90982853008856 -61.42039038861833 -37.298592900188424 -7.788283799347397 69.56202715199277 42.62827291151763 59.02863711155126 -8.1673888808034 -99.02178785171849 79.07130212513579 55.46655326496406 94.15510481819962 -82.79775615626895 -99.49819879939838 -47.26468251098434 79.31051212468884 -74.49426346666823 29.735889772767763 -2.1849393762040705 25.94310189898698 -96.53508205876054 50.41186018427095 97.84090103700242 -12.457955572226481 -30.5793962310362 19.56253009341347 -48.24541386733225 65.28362071962354 -96.26679099075295 -50.48179183004557 33.93395338648031 -23.5585016855526 -39.77796914349108 87.77368453699128 -73.72836942826379 62.33184701370331 -83.8015383188407 -3.3876851252065308 51.03790372515769 59.37726941338423 72.36766306335741 -95.5690657331707 -24.581292872437416 39.21163242826876 -59.9646050089264 -68.23816360535764 74.28471420361154 -12.726504227995065 44.81128065527906 31.704531196491047 -7.626137882545379 -52.79912960859112 47.48961461411426 37.20814455369427 -83.64094430625252 81.38595505452747 -82.99404208038716 -86.83685221132802 11.650622980316626 25.787634415422332 -61.29843657240455 -86.13804061002033 -48.40162378414987 -9.212575608614856 3.5638649945241667 37.48410046591181 -1.642502993730787 -20.0988740590294 -2.823915427030016 76.8842133424904 -87.14427161122748 95.11374752096651 -2.311144265022591 22.94158302539435 -81.32072448283331
-2.634859905390968 35.39951543051319 67.93636214750981 -87.20593531942575 -35.229072898859414 33.5532679415779 -26.960623318949857 -73.97288515719728 7.745031354137382 -58.77902874110779 95.99541118224269 50.933768980099416 34.76257026123602 95.06254601257908 83.80763523134485 65.88385395632471 27.927693403410075 78.29716012741565 92.56555973751955 26.09572112952887 -76.18718006412453 7.4449592174665895 -17.496109738277795 15.98351701654208 -38.729999629949916 14.237465518701725 -74.52374257083629 -1.4059487538253137 -12.547440485170469 76.52729123762572 -58.12897265244317 -55.59262128025988 32.31678684025198 -74.52608406892816 88.32565847366163 -7.371026839653112 -14.721734192496541 -61.215877106645465 64.15455129517571 -33.554207253651995 -91.17574627856237 88.78248024153487 52.69049143311943 -80.45858971188963 -59.91088801103033 87.41393584740652 -61.902854487469725 -47.65199384155696 79.86462264546853 37.21055853610187 -24.841244389878383 58.92743051416193 -70.77831869740302 24.74084109063908 -83.31912233600964 -31.052144517434172 -79.98025034965826 57.16101177024248 91.42707138881897 51.08287114360829 -35.2021083790943 -99.8449282941697 96.52762927660442 64.99683527308139 78.87950696779714 17.27497254625196 -30.075528253665595 -78.17716940517127 -91.93400442776573 41.23111468361677 69.2345858757559 78.30571367469028 93.69047746172117 -91.27139456678233 -19.884358062497014 83.94129938223386 65.27875426050463 -59.77983729427425 98.1891280990381 15.631028227927828 -4.9255627514310305 39.95183976004438 -75.63072816559244 -89.14026880935407 99.85768898008013 19.06214865857632 28.90516802681455 16.198862930102777 86.43806971773557 -88.0800106554935 -70.47747134821176 46.64323566092784 88.88276531761167 -94.25328262625092 -48.14678871843052 63.77944979756606 43.74753187797782 -56.52199907956235 -85.92296016146102 5.075818139903561 50.57443900312043 17.3938043911607 -11.048584611282891 96.86816122521569 -93.27464063720605 10.408449579400369 60.00892116383838 -39.217179734084965 -83.04171720413356 -5.134268826389558 -68.04340259670653 57.67500279921333 22.414948042961697 -1.8713890985321342 89.7740767201771 27.66822651143839 36.79060197150693 97.02872918381337 94.63523541995178 -59.759369641441864 -41.81405878622692 -15.912776244270816 5.244138537066718 33.98932462266163 60.22573051401346 -28.33121969529597 90.76885414593016 56.68735142310405 -5.252518676873464 -38.81926812298653 84.29492542004277 -50.14664901453798 14.42294604942225 74.65044906764825 -78.15401817448318 -10.621139805850063 -17.821988509956284 80.86116118854366 -4.097051413464101 45.763571884831094 -62.124880716962934 -52.41008274658989 58.32329053851197 -28.35783154527283 -94.9710629467639 -53.78690622607627 -17.65846315471326 -31.797043988803168 -57.068309430328746 -67.97907483332861 50.23882723853811 -72.25854424222796 -64.89011134909812 -68.49033746624124 64.87322137221273 -48.23425133672619 -33.249295291898065 -23.545810801750306 97.96831327229623 -72.19095657236127 -33.661374984269926 -85.07883271099567 -20.147295137580173 7.152863309383875 -69.3698404134293 -5.156653384173609 -71.25044336811992 -51.50931306312594 -8.242566264919304 35.03381914385585 -98.52679748083233 66.34790518405003 -91.1964216726187 64.35425586434732 99.77972867888326 26.625689382198644 -43.49087019854914 81.16943655084862 7.743627778570783 70.47789440516038 -18.890338685535866 -70.47425933717798 61.62883606764572 12.073369968032608 34.72122786422048 -31.837421514613567 10.441855070446834 47.608699450742904 82.68540950339548 96.82219692078712 45.58819655053128 -69.06909431577787 54.350478349369666 50.26344726480053 -26.05209843267788 61.624718324874294 -61.464688731053215 -44.31408882465213 59.34563459059109 -80.89879917877502
-56.888171580948566 32.476230791394585 -39.25962955970223 77.16311533948092 9.877273371147893 -58.8910543553649 -0.8499892104287596 77.97829049141075 6.739569214788133 -93.13482636348375 -12.521249073128146 -17.303694175588078 94.84493994332936 -80.5227632520208 -43.21565465292316 63.47930723970262 96.41218687930527 -81.12178283610649 -13.674337520523963 -58.65289565133567 -55.50452613411587 38.863967547517404 35.021213073773424 2.025674472280258 10.008382586256332 91.08887155606823 87.72629506696242 30.303050448238963 -60.92320045469617 92.47486328693338 -71.78940983481152 91.00759427015163 -16.665294809101212 82.6478082526805 -42.02907787037506 -98.97363843182787 -26.15200255573329 56.27557575681206 -38.20900966281853 -47.68131382183556 9.709382624095113 -28.774909574084546 42.16845354633173 27.391850296388213 -49.37235390512467 53.85551409051914 -75.37234470237448 -91.43889763818365 0.48338734972604414 15.951673738252566 72.7847026072833 32.909051003672175 93.98501154018854 -45.193877946163006 -13.870905981576456 17.96692570919103 -1.277943668384765 72.40952942270198 -38.683691518089034 75.7459917769726 45.16243870052028 27.52436208125846 -67.55188097765131 4.148616520292421 57.48924695195694 1.2823471981684804 32.754481857585375 -74.60609954703602 10.267691264402316 -53.293812956419615 -85.25169856299789 9.5308682447331 -91.97048581189648 94.9900614337877 -82.0924262425022 36.986918484281006 51.17232332021868 -48.612138089679746 -85.504355602682 96.59879698918391 84.21697632058886 -72.24422869768274 5.0264360109215005 71.93404167898015 -64.9099433716213 -59.899792945214216 63.654569581509236 25.255196580093738 22.05685255065073 -70.81528144779503 44.20793354622904 61.65384143370824 38.330412002152116 37.892071841670656 48.222445178457605 34.73229172424888 62.243533651527514 -64.40212400684935 74.20772615474175 -71.82287570008495 75.20200973199823 -39.66045971077463 -73.55953571786753 57.911584046683345 -78.20629511275939 -5.106204680998985 39.239698336705544 -6.799964813213052 -64.1452816168496 -42.47246607910202 26.135946702394406 -82.8270618925861 -4.673799673798456 54.52755386330958 96.90842869355731 12.88270545763028 9.493448138109557 52.75370258671228 16.112752866793983 65.1982780458072 -64.21437463108097 -22.20657876627395 91.06040379666857 -17.95481418779781 10.226585158945497 -85.56080972892977 -33.40929990123928 66.5139534504651 61.52363917024232 -90.49407808239658 -76.08414426408645 -60.53233944485763 -53.54066342953372 -42.61870621327366 -44.92352075906041 7.452460076503627 63.461207366752944 -28.665047223286507 46.3132502086921 -33.053210731061995 -5.040851129666805 -2.6508936666494947 83.74229708184569 63.101320632104574 -65.70140522084756 -64.97138590466136 6.009426355337794 -9.587836454130283 25.128188353686582 66.53973328281856 92.72704390598258 -64.44258054124283 -88.93609671708782 77.9140166048474 31.2062427603382 -16.385059741878564 29.959049329030478 36.12816628225383 71.63343023327295 27.894905309782487 -7.984711394598392 -7.368247016966194 -64.05406410199018 27.310592211799587 49.97990664638559 -62.23986111380873 -44.69900840849401 72.88663999864045 -42.24946734453434 32.397067011812766 35.66084284007363 7.575587752711854 38.364524390389704 -14.489721261289475 77.70567704129661 32.134528123440106 90.05811131202793 76.13348250085471 43.951913837847485 90.32265585743912 45.798501101446675 31.511109676054105 -44.95569769331129 -34.30966441764683 -43.420765806394954 10.56672408295023 74.73210988435704 -40.99303251531823 -12.623236938245213 -88.53782524689169 20.90441538754888 82.48386682847334 -10.944129062393742 83.80913496810334 4.244606441690351 31.11066192893324 -7.519872464325644 -18.579619508827918 76.98387610335152 22.151366620935462
-55.49494801396791 -56.500685289766615 -34.79608568076806 37.49102458130608 -32.96869931323589 -44.987494974605056 -9.215612635103795 -11.81016327015503 4.286398744275502 71.94726995865588 9.418133681204125 -87.62243789548839 -21.804139757599955 -34.52449544019301 -24.734700204185913 -11.032880047100718 -15.777577389996921 -33.539359877379596 -22.84785977399683 54.48931125282576 -38.46120068913492 -21.592816912396756 -15.517571741355567 -66.95681120752911 67.53122765880653 -37.42054561713226 60.46801828492275 82.51786162463199 76.8951094102791 48.83624265944269 37.3420945036882 16.095703908516356 -93.44124494894687 64.66154425946547 23.467248680112647 -81.65547463314738 -70.97365280810544 -22.10891657260578 79.60937005158186 -54.70383948084228 -16.976534739808187 81.7100192829908 -4.091515913790687 6.767128914490513 61.84885543405886 58.49857347263199 -18.41573083310415 -23.60726648940326 24.609841830982276 -0.09146708472707132 3.808778668165516 25.448241497337193 -7.755770393236432 21.536606741790138 -83.49303761830723 -4.227151077624924 80.31945415095981 -55.593170023169016 0.43396232693294223 -96.39821172717748 17.625482437719725 74.4287800482216 -62.0514941085776 -57.24368600754697 -3.2520786865509024 -47.913684292953576 -30.966428983218975 -91.41805101465448 -92.983908184133 88.20567730783583 -55.927605478859 80.48547312437333 81.06305613675471 46.01596042557631 -81.87254207702969 80.09368613340965 -23.323247186067178 9.551134930213493 0.020081852873104822 83.304453748708 -77.63317015359522 73.780740084282 6.36994266422451 71.23670318059095 -41.12662092605823 40.94767326478427 67.13251510815567 10.108328426658701 -0.9653423031324166 55.63768534346812 47.646451878549215 9.238001064686884 -44.97809160850457 44.08288538934406 82.44829842414106 -22.53277190790142 -86.9829557201125 92.42446935205237 17.633054676059118 -71.2239078529646 -93.19133858467022 47.37106867999 -94.72957297977882 93.77409323077498 87.8571364290838 -57.90470253724094 -6.201278658303465 86.26415009854853 -50.07898654766172 -65.32406122192356 33.229519521262915 21.871288377264236 -89.0131614112335 78.541493625795 -17.74970880930698 -18.377660647761985 -18.203116772745204 14.28732185723463 35.840769532954596 26.473159137317253 -37.64317898976548 27.980119290807238 6.066916558313679 -40.99042461972577 79.61258642584252 14.399913726779914 -78.06357884815753 -70.89027462318624 13.779610708822545 65.38556089411532 81.83055419924645 -30.41516263613488 71.83703293926825 -96.03409315538383 -79.953470574942 87.83447569167438 -14.189748018859191 77.25824248082242 34.71781485406126 -18.81540381418742 -84.15706822340067 93.72120525258316 68.05835864769608 -80.48689884693687 56.96411447147 -96.1428207086024 88.31299534867932 36.7920985885298 20.88659435197951 -3.1824611718478337 34.310435153477044 15.485292858690741 -93.77388660228914 1.477092341731364 -98.04513844014127 -74.59155190053153 88.64661757040747 -9.671076323788071 76.99124448806268 93.14142566411746 60.01480705726351 39.231999194092595 11.069061100473306 -66.7310720582592 32.375581116842454 -11.796674706455335 -77.77309003331155 -55.991438112751894 74.56481944774029 -11.968445867194632 -86.83595810305724 -37.82929089361473 33.75979014834692 68.85338350581759 -35.59114532566751 1.2146359773548312 -55.39675673123716 43.477192139984055 -94.60018305198442 33.78682165011702 56.467395335049844 50.50983155099638 -22.64627922003362 54.57180408636751 -82.38256356325891 -85.77023606799621 51.46036828161223 -27.05318919112574 -78.0043960023099 -52.98552998980184 65.1777122654002 60.173267484617725 -79.69346120111251 -87.58568679975234 61.83023427647038 -29.923225055374303 -86.17073273641009 -17.40333762353694 50.95978776496213 37.26013874819628
-59.598491875517404 8.29480944261502 47.76151195419138 87.65806536517098 85.16859847319296 -37.87682984461136 -64.04059837528762 37.0583670056443 74.22305812555456 -24.90566280647144 -28.31638631036526 81.61636173355069 61.72300293975303 52.250022244359656 -0.041085316453305154 -44.95904316164319 40.74312984124913 -84.52529009607753 23.714202663839416 -43.83332133898919 -54.004300247315726 64.76993680998774 -70.04819567331235 79.0501438617236 73.1591695484766 50.322214877678505 -43.19404715733217 92.89781325721995 1.4244978986089478 -76.65587203877888 37.21615417582271 78.95233450818901 -98.66510669891582 -21.858684577749003 -93.38860843176113 -2.9690469013494862 64.5118307048177 -34.14436562725791 -92.01797372164542 -50.53346185367313 -26.451580524584543 -47.26170590167784 -14.817310671954687 -11.8386695356659 15.293296705896495 2.983827532533752 67.56854722313673 97.27715280846576 21.02753050739325 -80.6954131433022 58.574302605403886 -62.83686688821757 -42.9762613940637 -30.28933873387649 58.708743801028646 98.8703485991482 -39.87925957455949 93.30132629562442 4.81593804410511 -96.94959604367361 20.725080022907534 80.6402432743873 34.395516576753806 -32.02546375636035 37.28852263368228 -61.11929205455602 70.77268364837781 -26.21695918112532 72.95563158194471 0.13447825541285852 -79.56201656610607 31.516910911415806 -34.16996770654788 -30.486878697505418 -93.83384255754356 -11.084371664218054 -83.69273929476665 -98.92544297387602 4.38870289339539 26.248895998836062 -64.96193104590986 -71.6149340763817 57.96905173474076 95.85996839540948 16.050549971473387 73.0542925153967 -5.330018456349109 -89.83159193583121 -39.711571982818185 -4.367650588324338 10.749624748733794 81.9204949199241 -0.8666314785122893 -6.889235593298835 -8.60245228950238 -69.04335200327414 0.14257913852739534 29.717257172725255 -94.83433488187856 34.65820267977128 -82.3115100171768 32.58853617021498 75.04235854088824 -93.89549999894217 -47.08324487138928 -61.998102699036316 -12.852559266610882 45.75899897357195 -2.345905721223218 84.36497927700864 -34.669768155640156 -58.82823818210676 -4.711991194287847 40.67923062722855 45.1371466295673 56.61551594896895 -89.3494724997062 -30.480442132973806 -33.55440768902949 -75.36829378356522 27.247354890828703 32.05433720299561 -12.92984937763211 51.864190034727926 -64.78907859633982 56.058567626454646 -97.41448006936947 39.10174802486662 83.1152863765193 56.125214151845114 -33.1495031937971 25.754236892395326 -10.168048374962652 72.231038016285 -57.95209439875917 -33.692227422916716 14.4928981737295 92.49406998753327 -30.84046942511931 -50.73673425649361 -83.33779012726038 46.363748823300085 12.668284799093925 -38.38150501352546 -52.627816817688355 -18.949342056209687 35.592681572635115 79.11773560325284 25.15362607373082 -26.252925089666363 66.10758928776673 -58.91502860787452 -52.45492695398437 -59.29182516542908 -71.30041448175731 -9.826717464091544 -58.04633529685861 54.43700458414236 -88.13740892457167 42.3455931093051 29.71118694890467 10.149239847608712 -72.49600475878458 16.175417443456183 54.95441518600438 -27.275238713620368 39.48238606115834 -42.78098209089143 20.561995557237054 -19.512738459180355 -95.50284128729129 29.708737311337217 2.889178391632072 39.49811389720219 68.98980162602854 5.0656777379600015 -28.2245063165377 73.34863918380265 -33.33770078164764 -40.7734427896071 -56.37044329659435 -19.246648877816014 38.725994573697164 67.5394587631674 72.89313739034012 -96.22859811354438 -23.05878405112061 -61.862420620400414 90.17746524882085 -19.908730974794025 56.05064911659477 70.43402243117686 -19.460144081264218 -0.31231083759730893 35.04318491743393 -67.11429907224073 65.26925144634518 -11.113975401320133 12.677980663554322 -40.337453461815564
34.46368709235992 99.05790056772074 76.97312316755028 -71.71168765094325 62.5914054086486 -58.561574938895 98.4085530252876 -99.97325353434124 47.81561786629695 -11.711933192791776 -8.939528309278955 -74.73687344178548 71.86911076529267 -1.7998605130801906 48.92903067571018 -32.43515546447426 -50.17270315142133 -41.52279978528781 0.4792880204605581 -49.02798811076801 18.79666117164301 -27.135055108033995 -56.079770109612426 63.424718703210345 30.622104861922622 -90.60908247015244 -44.45656601647507 -47.484646775853975 -86.08231869976244 24.000350474348792 -70.10766433774747 -4.474182136702069 81.8734566143296 -47.45421594930723 -56.43679577852247 -22.62517148198009 38.44681410854429 79.76746337589148 -73.80656380152345 13.09557617782798 5.1859408649546594 27.909645714405002 -49.39811526481677 -90.31352121306122 -73.9395856653198 66.69709686351669 -16.43048635837276 -56.09609395122703 6.659915766319656 -19.293711361345217 -27.308881424190858 -67.12254757015386 32.74572222795999 13.260798911940924 35.98176440462021 -26.297254714408496 90.15131827606871 -81.37753751632562 53.44185436542787 99.81674427842995 -55.00920317181952 -14.877993782382063 -50.01326641633008 -30.262146964277846 85.79383934818568 44.86925844242455 72.36831048637228 -38.821652288609165 45.10386384483681 52.02175001552567 -58.32236981869505 33.32708179708169 -58.79269221458729 -99.82105401765588 -77.39174670497849 -35.81699486460815 -60.539767532672606 49.55082854102292 23.7081116786908 24.45213731040596 6.418395797731819 -52.9181230773341 -69.30237281937998 -64.61958225617309 -30.54185908299057 -38.18255774694534 86.89190284362874 -52.89453145822276 -95.15515050919913 4.215349573181896 95.12897984424256 43.38315008031725 59.48084802176433 -58.55395797294014 79.03849314616298 -23.66870805481436 -83.43908856985058 -87.96158245163389 68.79594235888015 35.01841101641904 74.9979574837196 5.000663032369516 -31.482329842252256 50.12266511264025 -21.99692789709799 37.66879820996408 -57.14618534656057 -53.78165738562546 -49.27907105705857 -86.67075956851123 -30.24679212335073 -95.17526851339433 -82.57663667519937 95.76351722993155 24.648745302031756 -72.05809881617702 -57.69032560804366 -84.9358895548742 45.61835372779112 15.999097258277615 13.341717639469024 -33.79628569736835 -66.52050322443608 9.690486099004431 25.00554076366693 -30.886895978200442 -62.48867386165369 1.4926238451480174 96.02483121396008 55.07582631574306 -72.93262629266539 -57.213604206821024 35.63076937170098 -10.438664962106586 90.82119065800663 49.343022853430824 -88.00920585689956 82.68106859381123 19.929857029147712 74.5901844609188 6.942111641107786 10.655847220116527 76.7647967564055 -31.70786735728157 38.93154179220443 22.661400451122276 -50.49830540028264 82.08537491191925 -26.150636549116072 -0.22670772538278072 -58.94709399730411 39.45776376853428 42.913676992100136 8.197645723137597 97.46294440090443 62.82078274092419 6.8577774358195285 -63.260479439589325 86.24571085373219 -67.44881181379478 -18.279102093320105 46.26249630545536 -99.70784409591064 -83.93027772272299 43.79387400199576 -14.283437429247826 90.30051160003703 -40.04707008770181 -59.1251514354147 61.13714269655287 16.874018450629407 -71.18149970255814 -77.92887120593066 -83.06696089310068 97.48336864379854 -83.03931046770674 -23.42362625103067 -71.73403415458637 -33.675211272205715 5.355178218119974 -50.59887302229604 53.570165018601216 -9.210816663749995 -82.03118695549884 -36.571077219191395 -16.61799736034834 -95.96289876878792 11.349530351590516 41.260969642290036 22.566942042823584 -43.620509619094115 46.29915079800605 -54.290468197405595 44.94649611691969 -48.32585549683457 -60.76202479909454 94.6659959882015 -23.1565136092765 -98.92691191834204 79.80798511291533
-16.273284283944918 94.70992064556404 -93.67174100979787 -28.084841244255628 -94.32923112259206 63.64267438159058 25.19119838082291 48.18829010039073 25.27697737522618 -43.02882026304546 81.73865404696036 -41.03531553302005 -35.759016228152205 16.109677169036345 47.81979160506657 -77.53733151799494 88.54478562853183 29.264418650586435 21.833234647164446 -90.2804308300066 -75.57265583407535 62.693779972455474 32.51766216849228 80.46534199959086 -65.39431437242774 -16.082240020822454 -32.923240737513055 -83.875041164538 87.15691834510307 6.4888505301273085 51.77596008264362 91.30556582739513 -95.78787523561651 65.94931378291713 4.127828606244947 43.740669330378495 50.43270073022225 21.708564869485897 77.95160338375007 -77.2262689600793 27.736345327342022 73.92382433328964 -64.71046060380777 53.276261129638556 46.90678269543628 -90.44204036014267 -77.6512395784201 67.5320425185875 3.7738445055968413 -44.60795172502814 -46.4142914756638 -71.07385458883769 -68.6743646483103 -59.16931124612397 -56.22744705863667 -99.02475635159256 -36.19437191446882 -66.02269424822455 -64.42954000225535 -34.03727437974251 68.88740418237342 -95.94337308700793 65.48510690245331 -24.897225777926195 -16.14395081528899 98.27928341448904 49.66407793269178 -22.334230152240536 83.22395669064045 33.22980620855046 28.23546842195904 3.5823690930578636 24.798878062717748 -49.59915047163803 48.261870114290105 93.56374533145433 -1.8971922689768235 93.02694113859263 -31.381253339168097 -83.26909613103508 -64.69214872841218 9.180636122139902 78.5432890692409 -5.489164288353351 6.966910237957322 -74.7364788019522 23.992607925317728 -82.44246713055061 -22.750130403396 -37.71632083435568 40.601608637761245 -33.649112554241256 7.8781288890047705 -9.352301301454034 27.352158493887686 62.687228102704154 -78.93308520550504 -75.46238488947532 -63.08604064713321 -70.75793607088221 8.717076169374621 -53.92468674915227 38.25845344184614 32.51792557854279 87.6908039747905 -0.4386822017628873 68.64431046558332 -3.155686824682107 -21.176211717634615 -92.7908883626265 23.941984207822458 -45.309496001573656 11.181370199695806 99.23052424006283 62.2326124617243 -59.417301830994184 18.78460206445274 58.7423802177361 -73.14845650151476 -90.88721646389814 31.68650080649519 -80.61503066628603 -25.10990324689068 19.73359063414395 71.04853125516047 72.8739908093419 39.69922488235662 53.86666322054401 -72.5627940890991 -42.98360950985356 73.92617691109757 42.508595881824334 95.59243519878936 -12.82904806232456 -17.44173488467146 -63.62231644780185 10.366970082386302 -92.6252794406358 -89.70521276317906 -55.91244691335619 25.099025788058313 -74.30247069156385 50.248089956503264 90.15876377753759 -13.86089985524903 19.050489641181144 -48.26672237975451 81.18917775417356 76.06956442577504 25.69945611722369 -21.047355737936897 67.89858640056437 -2.750293743819583 -72.59449044492388 67.12848100485155 23.571825433596388 -26.056132903370127 7.570377832743276 16.65851826300782 -28.971843092222713 -50.37205233669213 41.364632195981386 66.53002274969205 77.6398505401641 -89.0541541117293 -25.15271398875396 74.40324960172339 72.75883964800778 56.56776058107283 -6.9718356137857995 38.145664302477 -25.07030227360967 -83.28540162253395 9.699992461996445 7.77043276425718 69.36908093623236 31.691036016178458 29.041822406298053 62.874593372189054 23.742034462088156 -42.25464550874087 0.2308625221223224 -9.988036183635245 68.62744317269639 34.36759313867796 58.50656067572692 -12.802195480068022 -13.833920508417634 -66.35994353682311 -5.243105836422842 72.62008045320229 -80.73568481446931 78.11548586850932 -78.51189934740685 -74.30301729403857 -37.54082731931192 -89.94008166791897 -29.969077352263483 -0.7089649409469274 37.61006336549539
33.70308778016772 -31.447149097909247 8.552159784752519 -55.90173280322934 76.89212508152195 -71.51837032557154 87.23858355193914 -28.84557350881903 8.42407378606434 -73.26909413086975 75.31048579544256 -3.9832045905977083 97.99594106050716 73.4210250220705 79.68274670582403 91.08341045517119 -12.778811639886811 -88.5694407505479 60.74966773898123 -7.372639963883003 36.4778060737159 -31.83455840080643 46.06425106214846 99.56374364303034 41.84716984962034 -50.61043649050112 -22.68006027061486 -69.89819863237834 96.96953802862603 -66.20028889950164 43.30229380482422 -30.98552049406706 28.071097347597657 17.956224539786362 -54.209265707843414 80.13540365839447 -83.43656049968781 97.5440614525669 -70.09760101953096 -38.11610706661377 -98.19020427156894 -78.7138573748662 52.19985267865454 87.09990717799627 34.02150022505339 -76.06123966344096 14.436705907613927 73.73124489289341 -57.53362033900351 -78.64364728258946 29.336078372284504 29.17969982106817 -11.177177388904667 14.970973423626049 -3.7611366667416917 -11.072813317927583 40.45047598929921 82.11647652434624 30.775747944456754 28.036703217422087 -68.81231386261405 -92.11552474415315 -81.8983416772488 19.601458377349502 -25.387379294876197 20.726120053741525 -83.9462264448205 -13.317082487357808 -24.598552521075433 -35.075237882939845 0.3942632077988719 -71.01285522985876 -32.09038945778073 -53.64066384255168 95.591188329897 48.75297705667961 -26.575535960010114 -87.86287036707547 0.7411320388897877 53.55218313099971 3.8787084411298025 -75.37867703678316 -98.85573537494776 18.583314018659564 84.31561842475983 -10.108824134575983 -95.10548466849988 -86.99100565963565 -62.061115690090006 -76.2321573342601 -73.99465399943308 52.06716323479594 16.675387477329934 37.630212801181216 -98.36032748756574 -18.614457550043696 -34.5897918680777 27.478881243964736 -56.52899034073613 0.43709383853398265 60.21040514658915 63.6488305586422 -3.59538198087499 -56.12162501573798 -2.346836163206163 69.84050166431993 -77.20656092119106 -63.3219059285034 -27.811565402237065 -22.16823625524576 20.11342581126543 -85.77116082308329 95.19212016157806 -89.98241016874817 60.32211787848192 -20.427000864269388 84.29969223986987 -98.19417918234876 78.18009768094319 -50.03565793249438 -33.301506726867586 -31.309490862892957 -30.216187899240083 -59.44685569653731 0.029377618752107537 -67.25895687889549 -9.07783655023296 -21.498149627761066 97.87079590974926 64.56486578512374 -81.64287589152664 -15.756290050419139 -6.450250596343125 -82.07275386407586 -57.5366119467313 68.13393862804966 57.61744147797276 -44.39889322498094 9.470758137151947 82.733410055099 44.26969910493551 -29.68528420488225 93.64635248673318 30.77401567680215 -52.3432832856386 92.40215943234375 64.63706474386456 49.876804222481695 69.32724605177475 59.060179280031434 -67.31150505352468 94.08003241743012 -13.724519258893224 66.35854366700173 -58.980796509843444 18.18754237916589 -51.79592716776573 24.48338352661486 -14.37698797611742 48.417472786721646 63.43620747723023 60.875006844553326 60.105522693248304 15.40372743969823 -62.11761143678161 -77.43778593527378 -66.76146319891767 56.8523294570129 -50.738596576746396 -2.658455876199099 -75.86786365554804 -82.8916859522507 12.231296251684569 -69.64826971344571 -81.47259562148864 84.74507942369766 41.78362472946685 57.34058909114472 -37.78573275582573 -10.278088625377222 -38.07894004882719 -88.88063946126779 0.34066877620205105 -63.966254010673175 14.463117155346964 47.818922963653364 -52.40320823921949 27.604548675058822 -71.4127296970926 -19.765152843710453 -84.82475338466537 41.10869230227894 -60.1441395981811 6.299645504624493 -28.94936400077883 96.59260678810259 91.99267211393075 -0.4399821160236712 99.83667530288017 -54.69172422055151
-1.5244792759716859 -75.10693522109727 79.94490253652143 85.2812928221243 61.45210895718441 55.907011638057725 27.91683077429066 -8.218898847122475 99.17162637507838 -75.70331734963122 11.012934834024364 64.31989063758184 -17.981672037291844 63.017129113234546 95.81888732883215 -0.4100474564853869 7.0113221914034085 19.07377336861235 -75.71051373432074 -89.14031360854828 3.9218857180809437 -5.69309015941144 85.32612671807954 67.89435294662931 -41.62908908887424 -31.654927424877854 -69.95682419797089 -83.53704892776454 -8.852089014201937 -64.5100911706532 87.47507791040505 57.236787227533995 99.88389280361051 6.17872716978431 33.703950686206866 60.278142483194074 57.48998286497175 87.74835791948905 13.8466681152521 -25.310562847826063 28.071566226470196 61.040234937934486 -6.368445650404311 89.71111403153569 -92.93425906980548 93.48757359451938 -64.84243561366405 28.100128030847003 90.66028184830947 -27.875653892749128 83.75796481502624 47.367347538997905 6.066976783574603 -42.72174608562713 89.12664281095718 33.92152905758405 -79.87913443794552 -33.80252150160898 -72.19783645012832 51.048434348053576 -32.306662852219176 11.722916286217 6.575213038472924 52.20259376309218 -2.7073831827187718 -17.785205481410742 -23.11593236058458 -29.627041782855528 16.799696240340296 -94.61083219298048 -12.592733258076308 69.15647096491776 -77.84123210642673 96.99661437011383 -64.27875808401254 25.803580813165212 48.62423411899556 10.378817964872525 -39.04242841008199 12.54550121580398 -79.05261118313965 -46.30290117918649 58.96052674508766 -79.78346100809614 -2.1014619225136073 62.33276417803128 5.284101468286835 83.98906598259546 -29.954903835481034 59.95061758223048 56.706996676989604 68.08330449800945 55.91509398222959 -55.039513059473855 15.287102816242907 -27.72755809445266 83.79746133926378 86.96964945039502 -65.79945216275642 22.984174562180627 54.77536777943064 18.39812326844398 83.82089597688119 51.97611893778432 -89.57849775001239 37.28401133942927 -48.583789024683945 -45.7089212876773 -2.9872419098670377 21.244473463773033 71.60041957419975 -91.75791653710934 -78.92824196333636 48.963429732361504 -54.3603244683716 32.59311577957598 45.880291476719236 -70.23627791952576 76.32069861127047 -85.96738069411573 -13.219701273887495 -15.603294880088754 -18.390484337420673 87.76924310473524 27.568571321279762 -88.1958233491158 92.58320705987722 99.91969285785015 -52.076379334567655 44.804787151894175 -68.19631919582818 -6.5410225673745686 -32.81678312178819 -20.217849557079973 50.497398359393685 -12.875372822589924 17.69012278991842 -58.775855443330904 72.91687741063075 21.00602443836948 -72.8397943177167 62.30934695524732 56.7518246877909 2.2320238594398347 79.2379280185657 15.83768783036976 92.58270260634777 75.3252298112022 -66.89483351517976 70.6340108317909 13.980937466577828 -6.2435362090839135 28.673477342633873 98.06716886126478 -22.91719800334255 85.21155051825983 -95.15404776709313 -82.90240820721834 98.55478328085593 -33.02164108254961 15.768425455459706 -35.07224540895284 77.61562741004036 -33.631535177680234 -76.00030470795326 84.87287164571379 -35.389523215086655 -61.420629571651865 -22.4948900411583 -38.47863817497969 -60.976229052661026 13.926637594720432 17.86116935809308 15.770202535602436 87.86027813258514 49.46094763880612 -37.89849649098631 84.21948985296828 40.89705558856852 -88.2670084689559 14.194931723866262 -78.02504145502218 -66.06590155751499 7.743768769906993 -59.32517250097775 67.02468840975286 32.87817191116636 54.434263737773705 -46.07690818962538 -19.709218441255445 68.78553782897353 -50.40442664795006 -16.55455671408093 -31.127877020277367 -26.680851513988486 -78.88435734795871 7.490481862183216 -88.287094244003 -24.188364824998956 64.10678328328572
63.32627783186922 5.715927251021128 -43.3845458100856 -27.639857529488367 -0.5674270280521654 77.46227727835412 28.381927179028793 74.71282797322945 62.65969875741055 40.06273241065915 -95.08785132921619 99.14657469099166 6.079093574645796 -83.52470851883155 92.69311923659961 -19.896146487257283 -31.696152552822696 -36.97545715863322 -87.18863262341475 -29.862356257355543 -29.467922101245293 -33.47177666704586 11.10347627549153 11.266511246887205 65.65325753658882 -26.81143143319629 17.307957723890382 -27.69090240159757 -95.87053506782807 -16.998036755240435 13.089618988981428 -8.767159638521079 1.3087892538255375 -22.9335043561087 88.18073521126959 46.772134832915214 -42.00986061543486 91.8878808856816 -19.5441160682563 35.28208206499605 -32.07907057408788 37.94236940921044 96.34699156083289 -51.07954001626362 4.576910359557232 -15.59623544206788 26.6612729750686 90.42709148706115 -79.09802120216243 -48.02198004257894 45.48400304447887 43.05031498342498 -1.8325551029132185 20.037424467276438 -99.80303726773954 98.5050649685812 -12.112067046524302 34.42735189849441 -19.78372012502612 -68.58319047930621 65.63337129982901 97.61841666665683 -61.434559251328146 -69.26386510960572 89.02935163140847 36.58181305628986 75.113336989793 94.05330157122046 82.42886949668443 33.50849357928158 98.65248108085567 -2.126493890428577 41.24589680644229 99.34503214881707 94.02686671478634 -96.60335538110752 -93.51509298903835 -47.85717721047173 21.202799128304832 -93.59861004677994 55.228957360022605 57.51875382582685 -42.843046138258245 -64.03828007920504 16.100986519232706 34.59179021444589 -73.20233789431751 86.86321392575812 -79.30399850803214 -11.701592255049675 70.07761488786241 -78.1398612269943 -61.86521196076698 67.26673740272574 -73.70319893075512 83.18616422097841 -25.236656326132504 -22.13965107931479 89.16663185433086 -72.88675312143904 87.90521091830499 15.243391735256779 0.6164726907704363 -18.754680798638717 52.61888025855839 -24.08744952167261 32.65123546364623 98.0049453065183 28.341843686966712 91.63397455753716 2.0244761869681724 93.99433038854448 91.59757702323307 -28.769395773891503 -0.7366633495070118 -12.785141833229432 54.384978539163455 -93.02381499258891 -76.58041407250431 29.159573214356698 -8.623506169580224 -26.904236371863945 -57.79896835445915 10.974188467718022 -15.322879330557356 11.418154646137495 82.98552945953176 -16.93494211196939 35.659747112080765 -94.34937301290822 -43.97486038355858 26.15931968229539 -13.510591020729862 -71.58652065582862 -45.533355013524776 -84.02702955061298 9.227096877066117 -28.1045438596407 50.40355167446373 -63.87454721115364 -84.57069429462787 -89.06530054559853 -63.58675960569005 4.090233260368322 -67.16080787635919 9.618061851230692 54.77325151166431 94.58806243793259 -89.41016574088911 81.20294212188355 -98.4687210473854 -43.415934772669964 -93.55652930456677 19.022938550671427 82.39178552341869 -47.186474195791675 77.43974260647505 97.67607477869223 51.613661416098466 -16.370319191615422 -98.46812292207106 -80.58770861386122 3.05077208359441 65.40516507119449 -97.8746873482773 42.91145696011526 -40.26983352679125 -26.713551896111838 85.64839017232404 95.91328002957275 -76.8775597006549 16.753182957477208 81.56721420427772 -22.6896016644813 -63.014302045037816 -10.559757837468496 -67.0112840193829 17.69997322075818 47.39286372327166 -96.72401697521873 43.13538711291994 63.69524089268472 48.13532108034724 -77.17147634474004 99.63518085307436 52.016600024234066 -3.623490266052997 21.575395982416296 -28.706608139095252 27.813882853035082 -96.50899994318165 69.89317186342689 66.2559188362184 38.0989227510791 21.666347416111947 74.53900653310751 87.28222246931225 -77.03628061353318 -66.18890795433788 81.39913370932643
-95.44791867643391 63.36424955015977 56.03093972394092 99.56189860826385 -68.65142747378283 16.605043192359247 -55.72120909845941 39.93103105448472 71.21244583461487 -86.79003033244913 25.81206887324325 -14.499338505196604 -60.78902280882175 -12.89614300471385 -48.688315910275314 72.56197187366348 8.371242909494029 -27.955541079107732 -66.02317135128142 87.59689742370406 -31.564522833204677 -36.35603480440422 24.09287960513349 18.784611319972782 31.911408475745958 99.78029252309801 -49.734613443023434 71.78574243925718 3.7554253961628916 -59.98682736141146 -6.816556348085626 75.97626971307767 -64.6105078064932 -82.88527325261974 6.918396383287643 -51.67648118229109 -55.025408514308836 46.78636553804668 3.434064324769338 -4.747987708518991 45.162581378673934 -80.56707625408902 62.220852592032145 43.74890511402731 -6.898047222460917 21.89219483060583 65.82751850095985 -75.88203383688916 -47.874121131422534 18.348328122462675 20.465496425877944 14.307941674779869 -29.72441160737047 14.51609372429958 -87.42900442557126 -27.693289114891712 -93.57529944218996 -74.6423750398884 51.55014855040909 -5.4982313579050555 48.732890963404486 54.891436187348006 48.30740074659366 -99.77830757177195 -67.57155273016002 -73.64768753721916 -56.79659757042348 -25.204941622947757 -39.5451602386798 -23.590239083775245 85.90603156417811 -73.79867369638076 28.37635833370328 17.933461603151983 94.98161739760349 -91.72701870395062 99.87555491582475 58.5015244292922 62.69785504967331 39.65157984974667 95.78245227612672 21.721809586403197 -60.45676003430091 -24.196670398178938 -17.388428375013063 29.109238072195666 -63.620995114894875 -61.573554482610504 -73.90421834549481 28.51031394077367 74.70540582489568 -12.187991902431719 -55.012607405295014 53.85426041355902 -8.397123685064486 94.06409662314857 -91.41956571457727 5.57469972810749 5.386402600872259 -44.28959217427823 -90.79422040653418 -49.103548887455226 -67.85055852796668 11.848243246776562 -72.49975728837796 94.83878729408795 19.236628529186504 -38.19440990358138 -84.87433819948693 -66.97377649996592 -60.84714188317739 -44.50630962846633 -12.848004291668573 88.4764422599697 44.08664357080835 40.55416465916409 -80.75971652409049 -40.957185428784506 -0.7525333768328721 42.3683425821215 -58.7674119115037 98.15442506470404 99.3864163623042 -27.744232936224947 -58.87526157513392 17.649786844485433 50.11074508523856 -25.455455972322525 41.037456213469255 -48.142838467385005 97.4340996097065 -91.7711072892639 58.69608309642845 10.866853340006173 96.46752734015521 -35.767140267104864 93.6743285642251 27.806599566459326 -1.8257745582259872 90.06332030701336 73.56439432068242 -32.0874239924007 34.17116831715495 66.59765800115039 -7.851142376074208 -91.6426662857208 77.48976391232071 21.017192091207377 -53.105379187268234 36.62598790271815 -25.239131549720597 29.53069203428845 -31.17890785282613 -68.37604985551428 -70.33081549552509 55.2219551851592 28.673277986295034 -84.64801850111297 75.05868676607369 -91.22430504490362 78.86199216843963 -19.344539400510087 2.4663201794579663 68.66849891429445 -41.46998238833586 32.836724430636934 -63.63745985721796 76.68453450716731 65.2274118721551 -26.60682530526111 -23.789873505771 69.64502701753258 26.617760132375594 -58.184065364257954 -75.92935371737666 -62.458399609422656 77.03097438444973 -17.8038087235378 41.67990829299387 -1.8317729353144614 -39.17542773171536 -92.93982611957523 98.6894845351575 84.79776415571376 83.5428183955128 -62.74879595563294 12.139103905206497 -57.09027629621786 -38.67492219152226 10.682056678148655 -43.523307158207025 -74.7581239666209 42.945146564164844 -74.99909958905278 24.241601048426276 3.0805488894218627 52.44662128585253 72.21753202189544 69.32796702498354 86.501528090677
-84.58324010277911 -77.26700457334555 17.587092111177967 95.86357967973441 22.333116257966495 13.952653560234253 80.79659491012035 87.94665898461679 40.88727397074564 -63.74161722897516 -30.139537311632097 83.26302482683337 -69.10045551289232 35.44226103547729 -78.2755805779885 -39.10410487963336 37.249931708676655 71.59696173627745 83.51170374307262 -14.547555216163758 -42.5300532898583 -61.556235675100226 -55.87775253887766 52.72489437964393 -11.544834248585275 75.72056601511238 51.84631224451536 52.98755317724866 3.124559474617186 83.48335852789975 -0.053626117208366963 93.01104398790295 67.21072295007713 -60.779668938243226 -63.723930392459735 86.68934244927536 68.40385032843409 -45.321346752172474 44.63045625264493 66.58742591972955 24.01759177909129 -71.67506502080107 -62.662904667300424 19.586286721104614 -5.544874037123876 60.16260067030257 -3.46874700986028 -30.819409141355635 -68.72146772389783 -37.13433869302687 -79.58429244179649 -72.58980498093561 -19.244677451600296 4.992517239912942 52.70549231544135 14.213405188574924 -64.3129688962616 -38.436741349703276 54.78017484416739 -47.40759322135464 -98.8750401630362 -17.1953857878038 99.48590407351608 19.074642531618096 23.570436756456473 54.294796371030344 -0.7214427351482442 -8.010261644822677 35.10589509215208 -36.89963927578606 -99.21047824066956 -67.94118208634558 -59.4087839705415 -4.5699335311400375 71.78148947187239 -63.93113762555516 -23.973346015192092 -70.42081906574917 -27.666187801678134 87.0911559321749 -6.146296298225678 -61.601791861647804 22.19511821755927 -15.265555434594575 8.528149357833101 34.899357557075774 22.512065705958406 -15.839829049571279 -90.58692338804357 36.54360894044194 -16.118251148524052 41.367860210687866 13.167455576037753 -88.24074942432566 35.213901702233386 74.55752226417002 26.713504768458705 -67.74587091275211 -77.8970173780651 -62.70077242030059 -81.01582264839928 3.63579231751703 31.997558902247675 -16.924221404658525 56.754643701378626 -91.4491537535825 -77.16353634632425 -39.03624078357497 55.661272366172994 71.42385034557105 -58.88888829753092 -22.359668242693886 -0.8023886194568064 2.2831491378347835 67.13750617095982 -29.607271459098115 0.7246549367930584 33.18982486965365 20.870475598845644 -53.468238716417325 48.650328880329084 -29.772576239506805 44.17464864815514 -2.642791017434675 -78.56151552974865 5.166215219282776 35.91831522724124 61.56728365240173 -44.043094449133655 80.36358680383037 55.94921192277499 58.853590311098344 57.72814017274109 0.713850004339406 25.413191393583176 -56.13375434746779 18.095276884292062 -90.33475384093333 -89.63929819316365 -52.06299536863837 -41.929626793010776 -20.001616330025996 2.0976969283931624 89.26733540229856 9.421818922645869 -78.82579515313085 47.24073551393525 30.941144855379832 -66.27767784814564 75.08859074424583 -27.533166352117064 76.64755339527923 -75.69053449212839 -2.6904223840664088 8.397704468737174 -35.400697400301254 80.54185699998735 -71.26253182019855 -20.19875155776151 -44.446398689350296 -16.635198516744126 81.00113235387684 -41.392967224838316 92.17163174095197 -17.731682562829732 -95.32249116059297 44.58055831243695 3.661929720486583 -73.39729314577798 -80.91090323959295 38.10445490996554 20.50505985764444 44.62873981944432 -48.50085035376177 -75.0110769030466 -96.4734968115593 49.963151242607694 -0.4847011815315483 28.87598135217587 86.795854908557 -39.87911035270826 5.203578076697852 -93.46293574011727 -82.95540971802282 -41.83820586388563 7.674090978290764 -76.37189954510734 84.6081903982033 -62.08041369708883 1.5070731522736907 27.894221279605432 -32.97833551308483 7.848114718429528 -59.52264348328158 40.143404932537464 -42.14207560980616 5.078682235642802 89.22417482635169 -35.72627115847115 21.208319881595372
-85.6827615159561 -63.966457562606415 -56.70610528093319 74.22980457936751 -49.66311739099951 -8.6497166138263 -97.80023510186129 -38.655357092851126 53.69554804707252 -30.910413025562278 67.34777891200767 -42.55810371521464 36.18684865635936 -54.944832782501905 -37.43243478113567 -16.105353859148536 29.263498393132437 -10.002097519563293 83.98124561427571 85.84617255382733 97.02904460633775 73.70696409967337 -20.03746026967997 -32.38164999004883 64.28998598711027 -6.0931301068547015 30.711023442385567 -87.39212239318688 -91.08095783012809 -42.551893726578946 13.98207820323934 -29.89583841244874 -87.89577423454176 -37.90545641251528 -20.37594549650838 9.190715534942129 83.03067270022788 -6.173541604660997 -50.87181534162124 -60.64067143054734 -99.95968836174023 27.417355476022664 -88.0165466788828 -88.17811234274791 -56.76683357470924 -46.882937110299075 -21.69347622225517 -90.1318806438128 27.72589118544846 32.2144544579524 -81.1085700493777 70.44232965967265 -53.46909715981136 34.38324952713859 -19.506644962327996 -57.35603661727397 86.15070827185963 -72.02458282025091 45.62925174155896 96.66019254238626 -29.919266385771408 -40.5727543417983 68.12014471155697 59.75376975348422 22.554966834168027 -50.884952539250115 -14.498981491690984 33.94075913464124 -56.0201719939196 40.45405454721879 71.39594839344315 -25.35458452146348 -25.972152043590583 39.86942066248099 28.63184304666845 79.78991884716726 29.38342894042006 30.737396655802854 71.67328656856546 61.88537499298579 -44.47553345598041 97.74664748867391 -94.01402297247489 -21.915962629815283 -88.51939401450737 94.13161881689439 -87.1840211085024 -14.087103680262643 -89.92489323941976 31.879601835263884 6.158957186427557 47.42512590919446 -21.775890426488218 -35.85713563984649 -53.169527074925035 -95.97822402624314 -2.733852651745039 -33.71854172993736 -1.926951227766736 80.55938794244705 75.35762581670949 -55.06252073558977 -30.750585819745126 32.13534135700371 69.16084232630183 44.29457402028032 91.47638338487752 -51.709650631649254 25.364522479361668 -5.113132537923008 -20.055255048491105 -75.64596326307043 -7.895579110365759 -52.55128593529606 -36.39125817595292 2.8625545636136422 -98.05287819792217 76.41927194108655 -79.91398624903269 83.91997270967164 -53.42780988175502 10.296319961457215 -36.41205748228033 -30.874073115725764 21.805627030423167 11.07966812835086 -45.71400814951574 -60.37383774786229 -30.934809866430697 71.40324778872042 -2.3985768583425227 -68.82253997064736 68.54770925336953 57.21326750453332 1.9591971461083233 -75.92530050785695 37.04625639319207 -2.750602962018121 -57.236328385673694 -34.06790966312498 96.7392929523565 -59.7428285380935 84.69684819136441 33.79963789023367 12.288492371434614 -54.185033153998205 27.227754682255807 11.131380306481802 -73.54685564016378 16.253067986321284 12.552829658847656 -53.497254442671775 78.27597288013712 52.77707863752394 -35.98697999446263 -56.72497907678 -64.01199532964483 -58.99286051481154 -82.42102932820109 -52.407504192444286 91.72758144317766 -53.8183408317876 -11.886669379160537 -71.35100299158906 86.30420232770999 70.40677147155952 -68.56253598220705 -31.272845179042605 12.819972626231888 -47.52290748489103 77.50606903563636 -81.25242536669974 -41.99000297653055 29.417324944451508 67.35230515344313 49.326678491035636 40.89509024278695 66.94193596473127 -96.6946399917967 43.625036431458796 80.47734478382964 -76.76771470111052 -87.94468007616555 19.66579866838896 56.43705531264385 60.40834353424552 86.44667528537784 -33.95099925752231 43.143086909895686 -99.4244467400832 -32.07700322859566 -9.251470973805723 17.09041981314745 23.817792548153463 30.612514396650482 27.434254535264287 14.368395910426116 -22.89221071512398 51.25774026389601 60.75167557358367
6.535009169947429 -69.86929550371065 22.935918502389583 66.28755273691814 87.67698930896793 56.99960174691856 83.38852773784754 -82.24431677461821 -37.7967607136864 -77.9185866778827 -68.01878392075142 17.98880646560852 72.87880570873614 -66.9957615981778 99.3615354591453 57.08153018972979 1.4513607105031952 -52.90936133081103 34.8272562552348 98.7115202006961 -55.964790699725 -70.647384689473 18.915968866888704 28.05437834425382 39.714035120490024 16.510848802742444 -56.073321910704465 66.31548353386762 41.92593749071173 18.431825500527708 -12.466393422747217 -44.518896857102334 -58.08397985195637 45.69533820487115 -88.87077233162681 80.86724468060228 46.54533190672515 -72.30288402009211 69.94389010778349 48.59968694457356 -72.00134263971105 26.308425011628714 98.59253290390438 59.714416849820765 58.717477145089276 87.27219374837978 20.651439981728245 -8.149726458861295 -7.7622985622524965 -35.57251447440417 81.82675154799833 64.07849275864174 36.75141178368716 65.505759069113 -59.29133873890304 -51.0068059086094 -16.86080218833071 77.63820256622688 79.34691699615576 -81.76386363083152 90.03208724190202 6.154667262499984 -83.78844042763187 -33.371209214108305 -89.8624232197281 -3.9913140652140413 -68.55273147052677 57.423973310727604 51.33129781192508 -30.886374000419494 -26.715199241427428 64.03091305414264 -1.0324823808528123 68.3166714446904 -26.124357049796345 -47.303320076228175 -76.79508341782662 -44.53469037725617 -21.129133257721563 89.53277691898575 7.587362280206307 75.91096644493265 50.59720172607152 -86.40590846712699 -45.189618519066556 74.78588655287663 -41.826308417422766 -85.65657969214311 -85.36496209775058 48.60271365325576 -74.68387558880437 -25.92747614849324 53.602756257857095 17.834283998623036 63.43484319933202 -3.9418212116838305 -39.749014629345794 -1.1760730474144765 35.93913770135501 65.83973322256145 80.3109998033276 -2.8568945057743065 69.73759947045727 34.051446673680886 33.44251587094732 35.495777255638785 -32.32891600537293 76.79824571524185 54.356297726126826 35.08351383779328 44.72379516122433 -30.636014728128245 90.8989316105772 -83.47899445819193 -67.3807927448216 36.4099708298906 -67.66958764301762 27.715752900849225 -53.770951500612796 -60.628306278648125 -80.43986088503806 28.819404957434926 -2.073555799904071 -31.667319650838706 -6.657526792077647 37.64193650661974 -62.85212516544285 24.677182584696283 -54.02488516948711 71.88054396045405 7.561706529351511 -29.370120752090997 -85.38712135777226 99.59188306449431 59.295435995693396 85.14113447129245 -8.144444076109863 -77.56103769923189 63.96649093214046 -88.48206570653514 -58.480216471982935 -48.66447757953871 61.43986704837715 -5.576265154708395 43.94163193026813 24.91555296559791 55.04029335197569 -14.89967055485863 39.253957033687584 1.7837979434605273 -85.02796339119108 55.50703838164023 -87.76912645337245 91.05759397537656 15.718457796135894 90.59705189708765 -44.47968823107389 15.574520565288879 78.45192397873095 -86.2036243640814 -47.77606712437947 26.46414067443021 26.26684789933904 -1.935307685521792 54.035583310038135 56.88822172956043 27.970112629887893 -64.99492099718414 20.070637742569318 -21.644048690616387 -16.953611901422747 68.32476259636283 -18.202116371353426 -87.56643523332843 97.21138428853587 60.58586830621522 13.85247179936728 -53.348538578246504 35.47796238762061 92.62198752357193 34.47133270481976 99.33589967675766 -2.8611008997849012 -15.00455580308919 57.78845338971135 -73.3351504624961 93.89409187287939 -38.427304615084836 14.120819424638412 26.234654546707347 -81.95686695343113 83.76731635325399 25.436288029463313 -30.34422313489759 -48.540190830173266 -82.85375749812104 -56.2349552409876 -45.817505344205635 65.4517083573297 1.7776328640141514
-48.05427517962442 36.98410299559339 -10.928102767364337 65.69177631787423 93.46399215218273 -46.24412256146149 52.08570167673838 -63.24936110985322 61.550618069142615 32.24751268163516 31.790778587480105 32.39697211127796 89.10778782672233 11.663084854768542 58.056144888804454 -18.82295202610034 12.102190977086224 29.481253860035707 89.19926642936647 35.72804974070988 -11.966095622574358 -42.699035007797235 -94.13231293627788 -96.04669222273645 -41.59337640862128 47.87762898446658 99.9532763735399 36.81391161709428 -81.25400406315705 -65.22287368425538 -3.8362045222163346 29.929714137076132 -62.74705312292408 -24.701602511688662 87.93026215631778 -65.00772973859254 -44.199030216103694 37.31178741628864 85.61651502901327 -42.7854586368077 87.73373662540064 -46.26106369488598 -18.98939765731859 -24.653356606233714 -24.697954379413417 72.99061157064409 91.79992340653905 -26.932207054544932 -8.198944095834676 -44.11577819003156 13.01799283028113 79.29028930714739 8.626352418116468 -50.74700423047318 52.5922032985242 9.553319439831 48.137962797731916 37.55753978319839 -33.31794873175342 66.03855799704726 -45.20309423972333 36.561165242860426 -79.01261055117254 -36.89723457757943 21.352445593408362 -87.07746679354973 -67.52541075984935 -46.0624086163883 38.70436239594346 -2.312760733040591 6.104895498263403 -42.02146358253673 5.123884184223797 23.34335303570832 28.251551691203446 -51.96724621869202 46.53108689889373 25.705119926933477 86.87420004779693 -53.53659575452912 -73.63561293607692 79.09108396327176 -3.725212286183833 -41.58208454490471 -22.29690138081739 -63.18535448277063 13.948594801666658 1.4290138703429562 83.47117627305744 -68.7367335158481 44.14997126253837 68.02171003660968 -99.12915889345084 4.3692694990461405 -12.811269344355921 -90.35117899169009 74.16802291579089 -72.8708126068122 68.37888776733422 -13.476646199573267 97.02893258133025 92.532862945212 59.53097889937368 79.95629396889231 -74.66547806535769 -51.24813580413728 -22.650048234828233 -76.08206385044343 25.83457532848152 38.287597597169565 14.896572260843314 88.79756047757806 -4.274380557461058 -43.86049580246056 18.295100170260838 30.524510138008026 -16.05058383376307 -82.45573542612883 -5.885186990733288 -89.95439329694379 -17.028487454437553 -68.42027318396298 94.37676054390434 43.5809596944124 -53.24516299916691 -64.68408197025886 -47.11159125411775 31.697164095948068 -9.362340135105796 -44.47489528169874 43.81872614074257 76.73259895309408 -17.342445963921094 54.91426678422678 83.15020680196167 34.25120100962397 -44.848578497407246 13.184161965009736 50.54275017515158 -39.5419627653798 59.985513750147874 99.83039356405618 48.063442451522576 60.24796306828836 5.655608637241059 -28.809331918281117 22.21655526628294 -64.4118490869835 73.40744871614154 70.61714265306117 0.942771278918201 -32.52549280430708 49.25742563587963 62.111607978521675 -22.42628021363248 -98.89318526038944 -57.91288680571278 -96.58056224344456 20.69402080066905 -82.0332665221938 50.03768367583416 -89.141169927424 -27.31898679854163 -20.051829177167676 93.64790021097497 66.63461896873127 45.92159844792826 42.42799561687639 -80.92416647761442 40.828518257848344 0.8615436633186988 13.829091441576608 -5.014089456643319 78.87485406009523 -27.658679926624714 56.12352302510183 42.760557172678176 43.46647621624368 -24.7839708147916 16.612601909497442 -2.1260718368306613 81.82627917951939 -59.29010695686181 31.902041066777997 59.77369957021253 -21.091881609654564 49.25850440157339 64.39477535949595 20.239106605413497 65.47116842001125 25.951659387776417 65.30754174421176 35.618307274740516 54.93900968021936 87.885567647541 -28.31291037666155 -66.03198923618945 -28.07789477015281 -13.077916867971908 97.88763942167273
-46.57930068961738 -64.48184565956534 -56.80787648335317 -84.21007743334994 -37.99046959181902 -59.578353967993976 -46.55110102299484 15.942759029960428 77.43792621224893 82.58515353015926 75.5141090792838 54.35945466670614 83.85884238660839 44.70972681060911 86.497131131933 -58.604262389378945 -0.31485354658302356 31.63063467217367 24.956258311383436 -48.97673228010395 -74.19990156958758 -99.90383088599164 27.69360972345953 -87.31546569760353 69.81503760640467 16.76417241607541 -64.96003933012524 -26.717001463401218 96.29375090512144 92.89336846372456 -57.63362198652011 -54.12435350932356 10.898708506989081 -14.947747590313341 53.20106310300929 -59.36919293013134 -56.325304032856806 -94.98427599194524 38.434280229583266 -25.83240356038725 -94.70268689825585 89.08596351853993 -5.462463155711845 -4.948339493812853 -25.47219732594405 -22.67468885382553 16.149979010069245 80.02907356145244 -99.84141994199571 -33.01420137706252 -67.10622815968239 -14.150989042141916 9.187284347211431 -58.07056442207639 -91.60786031452443 5.909775440105065 35.973069905950894 -84.51879025059614 -38.08635801624642 -10.026250361498484 21.002677649590936 85.59103445068692 -48.300151599081985 54.039443554923764 56.99344985078693 -78.4193386797424 95.96349386141586 -81.87935715645594 -47.93271643141648 -94.79598364025227 -33.811456964995855 -66.85115088288913 -83.15522387338723 6.499864829768455 -79.2765701036775 10.58693516108849 85.19425119751546 38.6564210946122 -23.52487004910138 -21.162644209761083 -81.52904888563756 92.21585561702409 7.821787686049646 -94.80621451452396 -51.63533586786573 -9.387970637931858 -0.8851463561466488 78.0580782692133 -41.70031486862571 -1.2485670521137564 -98.17308677841534 -60.77059099730677 -80.85170334706399 51.178732870511084 28.35271644401297 54.428661447541 89.28102981090527 25.606450274350905 -4.851185403114201 -71.03869643641814 -96.56257784621604 14.784283132102601 -26.876184929876686 34.47730939866557 14.239210847284454 23.041504566459608 55.14739671313157 56.3944152674824 -2.1915005865420767 -56.09838641145559 62.183804998986744 44.33809456483607 8.6937926924372 -76.72636226738018 -91.83446463336048 49.649340392220665 -79.86970573480184 -15.278942926911256 19.375458578413827 44.586085434001916 -80.42589412114353 -27.231069708250644 8.51279332774675 58.36930340374832 13.284344178968311 -19.13250035883651 31.119736544384892 92.6002601822251 -38.23070155003718 -80.32821501014074 62.53418481347725 81.13090828852233 -37.29501597595295 -27.11620295682789 -84.52845943922718 65.08108766704379 4.170976713422348 91.85804224698703 -42.87250662624804 4.7789528584875 11.893937964031934 96.06051410481535 41.349653036066826 -58.69530464017885 32.63007386699539 83.35714709852851 0.9186921068177867 -86.29599297203127 -21.781976004509175 81.01007795592068 51.16482171906301 4.211125071449629 -85.32701666012814 -81.10223679998143 -14.812525690891704 -89.96099805467365 36.06847102148879 46.580472086407866 -89.12084682119598 94.48649513126307 46.32688051675697 -84.37426200796108 24.388285403869617 51.20048201604277 21.60920140411207 83.3755850253392 31.415115562205557 73.85753429512897 -45.79942358976017 -66.02786716197693 80.76240616414361 -94.48768795243288 -43.925795340167184 -23.191557966541183 12.177813595600199 79.25927862180816 5.255028931886116 7.135795818584057 -10.143017598414332 -90.57181113065096 -93.82462876938081 81.18116187573256 3.504543984797266 71.1447058556021 15.902613234603962 -81.879086705427 8.163504035688902 -69.36749485776299 -0.8582156905510914 -7.595538027102535 29.768962358077346 -49.44591577419884 28.16128632947934 35.113720272462814 55.01948602108763 -41.5802807611048 29.746045136339063 18.880674548617662 74.86811017210374 -15.034197139818772
-68.25578287468858 -14.37594607250989 30.305617834614395 -11.304934275709115 -17.80070144520829 -63.214760733010024 48.906277893568216 29.968008901041657 -96.06289352564714 -0.9868512812515178 -41.21787309477656 -29.413586350075477 12.524513350706215 36.52748871332807 -26.143351851287136 -37.04951209837453 97.82024689681228 18.561573280496987 96.38097396075989 35.12254562086895 36.9928775134527 20.943557716007135 -3.1053775579156024 20.18522162124721 -39.162702901488686 20.256650780219076 -58.038367327200426 -56.144629579665526 76.38092492164964 12.139805212275363 -34.71288124353096 -23.589410079397496 -7.245152181952122 87.32441192079173 5.193250810899912 -14.508595479186724 -30.72328323904408 -61.62964159774131 -65.50853194017287 43.28816167347853 -33.799025633392276 5.340276994154266 -14.750707351161623 -84.01605417773831 -54.1600563844524 -74.78224262858208 -41.19216396566472 -90.10699664788623 61.622608804182676 -15.351922602622764 33.348212418248295 -2.794401540647627 -89.64836491435835 96.11055468703921 33.739327151304764 21.636435129960432 57.62561694745091 57.85079753791385 46.09788528041719 27.828632356543466 -31.492406956728658 40.909254435260635 -34.32417798284621 -95.54678229341636 22.687058205777873 59.338587388766 -91.0927053458367 98.51711477451619 45.155232812853 74.81673639075859 -93.69564895674607 -93.0837313432521 -62.110104988639 -22.598972051530254 -54.92078629538162 54.504923676863626 -93.23770677350348 -11.33891034742085 25.914649358937652 1.4934886424623954 -40.128665041713596 -56.946150758831514 55.0365665375692 3.6416984919520416 86.25564157767138 -5.958360293542995 8.779939733798514 78.95893498881614 -27.170375355866796 -66.36658007440025 65.24659551749016 -25.43191220630945 59.83394361713505 -96.94820453132091 90.01098013359507 -62.860643362574045 -81.15976029181036 70.73565326456335 -62.85833644348769 -33.3684606672401 -4.1101798550870114 83.00499525910428 17.713036947740974 -5.442700619198135 -35.933121554832454 87.79403630493763 -43.68506178425233 -28.44377829121143 89.88241486253449 -93.72962876159035 34.07621504414831 -9.027575389847001 82.08491679084582 12.217489732136542 12.285844349869961 -94.31508974604562 31.259505533044376 -66.38755185709881 -95.69936641771064 -38.86328869675189 79.48623456100427 -15.389776894909218 47.255449086946356 73.26690942987975 -91.40407455593956 -63.56971437081742 51.09901424906619 -4.86800676732004 44.07131015028477 -98.68261336721564 -64.68004063753125 -68.41277264842249 25.165248365812488 15.142669116510305 -86.0652544192448 -70.32007293465934 73.13280161380078 2.887985978561474 -36.38400876891961 11.901186972894223 74.48060354127816 -32.924869484438204 27.462973069177337 -66.28642907387521 62.778100017896236 12.814498254624212 -64.49802990886539 39.670979942727485 73.49978252945883 46.563009415145075 -47.92000177619824 -31.49199295481526 -75.48903660659892 2.5136959679427804 -89.164646853258 49.702254531601255 -69.13743221164296 79.41016282685257 -43.47816301482608 -77.22275811957303 -25.38160075000127 58.54546086119012 -28.331935758552177 -4.109622375182113 -28.51378148750554 -99.89578915270279 -26.41078204674426 29.847134341882196 27.557718005686496 22.71835070422223 56.182673632102905 -43.46405494974397 95.2678082353122 94.42852126159116 -86.70601933910731 71.23681858677077 -97.91414708800991 24.534743148916434 45.262997061175554 -72.4359734531891 47.63507685613712 67.32671645529746 -11.803034481551606 10.067860231979921 -17.262423496202885 -21.83769949926821 -26.057939276055592 -16.989848100177227 -4.132176371215053 -40.59548574169889 41.65662047386013 83.4458211160435 79.87048814949574 -25.477365122960393 71.71642232027159 1.526634903052539 -97.73267541366033 -29.754392091475964 -6.6897285123911985 14.264257691413235
48.305855682935345 17.436883264934806 -50.205045922283034 52.5819846880934 -99.97110348674568 -80.54168465135953 -84.38493819911908 -5.496776788491758 16.96807142258325 -33.771076864058756 63.591617559900186 -99.91283051632003 -44.61622033411181 43.3923729518516 78.75813483325734 -82.80283037163991 -36.68167680460657 58.038861509105914 -75.48256811624472 -73.92906030430568 93.82303763642338 93.18321501979605 30.07369399233778 58.73902115590096 29.303567721520977 37.0539463739635 2.112063307905501 76.20577938228811 -79.79842564874318 29.14452957645551 -90.19225526834211 -12.600751386583923 -15.003224677789746 -26.362639790301074 -51.18651545251591 62.668047067260716 81.31712961406564 -42.7085578297087 80.36857601932016 -53.14379544067738 -18.593115549310113 -31.92984851335285 -55.49439220537475 -58.70306189116068 -1.4847066035744518 -89.10107830217552 14.47896737823693 13.622128295195608 41.230605001086104 94.91105474395187 -45.53175483859542 48.79419952300847 13.88574431230316 42.52062898001401 -53.65420904754896 51.32454602980576 -29.58992594641927 24.17851276447624 77.61851102434031 -58.0184030408794 -19.325957932705066 68.25741204730772 74.25286145235916 93.59378095786636 -45.41022395469061 -9.853055922641474 -68.8523193644391 4.324175155316198 1.8428020755350616 -72.88500361624438 49.83024427867983 -59.1764323628295 54.920879721417094 -87.22075918978776 -52.18269670515716 -94.6460407329798 57.26331128603175 -24.13800152870911 -70.93648393549816 -19.197952155681236 82.49122646834928 -56.23135039542899 47.53106230305636 -81.64347639597463 -17.21381678827025 -64.14065407094911 -53.111475766766404 41.09687350972047 59.40550817337029 -58.57172912639452 86.36809158509001 95.85015159668734 -22.077523212640628 86.32821495314857 77.34694977511984 -43.705023631624805 -83.0520348305851 42.96836866217822 89.22633401937873 22.930133509427492 37.643995562984685 -35.48064369378021 -75.48516927183965 -54.73219242653891 19.311282696209744 -79.95583326340743 51.003690818460655 52.744166401099676 -22.621376317992727 24.61169945229429 74.09059983032037 12.451264628623775 99.63120089741494 13.366917646710121 -68.98513986700412 -86.48596017825847 38.56397821489389 86.07045994082182 11.991501779320089 -84.5257752536834 84.19954871560051 -98.15983046603208 4.913621924340262 55.74636921082032 95.95922878468457 32.92435202850214 23.75462327978765 68.25554119533436 -70.03653659537746 -72.09587720215463 -15.322708435220036 32.13384249870492 -30.760996155555986 -34.454338244942264 -98.08774755224793 -5.653816452160768 -53.006741397895965 13.380308330088894 64.96481809318115 15.881205211859452 58.62592808047492 76.9148811071338 -32.57534482645529 -88.67349059627722 -1.8968872119036604 -44.34694455674744 36.2940029816354 83.1756287666276 -85.82204255914297 -69.69204569587315 -79.88429140826277 26.212378065933507 -91.08355739155387 82.25783152472411 -68.67786533188331 -25.78132191899232 -84.53480717538034 -60.9601598253531 69.4189593930046 -6.941814929888437 -64.8886522464226 59.38149339912658 -72.48847255407351 -50.72014439038772 27.756592478734547 -30.633755615207093 99.87352745982801 81.90010527360923 55.75087006001391 62.620248868291156 -13.321712391545873 77.58834152778783 -2.8427012355058707 -37.3537690152979 -68.66605457183583 -80.05485201098503 -21.266061100692795 62.74846977551891 -9.196470880216353 -9.208303547754412 33.505700567940266 14.45587535400253 -67.00503087931335 -2.963827945367072 -19.812186689922513 53.53896063355754 -75.8968315975854 -24.190368644462737 54.22089296312177 47.37897161760563 -15.39171962474073 -43.059670732027946 99.15833068252357 -54.2186670245328 74.61919675105236 19.18635421161312 -79.4837626216333 -75.4336110277302 16.720280588309564 -18.43623613908369
69.25449543422147 43.714564184038124 -7.372331274988937 -99.15555810474142 21.871765443585176 -55.77158507085305 82.04176210886607 58.936874816148105 -30.039863117003335 -40.99276353796832 97.56919085376708 -68.6039759908069 14.395055593045953 68.3994079610813 -64.54117816625549 40.00565456232957 17.146672687588406 -46.370751028460866 -95.92702754846052 -61.20331145357112 18.15776872298214 57.37879142194535 43.68223841510502 -91.64417063715399 91.74120507401616 34.67976718994089 64.78834441727494 -72.44038704689555 16.708758485615036 21.639081442892547 -47.34757151957118 -19.743330350886453 60.90927358613541 -59.46736043962788 43.80526043016266 49.68946963668458 -75.65168997902028 66.08120864842866 64.97685557441517 -23.385523049386265 26.440392982957817 -56.00365964307563 -34.81608694564697 84.61637647371336 92.65239485175653 98.7963123397652 23.56374252755677 64.18307798964605 -53.733427106502354 -98.52882770980784 28.601969700284826 -96.60374306851101 -51.300245610276086 63.2880871351681 -24.70771992223615 -42.78046381329703 -45.82735992407889 -14.920181587881245 -32.14853455394646 83.39317819332871 91.27496781563727 95.9269266538551 86.91583687099208 38.97816762166718 -56.85296765229102 85.89372987186744 -33.72133739203538 4.019296516211597 -55.91506496469887 -73.22587885440853 45.00924225809092 53.84807443655541 87.40194097049897 21.01629073087257 -10.577241421491792 -32.218556456480016 42.33678882377049 38.939297060015946 -97.23375175583446 37.77983642747711 -15.256046508938965 -36.89904315013195 -11.317317131982563 -10.620428928040738 29.368870122771824 -30.517797481188097 -12.127934163910467 -11.896829905826834 33.92079302416943 -77.87999000252532 50.02111566733686 -67.47389147933379 84.95297421609612 -13.139885180008463 -79.58192042716847 -68.25168990768462 96.78220677809179 75.35852995003268 6.51380173635701 17.18720596064682 99.17690964542399 41.78072889182204 79.49383872566594 9.963616727960883 -93.08869723824706 -0.2484718715169265 -4.421894576038852 -82.81552476491241 96.6751865972573 76.91041646215524 28.81003850970626 41.03889994607974 -96.83516357333824 -44.43938079916854 -64.26694508971727 40.61311916783578 20.36143891048141 83.38992990032591 4.5348239957220216 -17.51931964599696 -94.99940218626823 58.70164763702843 31.791917257398552 66.40440940647863 -11.467843615281566 71.99596374895017 -18.704254187730825 81.41742534802333 25.681682708614943 -51.75029442570458 38.703783656895325 -53.102126670212634 -95.38302035593107 28.228568095438817 -92.5408300059369 69.33177579755409 38.25610485707048 -97.1408996443386 -24.129632658863898 -8.808747042625413 45.56058056414102 22.889519909470607 -36.654260988308685 -76.85210740460968 -80.23125699455677 -87.07404879820638 -4.6294194249455956 -57.635802735346516 -25.40503967403764 76.06743748398182 -74.66722017288299 -1.9966251366470402 76.4279876048277 93.3523613112163 25.001679456428832 91.55685791611484 55.6420464171058 -70.84452883402847 22.781925717495113 -71.1409112060535 -94.76978903543123 -60.87445682177164 89.04296172551662 79.83981693867582 -50.9490812066814 -35.579630753737604 -83.64496428695836 62.73063363816172 -93.92285150717339 44.805359238981936 50.9922609701876 18.982997143805605 -59.547041295840366 -75.22559831460839 33.57352820416634 35.34371982575101 -17.325493219701897 -29.85433942023991 -41.84474970066747 99.18057753922619 89.38744494486184 88.12068840229315 -72.66037513527507 72.99607506164179 -81.01559119395137 85.15187347468787 -35.96943236468081 -42.216597730495245 -41.33718195996712 -5.779477240784487 0.010088049788748776 10.807827406428473 -92.0317346618865 -40.79779852329848 -16.62024471948473 44.84295890377416 58.9843760777259 -14.357043355704135 13.90265917244649 75.10944493319977
65.85396700868557 -94.28081579585461 12.250616560963579 -65.34047423741687 -6.06296163905327 16.474005976416592 -28.097006131629087 -77.03783840213822 -73.40799904771194 58.77954551965209 39.91722248877713 12.875761512338428 7.330874900013939 -79.15637572180339 -13.775787155390404 62.97508444606842 -29.795712801797777 85.19801657795699 -65.68274471923596 3.0758136891289922 86.00507922415352 -51.06534175425781 -29.014685787337257 90.06740525211737 -27.506305198508144 47.40102116528473 20.36468906936382 -14.791906320342292 37.81470684307669 4.230122463580898 -97.16606749676926 84.2755536761776 63.920032755752345 75.05039552011391 -82.6913969208696 5.173910724740296 -30.578922536533227 90.77194600230774 77.89787307682116 78.41133522624773 15.628366621273912 -16.732933966036086 8.38152457987536 -39.26222360523026 -88.03157689889103 -13.328553993409528 52.361458037470044 41.98828216451909 93.09943761979466 96.21327293485425 -25.07570524079172 -25.156164960707542 70.35510328034235 -30.113412032888178 66.67942787342781 26.249008373359956 -82.75589900350882 -33.56312517127161 27.25854459260222 50.599558505004694 -61.957066859768005 51.725188125621315 35.56849038996123 -26.649312732835284 -8.808288661771229 57.17408043350724 70.63998483773727 82.80053756573932 -37.978653505535995 -40.15378959155809 -86.24537364270671 -87.02346796875604 -63.733999368146435 -63.31084346465343 -19.374265391926173 95.47993864104257 -74.4144200439633 -87.00851247633501 -83.53956357182327 -91.99500648946473 67.69418821358173 -13.40635699721659 -94.56243479074298 -49.83902635057942 -34.5493301379441 63.434657679133466 -73.88799098205419 97.39724321362704 -37.237121761143975 -52.22292513067399 80.833601653757 -8.687033723971837 -73.22565518684176 -58.91234547137436 -38.3896526140387 -56.18391383962427 35.76906634951581 -97.98974461092611 80.57009111687873 89.0837817994593 26.97180070227813 -34.04179779144776 -94.99201979668632 -60.77831001180758 98.91292879263827 2.8733623969243354 -59.99521487724395 -3.780699316198195 97.85759153750539 -65.7307542019022 74.64300816714413 39.7047137669673 -42.18871495140937 93.26030211767585 -94.00798286018208 -10.062172940861316 48.12052820913459 -69.26672915372644 -84.35340525996375 -76.07737548048237 30.65428290967469 -0.13680775101194342 -2.3347253016821554 -82.88216432629946 85.52991867652099 91.94233697924756 -61.317445896609215 -65.43135462526016 2.4564374999694394 24.31283154180248 22.21177200820196 5.9279750329662875 -29.579529260319234 -83.70873659577896 -6.164112041563882 -32.93748352530194 48.14840664013329 42.426468159137755 6.186062721660051 4.675848261034375 -32.77889310306783 -19.208399714062253 -54.0840935957825 43.22389366558562 33.499668241449285 -76.55120486324931 11.713298624798327 -79.929537039152 61.873076017919345 -9.932789846846518 78.45779780804344 94.40874292391399 30.8502200259139 35.31644485471173 -68.5409108035389 -36.18412293510611 27.123761613727936 -46.24149414422691 30.02692538456259 -38.09997648902337 98.318997097915 -24.83357415072082 7.812015724221837 19.149651883477787 45.65481686998939 34.33688780277785 29.789477479960823 64.75983586657719 12.438719415960463 91.51566074371195 -9.527237660383392 47.10984443164642 67.15624761530725 -11.715731406119104 -70.03092007269565 -10.405775133999228 96.50492986351682 57.69521968331307 -92.27781226423501 -43.93060063784351 -25.51255347228387 43.578698887526684 -86.05385875720924 45.22921764435927 66.10130752770502 56.0432058165527 23.194671558944364 36.339682426249226 -86.34949163058907 -98.24370865025061 21.047135696722208 71.46891177471355 -42.835128214068604 -15.952906101668958 36.78181911444781 11.761930061400804 21.98868641334606 47.84984590877198 -78.08607223059465 -61.982133301038964
67.96908459937819 -72.47685088982622 -75.73767022369765 66.08408934284722 24.42504654442868 -56.786868844048534 -74.86643884000131 -80.44432021972963 -59.29640978116411 20.33029612599755 -64.77854817479619 13.88793453512885 22.26081324908236 91.33267915729087 -70.91570630573676 -2.923215039747177 90.27621019549551 75.5350622053501 -5.382753140098245 -19.687883654967337 -56.68208179154808 -26.034311461485558 14.023973200003155 43.686582578801676 17.578808938903663 -76.93531169590582 -27.86289337332282 8.759600259443317 70.42599894601327 7.167801992530727 66.78223746109501 -92.39712119402151 -38.83298764013037 17.537529895327225 -37.79053579477441 -14.462332227853139 -29.458971684717156 15.274953568760935 48.147490170553965 46.13030939521104 46.591013628832684 29.795460650556493 37.7230732099668 97.1093873549604 31.890795579908485 98.62067223626568 9.816874394896118 -90.09917822842823 34.34266976765653 -92.69650500165608 50.369308506714106 -45.15655051624348 -64.77670803677367 -47.81480810237924 49.42673262143532 -65.39373740499019 56.92136087566155 -77.4947762631363 -90.94212930021537 85.72606298136785 -38.657564616546146 71.60059585697462 -49.96822572203465 26.06466102102381 -27.116777955639975 13.019514307812429 -44.678678183986406 40.49461587756201 53.64229423424692 16.801938114647697 -72.91951157883368 18.451641533650175 -74.25486335426106 84.75202538160488 54.785470139101875 -22.264161560533196 -62.36099359031178 -42.027854468659285 -34.005360698197435 -44.1888367307139 48.71186343994077 4.78670511196151 23.32044084806408 -33.45758194843651 87.00051664054129 -97.06897946289278 47.69683539784634 3.491805979049275 30.10824642115827 -86.38637145254712 -15.130744883663127 -81.48929203922033 -60.63785313031056 -35.935521089347006 31.858107924971108 -49.931396288366784 -34.6305486842172 69.4252532572498 -46.525904926111394 70.25857280719572 6.269053612896272 -57.80323414088349 19.85857521024657 -25.10887927814622 78.80393118754623 -78.41986539960821 -61.28385265079359 18.720302905276924 -65.71847973403999 -19.50114399193943 -2.7623721139806037 9.178773587276368 -93.9333853790289 -99.041220115338 -90.43779306010846 -84.64927865619684 68.3979037304806 -31.80487165310271 21.642264015276453 87.8910720290869 -88.71643876977888 51.940739040684804 -49.366696370205496 58.7733649060624 -54.16170442296042 -50.8793887330574 -42.18671250276182 -54.32802454913941 -33.77609950517186 56.34022866915987 -87.22546849480406 20.739895258491288 58.357874267276486 -28.71074460524183 -18.88065409145996 69.70865647356536 -39.6932090514652 -51.97752378687439 -95.16587143675974 -9.806922195498032 88.49402483230782 10.902643069291031 -14.152823213718051 -31.151159694212467 -93.97708008001293 0.02177824895981928 -7.401062043205002 97.35181863452127 -4.155643829479374 46.72305493326667 99.27186406968261 -4.875158993109039 -94.85111053691473 31.368450245886095 84.58248851188372 6.728073667286623 -90.46437002993599 -96.09423855389917 69.11543608317044 41.23738289001787 6.739442570327697 -82.00283492499273 50.37410356804568 -22.21109928180684 -38.139568509671285 -34.94173764117467 -59.293295006145726 -15.031057262312459 -4.611135738454067 -16.82271866875675 -8.485231293601743 -22.017776032721287 -76.75953684200721 -56.79022538782294 -1.946424283546662 -84.74191769836008 -87.86339800349631 -57.53290058759377 99.69087038175013 97.17531435409944 1.1345685875597127 -75.14923057695499 42.760513127988844 -57.5980511320763 -91.15341046320258 -36.06982594264638 -31.034306955789063 -9.119306578253799 54.253505111772256 -85.00886061750543 16.41152291050207 96.07312493508934 -87.61397715603101 -93.63128200499318 9.211809186817703 -89.37460871541549 55.575998420061865 10.088537218516436 -95.64699489047777 -23.790542348480855
-50.42304134556503 22.832644284176 -16.579183009411253 -51.88418808962374 34.555747931136494 -86.87938041629195 -75.08938395730934 -63.34394883519221 36.67798849819343 87.68757951499956 89.67557322195478 -43.99356786906377 43.471309282727674 32.55832557852631 86.07898792594278 82.77069412500472 61.09497387862635 -77.28040721317988 46.954389337440915 -43.43052894178907 38.28685924574833 38.47983423342811 68.20706022692963 -29.67470363571512 73.26638579107791 58.654760554850384 -16.9377963095434 0.8855040294990459 -37.50238035596873 -3.03402421815926 37.753970301591636 -66.37869157204838 -78.37962302466266 -24.456635291468913 10.113888568620993 -57.450155801613654 69.65593859232419 30.525771991722763 38.8183676639342 -9.727571343251796 -92.11845519093646 0.3776847930669476 -66.30861654928466 30.59266273903455 -59.136803770260535 22.990317054893367 -22.14291173137228 47.33271476169887 -99.78415142132748 -71.41517845581188 -85.75317312973894 -88.60211110369835 -14.939247946770237 -8.006595897387328 -44.830781096121264 -14.535646859289258 28.94059591358942 0.6903524692195191 73.84780272545211 -13.1562574024519 70.03539189046981 21.7920591270273 24.24700464349489 33.46860491739662 -61.27363938862251 -74.94118318286684 5.488341297565597 92.20949859172501 -83.44522443214733 67.8958619318299 -53.020270977190954 -31.5517008783428 41.941419792869596 35.075542557452366 -16.943556537710293 -40.414590504500026 54.53448433416233 -93.83507380092058 -86.65635129121263 -80.31649981431175 -78.20230520933924 -60.56546999751535 21.363017099331458 79.15968343420226 -38.979848726651525 72.0139908183917 70.70895751956024 39.392391831068664 28.447375593312984 -88.11278857938561 73.67714484393431 91.40639119706802 -44.840896603841315 29.848984049081793 45.220634530121316 -17.64285523200037 57.21747658258079 -58.032239231383876 37.65798642958825 56.52140064579851 77.81049097556775 1.967799619519667 62.151286734916084 3.9569701515995632 -38.68733859276718 -78.95358845588325 -7.092243348545253 -91.30506230491449 54.23722540744242 12.568825967025404 26.734191382439747 3.4837441249925263 -59.625410499542575 14.34095117397844 -98.03462160502782 -5.3643752957964494 71.01460331661954 -76.45018038960225 52.08583625937837 86.76369732657037 -5.340863109073695 86.62894843319543 39.05251876087908 -13.059872139107426 -72.96716224826618 -67.2124546735508 -40.79480212392821 74.15488421672433 77.89100749157376 39.588198759021765 -91.50605525756481 -38.97492900285406 -11.250532262922121 51.04736194735486 -41.340404723979304 -19.637892798620385 -29.514246658155145 -93.25008463913917 25.363043480679565 3.855382974246453 76.47275167622993 -26.774180875058804 93.64367400665313 -46.84926063848967 -79.72490836375619 -27.142450325543606 18.306547396231807 -71.02537535039491 0.38030963170423604 95.72157601947347 -87.68220815592508 -42.10550269249769 -32.824577696952844 70.79058685205715 -68.04865586686088 31.930483103441134 -71.99450610101552 -37.947294957660624 -47.08445250024895 0.27852853101772723 -45.314163910798655 -4.502332223600817 -78.86820852391153 14.223339495596889 -44.412017292954495 68.04574280691094 59.79012406145111 66.9405164161262 47.45599879588565 22.635700301230628 -78.52620528562149 -13.36488605717365 -42.379854953550186 -82.9532679932359 74.92927715442036 32.11017049078299 2.6429905037002044 -37.41546811046672 8.969553933392078 -60.58181903155011 -57.96104263239626 -71.00723854716088 -2.3392805948546 86.22271811548913 84.83744375912485 24.224158579005177 -81.37304258887676 -68.40404809852029 28.75572057918984 -14.057174449423272 43.97216096413348 66.37822640414842 -75.36497843655788 51.12838170721378 56.26113325683454 40.42824941022053 65.44231741958123 62.67282734438547 26.483455939942388 82.23390318445234
-1.8016774001528972 84.30201514021377 60.75654949251282 -35.249426646092786 54.983397980899355 -18.23844853905507 1.269156107882921 -48.1513261531223 89.08320699426179 -76.92474912003644 88.19085458113 -23.70839604611794 95.17398430740721 -52.73294473055237 18.122266241237185 54.56785971354998 52.20237548814933 35.36162284098759 -52.42368135481914 -51.1751141894691 57.31686724879802 53.211846509045444 -7.745133935350594 -95.4824455337038 -94.74509014136103 -60.96804182473292 60.28505152997792 -25.579205623721577 -93.50471131302092 -35.547315486333005 54.02728175683285 -38.235507216626694 -54.49534205503497 32.80734216067228 82.83701712927453 50.40175795847199 -42.656544170615796 -0.05574225862690696 -80.64086249705986 -90.67081914293642 40.65171953354553 12.281292372604597 -38.305351941465005 73.17227450406958 94.2697136415893 26.37899795743097 59.73227337333992 -27.571634042732285 52.03794043880518 69.3339043680088 38.19471946773564 29.335010980346823 64.6816633149432 -18.684761359798046 34.21520482515453 9.658185638906886 48.08692432946469 -59.32406786408075 86.74832685220338 70.13189231138827 -5.186922541500508 -41.08697608778969 47.73068413650586 -82.71663069807946 86.42126651349082 1.7114610584759333 -82.99320218317575 -37.0707045076444 -51.19483147836683 14.457476888664118 97.19821337483924 39.31991753456748 -9.253616751125378 -1.3933244933959799 94.32311729942182 39.10035939012599 -1.4474735171326643 33.797285981893566 -16.379432216317767 -46.9100424708774 44.11262332746031 -4.529264992464405 40.49156746308182 23.177272364476636 -15.76145836773783 -49.29731721573673 -4.862059686868633 -5.310360691268045 15.505930936553042 46.98808708342165 72.87567808028234 -91.7838854830788 56.375514902747796 -82.41567614912391 99.40388071280665 -85.11166882459344 2.332351589081739 31.896610317594423 -86.9938238054634 53.957264015853326 37.246244136691786 -6.045518495674813 -19.963261587386043 77.34847738082058 -9.184821415798282 73.18998901362085 -42.02338146249578 -36.43854930197956 -68.24126748646049 75.84433041182965 93.46174983143851 31.693957564404798 -88.77682976746166 21.95527560478922 -16.391135356636283 99.55179915765686 62.12064295896951 31.222095955478125 -8.132164984096079 -97.65103293734214 64.4434690114121 68.40031420846779 -5.691087563327656 13.727170085467336 9.516987881542377 97.37411177688475 14.899968227681029 -96.35856441994983 -51.19386650764361 -13.910126276193438 83.8464171268129 -21.126377394034492 61.851110321702464 -44.41958386953684 -47.94651433047024 -45.27290607723238 -70.5944829904146 -95.05246536343968 -54.618635297912334 -50.84550154724641 -53.62119620626407 73.04197279325314 -58.88866244124535 21.17297388227189 -73.8265833512699 -60.39299597597729 2.7218955524657105 -50.529724517514275 -47.62309458883072 59.23743995084544 43.19116359014248 60.06959634365816 50.29389567280742 11.623784297735654 -68.79826298958001 9.378990069896687 -43.93873259711214 74.14371684380887 14.470935150552648 -36.08808402447568 -19.127489681900073 -45.087393820013276 0.9526822887103492 48.016230245367325 69.31777079418873 95.85367274665106 -0.15632391020594127 94.33906252106786 62.29230983486161 96.12632971901428 -54.04794666507682 -80.49826438614303 33.64972553223703 69.57998973310771 -29.620951099782417 26.079678410440053 -4.822685450394658 -75.1193938254179 67.7046624902591 -60.7140483222697 85.92472875137221 -99.67493044151881 75.53003525326847 2.5557648791080396 -81.89687228467686 0.6546764664649487 -60.084168272681815 91.82920530803443 -73.48243860866894 66.42917644775704 -12.768582272090768 -75.34033949957953 -84.24303461054836 -37.71313357648651 -18.348356412536475 59.958073579627495 -96.29207061796936 40.09216417246034 62.645556375632424 98.89125374319406
-36.74578514231817 -25.96435726709943 14.274491946249285 -24.118342004789667 -93.66680130164349 13.206651965453673 43.06675669864296 96.45131101447691 -14.318754748029065 -23.191176506761195 76.56049114972103 62.63404123701318 96.12865610683357 -13.464868363526563 99.56369431517416 -89.66523799489624 -32.86635815066997 91.13766344979493 13.443142488779941 74.85152410116979 -44.914947640513645 53.21656705469874 -79.99850538527578 -54.327923699937756 14.083862869751897 -54.72879355183595 11.33404124093704 62.50897631046149 -9.334704763051334 -57.71267082254652 -48.88715500278893 50.740103652282215 -79.49142267701413 -78.16155141436711 57.951713524022495 37.38198782061306 2.079887098509033 -3.783162362489904 -91.76825072912978 97.75694840440588 12.928102859291329 -32.316070201254604 -46.09064355860504 5.890375560177503 83.72652195422242 -30.55473866392704 89.69731377552478 -83.15967825744859 35.38692879297449 -95.42772397883397 -1.5057329917038516 59.31264861866697 16.289473420788397 -22.689458770704803 92.36773908042665 97.33890096627161 -52.238489081384934 -63.591048420321464 19.32597659373532 30.80971581529292 68.1114977682283 87.08784181862839 75.93859232921793 -70.8795804161288 38.187515120558714 67.0280401574756 96.13326156195464 -35.46370648107376 -39.89488685021296 62.70390737980088 83.82733237042854 48.330852205911526 -88.98258346919117 -87.10206630380472 41.3303984538596 -68.36442856626175 -35.91999333943963 69.64474849651114 -74.31906758274873 -15.43986666099751 -98.71340860441131 47.50046918085471 -85.9426734363139 90.12039845556919 63.65374854079886 -61.46062146640663 58.57299839831293 62.183068122407605 -74.35887888397004 -83.29274006414514 -48.52525342538847 39.655260442323794 -79.55606727568984 -62.86087785790557 23.216370154769322 70.72790312597374 67.86436982507456 38.33448580127532 99.56609497772251 -70.6491328503585 31.179183988642933 -9.334629862947466 -42.69084289928724 -69.78589322059014 -21.027409178286575 -14.931511930504342 -74.9109837025512 -87.76196592887678 -68.38603407718868 45.387378211678424 99.02419700552053 -82.66091719670231 45.96043560540764 68.9287607674496 82.86180185509542 -3.3688777106362267 8.119131767490401 89.26902638651458 -7.858668800297821 -63.235444404179766 23.58514963682572 13.188072575174829 -94.13820821565947 96.58828895865 81.87458842744897 71.67183262264359 55.15044393831235 15.766988761401862 59.71047243786478 -6.305453477600963 35.40578466811746 -91.4242294593945 -45.10375398632074 -15.702853212368723 92.43645569977218 12.433393000763033 -19.239029816421493 77.95109718704902 -35.70683284765599 78.07040446164041 45.89011886513484 -33.25168697314507 70.281894641288 -2.506150330179608 65.11271560473608 96.99483606992763 29.22119014084862 -35.92241209594688 -56.86874642858106 -44.60145927065573 -28.433783883267296 -71.29596916115182 -65.78817846579477 72.68681649918739 64.8659300928984 -42.70179574450408 98.22169875497445 17.464601258951546 -90.60571297871995 92.18319654753452 -47.27220938064403 -80.4735426611845 95.81862492938887 -10.852121348133892 47.10226645991065 2.8279921371678682 -72.5891201166728 61.378916010160964 -62.72482386025233 -42.57830816965171 -55.918684532126804 -82.62785525400609 32.873548762249584 -76.37404794347735 35.78701102879333 60.64349861487324 -8.997640492453357 91.49202763403562 11.361392133798404 -84.53821961521784 95.63711251510881 48.84854228860485 44.68836504200374 49.27173081211794 -0.45534554377124437 -30.68975323188114 26.421092148234465 -52.78285345773088 -3.4245290402464548 60.80326197694498 30.82820326818819 62.11092089554293 43.01797244333565 89.4557071169767 80.86339154397152 -46.642232127609006 96.86759971186942 -24.26653315870641 69.61993655430618 65.54457861295367
-67.88188000492121 -98.86638935021044 -47.303017779226806 -86.20295375528045 28.727064962987157 -69.15849275179964 99.35533881797477 -21.35735753388704 -22.329093131852517 43.074982129757444 29.153804962539652 16.835281444937692 34.88173028143265 82.7301194070173 96.22896988668805 19.38049359598375 -87.18713576069507 -51.260192074573375 -42.124633731058125 63.21115946386902 67.78938620072915 -94.76540926240287 14.830111713046051 83.84912141489446 -94.65358908812871 83.33042329460326 -34.32020998196219 -56.40959466650257 -68.70202202827937 52.15759440481037 87.24290628993026 94.43596709549846 73.86807102841914 40.875970511705475 98.99281401425532 53.5424775871395 -59.84322837500115 -36.70515058908694 -49.4321235028093 -99.54631370990082 85.45466729951744 -20.713187010206696 67.31945200628218 20.73213092615515 66.36546857140934 -48.354649605603626 -37.6717372933135 -41.90092235343042 91.00387161741534 76.82215677729246 66.43825288731912 2.0555132813601773 94.08689325058285 -49.39156501751203 61.072311421178114 85.59637504549406 -11.951516046858274 -35.92016483765548 -39.28032215961679 -28.608735127457436 57.246532686107685 27.36999061463837 40.68226926800338 -94.3144128651876 25.485516938483713 -50.88794312317446 58.16367560850796 8.136937870258507 41.71943095270353 -73.26859570220508 -44.86868540781044 -45.94324915341461 33.97071467665421 -5.916882794915466 85.53064506383129 3.9206584867941103 41.14710113814397 90.0447590950389 26.312095086629654 -30.47381401872498 65.60492561098249 -76.41692609488274 -20.9256813277956 -20.43258756521149 -90.2792726384974 -52.26285620012339 -62.552779113717705 -61.9230992892009 -27.11306191571113 57.34431059950683 83.23461476278689 80.86680590013938 51.57163014303151 58.8622993017068 -95.02393898386832 -38.98415008821126 -73.84251898006636 -88.99353581637209 -55.50307300226343 -6.18278228226103 50.142916408889135 -56.52968562513148 -99.6049447626868 49.11871736105479 52.084600188419756 -97.36822946604764 -42.662401132685424 5.288339462850871 71.33743980268875 25.470769133388288 -88.28860539750254 72.75301749144353 86.54140270935955 -91.73135619011042 21.79001010299895 52.514104857330295 -89.24863145671526 -50.45915783736239 -67.18221774231696 17.536159037464856 -22.450659455909275 88.06806395760393 -78.95660071899655 -33.94212675487469 -66.50015420253092 -65.27015447709272 -12.403784020771624 -79.43845131055367 92.71411973110366 -17.838715480730244 68.28374562507634 -59.78870792081814 -69.38209943080437 41.927665387079344 -5.93940480696827 -15.230692563118538 69.69247428160813 -75.65959977626613 63.89105512330113 -37.45734619124133 -81.72899504130244 8.87737031780216 -85.06629176976308 97.43071715308616 35.961230829991166 54.52731714645191 55.1911378209476 4.068662850877885 2.116601366657676 97.81341015372004 -25.542510017721526 24.951725949714728 27.31535603649813 -82.91975823510413 -34.37341782157819 58.158695361648824 -69.3121379113949 -80.47463281431062 92.04751212042729 -34.44188388136611 63.56928303256518 -76.12138950290199 33.40826786951422 21.936063742254234 -11.994076213724142 -3.1957798275428644 -14.487559670300712 -58.87366553497269 42.074878264435995 -95.10270996909263 -46.552803199261405 -53.30311568344528 72.05148434539365 -14.944372549677936 -71.46211336463833 3.197634613310555 35.13545825946778 -7.557267140707594 11.778029768956543 37.64511845547469 -28.991276465170785 -99.95734758226928 66.2438556969164 44.711489570921316 53.66203008104543 64.43017964354684 -63.04974058225945 85.86029441522919 49.69519409774185 -52.41852268728664 -96.62407883606419 -15.239359875963984 87.25181610301959 60.57037289189387 -0.7774780916844009 87.99899697190372 87.83259623072809 42.15935572846007 -42.10076872067483 33.269626219658505
89.88987892846626 -28.499595110131068 24.35536631076704 0.3267249542053179 -45.40809107114126 -9.929383028482036 97.11343968542639 -29.148861490502085 -14.437434423833253 38.11577822090297 9.871128780073775 -54.710610828480256 -5.163936834447227 -35.15571554611381 5.414009540034527 -24.757021235283517 99.69840128957429 68.99386640074636 -27.073404378547323 52.01944831731785 84.84081723001836 54.74805714038109 -57.84271303015096 -65.1183540713271 -64.49859933917917 -21.049985319598292 -63.715057556887004 -75.13926110471398 -50.018046690684834 -60.16993002214659 39.868464890597124 -83.71809342347012 99.35167181914031 83.74504652699056 12.570691876570208 -85.56636786529165 -25.071263584023697 -45.02032375151621 -81.00504068205088 7.716209638276865 22.647972244610415 -96.55883917016905 86.20057526615949 -10.151733936445353 -9.898368549130268 22.189967785335668 75.41606306547993 -13.975590362220515 -44.80470776800005 -76.72302792403897 54.53861365629217 -86.03703643199083 30.74829237535431 34.907418691976574 -55.39076058371562 59.54893602614126 52.6909344917882 -63.08773025395376 -41.56462488330401 80.07462460646889 -49.19235880745314 59.17676793859013 78.64525345901549 87.67563844469478 32.6730334589314 87.40892652658468 69.25230507656127 11.020080461705575 -34.76162647462995 -48.7858061812205 -60.56098035549735 -23.08978996717535 10.649413742923898 96.76798846754755 57.031621509090684 -8.423033911626263 -85.22274405225399 8.124661877615111 49.27636722136941 -62.28841305096986 -87.95353510437623 56.707165599306734 -63.913207360931935 -84.26692274913665 44.71184276422326 81.97524206038577 -24.651605921556268 -76.79953949656297 21.739595655270833 -66.08270949063366 11.282681002472515 5.280333158056763 39.30093578891666 -67.66579057718982 -22.146138097948892 -68.52846265935437 82.29183247393027 84.82036038686857 -69.41349445351987 -6.670901658155671 -1.2097312714619335 42.56389548617841 84.82599800631522 33.50563420760585 36.85955786093291 39.33619129199326 -55.01816824536397 62.505892463178924 69.55062904851684 -74.47669705979878 70.656213292176 -9.94344493183712 -97.77823101248124 71.98101392245033 -43.056268074158766 54.94363424306624 29.77785442765409 2.9668731869111156 -68.90525223527935 35.4385122147045 93.43598737173608 -82.62867739274802 -92.31914228584294 -30.807517095997227 85.57402015174992 -90.32258712506251 -88.91788268120231 49.03262707533216 49.0142952171274 19.23563405828557 -19.388095139708426 -38.53285509273532 -11.48222194051101 -36.67274477126943 -30.172462421294625 19.933737229533847 11.66083052556084 91.08451676460703 -18.01964326637595 -36.43364330371772 -21.29635544387996 -82.7643420086629 69.24952957311726 -42.254661062638554 -72.08328120466463 -84.14937929634138 -28.79164423819904 -90.05759279599512 68.31008576128835 85.49258128376374 -14.08078996600372 -35.33230598542765 -94.06589611862405 92.7836356725577 22.37307421260566 56.90469318116337 3.8013368061140085 77.17671695348471 98.5646231502721 43.843292552604765 10.927853529263487 -23.69035113936681 31.32530287362627 38.742351428916095 -24.161505805811984 -31.671466805828132 62.50056963140091 88.44839637550464 -69.8644258130085 -90.78795880205728 83.59996865152544 90.13662695076337 52.17888580500076 -74.91363227657666 47.50682460505081 -5.7365756634261516 -93.28033880736035 48.98871732114051 76.27459247624617 57.95591440844305 99.85261604664638 -30.87115340888522 93.20624623872226 -87.79047296674037 -51.795294897509095 49.5503633184465 55.92657105882506 -62.33037617906278 -60.18673904621987 -68.46947253680327 1.5320494732550856 -24.66524474251466 -38.60042310442822 80.6365813872684 -10.238477215964934 35.13034279729851 39.59109466052789 98.61001950880114 15.537752291840931 83.33052323032189
-82.97536892531963 12.49509055819071 -14.100738029403786 -99.15924679185252 30.66230742454482 48.578247284622705 25.72592576003096 55.27150435351592 -36.28756178599899 -91.18345069155475 84.0034123314395 -60.26441312755699 81.25551333868441 66.53368074492914 -23.934697906715343 38.58676967218517 41.36898386677544 -50.12411292209655 24.483915064493118 86.75655048649972 -45.26948224863607 25.355487520596157 67.36489315955211 51.023719090393826 -83.59985243066347 25.52423838628401 12.578378331902229 -77.64013414956588 57.04607690269853 -95.3728578091603 19.755742474765526 -20.21594151870822 39.43741615623159 61.22111460265492 -29.326837557178507 -53.745625140612496 31.85191713487913 -3.225147773712706 -48.701573462233405 -23.861046574154216 32.920781147220566 -32.09185941758949 53.83904144204553 -85.93411882155924 -88.15907305821008 -71.86708805728983 -41.927540407159846 24.856481972036008 42.99714290371563 -66.65131694669506 1.3377756272000596 -28.69337637772543 -26.025731442320676 2.0839412965844417 -4.525007108475364 -5.665333638825558 -28.87414474180916 -55.97598550328367 44.68524418062296 84.10254517919475 14.438837802019407 98.64713620928214 -72.35807405989745 -35.09398956344518 15.608684152192225 61.401022397725626 -84.98001042623615 -69.15040466397757 -35.804774247770126 -46.62389623662797 -25.30216436407116 -27.277678407361023 -59.60368756488601 34.70760091157712 -95.46409441869248 -72.81172611400953 89.28334270047836 78.78721662890493 28.12959308246863 -76.47248272071096 84.9165960073195 19.91272650746059 -20.846834803214392 -57.74608264894769 37.41523225879445 40.255056243533886 33.08443650434012 52.12805957563191 -28.355222381498507 -47.28886082543626 64.71264284777675 17.902471994720344 -62.79104808840048 -10.799038546561306 -89.54264266626876 -56.324677598606286 -46.58167312366748 -5.503377507147107 69.78843099548493 -64.74148845770534 -54.53479877796823 31.70731205581322 -92.6014874186152 47.62408497080705 44.62482697439475 -28.84360147460272 -7.458557126297279 24.251129530568733 87.66766778835492 95.85808566415898 16.70025880047139 49.03546900712726 -82.35657714572201 96.82106154965243 24.143908012331778 78.65717021592786 81.41279594791575 21.047013006757552 -71.18413717285861 -60.73024576507742 50.41396104750348 -9.29549365122024 -5.281447618050123 60.187629029095945 79.34842135594565 -64.17539976083427 13.99414665267686 91.39796553478732 77.85682450699306 18.047681678918465 -43.25235932837978 -6.440359705939542 -32.504282740553876 -29.16645508809846 28.058159744618507 -89.26330778010025 70.28719271649035 -65.4226369868655 7.557149504049548 74.51373952528971 30.175901884990196 20.37989474007213 -66.25867260730675 78.08611779673979 26.60418832210223 -7.098792518731088 -18.778944924977026 -49.78778747046435 -65.81983865927 -15.867920298179868 11.799425036629657 -19.864921528325723 25.522167233564048 -42.10564614108896 -18.509991547086457 -59.627826282381434 77.34220434459652 -73.75544809736809 75.85520991316952 79.68602306115034 -25.958805208970944 -76.4215401906698 88.49155741920859 48.70312921369256 -73.76504938314521 -5.924552975782177 -76.46624713392904 9.696101859650483 -40.91183168229742 -47.04862224367767 -55.32757383225733 18.068483324611634 66.6493047393603 -67.37311878255119 0.9618662199734729 -3.572031704827566 -86.63692391518995 48.415200425735776 14.189117543840737 -62.5482441984049 81.09633796114579 60.864662326893125 -28.857980776579396 78.90618264989905 -20.169360006012965 -54.62298573325584 -26.15804627424197 51.326366476440285 75.6070241419996 11.558827110296761 -13.5535066953707 73.91030454574127 -39.91141227238939 88.95673060960263 88.65035785222597 89.75045429697818 -65.98395391095639 -70.1086947111115 -77.70862212831197 -28.68272844276288
-10.5077362996022 38.37718060996892 22.01840772467753 -81.65547788193004 79.49122595189294 8.924700837968544 -0.7283304612986541 -6.812521568721436 20.581035345058112 -89.61461172623895 58.8783035792587 -58.51969340735832 -43.14406919351177 -97.55445009210615 -52.41254390558894 -36.28462232328471 58.3129130384452 -95.18447416742359 11.999728652644876 44.36859521125936 -2.6586377374026 -24.857881317500812 78.62448741661072 66.16667323966726 -8.156636836716189 -76.01329092211037 3.2987604680084814 44.36506537266422 99.72806428211419 76.91006687526365 -74.07430834317668 94.33030780163739 -88.79603224403371 -6.270895021761021 57.934285737889155 22.59566472680234 44.411387295950135 18.593445246899677 -29.56552542923248 47.10230018120299 -24.126484232999076 -83.23847109242742 52.35293919685793 -52.99250106819178 20.796127704776723 -0.23604382419249248 51.66491913446299 -70.58597036562855 -50.712176806536036 -20.903154398595063 55.05763413384011 -52.541600733097326 -71.83307884498937 43.81653291301518 -99.26274233974172 -25.056598043587996 -49.05658954583421 -89.09450743419363 67.18746349201922 16.537894927581178 -42.58545597644081 91.51267472381858 54.10211090884266 38.89554774280094 66.45637482615544 -70.49572080301266 -25.748240168267046 63.83696601420269 -12.709904222348612 26.08525241704733 82.99255440652072 59.940029512696555 -27.236030255259507 80.093544445336 -29.11919986024614 -67.5583133122064 84.89186313555618 -29.87296065005549 -19.985682545786275 75.33688949258956 -13.217802338402421 -5.609772191872622 -78.85727126615119 -79.0543853518628 3.124606146406421 15.29548451787717 79.78049184495592 -84.62702349906428 -33.86281649161407 54.399976841571146 -39.71487236472444 -37.70829523757209 1.3241751088708327 86.62934450023948 -42.8329185138012 36.3301514286581 83.27003697612511 77.02693256089111 -61.37817989105414 -12.73179719533617 55.39105062606191 -25.950939174762794 49.57619263491068 66.51717000008065 57.05439026631004 2.494284144670729 -19.938643222099614 -90.33944725090647 82.14184277335505 -18.59959717981539 87.29061020407858 -90.39324643981898 -64.4751364504919 -83.3032893804597 2.8589196012827784 -58.09197502455492 74.03236910252633 42.072811534494605 -41.70291310151455 -54.59095107382554 83.66707337110552 -54.332406710678136 73.25886118554465 -89.20231264976212 -52.107306348205775 91.32482204691192 57.38339970786768 -28.750278507832647 47.641131050214284 -59.543389137721434 -81.71086871656605 45.586500012729545 -68.33234111116974 -37.66305448221638 -3.3934761470532067 37.20332217495073 -20.193498080662337 -41.01876783759209 83.01641267931893 -19.352950229994107 -75.78344707513152 5.957085463243203 -41.249694565792325 36.13525835578656 -69.96370555542234 -97.03269636717 -60.897814810057426 -31.946392371203643 -85.92977339533931 -72.50041505925329 71.5870767743865 -50.80655574561683 -77.98878954978431 68.68750623726919 97.06914831266744 -94.2844761270558 -3.516080229204775 94.81310853991906 -50.57058084268484 -10.622231329308349 -27.42986659060253 74.2863573941674 -42.52898998343477 -74.49405686939514 -75.3631673403078 -80.54229262286718 36.81382674252242 7.5416055900333845 -71.6465767507917 32.79565538716082 -66.89411331438288 -30.279629616103037 48.155036975655236 35.85625772906684 53.646672129937656 95.77479276422704 55.30003654038384 10.148220629174403 -21.413550931523616 -15.313401076948338 -51.31507466273126 -35.63395435419754 19.300395420733366 -29.446216525200114 -67.72944601964161 31.60138559648138 86.2518694222002 95.6872855186561 -40.34098217590791 -88.07703141298447 26.1408107000249 -11.282374807980801 -80.55257489654517 25.685334336279226 62.39576092539019 -90.09094724686051 -30.621933335151837 -74.19033173639444 -24.39754037133406 -18.60557363281059
-39.18594490470131 -11.53712449872188 67.99353105408107 79.86672415239178 61.71271327456935 -58.26904571576594 21.785994748314067 -92.61432975405918 58.030532040683454 -65.94945716736686 4.2321761399683595 90.28642319745146 46.592939113973614 14.339399253600703 69.6131100936824 13.234326120908918 5.243553289219662 15.452413764847691 66.49274379382493 93.47186845652143 -34.66406485059248 66.78996963210562 -75.2748777405359 -55.11510670255877 20.49100951872593 9.987282846816896 -66.94817788571159 10.9873986274428 -76.19675521206015 -79.91621068775305 11.06256280820918 -78.4321172449072 78.84175249558518 84.72145086867158 -57.429514301635784 -79.58321298714499 56.20847374371718 -13.420545096605082 72.5357692243081 22.23967139078107 28.614415444966653 49.85162986638392 -67.70572520492885 49.78212171434711 50.23337076466811 83.91523793139805 -74.38888320571905 22.67901088001645 44.168646174962674 33.64065995736689 9.608417028434332 30.03163934605965 -86.24403495577988 16.7286369335266 4.960906238769198 -64.65989808071117 25.827219932246564 19.815603608319464 26.693902877357132 86.67929347961271 -72.09978501543503 -38.94775480852361 63.82042489778334 7.680307966596004 -84.03510363323446 -6.398781910517258 21.083059620480384 76.95615539223309 -50.65995403501569 -14.701083342036043 38.697266233865435 9.267827774147605 -85.34420306695583 -7.276992636454764 -23.92274778892893 -64.41019703374698 77.57140874567705 54.14199256375139 23.61371952651092 -21.18189566658897 -15.783157097510127 11.862749533334778 -4.02354204707791 22.28691747919862 -38.87002389647365 57.20262663177027 80.82146544678781 -41.864586116127086 -62.111670084077545 60.80259180724798 -93.82406603510482 43.312739550698296 59.7243816337633 -45.27508242871365 -78.4475165785629 73.98721401075315 -90.13518595395915 -6.736330228963112 -20.429293037455665 10.107221493700962 26.497988766518276 13.55501070855378 30.111291181895893 -67.83637084778348 -91.11093932171524 3.78294355262625 -11.907180351687984 90.50803816701386 -93.74163950536085 45.2321217984327 47.0119297170894 43.05327163917025 38.89785067864128 83.61336225222945 93.21232603523362 -93.1571921699008 48.16446678840467 94.49465609551783 -21.692544061281026 -99.40249813458071 71.27396316740501 -64.47173974999959 -25.402789961273854 32.05959363046762 56.074305948373336 55.23248602860912 7.95792125458928 -57.55391633326159 6.731897665674055 -36.557048012432645 -37.936340546489646 -1.8349799578119246 -80.95856310608448 -39.02142007089502 66.00063880036049 -16.796780432685992 -12.81372088077029 -96.58037675040794 50.284998266461486 0.7484898647275742 -38.85975119647935 17.14800376974901 -68.86685649027031 76.11135261415706 33.245781992696294 -60.01823692672299 -61.601857636138234 62.778168392276655 -46.28190079759684 84.5167937155112 37.55271543746957 -9.552906928269664 -56.189313784378015 58.04154508327389 56.72990493564143 92.7602070055523 93.69272464219088 42.4027170224729 -15.346267441906818 -98.963018162712 -59.24866584932866 41.04762677761161 -8.455259767063623 56.468084616067216 -49.967583311042006 3.3055848541659714 5.428992670097514 -95.1273922326066 33.19382957988529 98.02330363684823 22.292869707159795 48.15323988114727 -94.17992505949087 -78.30403817572886 -55.161862124771545 -61.687105312984826 -36.489571181280866 59.80147896468918 53.42773984680326 84.90418024148707 -99.14967354610494 93.24717200236648 2.781045299942903 58.881610485390496 25.95831626648024 -11.118515074951006 -91.84775584083202 -40.74561916030643 48.50566557960195 -53.75796947555873 -74.36099422405091 22.347091975976156 -0.343011871767132 -98.83420629152606 -52.363094220272146 9.063227764851732 18.413212485916446 30.86554153052211 -19.64066723199869 48.28969962448909
43.66384666913379 91.36535067798059 13.13118079961788 -29.292344874263534 35.90088547069968 87.39310960117894 31.24624993145204 53.87970887476274 -21.41036305364628 36.28874411592798 84.13187030303891 39.58908552702732 -27.332655416743165 7.356471405315389 -33.70663919100063 -40.063996020026174 13.102399787142915 -89.17040298492176 43.359202071940246 -11.799466712722293 -65.13561907640909 62.08501639451097 -67.31613510921954 81.13943903659677 74.9723210965598 16.69488772158209 -25.548235657822588 42.4572356728421 37.19170263752082 97.95300901250289 -29.653920757520183 76.60906106995762 -34.17606293465903 88.9719773779913 -83.30516714359486 -98.60719530507068 72.93206016278839 -43.3306275388492 20.875593927997713 -33.86361725784343 -64.39724714782892 -25.808528439268244 -96.56100913589485 -52.29933304290042 -66.5813534930796 85.46461676488298 -43.583047972116184 69.79902365476738 -47.71587799820125 3.796910355825318 4.793482966107092 -23.925387803050995 -59.69133585067576 -57.04867650724567 51.13494004250211 -29.363620139226825 -19.526178132730323 18.423184420430786 38.27154976252959 -10.875256631972292 -93.2229583327529 -38.543319075842454 -15.148984237082018 86.59043434996124 5.203052181212215 -86.38145976646521 -89.66791118982627 90.42979503283365 16.710691081683933 12.929662315311234 51.99102540903053 17.659696761025543 -81.90808114484773 -75.71017568354648 40.684099876987716 18.789076108850566 45.92559459837824 13.701353411804092 -8.360994995223876 -62.571243933790186 -4.578701430494746 42.407486085004535 -40.20061319965291 -54.527458433169976 46.606035743887446 35.479505036271405 55.495587211438874 59.3188292323718 67.35697513319192 -66.9773017196444 71.71642581677483 87.18275472785126 -47.91736460054767 -3.242048614454049 14.57240182664114 -40.366384571013846 -28.036280759940468 -43.27427393503325 -86.84682177586993 10.666676986743923 -5.167263205587574 -44.537148519241754 -74.26283979499668 75.38563191629294 -54.23727845334485 74.14584804958602 -35.185323225521884 -15.92131990088859 -45.182065660357715 86.16935637739326 -3.194408004650697 -13.095102719687944 7.687104775874104 69.94956812555554 -37.84775697188929 92.39396164564795 59.19597804702579 -23.503650386399727 56.498792587598416 51.27759213691948 -72.48480257207197 -70.98360945266296 41.5911774984221 -63.67563642127176 -71.14224324676732 -92.83542861015081 38.89063796730832 -74.65125176889097 35.68916159689536 65.8888984439364 -71.88082486399516 -14.653220418421625 -4.012907246240999 77.73720502786031 -48.404273575133 49.83225715777567 -77.05203879298024 -73.37659905266152 -90.14808572033976 93.15205066672559 24.938339012967162 11.268865192153314 42.29158252880981 33.79132641968377 -81.03045284755903 44.13977777477052 23.121621999952808 62.241082814213655 93.75238920637366 -40.04211778514897 63.22410701552016 -4.26931110146856 70.05145034986612 -77.50851350454637 33.358476559090064 65.5663524344192 -63.17575600937428 5.929977049270988 -39.82480101288943 -34.177907885936506 89.67932788319618 21.696516748310614 95.83142954839076 -63.24031538681556 -70.08557556824243 -97.33790603620511 -61.878991736735436 91.62890924013607 -47.63453290788635 -61.09604170284979 -8.590869688172603 -34.444405323792495 -57.06027756254288 -32.973140851906706 -58.96228707559352 8.308151951106453 0.5557736675113887 2.9754634590412508 92.83453768711732 -15.499370170359896 -56.98296400167911 82.72027499802999 -8.077282454060764 59.83768482021517 54.42910909102662 -58.53827980488142 -66.51578512524989 61.23108838611532 56.356069002079806 -22.538557185853577 -62.69433137919896 -47.05657418113067 -55.461096580644956 -75.00424628148177 57.91145334612463 70.85208242486073 -24.44564524801669 -9.195421010559372 7.6695004226542665 -37.1406852129003
-25.50133120710865 -25.681052242431264 36.178241114760766 95.42495807050642 62.02081325196218 45.96180964778998 -11.501644642512602 -70.94785064259379 -83.96188744511836 -90.05634681428829 76.12280592652544 1.5798552965999448 91.63035311691067 -2.8336304721990615 -28.349207932348747 83.3851545248979 -10.856528085516004 85.81062194360052 -35.27342674946827 96.74431374888849 32.310017584414595 -21.473156014560303 -55.179097953838706 10.502970152362138 47.7990626665742 44.14336989155794 -58.892257273538284 15.11810723604772 43.25873868928332 -70.51795533174278 -44.78209373793438 -47.52730450439992 -57.10870322866699 -90.12105253602962 71.64308886169579 -33.933269424378594 21.348870698626783 -4.933395719608868 -27.963369789559223 75.39034292457018 94.75615165087615 -76.13045838120482 -7.528241870079327 -92.53949142130611 52.688991444377194 -99.19452733815565 61.32177632897967 85.71746220080408 49.758137292290655 -17.100844786970853 -8.752977226416974 44.37668126300309 -74.50608587312092 45.89071195666335 52.84312699971434 -43.18814861039299 14.854267147814767 88.04737115648027 83.54821236164003 71.80472049226083 13.41991667178506 47.204739187223424 -94.25292714836868 49.234500186198574 1.2491172057060567 66.80845799417892 76.91161697503944 14.193639662641516 66.17981856648589 86.6073087031777 89.48335943428407 -83.39626394446442 -77.94836622374834 79.31239442299275 75.27686648059088 -1.734625857650542 -85.80176734728077 -33.355214752157636 -57.03068489335934 37.05120875488217 46.04429046169821 -19.337013464733644 95.54608570194875 75.52152602771525 -32.28614644368217 -72.49682024215234 64.75016622109135 -72.88450882331918 96.08508494706177 -30.20301214886061 75.70644265647013 8.013110803456769 -51.947075803203035 -1.9140602204185342 -23.09750025936843 -7.706685043179988 -38.84384267433995 -8.377044401445929 -41.244904762959656 -8.809324146145727 -86.58796049125198 93.16790608256969 -18.40744917901884 -41.424019771148494 23.55442732817059 -84.36244658051922 49.91554998712962 -12.969836962950893 67.40124012446589 -51.988884319470266 -63.50498396736477 41.56867597266057 -20.913753350259938 61.10170662615579 58.82703508255824 56.75094293318412 -23.794346146962496 19.826193177225974 -70.70737261768274 -21.585063462326985 -17.743251231650575 -34.41159090380914 -82.54735234562354 -47.907392352423095 88.38277253461087 -85.21340737062553 -29.053553396392743 38.83748248172418 12.120642377232315 91.25767906778833 41.37638192883938 65.97285539799373 -34.046480563361726 -68.39170586543004 17.504619367439204 25.651480900427615 64.73601070043804 41.28807892454242 79.67541895987404 73.5993676499271 62.91901455764065 -81.66298856452407 -6.668201250788243 17.402802168024294 -27.525952372466406 -3.908611457479253 -37.61259440846554 83.35671825461162 -29.157937139112917 56.58733732495088 61.80617296607832 -22.044260646321504 -26.102114289767613 39.56714866144455 -16.99484898108294 -0.7984480839203769 -11.366584565212136 85.41835256113842 -82.95569495368818 81.21666193725997 -5.774230700895643 -52.79532188614313 36.57871758991752 45.9792508192381 -69.54451749270115 -77.48321291686122 7.8024420724469365 32.11389531283322 -13.43572287235169 -44.337758722985775 91.76719497831633 -20.937843914474172 28.872542441658794 43.40677518979447 -77.83432527889178 46.41478048821969 -58.980282140465576 60.301688464761554 -33.050660333025434 -89.3900677537477 -81.53735074510135 38.74654971199894 22.304063660970016 -25.34735364769611 70.72049150839251 -38.819480028027556 -95.90698075899198 22.70931404859229 -45.03369718230592 32.57848642076405 -79.5670910632795 0.8547116532049444 26.366051135273437 17.07707045386813 -55.76891841044189 -19.67289086503645 -3.3002018049436543 3.345157178001614 -13.345276952554542 -29.780458920850037
94.09839247619604 0.09400298337463653 -53.75811146611886 74.49752158594418 -29.98804025323274 -41.696294184158944 74.41869919286768 39.04404357104602 -35.64104526038297 83.2033712375108 62.86363124769366 -48.11638270453853 -70.21919612924141 30.15913475033497 83.48648930680062 -5.628641414563091 -55.4405624189382 92.66390995415054 81.80567699390832 22.293212772778986 -16.794436230428573 -56.34588002636123 -33.33315583442746 1.340876926736584 44.325562529815016 -57.22334460418645 -30.205412246275444 -7.784576460022123 -90.76278423642918 87.68789042405868 -53.98291767303751 75.08615348796718 67.53902292168169 -15.639320680480438 19.56980112645735 -77.04270897403258 2.47509403639134 -14.09167187378479 -12.16311138985435 -16.7035577100705 -92.9789473677932 98.59901260552283 -93.85988179486131 8.522445966342971 -53.52285431331356 -66.56902452387638 -84.4766982230933 96.34951732495296 49.07677109561783 -66.67643387027394 -82.69670299507808 -62.9774099842495 -6.860815086221294 87.56101307641566 -26.22298704131012 -36.685071412016846 -12.291528330124947 -10.181969300789646 85.04631805458206 32.37967880081044 -79.33587842315379 95.00336133252881 53.77291867919135 72.75928674609673 16.11348767803132 -22.38015727402869 26.46881306584868 42.575792337892295 -45.383843912024346 -79.69975616232475 -13.146508327609794 -33.68446757352585 92.62711233704363 9.266574338988946 37.114873476059586 74.56066429581193 -49.120019462692 75.58608942173723 34.91920896200534 -60.4804218387762 22.527899628126463 37.96425847110899 12.046596351421755 97.56820171335266 -18.253052727760164 43.55595996932678 -71.31219134185721 49.075868172517886 -88.22359538061986 -78.11826772941416 -33.2566327918497 67.9182923840333 18.703960331893526 -27.489919979716817 88.67758868875373 13.750807370103374 -80.55475163550601 18.018483708028455 58.63300219743084 23.580615516129427 -87.70987306518339 -60.29284430981434 -7.960221850949239 38.44153552966415 -93.68990453914165 -44.05192341697124 2.2003201884715224 92.86959905502047 67.83930831872306 80.90032289751542 -96.8653775388542 -50.16059139156812 53.98394945297957 -11.397192276899986 -62.5258825911434 -42.288943408045455 -76.57370142764783 85.61154560139167 -2.3329653257105036 -44.6433366521584 -43.907229588109686 43.70794506306393 5.782216015983593 -88.9905610786945 44.919609551641315 3.890286504313778 60.60255621987338 23.201342720689567 -31.541976044335954 -20.032042986557272 -55.056579218789594 27.03443827175964 26.931970788628774 85.98764717538049 -85.30504464656181 -5.949423052624454 20.934180924452846 -54.564432626801704 66.38945342015609 50.01132695086926 87.14230971637659 -39.74915632317715 -98.56570704309284 92.97617168288039 -94.5267800909269 19.53405463233888 81.70451044889253 46.80044495276411 63.350875785156404 -28.182911474686193 87.57532153327588 77.08937329667737 -23.198893076211277 -8.337490583860998 -57.80153884605643 31.853305633957234 -53.733401910448954 -40.62177913959424 83.78056902632949 -13.351572027019003 -7.087372814079544 23.007176780367146 68.9939551269527 89.92291759159332 -60.66371644714368 66.63558734448705 -71.72167877159524 -18.24460123698495 69.59341008292859 -20.0096915761863 18.376237431653905 -9.614946349111946 -73.25379643895316 -23.673107346083484 32.06902926579221 -8.362944243975562 97.07727029967484 99.47257666588197 -46.2349218263576 -39.40797039978361 -97.5974648863579 85.78881623385683 51.07683516043875 -90.84644574006273 -14.427689832131179 -67.72202000547152 -22.197829423808074 -35.152412856540806 52.235048293185656 86.79026667262727 -9.458394930398882 95.98616689206904 -90.77421349529602 38.02954223532225 25.771801479291582 -92.82761142116496 29.16653492839859 71.67421902165918 -53.82889741508801 -59.10622627289408
6.885967006563519 -10.627139123692132 90.36324237636205 -8.393181218310446 -20.654803453443876 -24.641032364658628 89.19020173370797 64.21475196233638 -11.963661421964744 -80.26815450508846 47.11181735391327 15.629417399735402 81.33996858502962 58.49563438154328 13.788686749820059 -25.01095754994705 75.50139577323202 -49.309194638309584 -78.87157610182764 78.66398320747939 -98.68243553571902 57.550836362766205 -92.88669671738812 58.769267604760245 -64.13056720948065 43.15125433836627 57.349786779301525 11.625401894286782 5.598946776927605 -66.35777313135323 29.986068748088087 -16.666320041264626 -15.181748103634192 64.89110708302442 -21.25945076246012 42.303162287774654 67.84280241587877 39.01661182098559 -81.07889190768627 93.02354542669397 -25.868133211462833 63.272485227637645 79.20993353824372 -68.57337270165822 3.486957013060703 97.68341874555361 -55.906443319807074 57.825672248064905 33.45273112415984 -24.427243371471462 -83.93675442763258 7.744987614557374 -32.23949658441899 15.756748308220224 95.74312148970142 56.09323649730493 -83.66114985172722 -65.81547548315257 -84.29404635550755 14.42776762509665 12.1772478982068 81.46161886668992 53.877869675402195 49.2418996771263 99.40266694997922 67.5220868043979 47.784730688845514 -57.27534959726872 -24.320934064049695 66.75853534043611 -48.365166865603705 -21.83236254159337 52.01604861854494 20.519848792119518 -24.729438792921727 -67.05160474554856 25.70351619451219 45.79662173121187 -93.34323460956388 57.022373637514704 3.111367598598804 -95.26598794639571 -42.56709844378286 -26.69449286751366 39.72207107135765 -15.816596731305182 98.75343823398936 -96.35005357704225 -79.79829118326171 -53.77012182835645 75.53409659745944 5.773079707221541 -41.17336095330024 19.10732324426405 -99.32730490337936 -1.9619385199387978 -48.72134323280788 10.542604160398966 -25.422992606549414 98.03466386455227 72.51310628613902 -72.06530879736457 94.18691672093507 13.544719623504491 50.65319181078905 -24.98179427802289 -44.52553828012289 -94.82436483035758 0.6310876405781585 -26.809860131287238 67.08464259652408 -45.31279130333197 -29.250380985736683 -46.81260931013511 56.4802180508384 80.48056034251564 -9.262830071186315 8.15661468119275 16.633911888358213 -64.44156602271332 -71.53510252892374 52.176038130012756 -66.2622256054305 40.54961647621673 91.6886522807263 -69.02060910235564 -5.1113360108106605 -26.05182622755882 64.8936661313619 -94.12194611913938 -67.39419235110975 -57.8033115920517 21.578526403932003 38.58290941869922 -60.335427214086444 12.94368159316987 13.968637501302439 70.993298275229 -17.822195579084507 8.230557935878124 68.86059320269882 -76.80157473559741 -5.304975781397232 -71.12115821617635 -50.28366696282494 74.99254073838591 -86.40834087848653 -28.88965949947459 52.69197409608509 34.98165782365669 55.34057405394762 79.66753626854904 24.221919431575827 46.98613604325908 52.104505178803294 -84.50662934951126 48.39375368630613 28.280911719589568 25.240989024348366 46.88946106655695 -17.15397718657205 -35.900923158694155 -25.421472864724564 -67.05876868764776 84.00228489399876 62.54549512025463 47.46476870609442 29.95275894819798 -86.45910708534599 24.732247343753897 -31.33594889874098 -90.50499823785856 3.6127065738070314 -0.00731968680214834 77.55451146764034 -90.79599535077028 19.82561139899515 59.66209202699466 -64.18611055029184 -17.057729875058584 40.32843264193821 35.642921962883605 96.30834407875602 -69.67096613533785 32.71646958451447 79.57068952538236 28.130684167242578 -42.53296910575217 33.98419853903246 -38.5848373446489 -18.91484100277303 60.68427117285228 9.769948519850644 95.66621153992688 83.73911336858632 79.19342969876573 20.97119103241411 -64.80356469564649 -82.33714202886289 -42.845468873664736
-44.76353518669733 -1.8712338138894467 -65.02630627369024 -58.56014365773237 62.049240341135345 -30.610929349746385 23.957070572205424 25.962505096184202 -56.167797104193816 -45.915996598972676 38.80084088136516 9.392924574687171 76.53828733022584 -15.04294445170072 -72.15964913613115 80.8650649089127 43.81810487462508 51.12256141729716 -7.680561956305155 76.85699841726787 -90.78032113739593 -54.941528723871926 73.57294577147962 1.4425658483789334 -41.62763552134814 -23.192020115029763 -8.15672334970337 90.18488395492889 -99.53078532855257 44.153413108880756 -63.84644889045832 28.61846882148717 -4.384923503576005 17.04478242042569 -15.027975879336637 24.238649679322393 -74.3044141879017 -78.3897203906496 3.0162699951438583 32.81878839255077 85.38761303102277 38.57871340927227 52.81460568260246 57.06131329883303 70.06406456677462 17.58991382717896 48.76846220613817 6.571048176362581 -30.586980281601427 9.617703412593201 63.397760344109 85.52206439799355 -94.43198330741977 55.23071733163309 -45.827483540546176 85.6666765768673 -42.92934447828023 -32.57068585614785 -55.616813555113254 93.20871604983853 37.01871077646871 -4.906332423853414 16.203333639802395 40.65124650172672 64.01983824675355 -72.85753578577894 23.365850518401984 53.69488969930353 56.02885085261644 -71.34593151304912 -77.69774355417375 45.46888059795654 95.01609891677066 -67.55222484059308 -75.23594871737293 39.02958797102946 -56.4118060831543 -71.57082799126579 83.3402192617456 70.93110821178274 68.7221554318823 14.486833277592055 -69.12108985630492 36.186276977243836 84.139960784029 -67.27884549263175 91.6180798359949 -1.2982778462873767 11.81864780924353 -49.091864681204214 66.09552488849599 -73.78130808541461 -93.42551412150772 6.7145593135556965 -21.306746723653063 -90.98230601276296 -38.80825469621318 83.37455605983081 93.12176812848708 62.41255181249633 83.89657958724484 -99.38894564933332 -89.74845840321768 49.71965931793133 91.17236956809876 33.74662394372214 5.822720443179222 -53.11383094488913 48.17156793957619 -85.94947336079221 60.94387165871234 -8.850074847059815 -38.6589342699917 -84.8611982087535 -64.6922842705337 -9.377116849303022 20.086719202658742 -39.33344488376211 -60.39006738171875 -27.01375412946163 8.417076847174187 -20.522719718242627 19.657069181540066 -99.78378929385264 -49.536361015988504 76.14078097174291 -64.18269175119417 -88.87649430749632 97.44224376661069 -38.59706644978176 59.355498896121986 47.6044109412322 36.442592248983544 41.98718966480908 -67.70661382036997 -60.97237875544146 60.78243636123523 10.470880929719371 -22.856324132043326 -82.87663720460176 71.9008778152292 56.718489766941076 -69.92191407633007 -64.94021102594398 23.602464885592127 7.107280125946929 -30.247526054137566 -52.73063589972309 -69.52217167341202 84.76916683196995 -60.38902232075583 -48.9262670053358 53.903934046721304 25.2735509608395 -98.5575410365239 -85.9640890338196 -25.29284407556551 82.86307883012282 -51.52969078278813 6.614670151739858 -30.420803259084835 93.70262268953044 52.597588032933174 -3.713721409830839 94.59359680543798 -74.83708934422037 -30.548994210068486 0.9359595938615684 18.423734322318325 21.189974957382546 3.2369438268496538 -89.23344580181703 10.051612498211654 11.968178909747664 92.23217417618923 -17.84958719506801 -90.84184898294285 53.95505442752909 35.144607864612254 87.27196713102273 78.61873695637246 8.506336862527334 52.77471469144618 71.78451618571003 26.603109646869186 95.22986726114391 -86.2286465595972 -78.84408787555542 86.51050314028882 -6.9005699964903755 -13.86745379680545 35.50809159394771 -38.41617638468344 71.14904648724269 81.7897923677661 -55.515601694456265 86.5201781486407 64.20404590129598 48.98902179181573 97.03862195943876
84.42539136450526 45.198467970012445 26.948428609973305 38.549239686648775 -85.26714592937739 70.68619802146591 43.63527761952102 25.364453535531936 5.290313878494118 -5.558061536418691 -30.147023183162318 10.646407864036917 99.17287033987952 -97.06360729091925 67.14532352729464 40.03602673394019 -42.011473244672956 63.85410554033871 94.90476631479115 -30.773440894452236 -77.49012840211338 -21.63890045787811 0.37588723823709813 -28.308946284420287 45.03366894273282 39.00839935025729 26.709847050819732 -96.12423399226218 7.319703545525471 -93.16066936816259 -62.76260142191903 45.92925033051469 65.31861479406646 -27.202705280682665 99.461240901329 57.62549288679952 -62.20314124751884 17.647227788978142 -87.06563281679718 44.38510412707748 -48.53832919967067 -17.43635217618798 75.61662453379739 -2.2346187145681853 -64.25771192594354 -56.005287303977134 80.30660003433087 1.3992503412170834 -7.202554125198745 94.74701068916772 74.59456858277633 -39.677934088330005 1.581471229595337 -40.202151131315155 -76.65429293532107 54.18390003767499 -27.474622899516632 -4.074242541003926 -99.85764110845423 -86.24655135886641 -35.73601769426659 -69.52216929280941 -87.7364782826647 73.88206280675018 -2.8496648535491858 -11.562747237056996 -24.6220090154126 42.816105593372896 -86.94019584734892 59.48145238398942 66.42498456049483 42.48826090106974 -92.17098669631412 -13.569236483064671 -0.602825501836918 1.2444734430989968 -30.30446884757447 84.52952407924539 -57.71416045477065 -41.10306206937815 -61.787041676386046 -20.87665014898154 -31.736041385276053 -6.287408665624099 -82.75661819352067 67.26233251175955 -11.885381316327653 -21.71563146049415 68.89091855746508 -15.243861665909549 9.087514305016484 -43.71259592177632 56.27472826975148 7.614153441447684 52.42047714745351 96.83462597619393 80.976745199504 -45.47125930787041 -45.09558196337296 -60.90518122048421 -28.717894222926716 61.35183971099036 18.567905975861777 -3.8265322170688165 -92.64473718287253 49.03714152149746 58.25767824674887 71.66096582264572 35.07951808465907 38.84307924343318 52.502808237039886 97.9372179255785 7.747580909741458 84.46187340978139 95.58379822729398 99.53648594141043 -55.30838153133342 80.00430188303244 -85.5982925087841 99.22745191884812 -86.11885754823108 -5.658666780352917 -61.446872057252676 -36.21041194596 -18.60855057530695 6.732365821021261 -60.81309509263777 87.55834878243854 59.85344905131029 45.49568323785053 -22.54957982946108 60.93866731426135 68.741700845027 -2.435221632537349 24.873377195497397 -26.84027484527354 -20.505164184614145 -48.7972757694779 -43.201028435837415 19.24766802074906 -2.342587617404604 99.5603868654552 -66.68595913122073 -4.337473376131044 55.88009700746554 30.92033586914934 72.88356503787148 -82.10756091459825 7.263394061180122 0.7613952821648411 18.587098527200197 60.87836102573979 -74.69075426822664 -70.06218449130725 -44.556924111909346 -2.9266812265365587 -47.006061683177734 -96.55390850930613 15.8656824132364 -31.591524475258055 -59.07854650673849 -22.046668240190172 84.10807436585026 22.740344742084503 -57.46049153947763 29.746004478558632 -77.81843247523356 82.35228715718793 8.546831653571658 16.718141739606267 -99.38023375715028 8.75668963478482 66.92494513029342 9.540984322337493 -73.21456470232863 -97.58713599376651 40.06355477480133 -94.01995472293672 -59.041177188927804 -85.83165467239844 -30.460186296622595 -68.60131121150421 -81.70716835539993 81.69730310866527 -0.015712742869553153 -62.552991644639214 -75.38313972578499 -66.023956959742 -54.48123279231465 -25.132560177341105 -72.65874345827841 -42.62692943241082 -26.66103008526966 60.395730916345826 -53.465848459578446 -63.28667777189872 -22.96569247259383 -78.77730832507947 89.94517198339739 -67.44827548967814
59.1832681888622 49.79351148473782 17.4721465109821 -36.58305337620107 -83.32210338799662 36.98198907594326 -38.60865709947847 70.0221156420483 66.1307052647305 -83.12138863087 -46.301312594549394 -36.00161241772213 10.622875082829793 82.15659864374749 -31.785047798348742 -14.950880750877914 -41.172893686842585 -23.072658001710764 -64.55934407245003 -26.628727653631316 -80.46987989676582 74.45124572868039 17.173061031529713 29.10683776938464 90.29007279201363 29.3812882163445 -21.14007693590125 76.72419689485858 -49.26104220239027 19.423936583205645 19.564749258475715 70.77153240421526 -90.75200924218562 65.16279856609862 68.99181068190771 42.170198755611324 47.26933042154215 -54.06041919884612 38.83379294748784 -39.798522297381055 51.698518243834485 18.446097775679405 -57.68579699339234 -29.50710609922473 -32.05699320010753 -72.12630912665196 -98.5075891048274 -82.91881821120822 -95.3204005033418 -15.122777284202797 -57.05189492328848 -17.921684361627484 87.67357366120115 43.49188800618171 -58.374138596661986 -56.24244349161893 15.016938211725645 12.910124440456272 79.33092988361139 -81.14678393501767 -7.783389323464277 -69.65221201848166 -42.60361862263902 -40.76188436988226 37.34733995763625 -56.36017242120952 -35.26132378262817 -50.27962868712213 55.40591733261752 90.00314285718196 91.77147532413318 24.668234982069492 -55.734075785559114 -71.53513499133118 1.5737888382142131 -57.58840932557312 87.02739652450009 -67.66040425660123 -61.7821793068726 0.4104919727918883 -0.3978002058229606 -14.648432993492094 -71.62960685124291 60.69411601682498 -15.921848776784131 -0.9925824641720595 63.69527420833688 40.23325597809688 -30.887334616407315 34.697421643836634 82.45155916725204 -36.13505430174187 52.90525685510451 31.57753589205697 -5.346721584830647 88.45123668412492 52.797843029888924 -15.029257392067734 -44.87144199289852 -78.95243076352773 -49.565821874929725 15.858810273823835 -19.262818206253286 -75.60064343631944 85.53836142632699 7.516286005087537 -70.9353550456469 -47.305734450115125 90.01250817958572 49.61814906293486 39.03888951723417 79.48933732883182 11.298792607867327 18.061403978395376 40.701028751536626 -38.64820228202524 -21.176303655615158 -60.19925248768725 -49.96488963068082 54.542175920813605 -2.582328006169405 -13.638833109581341 -17.240546801202015 79.03728914447271 -91.11071243278057 -27.68689006915966 89.06773185173844 10.834829026666654 68.69930305704395 95.49403283039331 30.780341948038853 -13.9645408002594 0.355633489427305 -85.89926433244884 60.51529145289206 18.855388094028243 86.17723650854961 72.50226157740758 -21.521496459490237 -49.65898481093396 -48.02035518109107 -41.72165338427487 -73.40440964096749 -95.99988266727877 -40.16419143924206 -67.34622676637625 -55.181442590793495 50.28875724345613 -75.3040480013325 -3.455248186388232 42.01255358032657 5.713588135353902 65.25587671039963 -0.5589404560731452 -64.18864463039671 20.275011916853074 -99.6312027859701 97.7968020727302 -88.56262226123322 -83.13908248585864 14.717495273087138 99.94847661329857 73.07779716508276 -68.8398805048196 -44.41482006956943 76.55333973596171 -81.33036812024193 -28.14890203275513 -53.47995846931855 -77.70628049820874 -22.609270408546706 45.75368498598124 91.93361901745067 -68.96082819762981 -59.20212068956261 -33.9000588885952 92.68466762178852 -29.203600639515543 -41.75477780527168 -87.15319860990934 -63.19775520290081 92.02684208302446 -77.3863066703297 -98.49094799818472 -68.67743571366532 -4.232633795909322 -77.68156521379393 -80.34208591980745 -52.55870734471246 -23.036993877783644 -58.43779638289954 76.94211292619613 80.51889397324464 72.7643583531048 -1.0444381243584644 -24.76887813341959 -96.12437904033264 -53.17582583359839 40.927268949200936 84.54202175953736
-63.71739855097562 -89.03121297899594 -45.17740806869004 -11.722423956501004 -75.57522135535694 96.0946083918478 3.6678197037273605 -71.09083807606461 -53.69103174944261 -40.3965953038508 55.508948503693546 14.537986064318346 -90.41410050338403 93.69873537435114 -49.864741159234605 -88.66110858996467 47.58319926256178 -73.29220432361774 88.15367471496762 60.53064919631984 71.17069709960091 -55.19718281453567 74.37695912164583 45.41633898996315 -36.10011084108648 64.05631505510374 70.59982531494859 83.91559080643458 -30.774996691616607 16.263945022601405 42.46024984480616 17.115332536879222 -1.8844837940067407 -15.330679892429686 94.75012495648548 0.8537006029463896 -77.4554895783788 -30.60054828338417 24.90730357492606 -59.18629387026974 83.69290994501876 33.95339711712336 50.255966217888414 -63.923185719741916 -1.1095467577075198 -43.90137704457771 5.071608871038677 27.837386109982873 -74.87010704012118 -82.30013892375254 42.74393424912813 3.113959579037598 10.925113658158267 -57.32280672130625 63.29760431196931 -30.103364685624996 -42.038773035690014 -54.432996190513585 -23.62540671153866 39.214202159323804 -11.10092656781461 -75.45537527138214 37.716041187006 -88.59059183513314 -58.54803912245623 51.046280715047715 43.612154337693795 -6.534571138088879 30.557290881326963 -93.88482032505621 -51.102288384987936 -45.544919947431815 1.7935124105741664 -17.494725980878442 39.48037081182855 -43.77423390272095 64.1560706681731 69.14148337515513 88.29654216473836 34.28901122540543 -79.42558525485069 -79.64330712506442 5.694252049821699 -3.2578940000459227 40.03048585703729 82.38855679492724 42.78138016284342 -18.67368072947633 47.51627627833901 -63.61440257149822 -37.27082786797684 14.539579254949487 -83.65413819158003 94.64533479025624 70.98275856014473 49.716509274130885 26.111340669412073 97.02031609492226 -44.14467636481463 82.21978339333296 54.943413088669104 91.0782228826547 82.12551756456543 39.42056070822352 -34.96990099350327 55.32951061496004 75.95797769472756 -50.17891286903018 -15.665819249019265 -51.67652868178998 47.010326829261345 98.99575090907072 76.69380736217738 -2.5511389184491122 96.3658309370382 -87.49841769702533 81.0302364256427 -95.46856638312333 -10.473798432960763 -73.83233755743288 -51.513207313500466 21.447281428759197 30.15209115923895 -65.28114876449138 79.75185178432284 36.64836940172063 64.15473638767881 65.40061287046251 57.736295302650404 8.337945991081526 -2.8026645405397517 42.45536401782206 66.83246407625506 -36.042344296382865 -97.36147450506358 -36.04758394463254 23.24933208899121 24.29415250760762 -33.48240608057695 28.529977923261868 33.93504595331825 76.18837796169723 75.93734591056153 -91.64612133037708 -21.954611262792582 26.88292200954841 15.492428837337343 -44.98250317273105 -11.411440102885223 -96.37230435369113 30.17893952498264 -71.33882250075206 -46.311398898580535 -80.57723504141066 53.20843905763792 -26.15892460541322 -19.475429170224828 -92.17432240311445 -57.59052475096067 70.51807486776741 6.186601697223054 69.84392678364958 -93.96099456386149 -21.42899619938885 65.79024708023641 -19.52682212053196 23.094538534313514 21.054265057319725 -28.037669196467306 54.22275998326779 7.793069154890347 17.16897460681986 -48.29564512141975 -27.125193817345234 1.0312243115996154 -30.391512646409424 -52.9918527118719 -50.11752079553224 4.15859844911563 -39.174934445567146 35.54166100646111 -63.53044406530199 -54.786582453412635 -77.79013628082068 20.385070812579585 -92.93115466174517 -73.50479968960542 -17.001889959706546 59.95952217606336 -37.86871587125269 92.40659658994102 -29.244313872419752 74.93530523239085 -48.50669126479077 29.247859882947523 -55.452672447800786 49.03550984167157 -36.83667227928362 76.34582522882747 -32.30727122150034
-57.429160012484815 -46.17879502490758 7.8914424796760585 45.222698256592054 -81.15301879973353 -53.78392967247583 41.78931824355348 -1.9199769996050264 22.661508402465486 63.6001648367706 -78.61898600954035 51.326790084043125 66.67052998651272 63.55772213139295 74.31000658967434 -99.30674304179267 57.701245949708095 51.98936211533825 79.3037594744479 91.51174116888495 -73.19010489847417 -3.843226137795881 -23.953878932039174 -81.90983287087744 26.102654041270483 54.05903689089931 67.54401438672218 80.1150328956314 29.542309760989156 60.17970094898061 75.61391242447729 -10.381580263482078 -67.67943011587107 -45.536061653654954 -81.00250751153703 -30.47033075754544 22.280009181129913 28.351342914837886 -23.821328761895984 -51.423865707950746 -93.39389849274586 22.28063642206554 -22.470653210958403 77.50951506675779 14.641518157823711 -98.25796425048348 -13.102084422620152 18.536502428203633 84.30746558852934 -5.4359578480615625 -30.24397651430715 52.184933828718044 -5.560270179990127 47.85919677099079 94.02007481241 38.005770485925126 8.407057102868194 -24.372446487320403 22.33177095499161 -51.93131771604476 -21.722360196165894 -5.71491251483971 -13.113034189000402 99.75730059515527 -54.682681617113246 20.970712792372296 52.05416731401323 -57.59730317688694 42.74993827606838 37.29122299933337 -46.11815174933691 -34.11482929911733 83.22336715007691 4.545753478595515 26.083460577083557 -2.95760340879292 70.7592194356898 61.441497496313275 -37.76264775243725 10.309425090550661 -63.15425583561445 -5.112162313500335 10.709151120625819 97.3388856247467 -2.12366851060402 58.27621214578852 -14.52054943508773 -30.540640232486197 48.79435363470898 93.31331430662883 -68.88317550651135 -95.96414380850102 -82.82061511871976 13.453173751103748 -5.924225422296999 -69.15143489925026 -44.20047526277391 88.17276633680956 96.69116456475112 88.28145845340217 -9.095217883045564 90.20511130737333 0.9748031443902079 -77.07231099630596 -76.48475515215466 70.20379831047461 95.19182169949696 18.92542744956971 7.829719460642394 -75.92841927903001 -54.860793580598745 13.26489890151403 5.927732431104516 50.230077993700235 -94.43265124359581 87.62960126799581 -33.65679757213253 8.10226313990671 -74.76326834137596 -70.12664839861817 -33.24460796348936 95.99508344689832 98.52351579467279 -59.62323525681479 52.815894612611714 -37.75119269808946 17.73022863561478 -93.13008036311972 1.7679431372207972 83.25807579077426 42.922857448818604 -38.0954188133724 -24.68295209964961 60.39472542311162 -16.32077667401157 -21.273135777960505 -21.294425329631466 13.318629011804092 -10.468193784668188 -14.11873109427664 11.834027851456469 35.89075282505027 46.30001690616007 55.26746300369456 70.84129640461512 -52.56911463145229 33.90445967611967 27.61648842610873 14.588384008911802 17.10916573435793 -50.95251323009866 6.58005422823787 77.67614471856373 56.41489597882463 48.931545941347 77.04250630787047 86.20677441407304 -60.07870133706837 19.354889612589616 58.638863980577725 90.01164243441201 -94.30948792808054 -40.51227517779814 -36.61893281857345 18.139016593083838 2.0114813205767064 18.03290496431447 -52.23968218422386 -16.103682495524183 -77.70043928813874 39.48416986775504 -11.876254170724536 -19.62264734508838 86.85881110625928 -77.25792070090587 -70.45391005148662 -2.7833656457241887 79.5401665956046 64.99228517369775 95.82326777671048 91.90832932319773 84.22307689429738 -92.86209727657415 -35.24602141899082 2.080853700049005 -7.256837911073276 -79.49060510564998 -7.818374722006084 -40.55474111378044 -36.15170939808144 -71.09306585689453 66.98034957385912 13.688232140468543 -97.66337034661252 42.78512421226094 65.07066247127901 -64.3637873063387 8.121368616385837 6.366113604047442 -52.78630367377835
56.936959243809184 -0.5027432497272599 10.639389965487496 25.74812709788354 -38.34430329155207 -34.98145703322804 48.24266075895193 22.598058777004496 -94.11787322368697 88.96770477505109 95.36166968975687 -34.988347554010744 -57.55335349712609 14.252724755045733 -13.200883177521192 60.44197423066689 38.273160128662454 -70.65055567298478 -95.8306492205109 -84.53049845196242 -59.05369016037889 34.6020831554319 3.5523032232586758 -51.93537479766841 -91.81789543194539 -15.980604609700677 67.52831468655094 19.167207939785484 97.6068435003813 -92.29552358946627 22.109883006321866 21.056477906380593 -24.2662370724438 -92.33621302295956 -5.043316067246948 27.02268888611401 46.615044650441064 4.509583755250503 -83.39449721047612 -65.52609160673674 86.1088796085472 81.83718713565597 53.815019208799356 -36.50631589830029 34.25930502791573 -94.00439911769105 -44.63169879267288 -54.11801013269666 83.8148660333996 -74.97666891353265 -42.043397030192885 -36.80211759440948 -8.437344135340524 -70.6092409938872 87.06225511162259 32.423287128588186 -86.74633964299925 -10.83205336154731 -55.38638205195343 -13.530403544501297 84.25304453119185 -37.88138275726127 -81.53581332943864 -83.72119370101325 -27.25348583833926 -57.461546860585024 -14.016022428143813 31.102435734449642 15.643343013157775 -50.16215971839144 -55.36214168302844 82.6466392055247 22.53821521706773 98.85264885779034 -31.803292142588987 -20.38943174048191 29.026062277309563 72.9163474653947 87.14500182491517 26.931155689941804 -66.18232279708411 57.54841237294423 -55.97236897224389 19.698031727346503 -55.75887058556255 79.22217774024779 65.32020195532061 1.7954315479125995 22.93931883593328 29.34051962704973 43.340889016024164 -95.8020129055565 46.03781555936223 -74.25428070856765 19.09402209472792 79.43757138474211 -26.62066560538112 -36.64966839328836 15.139449732045946 -61.98404356881673 76.20926931370923 26.05678538077241 91.34607685995792 -77.49050723703945 89.16360437683943 68.68219241901298 -9.82815711268212 7.672225381912966 94.15692050741336 58.68556671105273 -20.224411580285278 -72.18495556356864 -54.09321803219691 -82.58346203402174 -48.15403210298055 -89.75245205412645 -18.378214210880856 -14.948487431707449 -65.11527370793691 -57.91486351090467 12.832839334749679 0.05391483773902905 -22.101451994949528 1.5039786207965875 6.389919020663925 52.156770836472106 -89.98674803774058 -64.8727961518313 -13.05345760079419 53.930862226701095 62.99788971784059 6.667635286410018 -91.77733307172767 96.10041020819475 -87.42897783450712 58.0479543941714 78.50156253085373 -66.6088693723877 44.064482075347314 -88.80615751613567 78.0923646771873 -17.8142010249218 -78.81286899471212 -92.1412866101435 -11.933927359857435 -34.40193332726906 -79.50133121113218 -89.16007319924834 -60.31063363518585 42.25549666250049 37.39876208805583 -54.87658819923353 -78.26475024337105 -15.938880220131239 50.42809813894081 -40.64703946786803 69.48385839145658 76.6261674426382 33.26560231146314 85.47708098652001 -64.02308210688122 -29.973892831935117 -68.57755499190475 -12.569112413888888 -82.31538340229972 -0.42039377902260355 -63.34177088207768 -71.22036540618939 -45.54322980670704 -90.85482259016548 -45.35899743812315 49.65459540018645 -49.94253623165656 49.2765251911145 -73.27292967076151 77.37049890243816 52.31828839386992 -33.97743940297147 15.77258551473632 61.38487725409934 -1.8306034506825313 56.36241562098701 -16.879712982155382 25.039173096562337 8.583094127299347 -92.38174550024915 -93.5674033541138 42.36306691366366 -7.041813453151178 -43.878014139083454 5.707867260384816 34.73728579191294 17.45100279252702 -41.23863441992985 -17.396891004648012 61.681193506291464 -62.262021976889855 47.99351928940587 -21.060094867057984 -67.86453145819829
90.32825935407223 59.72684027113581 44.66223577512983 -56.73637276455303 -28.17533745201905 29.2599389243033 -55.53669579124802 72.37775678587315 -69.11390697500133 18.53039251143788 37.453051646460835 29.48142339209423 -25.412497745143426 -4.607973920928615 13.890668330420851 9.324282939928864 -24.557949491176245 2.927848498507373 65.24345956925029 -94.00550933390642 -72.8401710957414 55.94788169195439 19.5782610962509 -49.434329149184045 -20.04764967423401 75.6645339610414 85.88921046729575 43.859687925637246 -57.457691389115986 -61.29276440051559 56.81261735029946 6.627989345328217 -12.560463219890906 -16.687470433335008 96.6822521597073 95.76263749184827 37.6484380930919 65.86098635689618 56.21059976167422 88.9733820191812 -47.06565895948596 40.10063065748767 -19.78386986800507 50.55653592293024 -27.274771096896288 -46.59568198550612 -94.07556420368944 -77.55610166780266 -47.6993452437785 69.5093062831713 79.30870576549384 46.06968778899818 34.771912102287274 37.218890931094904 -8.704147725229006 -78.42364957268609 -50.56516543680027 -64.46022010151577 -66.99801227606093 3.803468984962578 -68.3358065859853 -86.46903338829546 -34.041548113610105 81.71174887786336 81.88276195601736 45.39125795649545 -81.19046773320473 74.26185665162612 50.772058573898846 -39.76342455609612 53.20922947617788 84.5724865362302 94.19681678629817 87.39296638195634 36.08929351680507 29.44875486585147 28.378603820521704 -45.246207195180354 -33.68495337173951 46.87885642033157 20.185748286450206 -26.244397001178157 -23.028161841393157 4.897677246188763 86.18257161056351 95.53187765804583 -74.24554851966387 62.41454336674673 28.509872126999255 -46.02154427416352 58.46074287069092 -4.459281852931767 24.349429904823964 16.15260504849185 -36.1886662413289 31.53669564706169 -14.88087199742796 21.453517423060234 36.080752590743515 -80.2075013776307 -73.3431203411235 -22.411619378743737 76.7573305608334 -76.20527243398377 -52.25809259347005 -12.40865773636186 38.67880267521829 26.40872221646198 -35.543583039078825 46.003671073643886 20.445058205906676 55.400137859110345 24.63601486001427 -11.817981026810912 30.99156079714936 -86.67778411986176 -99.2221232290595 18.03700595266278 10.630439025950196 71.72976537523326 -96.9440107691333 40.63427123330473 -76.62855244162708 64.44683175778735 36.51108369447266 29.95715333927879 46.59489998608245 50.009991696963795 -66.28814337275742 64.34312929853351 16.73224977629721 82.23505168702147 61.07687738998271 -93.7316718166176 72.30436722806289 70.60046785607165 0.9385869293662097 -72.2311938209018 50.46579306549705 88.20947621518809 -86.48319530529037 33.75220866132304 57.63296404411034 -66.77590349676426 5.807480733159508 68.9084142694835 -89.00949117683545 81.47749871620363 -25.62347117619626 18.740762792787535 49.385238580031455 -35.25424492962317 -26.486830623461515 9.220079744052072 -47.28362216488138 75.06547171683084 8.060323983250754 2.8445449898735404 19.346405165676956 -87.15440225709511 77.02803966976248 90.98935873823254 -32.303646165761464 -2.8612005460030048 98.26799987762266 1.981409018739086 -82.41156700573612 52.54814738948281 -31.202605696260008 39.37176871616418 39.0207646898798 98.88650837536795 -56.84049756245717 -56.88444085985458 93.58703827718293 -87.60722045478168 65.03629772500034 5.516990674605566 -22.205092890539575 9.025700858779189 8.155430999756177 -4.285298420416424 63.229008339058254 99.50326650779834 18.028628761621206 8.558763159959753 -84.13538485017011 -58.30869279580932 -60.73012746083204 -29.21924102865259 52.52345564908046 -99.86165296591669 12.393114955421098 -2.496122402464948 18.762312002595976 -28.405891689053547 -43.07628533018033 -11.762489941344086 75.05044441164318 71.1906530304004
