-0.0016099561471492052 -0.08966231346130371 -0.11382825672626495 0.024776246398687363 0.07464522123336792 -0.06250204890966415 0.06374756991863251 -0.02755839377641678 0.04818987473845482 -0.09209935367107391 0.035649847239255905 -0.13082920014858246 0.13979406654834747 0.0021040462888777256 0.15728430449962616 0.08143668621778488 -0.16802455484867096 -0.12177112698554993 -0.03292246162891388 0.05428352952003479 0.08263107389211655 0.08340456336736679 -0.0767226293683052 0.11680340766906738 0.024659259244799614 -0.08307664841413498 0.06075471267104149 -0.21755757927894592 -0.10048357397317886 -0.14820809662342072 -0.08576085418462753 -0.01031833328306675 0.005096388980746269 -0.00750305037945509 0.01421118900179863 -0.03960471600294113 -0.018037861213088036 -0.11464841663837433 -0.03895571827888489 -0.02368694171309471 0.1649467498064041 -0.029986415058374405 0.11840087920427322 -0.009981382638216019 -0.0011350929271429777 0.1960579752922058 0.17821922898292542 0.0958760604262352 -0.08878835290670395 0.03511197492480278 -0.112153060734272 -0.1551397293806076 -0.027467304840683937 0.06140781193971634 0.048208486288785934 -0.17372934520244598 0.11587804555892944 -0.15097860991954803 -0.12808413803577423 -0.19766327738761902 -0.07634931802749634 -0.0750817283987999 0.08172515034675598 0.01598452962934971 -0.14975547790527344 -0.05592964217066765 0.024924755096435547 -0.07816711813211441 -0.041321609169244766 -0.049971744418144226 0.054833147674798965 0.0436374768614769 -0.06215501204133034 0.2506346106529236 0.0493401363492012 -0.050791483372449875 0.12418025732040405 0.027229025959968567 0.02799377031624317 0.017956579104065895 0.10377668589353561 -0.004686028230935335 0.10890382528305054 -0.0830671563744545 0.07133536040782928 -0.06036478281021118 -0.10718171298503876 0.02842596545815468 -0.16405218839645386 0.11198936402797699 0.2727675437927246 0.11372320353984833 0.11971317231655121 0.0064488924108445644 0.06253790110349655 0.11182961612939835 0.033566102385520935 -0.024153297767043114 -0.10863771289587021 0.14684903621673584
0.01334240473806858 0.10234137624502182 -0.043800707906484604 0.1364280879497528 -0.06584412604570389 -0.08107071369886398 0.2038406878709793 0.07214272767305374 0.09514038264751434 0.04503888636827469 -0.1011069267988205 -0.04401632770895958 0.020887739956378937 0.17281092703342438 0.023991351947188377 0.024244293570518494 0.033199768513441086 0.09482473134994507 0.06458456814289093 -0.004206901416182518 0.23944351077079773 -0.032035551965236664 0.0993582084774971 0.02747000753879547 0.2483592927455902 -0.01071098167449236 -0.12630462646484375 0.03385806083679199 0.059040617197752 0.0030704776290804148 -0.07065747678279877 0.09782274067401886 0.09460657835006714 -0.03567487746477127 0.079875148832798 0.00839801225811243 -0.047140829265117645 0.10839755833148956 0.21622592210769653 -0.09021555632352829 0.24664334952831268 -0.1375788450241089 -0.08820367604494095 -0.030908072367310524 0.06723101437091827 -0.23984476923942566 -0.02420245297253132 -0.0076288157142698765 -0.05301103740930557 -0.09417248517274857 -0.013202582485973835 0.02803943306207657 0.054179780185222626 0.06766363978385925 -0.013225959613919258 -0.24940621852874756 -0.03638487681746483 -0.10142141580581665 0.12502002716064453 -0.062272362411022186 -0.08393221348524094 0.08179522305727005 0.016672283411026 -0.10760775208473206 0.232786625623703 0.2024686336517334 -0.09780184179544449 -0.09022310376167297 -0.03899472579360008 -0.05071680620312691 0.016626594588160515 -0.043356191366910934 -0.015515700913965702 0.06427552551031113 0.024555031210184097 -0.022314663976430893 -0.11871695518493652 0.1475915163755417 0.06633833050727844 0.13840101659297943 0.162252739071846 -0.12853765487670898 -0.009096929803490639 -0.019104210659861565 0.04444163292646408 0.0781186893582344 -0.04693180322647095 -0.11869239062070847 0.05456332117319107 0.086837038397789 -0.03621481731534004 -0.09201159328222275 -0.0008124474552460015 -0.05764103680849075 -0.05759907886385918 0.03398880735039711 -0.1116412952542305 -0.08188064396381378 -0.003218201920390129 0.035848572850227356
-0.12459532171487808 0.12125097960233688 -0.1278766393661499 0.08918297290802002 -0.19207482039928436 0.01473959069699049 0.13786374032497406 0.047151125967502594 0.13395966589450836 0.11616334319114685 -0.04043544456362724 -0.0623401403427124 -0.006772676482796669 -0.11801276355981827 -0.01025115605443716 -0.11970097571611404 0.05197570472955704 0.14110594987869263 0.19207634031772614 -0.05108030512928963 0.005531017668545246 0.051113612949848175 -0.11333722621202469 0.06992017477750778 -0.27725479006767273 0.021023286506533623 0.0007517992635257542 0.09816276282072067 -0.012516663409769535 -0.017058508470654488 -0.1035485491156578 -0.1046881228685379 -0.18095111846923828 -0.015988405793905258 -0.2394896149635315 -0.03874647617340088 -0.07262080907821655 0.17579156160354614 0.13146603107452393 -0.0800238624215126 -0.03910035640001297 -0.2958577573299408 -0.11093401163816452 -0.05848625302314758 -0.14188379049301147 0.08070304989814758 0.04198314622044563 0.11967535316944122 0.12628872692584991 0.2525540292263031 -0.03612725809216499 -0.008343130350112915 -0.0521889291703701 0.028325099498033524 0.046038247644901276 0.02619391866028309 -0.045191649347543716 -0.0035051233135163784 -0.013741156086325645 0.07658398151397705 0.15871229767799377 -0.013587729074060917 0.03141152858734131 -0.05659324303269386 -0.07467493414878845 0.14698074758052826 0.08680186420679092 -0.027075793594121933 0.012401005253195763 -0.04926123470067978 -0.004330590832978487 0.0465133972465992 -0.15617354214191437 0.06415090709924698 -0.02718058042228222 0.047305576503276825 0.05819707736372948 -0.00763083016499877 0.05096674710512161 0.0454988107085228 0.07450427860021591 0.0605635829269886 0.04390015825629234 -0.041290514171123505 -0.03534103184938431 0.09721193462610245 0.02586587518453598 0.10046787559986115 -0.09359171241521835 -0.01937928795814514 0.09694173187017441 -0.022979415953159332 -0.11430102586746216 -0.14355678856372833 0.08197525143623352 -0.04027228802442551 0.048333290964365005 -0.014191877096891403 -0.09632492810487747 -0.1372407078742981
-0.047730062156915665 -0.06272994726896286 -0.06450862437486649 -0.050193436443805695 0.014384225942194462 -0.014669187366962433 0.09180891513824463 -0.0240041334182024 -0.04420331493020058 -0.08205947279930115 -0.03348257765173912 -0.12464778125286102 -0.1591409295797348 0.01415011752396822 -0.011452891863882542 0.15094801783561707 0.013173053972423077 -0.09167685359716415 0.08149663358926773 0.09222342818975449 0.09628190845251083 0.08369408547878265 -0.1316007524728775 -0.04973912611603737 -0.11291657388210297 0.06085697561502457 0.001882517826743424 -0.04598157852888107 -0.002591831376776099 0.0052987514063715935 0.19651512801647186 -0.04007125645875931 0.05678730458021164 -0.04755319654941559 0.06957986205816269 -0.012143631465733051 0.07733698189258575 0.0800194963812828 -0.17625094950199127 0.03839516267180443 -0.050500597804784775 -0.03844816982746124 -0.12087759375572205 0.14928670227527618 -0.20852424204349518 -0.1154220849275589 0.09362661093473434 -0.15385062992572784 -0.19251494109630585 0.01765674352645874 -0.16104906797409058 0.06742364913225174 0.2390371561050415 -0.06808184087276459 -0.011731716804206371 -0.00690669659525156 -0.11626241356134415 -0.1990574449300766 0.03536149114370346 -0.1109728217124939 -0.019380001351237297 0.04961279034614563 -0.03933865204453468 0.07684743404388428 -0.07495149970054626 0.08905472606420517 0.15309040248394012 0.05516728386282921 0.20874784886837006 -0.0023931663017719984 -0.11749599874019623 -0.0033195402938872576 0.07683960348367691 0.13298943638801575 0.16085407137870789 0.09707394987344742 0.0029050898738205433 -0.09480632096529007 -0.05001485347747803 0.08304460346698761 -0.033227790147066116 0.03365468978881836 0.20899055898189545 -0.06409624218940735 0.07029591500759125 0.10664166510105133 -0.04136009141802788 -0.08405812084674835 -0.010397317819297314 -0.16772663593292236 -0.07031835615634918 -0.1942705512046814 -0.19281655550003052 0.033391837030649185 -0.05055917799472809 0.12964260578155518 0.010341222397983074 0.008265575394034386 0.10740503668785095 -0.05268535763025284
0.11507230997085571 -0.02398853935301304 -0.009103447198867798 0.24723471701145172 0.006217970512807369 0.002881924854591489 -0.20237264037132263 -0.021448587998747826 -0.15165680646896362 0.12479940801858902 0.17155425250530243 0.11792518198490143 0.04996522143483162 -0.14484916627407074 0.005085084121674299 0.039512697607278824 0.10754979401826859 0.0020003013778477907 -0.05348167195916176 0.07856661081314087 -0.0010576803470030427 -0.16091156005859375 0.04186421260237694 0.1443319469690323 -0.2089744508266449 0.009422157891094685 0.008236341178417206 -0.14902274310588837 0.13998249173164368 0.0040033007971942425 0.04334934055805206 0.055663563311100006 -0.04524974152445793 0.20135484635829926 0.07692911475896835 -0.11684500426054001 -0.13743983209133148 0.017067287117242813 0.06572695076465607 -0.08438035100698471 0.11195109784603119 -0.019720198586583138 -0.021067146211862564 0.09846524894237518 0.06766875833272934 0.0032491853926330805 -0.026840684935450554 -0.042294006794691086 0.057139649987220764 0.025406207889318466 0.07233668118715286 0.056310199201107025 0.054827433079481125 0.05618149787187576 -0.06624957919120789 -0.19557131826877594 -0.029238510876893997 -0.07011333107948303 -0.042027734220027924 0.18178211152553558 -0.006431809160858393 -0.10770275443792343 0.045993607491254807 0.006948016583919525 -0.17560456693172455 0.060270145535469055 -0.021211251616477966 0.018808430060744286 0.0013001865008845925 -0.05169181525707245 -0.15887399017810822 0.11503367871046066 0.1296333223581314 0.0339580737054348 -0.05442351475358009 -0.01754762791097164 0.10525907576084137 0.0256400965154171 -0.10247217863798141 0.07085929811000824 0.13205218315124512 0.009993781335651875 0.21094800531864166 0.13929562270641327 -0.05314807966351509 -0.1637418568134308 0.016142237931489944 0.01647387258708477 0.06410684436559677 0.12034902721643448 0.01917150616645813 -0.15106810629367828 -0.12275300174951553 0.04112823307514191 -0.26228067278862 -0.06661202013492584 -0.09107941389083862 0.008637364022433758 0.023720020428299904 0.03419571742415428
0.14569325745105743 0.04008017107844353 -0.06963471323251724 -0.08495736122131348 0.06909175217151642 -0.10482171177864075 -0.07835545390844345 0.22344660758972168 0.13759832084178925 0.018445217981934547 -0.13396760821342468 0.19504210352897644 0.04239504411816597 0.05261926352977753 0.1403934806585312 0.03956931084394455 -0.04374462738633156 -0.06996569037437439 0.16009338200092316 0.12000326067209244 -0.005089769139885902 -0.030595285817980766 0.06888981908559799 -0.033612240105867386 -0.19520993530750275 -0.0437195748090744 0.031046411022543907 0.08841438591480255 -0.07239768654108047 0.04137862101197243 0.10579286515712738 0.001373855397105217 0.1204858124256134 0.17879974842071533 0.16797834634780884 -0.058820806443691254 -0.10343542695045471 0.037408582866191864 0.012722644954919815 0.13731016218662262 0.01678098924458027 0.12271136790513992 -0.02252466231584549 0.21247604489326477 -0.008995908312499523 -0.1513139307498932 0.06843087822198868 -0.0405842587351799 -0.10513908416032791 0.2144768387079239 -0.04370392486453056 -0.11231336742639542 -0.13320668041706085 0.06830009073019028 0.008090676739811897 -0.006983507890254259 0.03221997991204262 -0.08798113465309143 -0.00869391206651926 -0.013881140388548374 0.03493876755237579 0.06114945933222771 0.22368855774402618 -0.2196771204471588 -0.01608467660844326 -0.17387109994888306 0.10349147021770477 -0.056599054485559464 0.1320524960756302 0.05938759818673134 0.04313524439930916 0.026380842551589012 -0.23566240072250366 -0.13910172879695892 -0.07113427668809891 -0.049059249460697174 -0.1106935665011406 0.033645931631326675 -0.04207107052206993 -9.194336598739028e-05 -0.05587208271026611 -0.07977931946516037 -0.09240475296974182 -0.06833446025848389 0.06093786656856537 0.05960630252957344 -0.047139573842287064 0.142217755317688 -0.03937162458896637 0.14259345829486847 -0.08363065868616104 -0.025431087240576744 -0.027406862005591393 -0.0527527816593647 -0.03562718629837036 -0.0419086329638958 -0.012076037004590034 0.09884953498840332 -0.04009309783577919 -0.010579178109765053
0.16676904261112213 0.09512723237276077 -0.027404120191931725 -0.19216479361057281 -0.07205648720264435 -0.13175396621227264 0.026501120999455452 0.1443566232919693 -0.037494122982025146 0.12051758915185928 0.08574046939611435 0.03320823609828949 0.0089306915178895 -0.05304737016558647 0.10734390467405319 0.1606139987707138 0.02474052645266056 0.14241045713424683 -0.13540713489055634 0.09500063955783844 0.12432339042425156 -0.12819799780845642 -0.0679139569401741 -0.06414008140563965 -0.0640278235077858 -0.08920537680387497 -0.0591030977666378 -0.010084732435643673 -0.06611331552267075 0.08734087646007538 0.1288289874792099 0.12010893225669861 -0.009937969036400318 0.10114404559135437 0.07450466603040695 -0.08577358722686768 -0.01733391359448433 0.018883435055613518 -0.04251544922590256 -0.10907632857561111 -0.0007604046841152012 -0.17230284214019775 0.10370828956365585 -0.17317630350589752 0.030079422518610954 0.17059235274791718 0.16147619485855103 0.012031033635139465 -0.1715777963399887 0.05964810773730278 -0.028218617662787437 0.13107343018054962 -0.14432638883590698 0.009784257970750332 0.16212241351604462 -0.01194657851010561 -0.14200928807258606 0.11201411485671997 0.04053722694516182 0.04617299512028694 0.03786247596144676 0.12551303207874298 -0.09831859916448593 0.1784348040819168 -0.023225808516144753 0.05387754738330841 0.006912952288985252 -0.09967158734798431 -0.13687261939048767 0.08318045735359192 0.008822432719171047 -0.06558717042207718 -0.09469976276159286 -0.039150889962911606 -0.16151516139507294 0.017630228772759438 -0.027096018195152283 -0.005293400026857853 -0.08840566873550415 -0.12525396049022675 0.039687030017375946 -0.06692104041576385 0.10847863554954529 -0.13431203365325928 -0.013400468043982983 -0.16632209718227386 -0.016984743997454643 -0.14401905238628387 -0.02585907280445099 -0.10555986315011978 -0.1718457192182541 -0.004656543955206871 0.058989543467760086 0.11789993196725845 0.169740229845047 0.13130000233650208 -0.04795002192258835 -0.08782929182052612 0.044590696692466736 -0.0728425607085228
-0.16318100690841675 0.07629480957984924 0.14940765500068665 -0.011841087602078915 0.0844855085015297 0.11013444513082504 0.13335619866847992 0.17864283919334412 -0.0824131891131401 0.08428629487752914 -0.042337704449892044 0.04947013035416603 -0.08176742494106293 0.06735076755285263 0.053871773183345795 0.13265477120876312 0.0718865618109703 0.12258514016866684 -0.17615167796611786 -0.005843783728778362 -0.03482498601078987 -0.24979473650455475 -0.08812104165554047 0.10643647611141205 0.03398735448718071 -0.11175849288702011 -0.09333797544240952 -0.03816496953368187 -0.19805839657783508 0.006687738001346588 0.03632392734289169 -0.15850552916526794 0.10104275494813919 0.07732420414686203 0.07839012145996094 0.08130541443824768 -0.011597342789173126 -0.09142962843179703 -0.026572957634925842 -0.1157391369342804 -0.17366397380828857 0.06285025179386139 -0.11492080986499786 -0.02201695553958416 -0.08777463436126709 0.07461360096931458 -0.2709398567676544 0.0036142414901405573 0.03355012089014053 -0.03076588176190853 -0.06338369846343994 -0.061328887939453125 -0.09828817844390869 -0.046391237527132034 -0.1591002345085144 -0.10885252803564072 -0.09359205514192581 0.047744493931531906 -0.09187855571508408 -0.04904759302735329 -0.14506638050079346 -0.018786273896694183 -0.07327401638031006 0.010019714944064617 -0.010514387860894203 0.06970589607954025 0.1341037005186081 0.036527711898088455 0.02142857015132904 0.04305620864033699 0.07425116747617722 -0.02631080150604248 0.013797491788864136 0.01935669407248497 -0.08658356964588165 0.02651197463274002 0.03517146036028862 -0.061449408531188965 0.11820580810308456 0.04036032035946846 0.0070615787990391254 -0.018606500700116158 0.018200695514678955 0.004285384435206652 0.06680752336978912 0.15297402441501617 0.15315064787864685 0.12722980976104736 -0.18040664494037628 0.24806442856788635 0.04967077448964119 -0.2031015306711197 -0.0357210710644722 0.10637518018484116 0.042111627757549286 0.02487664297223091 0.08618815988302231 -0.06288450956344604 -0.11670995503664017 0.030609017238020897
-0.057764772325754166 -0.07624826580286026 -0.15626610815525055 0.03553986921906471 -0.08492729067802429 0.007186837028712034 -0.04622294381260872 0.011134779080748558 -0.06686773151159286 -0.016836319118738174 -0.14301976561546326 -0.0010712726507335901 0.07594920694828033 0.02884504944086075 0.024844426661729813 -0.08041894435882568 -0.10169800370931625 -0.22326818108558655 -0.11190374195575714 0.08304751664400101 0.19256576895713806 -0.1280834823846817 0.013023577630519867 0.18084168434143066 0.01340783853083849 -0.1428898423910141 0.05614215135574341 0.08985520154237747 0.05133230239152908 -0.14223869144916534 -0.0018672130536288023 -0.08705377578735352 -0.1454744040966034 -0.10400432348251343 -0.05458732694387436 -0.033069394528865814 -0.08282690495252609 0.13150529563426971 0.04843519628047943 0.1143433079123497 0.04269105941057205 0.12077054381370544 -0.05685482546687126 0.015253662131726742 0.010105486027896404 0.10663674771785736 -0.03146062791347504 -0.08208369463682175 0.056925877928733826 -0.015267781913280487 -0.01981116645038128 -0.035425059497356415 -0.1989016830921173 0.06762050837278366 0.11959032714366913 0.2089983969926834 -0.02306552603840828 -0.0827648937702179 0.06401537358760834 0.08333873003721237 -0.06922606378793716 0.1548166424036026 0.09840571880340576 0.16498003900051117 0.01734706200659275 0.18385371565818787 0.07119984179735184 -0.049468446522951126 0.10126234591007233 0.14496511220932007 0.0421883799135685 -0.001948268385604024 0.09429491311311722 -0.10328369587659836 0.25708404183387756 -0.04599427431821823 0.00073367910226807 0.04849408566951752 -0.003666115226224065 -0.06618043035268784 0.1409151256084442 0.058753591030836105 -0.10701081901788712 0.11944612860679626 -0.0028114623855799437 -0.102662593126297 0.21520303189754486 -0.15821506083011627 -0.06954243034124374 0.10370687395334244 -0.09349439293146133 -0.09837565571069717 -0.05390022695064545 0.08603304624557495 0.09730909019708633 0.06777112185955048 0.012716958299279213 0.1440248191356659 0.016997143626213074 0.052917707711458206
0.01863483153283596 -0.008077758364379406 0.09986475110054016 -4.051031282870099e-05 -0.028470082208514214 0.05326932668685913 -0.1730293333530426 -0.02251349575817585 0.063970185816288 0.0645616203546524 0.04006075859069824 -0.08175870031118393 -0.06430719047784805 -0.00010318645217921585 -0.08162790536880493 0.00041094530024565756 0.08312582224607468 0.03073916956782341 0.25517964363098145 -0.05312458425760269 -0.07235351949930191 -0.1420663297176361 0.04242264851927757 0.11370061337947845 -0.0014508863678202033 0.0009284278494305909 0.04774591326713562 -0.008836595341563225 -0.1715915948152542 0.05284254997968674 0.26539182662963867 0.09374766051769257 0.06687596440315247 -0.1495385468006134 0.13296246528625488 0.19567416608333588 0.01605786196887493 -0.15791502594947815 0.17454180121421814 -0.07799756526947021 -0.0366843044757843 0.03836431726813316 -0.04116425663232803 -0.02936713397502899 0.022912202402949333 0.02809242531657219 0.060431502759456635 -0.01439911499619484 -0.05834852531552315 -0.10362382978200912 -0.1398773342370987 -0.13606394827365875 -0.07921753078699112 0.038823701441287994 -0.014076964929699898 0.011053957045078278 0.16661924123764038 -0.06786737591028214 0.10169574618339539 -0.03810949623584747 0.21676373481750488 -0.006730051711201668 0.022080477327108383 -0.05294524505734444 -0.019992467015981674 0.0633699968457222 0.08011903613805771 -0.021803230047225952 0.0037501787301152945 -0.1627095490694046 -0.18350020051002502 -0.0969986617565155 -0.03272031247615814 0.17359976470470428 -0.05000133439898491 0.05771804228425026 -0.07833772897720337 0.02808438614010811 0.0733523815870285 -0.12216166406869888 0.30525463819503784 0.24626190960407257 -0.15393374860286713 0.06281307339668274 0.017273060977458954 -0.11665789783000946 0.056069567799568176 -0.013336658477783203 -0.06509125232696533 -0.036450788378715515 -0.06565757095813751 0.09524347633123398 -0.06369391828775406 0.09945935755968094 0.05081673711538315 0.012156900949776173 0.034739065915346146 0.00973532348871231 0.08663821965456009 -0.015298078767955303
0.03685425966978073 -0.03486517071723938 0.05248463153839111 -0.156349316239357 0.16219626367092133 0.021681111305952072 -0.05136699602007866 0.025554047897458076 0.16793589293956757 0.03425220772624016 -0.1504058688879013 -0.08213511109352112 -0.027450745925307274 0.04727859050035477 0.0271493811160326 -0.022412985563278198 0.04654558002948761 0.1329350471496582 0.11447528749704361 0.021616384387016296 0.07634297013282776 0.09372227638959885 -0.06729039549827576 0.07110494375228882 0.1378544569015503 -0.003193037351593375 0.030474333092570305 0.01972639374434948 0.11508600413799286 0.1321529597043991 -0.0415390320122242 -0.1738477200269699 -0.09625757485628128 0.15057283639907837 0.005385067779570818 -0.038373347371816635 -0.149582177400589 0.002106838161125779 -0.13861040771007538 0.008456355892121792 0.0030292486771941185 -0.07253925502300262 -0.0794098824262619 -0.08512688428163528 0.14632949233055115 -0.018057454377412796 -0.04878195375204086 0.04351923614740372 0.12496870756149292 -0.0496656596660614 -0.06546642631292343 0.025315452367067337 -0.010503403842449188 0.00019581086235120893 0.10755833983421326 -0.04920044168829918 0.07198800146579742 -0.04732798784971237 -0.09776603430509567 0.16879810392856598 0.004191599320620298 -0.0985795110464096 0.11216676980257034 -0.1036285012960434 0.052059780806303024 -0.14739631116390228 0.033132415264844894 0.2019997239112854 -0.031085345894098282 -0.13113363087177277 -0.2124641090631485 0.03314114362001419 0.07629591971635818 -0.018935512751340866 0.014504514634609222 -0.04510074853897095 -0.02779579535126686 0.023245126008987427 -0.19001582264900208 -0.06662628054618835 0.037351127713918686 -0.06429164111614227 -0.03365832194685936 -0.10221272706985474 0.00047172288759611547 -0.058137908577919006 0.1249232143163681 -0.059568148106336594 0.04162205755710602 -0.1491960734128952 0.094695545732975 -0.23271851241588593 -0.08549867570400238 0.08299266546964645 0.22272171080112457 0.11257977783679962 0.13701200485229492 -0.0731128379702568 0.011505203321576118 0.3041429817676544
0.09378880262374878 -0.09344960004091263 -0.127414271235466 -0.0009550909162499011 -0.12498793751001358 0.010165886953473091 -0.08510129153728485 0.0312457624822855 -0.07340966910123825 -0.18671417236328125 -0.18607845902442932 -0.06813790649175644 0.07693499326705933 -0.1007419303059578 -0.0878918468952179 -0.07263214886188507 0.09525357186794281 0.06959421932697296 -0.06505893170833588 0.08983422815799713 -0.12129165232181549 0.017001058906316757 0.12367255240678787 -0.011924557387828827 -0.0013966324040666223 -0.1211821585893631 -0.08208979666233063 -0.22621400654315948 -0.1812901645898819 0.1429847776889801 -0.03199339285492897 -0.03814152628183365 0.014602321200072765 0.07289044559001923 -0.1430077701807022 0.08735854923725128 -0.1450987458229065 -0.23513737320899963 -0.07993265986442566 -0.0033901382703334093 -0.006286903750151396 -0.15479475259780884 -0.06890131533145905 0.047120947390794754 0.08522961288690567 -0.10557303577661514 -0.047059811651706696 -0.017270967364311218 0.18341359496116638 -0.011228243820369244 0.06427691876888275 0.06410817056894302 0.05235595256090164 0.07303081452846527 -0.08365343511104584 -0.12006044387817383 -0.05209549888968468 -0.21595166623592377 0.23565521836280823 -0.06307213008403778 0.07815280556678772 0.06902168691158295 0.029886912554502487 0.22501981258392334 -0.05327488109469414 -0.017361043021082878 0.09837455302476883 -0.12150289118289948 -0.16655734181404114 0.15623418986797333 -0.09107930958271027 0.07269446551799774 -0.02688249759376049 -0.0011127580655738711 0.03176111355423927 -0.09517432749271393 -0.1269008070230484 0.046061303466558456 0.11728417873382568 0.01027730107307434 -0.14047276973724365 0.007999276742339134 -0.02984256111085415 0.0708112046122551 0.035886138677597046 0.03937781602144241 -0.06895232200622559 0.09159991145133972 -0.02420547977089882 -0.07542425394058228 -0.12620963156223297 -0.0014856484485790133 -0.0006966206710785627 -0.08927127718925476 0.08370067924261093 0.06731954216957092 0.11011900007724762 0.043191879987716675 -0.0312038566917181 0.05575640872120857
-0.14816853404045105 -0.0721392035484314 -0.1496991068124771 0.02622915618121624 0.14080867171287537 0.06728103756904602 -0.06296652555465698 0.01717393659055233 -0.015352534130215645 0.04400905966758728 0.07919580489397049 -0.09504964202642441 -0.04406462237238884 -0.02493276074528694 0.1343516707420349 -0.16852599382400513 0.059299200773239136 -0.03118925727903843 -0.04313383996486664 0.22696997225284576 -0.16426223516464233 -0.20670661330223083 -0.19815731048583984 0.005705305375158787 0.033146634697914124 0.1316593885421753 -0.1015109121799469 -0.0718126967549324 -0.004573220852762461 -0.08399536460638046 0.06458955258131027 0.017798272892832756 0.04282106086611748 0.01075125765055418 0.0835423693060875 -0.0975927859544754 0.03345547243952751 0.07115720957517624 -0.013713303953409195 0.20642580091953278 0.059462640434503555 -0.14770226180553436 0.13718555867671967 -0.054007794708013535 -0.08746612817049026 -0.0791221484541893 -0.1969020813703537 0.09292088449001312 0.011665103025734425 0.05107927322387695 -0.015793414786458015 -0.11961765587329865 -0.005489533767104149 0.1250392496585846 -0.06991863250732422 0.010492286644876003 0.12474175542593002 0.0008981282007880509 0.08397749811410904 0.02342897094786167 -0.05655571073293686 -0.2192510962486267 -0.07815025746822357 0.05255373939871788 0.19251474738121033 0.15183569490909576 0.061269450932741165 0.005229002796113491 0.019595935940742493 -0.18895360827445984 -0.05987460911273956 -0.045786697417497635 -0.18433287739753723 -0.22852961719036102 0.05570559576153755 -0.06437384337186813 -0.01251945924013853 0.07728245109319687 0.027454642578959465 0.09029538184404373 -0.13036328554153442 0.07525690644979477 0.0035303072072565556 -0.07650676369667053 -0.005818359088152647 -0.15388265252113342 -0.13506081700325012 -0.0579594261944294 -0.11219917982816696 -0.08117832988500595 -0.049287304282188416 -0.01524732168763876 0.11009807139635086 -0.04113050922751427 0.03310702368617058 0.032121818512678146 0.013936779461801052 -0.024990838021039963 0.13638994097709656 -0.0015390118351206183
-0.08191357553005219 0.020333554595708847 0.0818016529083252 -0.1193968877196312 0.1876044124364853 0.11032924801111221 -0.036092497408390045 -0.20612932741641998 -0.1496453434228897 0.15469200909137726 -0.13470429182052612 -0.10644467175006866 -0.1268402487039566 0.06876015663146973 0.029377689585089684 0.1886163204908371 0.036517105996608734 -0.0036366390995681286 -0.08193496614694595 -0.09953621029853821 0.14385263621807098 0.04339587688446045 -0.12213252484798431 -0.01361784152686596 0.10013724863529205 0.0028317749965935946 -0.024319924414157867 -0.011256094090640545 -0.1046908050775528 -0.05380468815565109 0.10251635313034058 0.1994568556547165 -0.1421329230070114 -0.09143126010894775 -0.026236817240715027 -0.0928615853190422 -0.08584278076887131 0.07338844239711761 0.013048655353486538 0.0968470647931099 0.030988255515694618 -0.1070617139339447 -0.03477878496050835 0.052727747708559036 0.045742813497781754 -0.04783346503973007 0.15737289190292358 -0.014165019616484642 0.06958068162202835 0.013807270675897598 -0.18407884240150452 0.009117894805967808 0.0671023577451706 -0.07068143784999847 -0.08028382807970047 0.0651739314198494 0.02722323127090931 -0.017418816685676575 0.045741818845272064 0.056262411177158356 0.19255991280078888 -0.09166812896728516 0.046928323805332184 -0.09616995602846146 -0.20696572959423065 0.11878454685211182 -0.1111363023519516 -0.04413485527038574 -0.1868153065443039 0.09374791383743286 0.18642093241214752 -0.029526323080062866 -0.10555731505155563 -0.07917279005050659 -0.05981966853141785 -0.15766966342926025 -0.04470249265432358 0.046492837369441986 -0.012415449135005474 0.0460168682038784 -0.1901136338710785 0.07377694547176361 -0.054464008659124374 0.10110054165124893 0.16423073410987854 -0.1333577185869217 0.005126545205712318 0.10847028344869614 0.10227236151695251 0.16179238259792328 -0.015773287042975426 -0.055367253720760345 -0.13892056047916412 -0.04657333344221115 0.0063798618502914906 -0.05679211765527725 -0.0224202498793602 -0.0002669720852281898 -0.05247858911752701 0.08186554908752441
-0.007407155819237232 0.02425527013838291 -0.010853569023311138 -0.029368439689278603 0.10091465711593628 0.12093072384595871 -0.06350421160459518 -0.12560956180095673 0.20226995646953583 -0.03645725175738335 0.05889321118593216 0.1069943755865097 -0.055717289447784424 -0.03825277090072632 0.056016676127910614 0.08090229332447052 -0.0879238098859787 0.05370192602276802 0.07396799325942993 -0.08551542460918427 0.1039232686161995 0.06657499819993973 -0.09652423113584518 -0.09075246006250381 -0.07127431035041809 -0.10053016245365143 -0.15481045842170715 -0.08438859134912491 0.08148869127035141 0.08838048577308655 0.15031170845031738 -0.15435950458049774 -0.03166430443525314 0.062150754034519196 -0.12222255766391754 -0.021426552906632423 -0.07599204778671265 0.175291508436203 -0.004059365019202232 -0.04909955710172653 -0.050889745354652405 -0.008013603277504444 0.0005537056131288409 -0.006378273945301771 -0.06730016320943832 0.054733067750930786 -0.18125209212303162 -0.18287163972854614 0.05479533597826958 0.06537078320980072 -0.02456175535917282 0.016271695494651794 -0.008345264941453934 0.18676221370697021 -0.013410995714366436 -0.12749633193016052 0.0308306273072958 -0.06867896765470505 -0.05696706846356392 -0.30541563034057617 0.026415880769491196 0.09537731111049652 -0.07257305085659027 0.05042017251253128 0.03814898431301117 -0.06416694074869156 0.002874827478080988 -0.06923982501029968 0.10403019934892654 0.036678798496723175 0.055781859904527664 -0.10181746631860733 0.24116109311580658 0.03748689219355583 -0.10670360922813416 -0.29095765948295593 -0.07138282060623169 0.05427521467208862 0.036608222872018814 0.1226373091340065 0.012429199181497097 0.02910739555954933 -0.056183598935604095 -0.03997475281357765 -0.04393186420202255 -0.24117408692836761 0.15238863229751587 -0.017366493120789528 0.07169026881456375 0.03038811683654785 0.0036081031430512667 0.13980832695960999 0.10621767491102219 -0.06803365051746368 0.022208524867892265 -0.14588028192520142 0.041346706449985504 -0.04172070324420929 0.14920666813850403 -0.0976981446146965
0.16132736206054688 -0.05867886170744896 -0.005050002597272396 -0.1753343641757965 0.12577524781227112 0.0031458325684070587 -0.05583570897579193 0.006773592904210091 0.14104267954826355 0.1537816822528839 0.008809179067611694 0.0636434406042099 0.040847085416316986 0.06254256516695023 -0.02795672044157982 0.0046157073229551315 0.1016310378909111 0.03512110933661461 -0.22395628690719604 0.0528448149561882 -0.06989305466413498 0.07927445322275162 0.19155630469322205 -0.04041048139333725 -0.09006883949041367 0.1518530696630478 -0.1399976760149002 0.17722302675247192 0.07494749873876572 -0.0380362868309021 -0.016430340707302094 -0.04685526341199875 0.0378524512052536 -0.1976083368062973 0.00321205728687346 0.0724857971072197 -0.004242482595145702 -0.060145340859889984 -0.06369544565677643 -0.096167653799057 0.011176741681993008 -0.13006767630577087 -0.10377799719572067 0.08210479468107224 -0.07699713855981827 0.02255941554903984 -0.005135081708431244 0.021321920678019524 0.1013331487774849 0.1177358403801918 -0.14085200428962708 -0.23063890635967255 0.05303354561328888 -0.0012818890390917659 -0.08430897444486618 0.03109249845147133 0.06561680138111115 0.0978611558675766 -0.043804120272397995 -0.04026451334357262 0.033861126750707626 -0.11612867563962936 0.20125305652618408 0.1520126909017563 -0.01629285141825676 0.07267210632562637 -0.19838197529315948 -0.030864780768752098 0.05837095528841019 0.1749505251646042 -0.22873930633068085 -0.010960730724036694 0.005641163792461157 0.029804963618516922 0.1108449324965477 0.03790772333741188 -0.055956244468688965 0.03372902423143387 0.0030081847216933966 0.12289481610059738 0.013353650458157063 -0.14014187455177307 0.06186981871724129 0.11001460254192352 -0.028713222593069077 0.008492697030305862 0.08579515665769577 -0.014354269951581955 0.007835130207240582 0.11627243459224701 0.0836455374956131 0.0943976640701294 0.08139993250370026 0.07689636200666428 0.03526366502046585 0.24204973876476288 -0.06398258358240128 -0.10609965026378632 0.0754917785525322 -0.14023615419864655
-0.0794580802321434 0.0495586022734642 0.041741080582141876 -0.19715949892997742 0.1290564388036728 0.070366770029068 0.21173501014709473 0.04370555654168129 0.06841281056404114 -0.11837447434663773 0.0466153658926487 0.13283821940422058 0.019029581919312477 -0.06456653773784637 -0.27626800537109375 -0.08950325101613998 -0.04342852532863617 0.08039022237062454 -0.003894313471391797 -0.027927860617637634 -0.03654404729604721 0.0408736951649189 0.1040029302239418 -0.0485963374376297 0.0008164164610207081 -0.1240299642086029 -0.014874082058668137 -0.07647146284580231 0.055656798183918 0.16430623829364777 -0.11163081228733063 0.018158745020627975 -0.009560397826135159 -0.08876214921474457 0.05916213244199753 -0.025825776159763336 0.1232059895992279 0.04700170084834099 -0.043930746614933014 -0.10728594660758972 0.061629828065633774 -0.01716577634215355 0.19171872735023499 0.05008075386285782 -0.11726434528827667 0.010620217770338058 0.04087314382195473 0.06279712170362473 0.0747547596693039 0.11943206191062927 -0.18268732726573944 0.024827053770422935 -0.1122630387544632 0.015955068171024323 0.05618569254875183 0.031897883862257004 0.02341299317777157 -0.23883235454559326 0.24234214425086975 0.18576392531394958 0.010043186135590076 0.0017722061602398753 -0.13886083662509918 0.0702819675207138 -0.039257392287254333 -0.04882722720503807 -0.05695793777704239 0.07132085412740707 0.23388035595417023 -0.04959966242313385 0.000952074071392417 -0.10370621085166931 0.015386933460831642 -0.009791675955057144 -0.0284267645329237 0.041348647326231 0.12102769315242767 0.06612183898687363 -0.024944931268692017 0.08008872717618942 0.03112815134227276 0.0029503752011805773 -0.10092797130346298 0.08698354661464691 0.07922042161226273 -0.2140648514032364 -0.12973539531230927 0.046146370470523834 -0.06681369245052338 0.08671633899211884 -0.06662649661302567 -0.13082903623580933 0.0591210313141346 0.10590264946222305 -0.13644061982631683 -0.012291629798710346 -0.06593731045722961 -0.014026499353349209 -0.19336508214473724 0.07465063035488129
0.15344323217868805 0.0790882483124733 0.09551262110471725 0.09197986125946045 -0.05011529102921486 0.06233181804418564 -0.039577458053827286 -0.10063940286636353 0.03686756640672684 -0.2166507989168167 0.024740567430853844 0.021850774064660072 -0.12431763857603073 0.1981884241104126 -0.03768312931060791 0.15719255805015564 0.13411879539489746 0.07385271787643433 0.1454118937253952 0.0369473360478878 0.027274705469608307 0.041793301701545715 -0.13955961167812347 -0.09212630242109299 -0.019203998148441315 0.07359133660793304 -0.013964101672172546 0.12454820424318314 -0.06316425651311874 -0.1152903214097023 -0.18043196201324463 0.006016345228999853 0.02522958628833294 -0.03783532977104187 0.09515709429979324 -0.016027603298425674 0.01872069574892521 0.11780764162540436 -0.06760957092046738 0.012933806516230106 -0.05033572018146515 -0.05960478261113167 -0.030862784013152122 0.012151079252362251 0.09152641147375107 0.022547774016857147 -0.09083950519561768 -0.03538918122649193 -0.10685773193836212 -0.04432960972189903 -0.01076547522097826 0.03883887082338333 -0.05153515562415123 0.04413767531514168 -0.006501896772533655 -0.009550311602652073 0.0383378341794014 -0.10029704123735428 -0.07873443514108658 -0.027300067245960236 -0.21203143894672394 0.04057189077138901 0.032358258962631226 0.1161707267165184 -0.07222094386816025 0.06856583058834076 -0.15757204592227936 -0.0831800326704979 -0.014518409967422485 -0.05959440395236015 -0.14141637086868286 0.23093768954277039 -0.011019952595233917 -0.13411208987236023 0.05762073025107384 0.1169143095612526 0.052283626049757004 0.05287078395485878 0.04483146220445633 -0.18112976849079132 0.07834053784608841 0.009368539787828922 0.03742394223809242 0.14386017620563507 0.09112925827503204 -0.21693022549152374 -0.07244238257408142 0.27663737535476685 -0.015772419050335884 -0.0062456983141601086 -0.04372120648622513 -0.10639161616563797 0.16069011390209198 -0.0538458414375782 0.1914522349834442 -0.07638568431138992 0.09118340909481049 0.10674317181110382 -0.11535447090864182 -0.15430685877799988
-0.012055628001689911 -0.028824584558606148 0.12110472470521927 0.04087246581912041 -0.012722608633339405 0.07585609704256058 0.03923501819372177 -0.06063530221581459 -0.01693468727171421 0.002860477427020669 0.10062754154205322 -0.12086629867553711 0.032920386642217636 -0.16847509145736694 0.03309699520468712 -0.19839175045490265 -0.01566825807094574 -0.08473396301269531 0.07601900398731232 -0.052572477608919144 0.1418728232383728 -0.10016525536775589 0.15659667551517487 0.02655208297073841 -0.06047559529542923 -0.14263816177845 -0.09978894144296646 -0.023798847571015358 -0.08565045148134232 -0.05412749573588371 -0.09583047032356262 -0.08258164674043655 0.041824184358119965 0.1380075216293335 -0.10782424360513687 0.0694081038236618 0.06265153735876083 0.10936019569635391 -0.13697609305381775 -0.06586385518312454 0.1370840072631836 0.019017720595002174 0.059298958629369736 0.0284894909709692 0.11693671345710754 -0.16376931965351105 0.1148233488202095 -0.19777390360832214 -0.039334747940301895 0.06585704535245895 -0.10551188141107559 -0.0002738142793532461 -0.007641728036105633 -0.005625215824693441 -0.2557966113090515 0.1653086394071579 -0.03600919246673584 0.0032162622082978487 -0.20418910682201385 0.06129975616931915 0.010563178919255733 -0.15773709118366241 0.09491873532533646 -0.02170213870704174 -0.06885809451341629 0.07978816330432892 0.045540958642959595 -0.025322578847408295 0.04418922960758209 -0.054409753531217575 0.05905856937170029 0.07439117133617401 -0.0005628536455333233 0.05085289850831032 -0.22583231329917908 0.1523335576057434 -0.037551190704107285 -0.09506352245807648 0.0932108610868454 0.06571223586797714 -0.00034238846274092793 -0.006768931169062853 -0.09086274355649948 0.009862772189080715 0.1067909523844719 0.018654057756066322 -0.03403114154934883 -0.1415165811777115 0.15770722925662994 -0.0006631049327552319 -0.1534009873867035 -0.09838405251502991 0.2871822118759155 0.02561652846634388 0.179422065615654 0.09638120234012604 0.048678331077098846 -0.03517837077379227 0.07063507288694382 -0.014916559681296349
0.03216714411973953 -0.05673174187541008 0.010805577971041203 0.02313385158777237 0.11424171924591064 -0.012755978852510452 -0.03649910166859627 -0.033967070281505585 0.11029775440692902 -0.08868978917598724 -0.05134742707014084 0.07159050554037094 -0.025740936398506165 0.016116272658109665 0.2045687437057495 0.1475374847650528 0.02923714742064476 -0.04173557460308075 0.009963076561689377 0.02320742979645729 -0.07200866937637329 -0.021939760074019432 0.1470816433429718 0.022238893434405327 0.14693666994571686 -0.13036450743675232 -0.001310067716985941 -0.018225908279418945 0.1516629159450531 -0.06340783834457397 -0.134782612323761 -0.06325368583202362 -0.07456360757350922 0.06705528497695923 0.014281746931374073 -0.0816541388630867 0.040120091289281845 -0.06889849156141281 0.1725860983133316 0.12689854204654694 -0.2476242482662201 0.04606768116354942 -0.33110275864601135 0.054878488183021545 -0.1234658882021904 0.03845049813389778 0.1875077784061432 0.0066210366785526276 0.06806087493896484 -0.06096076965332031 -0.02873173914849758 0.07573288679122925 0.12099768966436386 0.016410822048783302 -0.047576822340488434 0.07664491981267929 -0.013056906871497631 -0.1243690475821495 0.03998156264424324 0.13782022893428802 -0.020349683240056038 0.024920925498008728 -0.07263463735580444 0.06859224289655685 0.01116267591714859 0.09738899022340775 0.03467234596610069 -0.1235184296965599 0.0994519293308258 -0.045857176184654236 0.012706521898508072 0.011077458038926125 -0.15906807780265808 0.010712102055549622 -0.26617011427879333 -0.054829519242048264 0.07010961323976517 -0.08087839186191559 0.0869636982679367 -0.03327898308634758 -0.004674003925174475 -0.05637062340974808 -0.037730779498815536 0.1684378981590271 -0.15108636021614075 -0.033344727009534836 -0.15709026157855988 -0.10845152288675308 -0.11885812878608704 -0.10376214981079102 0.13515464961528778 0.00250764237716794 0.04363220930099487 0.10168730467557907 0.09738073498010635 -0.11469051241874695 -0.09131874144077301 -0.18974778056144714 0.10711885988712311 -0.023700246587395668
-0.05550506338477135 0.07463071495294571 0.1144745945930481 -0.052796412259340286 0.07791517674922943 -0.09098193794488907 -0.16011705994606018 0.06913658231496811 -0.011731754057109356 0.011059673503041267 -0.09229948371648788 -0.03297911211848259 0.18000347912311554 -0.07549730688333511 0.17309005558490753 -0.029329881072044373 -0.004724621772766113 -0.12280431389808655 -0.0853794515132904 0.01319248229265213 0.08382130414247513 0.08819098025560379 0.019954988732933998 0.022178933024406433 -0.029079733416438103 -0.10773246735334396 0.13255712389945984 -0.06817848980426788 -0.08234067261219025 0.054042451083660126 -0.07403320074081421 0.022158823907375336 0.16242751479148865 -0.033481206744909286 -0.14734986424446106 0.15042853355407715 0.11701811105012894 0.1718437373638153 0.08613896369934082 0.11364356428384781 -0.10622560977935791 -0.06136250123381615 0.009420445188879967 -0.0667305514216423 -0.192020446062088 0.037265412509441376 -0.07809080928564072 0.12482582777738571 -0.031082259491086006 -0.06846938282251358 0.00013357354328036308 0.010745048522949219 -0.1148063987493515 0.027251269668340683 -0.037142980843782425 -0.2718634009361267 0.032260335981845856 -0.029334714636206627 -0.007749431300908327 -0.018112309277057648 -0.008783312514424324 0.0368964783847332 -0.001563688856549561 -0.03069048374891281 -0.05471576750278473 0.03895061835646629 -0.01994362473487854 0.10074007511138916 -0.01913367211818695 0.029272926971316338 -0.1874227225780487 -0.12369105219841003 0.130002960562706 -0.14538165926933289 -0.06922438740730286 0.27890169620513916 0.12768769264221191 -0.00683550164103508 0.01951211877167225 0.04385252296924591 -0.053519800305366516 -0.07093643397092819 -0.07011960446834564 0.07491178065538406 0.15741635859012604 -0.06828362494707108 -0.13014353811740875 -0.024417901411652565 0.23511362075805664 0.015643497928977013 0.02921590395271778 0.0721966028213501 -0.22903576493263245 -0.07805691659450531 0.167568638920784 -0.025890108197927475 -0.10632897168397903 0.09384467452764511 0.08311866223812103 -0.03771983087062836
0.09958992153406143 -0.018149716779589653 0.22255748510360718 0.06606058031320572 -0.02177923172712326 -0.0790708065032959 -0.07225111126899719 0.013693554326891899 0.07765482366085052 0.14584453403949738 -0.0609172061085701 -0.1502835601568222 0.0033440510742366314 0.036733973771333694 0.09435376524925232 -0.11836005747318268 0.09186986088752747 0.01957344450056553 -0.007316533476114273 0.024883495643734932 -0.03978217765688896 -0.19035276770591736 0.01172475516796112 0.024020355194807053 0.07478722184896469 -0.06832394003868103 -0.006380705162882805 0.17291024327278137 0.14133061468601227 -0.060460932552814484 0.09462811797857285 0.12897343933582306 0.15574482083320618 -0.025615930557250977 -0.2289029359817505 -0.011969664134085178 -0.024103675037622452 0.08951860666275024 -0.2012070119380951 -0.02600127086043358 -0.04725461080670357 0.04735366255044937 0.05316552892327309 -0.018538452684879303 -0.06350588798522949 0.09141107648611069 0.10893655568361282 0.010372735559940338 0.0451074056327343 0.0645785704255104 -0.040691763162612915 0.023579832166433334 -0.14408110082149506 -0.10065712034702301 0.022916290909051895 -0.1322532743215561 -0.0716371089220047 -0.21005034446716309 -0.06437192857265472 -0.004168894607573748 0.056300461292266846 0.20497511327266693 -0.09964457899332047 -0.12080138176679611 0.008366016671061516 -0.0787373036146164 -0.010910321958363056 0.08847735077142715 0.00395184988155961 -0.08996402472257614 0.06124019995331764 -0.0345923937857151 -0.06874462962150574 0.10789652913808823 0.22764670848846436 0.02188519574701786 -0.09891305863857269 0.06716806441545486 0.11073953658342361 0.02865743450820446 -0.19941045343875885 0.007947453297674656 0.17484070360660553 0.25042828917503357 -0.1699395477771759 -0.0543527714908123 -0.04250795394182205 0.030447160825133324 -0.0378749780356884 -0.013558164238929749 -0.024033863097429276 0.007370723877102137 0.14824576675891876 0.012970450334250927 -0.0884709432721138 -0.05106083303689957 0.1841394007205963 -0.0701400637626648 0.007609302178025246 0.06348361819982529
-0.1514889895915985 0.011917841620743275 -0.04769891873002052 -0.03067205660045147 -0.0032645510509610176 0.03432532027363777 0.05975944921374321 -0.09341931343078613 -0.19104096293449402 0.14913050830364227 0.004064692184329033 -0.0971461683511734 0.16516157984733582 0.1617451310157776 -0.07803123444318771 0.017121264711022377 0.04933462664484978 0.0282493457198143 -0.05342194810509682 -0.005893694702535868 0.07914263010025024 0.022950459271669388 0.0596185065805912 0.016821933910250664 0.11522162705659866 0.23700615763664246 0.02293257974088192 -0.02141229249536991 -0.045005179941654205 0.11289994418621063 0.12297055870294571 -0.26564133167266846 -0.1267641931772232 0.13418778777122498 -0.07123669981956482 0.03356700390577316 -0.06437398493289948 -0.05968976393342018 0.007065124344080687 -0.04632673040032387 -0.08188231289386749 0.06306850165128708 -0.020499181002378464 0.24925263226032257 0.007894815877079964 0.08039972186088562 0.061652541160583496 -0.12762945890426636 -0.03408649191260338 0.1678125411272049 0.06678177416324615 -0.07723677158355713 -0.07210032641887665 0.1102532148361206 -0.05267956107854843 -0.0006150697590783238 0.12085243314504623 -0.06992277503013611 0.048149846494197845 0.048756193369627 -0.1532154530286789 0.10417035222053528 0.0076231202110648155 0.06574083119630814 0.05275598540902138 0.0847802385687828 -0.017318395897746086 0.06386318057775497 -0.05787024274468422 -0.20819057524204254 0.030258750542998314 -0.1564043015241623 -0.09743577241897583 0.1384507268667221 -0.11252627521753311 0.14696013927459717 -0.10943994671106339 0.1322588175535202 -0.06623842567205429 -0.11737014353275299 -0.08221129328012466 -0.22606582939624786 0.0684657022356987 -0.004659891128540039 -0.03232729807496071 -0.09183596074581146 -0.061167992651462555 -0.01446201466023922 0.08640754222869873 -0.0612575002014637 0.04723045229911804 0.08507662266492844 0.010752311907708645 0.05166133865714073 -0.004049200098961592 -0.07897476106882095 0.015136084519326687 0.2241104245185852 -0.06593845784664154 -0.11936613917350769
0.09208730608224869 0.06303521990776062 -0.15255454182624817 0.024090483784675598 0.10176390409469604 0.2614867091178894 -0.1088855043053627 -0.051939573138952255 -0.07265575230121613 0.04303855448961258 0.013683130033314228 -0.24845027923583984 0.0018192925490438938 0.12151943892240524 0.04002122953534126 -0.09286025911569595 -0.11931145191192627 0.12262728065252304 0.03292209655046463 -0.0440075546503067 -0.06309112906455994 0.07421957701444626 -0.16639336943626404 -0.004152805544435978 -0.20954163372516632 0.051053307950496674 0.022221814841032028 0.1459055244922638 0.050517935305833817 -0.04508785158395767 -0.07683414965867996 0.04840065911412239 0.1204366683959961 0.02412698045372963 0.19617511332035065 -0.017772069200873375 0.01666579395532608 -0.10561788827180862 0.1656525433063507 0.19881263375282288 -0.1321404129266739 -0.06151077151298523 0.079496368765831 -0.026588842272758484 0.09391197562217712 0.05208059027791023 0.17427271604537964 -0.11606007069349289 0.08979745954275131 -0.06473645567893982 0.09443982690572739 0.02695595659315586 -0.1107223853468895 0.050968244671821594 -0.04592989757657051 -0.04349411278963089 -0.1075657308101654 -0.006847152020782232 0.16564778983592987 -0.0016719959676265717 0.0067514702677726746 0.11043805629014969 -0.06560568511486053 0.06642026454210281 -0.03585372120141983 -0.010928004048764706 0.06329755485057831 0.11785806715488434 0.07267877459526062 0.2088424414396286 -0.046786993741989136 -0.15642942488193512 0.022890156134963036 0.09689448773860931 -0.05563916638493538 0.1148625984787941 -0.010528706014156342 0.017229655757546425 0.02159743569791317 0.15966621041297913 0.05978184938430786 -0.056182242929935455 -0.01110150758177042 -0.05398470535874367 -0.03980059549212456 0.09116391092538834 0.026439419016242027 -0.010238447226583958 0.15139451622962952 0.08133185654878616 0.10371431708335876 -0.1614847183227539 0.24351976811885834 -0.017422426491975784 0.018755825236439705 -0.04636674001812935 0.01130730751901865 -0.013026951812207699 -0.023260558024048805 0.10879823565483093
-0.16471050679683685 -0.1465219110250473 0.05336218327283859 -0.039440054446458817 -0.03583841398358345 -0.13368898630142212 -0.08547163754701614 0.05567337945103645 0.10995817184448242 0.005864586681127548 -0.1106550469994545 -0.06244279816746712 0.010702289640903473 -0.04974137619137764 0.200631782412529 0.08255676925182343 -0.1341482400894165 0.0003420429420657456 -0.037346918135881424 0.11365699768066406 0.06205647438764572 0.032975491136312485 -0.021266963332891464 0.06974399089813232 -0.045062944293022156 0.1326456516981125 0.013894500210881233 0.0274112056940794 -0.08742983639240265 0.2040894776582718 -0.10679620504379272 -0.0403716117143631 0.022989269345998764 -0.03815222159028053 -0.1407438963651657 -0.1260712891817093 -0.003261434379965067 0.02426852099597454 0.0964658260345459 -0.13417699933052063 -0.061757855117321014 0.08280950039625168 0.022578641772270203 -0.15425482392311096 0.26592352986335754 0.0011663573095574975 0.06656621396541595 -0.19224965572357178 0.096169114112854 -0.14161723852157593 -0.13453565537929535 -0.1581430584192276 0.07989032566547394 0.10794322937726974 -0.15212446451187134 0.10230761766433716 -0.03476589545607567 0.11362281441688538 0.15725958347320557 -0.04183166101574898 0.013375045731663704 0.1489163637161255 -0.15497304499149323 -0.011111322790384293 -0.08759982883930206 -0.10880088806152344 -0.1897623986005783 0.019800202921032906 0.0670921802520752 -0.09503038227558136 0.005659028422087431 0.12584827840328217 -0.07535568624734879 -0.11380986869335175 -0.030156277120113373 0.14584223926067352 0.0824536383152008 0.06507713347673416 0.0626283586025238 0.15433938801288605 0.04963584616780281 -0.017848601564764977 0.07649243623018265 -0.057293638586997986 0.010333048179745674 -0.05463648587465286 0.06122102588415146 0.1384488195180893 -0.14126591384410858 -0.08284642547369003 -0.05522637069225311 -0.061713214963674545 -0.01299221720546484 0.007229001261293888 -0.19451972842216492 0.06191567704081535 -0.0030447805766016245 0.06096176430583 0.08820974826812744 -0.017674921080470085
0.01964397355914116 0.012356843799352646 0.07736358046531677 0.11409720778465271 -0.06373192369937897 0.025368381291627884 0.011129621416330338 0.00012425445311237127 0.05347029119729996 -8.298952707264107e-07 -0.001228438806720078 0.25475525856018066 -0.08980607986450195 0.17727144062519073 0.024616379290819168 -0.07269500195980072 -0.02653319574892521 0.0690825879573822 -0.16990910470485687 -0.09836333990097046 0.0260329470038414 -0.0045738862827420235 -0.1335151344537735 0.1065550372004509 0.047075290232896805 0.12940280139446259 -0.08997726440429688 -0.019348658621311188 -0.09963231533765793 0.06746125221252441 -0.005887824110686779 0.08723550289869308 -0.10921478271484375 0.07157831639051437 -0.040295593440532684 0.0895974263548851 0.07300727069377899 0.12407238036394119 -0.07988269627094269 -0.01253838837146759 -0.15034259855747223 0.08462737500667572 0.10440793633460999 0.07536740601062775 0.14735147356987 0.06855504959821701 0.16678853332996368 0.11222527921199799 -0.10535989701747894 0.12580247223377228 -0.01654614694416523 -0.03477593883872032 0.04137176275253296 0.10552902519702911 -0.07268425077199936 0.0933784544467926 -0.04042735695838928 -0.15342026948928833 0.002919652033597231 -0.03261258080601692 -0.11486046761274338 -0.0700940489768982 -0.016489697620272636 -0.07335184514522552 0.13218286633491516 0.019775284454226494 -0.001653395127505064 0.021398281678557396 -0.06313055008649826 0.2849428951740265 -0.24537771940231323 0.12870071828365326 -0.029293224215507507 0.14323949813842773 -0.07913047820329666 0.07293237745761871 0.10655131191015244 0.07189352810382843 0.04598734900355339 0.12375815212726593 -0.05070345476269722 0.13983532786369324 -0.1512075513601303 -0.06502624601125717 -0.17469914257526398 -0.039983440190553665 -0.08663558214902878 -0.20705482363700867 -0.06227928027510643 0.02442220225930214 -0.0523645356297493 0.0400199294090271 -0.15797977149486542 -0.1459413766860962 -0.012386519461870193 0.0008331114077009261 0.10927316546440125 0.018489442765712738 0.038902029395103455 0.13678717613220215
-0.045875947922468185 -0.09107004106044769 -0.09045536071062088 0.21309097111225128 0.19696392118930817 0.007818925194442272 0.10793232917785645 -0.08457263559103012 0.1576806902885437 0.14650015532970428 -0.06701081991195679 0.05138792470097542 0.09351638704538345 -0.11594341695308685 0.04370880126953125 0.02750425785779953 0.004850618075579405 0.14385394752025604 -0.14026057720184326 -0.004497068002820015 0.07566069811582565 0.16638897359371185 0.04280979186296463 -0.1613745093345642 0.009776139631867409 0.13386037945747375 0.10338608175516129 0.06009754166007042 -0.1526927798986435 -0.0892929658293724 0.16846778988838196 0.08873263746500015 0.04527197778224945 0.026660215109586716 -0.21961548924446106 0.0034457098226994276 0.10906488448381424 -0.022576918825507164 -0.06841003894805908 0.08683618158102036 -0.01796974614262581 0.08121282607316971 0.1281983107328415 0.054872315376996994 -0.005809458903968334 -0.013398936949670315 -0.023351382464170456 0.02541959285736084 -0.18270480632781982 -0.17750023305416107 -0.0015709904255345464 0.19299782812595367 -0.1099679246544838 0.14812079071998596 -0.15868034958839417 0.013834303244948387 -0.14084559679031372 -0.10303135216236115 0.11015032976865768 0.15335175395011902 0.19413819909095764 -0.10197680443525314 0.006337717641144991 0.05282588675618172 0.0176193006336689 0.02216011844575405 0.08225677907466888 -0.024721035733819008 0.07231859862804413 -0.09085839241743088 -0.042719341814517975 0.12052398175001144 0.12085271626710892 -0.06935048848390579 0.01797354593873024 -0.04825389385223389 -0.07629728317260742 0.01754016801714897 -0.03253685310482979 -0.1896435171365738 0.14901094138622284 -0.1327497363090515 -0.02753881923854351 -0.03253381699323654 -0.10821754485368729 0.07637929916381836 0.04273901507258415 0.09290140867233276 -0.11541470885276794 0.11596881598234177 0.06045537814497948 -0.0061066108755767345 0.041439592838287354 -0.025967402383685112 0.04267483577132225 0.03605375438928604 -0.00638123694807291 -0.07525186240673065 -0.035751041024923325 -0.026321688666939735
-0.07120195776224136 0.04151497781276703 0.10237649828195572 -0.21382738649845123 0.01476876251399517 -0.0961037129163742 0.022617626935243607 -0.08213862776756287 0.13839146494865417 0.07385057955980301 0.10809261351823807 0.03833615779876709 -0.14646315574645996 -0.01541452668607235 -0.10455146431922913 0.15742705762386322 -0.03615853562951088 -0.13748328387737274 -0.07428643852472305 0.04612421989440918 -0.12966924905776978 -0.13534174859523773 -0.06907013803720474 -0.15591555833816528 0.10559020191431046 -0.01276834961026907 0.06129675731062889 0.0007835628348402679 0.05129683390259743 -0.06878239661455154 -0.06099758297204971 0.13501587510108948 0.035657428205013275 0.06645433604717255 -0.04824347048997879 0.13846443593502045 -0.03439634293317795 0.0876803994178772 0.015171882696449757 0.2373536080121994 0.18009765446186066 0.06937586516141891 0.02138734795153141 0.08950340747833252 0.0674753338098526 0.058641742914915085 -0.13943004608154297 0.09953818470239639 0.11927527189254761 0.13189563155174255 0.15702341496944427 0.09957779198884964 -0.02365863136947155 0.020595794543623924 -0.019356342032551765 0.004731278866529465 0.018984965980052948 -0.03678499162197113 0.11040041595697403 0.03414791822433472 -0.007160262670367956 0.1996980905532837 -0.004464292898774147 0.08230910450220108 -0.26024872064590454 0.08650879561901093 0.06380482017993927 -0.05886898562312126 -0.0231227558106184 -0.12407683581113815 -0.07736562937498093 0.2048906683921814 -0.06834805011749268 0.11077853292226791 -0.12108736485242844 0.10990922898054123 -0.1183612048625946 0.04022011160850525 0.015782084316015244 0.18485526740550995 0.12296092510223389 -0.06556668877601624 -0.07194739580154419 -0.09452357888221741 0.08093885332345963 0.10441964119672775 0.17804794013500214 -0.08342024683952332 0.025855377316474915 -0.08796750009059906 0.14090164005756378 0.032467033714056015 0.01525954157114029 -0.04228276386857033 -0.054462697356939316 0.06261427700519562 0.11624746024608612 0.027122844010591507 0.03186332434415817 0.010907411575317383
-0.08790438622236252 0.15686145424842834 0.03376110643148422 -0.09177906811237335 -0.03683200478553772 -0.030022967606782913 -0.03649406135082245 -0.12792786955833435 0.053657229989767075 -0.07634561508893967 -0.0603245310485363 -0.04098428413271904 0.07911650091409683 0.041601940989494324 0.14086246490478516 -0.10471568256616592 -0.2865400016307831 -0.019406426697969437 -0.05150807276368141 -0.08934631198644638 -0.09531448781490326 -0.03587085381150246 0.117130808532238 -0.06965845078229904 0.040913525968790054 -0.044728346168994904 -0.1317242532968521 0.06452210992574692 -0.05037027597427368 -0.17435236275196075 0.16128391027450562 -0.011265934444963932 -0.03632727265357971 0.04109237343072891 -0.026367098093032837 0.035364605486392975 -0.2109653651714325 -0.12228769063949585 0.026896310970187187 -0.0643887147307396 0.04456375539302826 0.06243531405925751 -0.07757528871297836 -0.08244949579238892 0.03250950202345848 0.0008562600123696029 -0.11293452978134155 -0.03081100434064865 -0.17543019354343414 0.1926407814025879 -0.0935496985912323 -0.048750199377536774 0.08232510089874268 -0.028117157518863678 0.023194950073957443 0.07076836377382278 -0.12721121311187744 0.008161633275449276 0.14040133357048035 0.24310992658138275 -0.1958228349685669 0.06985808908939362 0.02554965391755104 0.03339755907654762 -0.058748483657836914 0.04253329336643219 0.011411476880311966 0.10928725451231003 -0.0656508132815361 -0.02360399439930916 -0.13118727505207062 -0.063263438642025 0.10539008677005768 0.013919874094426632 0.049674950540065765 -0.0010605185525491834 0.09262199699878693 0.051806140691041946 -0.15310734510421753 -0.020469456911087036 0.06944853812456131 0.13350136578083038 0.07796023041009903 -0.041299331933259964 0.09018737822771072 0.04743843525648117 -0.15595704317092896 0.2070801854133606 0.04895138368010521 0.0267342496663332 -0.04920805245637894 0.05371926724910736 0.03269210085272789 -0.16248063743114471 -0.0023788411635905504 -0.11834501475095749 0.018015915527939796 -0.28244730830192566 0.11709532141685486 0.005531750153750181
-0.1038084328174591 -0.046868499368429184 -0.02107139490544796 -0.003211168572306633 -0.1263180673122406 0.21591317653656006 0.033276915550231934 0.19231660664081573 0.02275797352194786 -0.006738110911101103 -0.010625489056110382 0.11464671790599823 0.10493987798690796 0.2994624376296997 -0.13014166057109833 -0.09182807058095932 -0.0763823390007019 0.13741879165172577 0.06645850092172623 0.01914955861866474 0.02494768798351288 -0.05675635114312172 -0.15107156336307526 -0.006734170950949192 0.050439029932022095 0.00020313390996307135 0.034309983253479004 -0.09654173254966736 0.10997416079044342 -0.15521521866321564 0.05341027304530144 0.03424488380551338 0.0939648300409317 0.07083500921726227 -0.20570337772369385 -0.00989762507379055 0.04952806606888771 0.011989803984761238 0.0753924697637558 0.002877806546166539 0.04154641926288605 0.07068157941102982 0.049426380544900894 0.03679501265287399 -0.18066181242465973 0.06180991604924202 0.12141211330890656 -0.273393839597702 0.03076312318444252 -0.06347721815109253 0.027974363416433334 -0.09301593899726868 -0.10598260909318924 -0.19074267148971558 0.05943559482693672 0.0031444148626178503 0.03818153962492943 0.007302920334041119 0.006886690389364958 -0.03600911423563957 0.08544298261404037 -0.0396113395690918 0.05919213220477104 0.10380245745182037 -0.04767275229096413 -0.1266385167837143 -0.0583452470600605 -0.20800496637821198 -0.14955119788646698 -0.07368669658899307 -0.09981416165828705 0.0862455740571022 0.07481461018323898 -0.1799040287733078 -0.17162694036960602 -0.04005361348390579 0.02512775920331478 0.0806187242269516 -0.12469366192817688 0.023372363299131393 -0.014915582723915577 0.03655276820063591 0.001281477976590395 0.0948621928691864 0.09202121943235397 0.10771718621253967 -0.125898540019989 0.01350372564047575 0.02074933610856533 -0.023430516943335533 0.08732878416776657 -0.07032850384712219 -0.06557886302471161 0.048321470618247986 -0.07553204894065857 0.17187108099460602 0.07123133540153503 -0.10051215440034866 0.15369772911071777 -0.025638842955231667
-0.05824083834886551 0.16160231828689575 0.12985379993915558 0.1416187882423401 -0.08135174959897995 0.1022876426577568 -0.05356801673769951 -0.010108161717653275 0.050249263644218445 0.046301309019327164 -0.024818113073706627 -0.06414654105901718 -0.10664043575525284 -0.055523715913295746 -0.11225704103708267 -0.04739440977573395 -0.1337493509054184 -0.027533680200576782 -0.09966233372688293 0.05222613736987114 0.027200963348150253 0.08842781186103821 0.19071729481220245 0.1709025502204895 0.0632021427154541 0.13609473407268524 0.06065363809466362 0.20317550003528595 -0.04518134519457817 0.08015894889831543 0.025287142023444176 0.001107897493056953 0.09122686833143234 0.07075215876102448 0.08752564340829849 -0.13753585517406464 -0.0284089557826519 -0.0030527280177921057 0.2198828011751175 0.1161968857049942 -0.11378828436136246 -0.0014317797031253576 0.1298435926437378 0.0677032396197319 0.11192528158426285 0.06427822262048721 -0.07457299530506134 -0.00010777223360491917 0.025693027302622795 0.027157321572303772 -0.08148250728845596 0.06672375649213791 0.1925640106201172 -0.07658730447292328 0.06944539397954941 -0.15434885025024414 0.024646351113915443 -0.12075677514076233 -0.177002415060997 0.10310716927051544 0.04406043514609337 0.07721209526062012 -0.05051086097955704 0.0866675078868866 -0.07280939072370529 -0.07968155294656754 0.006086988840252161 -0.088925302028656 0.07932858914136887 -0.07001793384552002 -0.06394986808300018 -0.06729620695114136 0.056616898626089096 -0.09939101338386536 -0.06304772943258286 -0.17717815935611725 0.010354076512157917 -0.04404027760028839 -0.05148711055517197 0.048420924693346024 -0.11826857924461365 0.08058582991361618 0.0903720110654831 -0.020824996754527092 0.1799696683883667 0.04207955300807953 -0.03184397146105766 -0.2036329060792923 -0.1778237223625183 0.041157953441143036 -0.07512697577476501 0.12954650819301605 0.04498940333724022 -0.06961477547883987 0.12645384669303894 0.20735059678554535 0.07921408116817474 0.045667778700590134 -0.16480959951877594 -0.1290837675333023
-0.09070543944835663 0.2375606894493103 -0.07732009887695312 -0.07475651055574417 -0.04593333601951599 -0.14338086545467377 -0.2585448622703552 0.009981893934309483 -0.03564107045531273 0.09528380632400513 -0.002536373445764184 -0.0065957303158938885 0.1449754536151886 0.01616535894572735 -0.03265728801488876 -0.01800108700990677 -0.010876717045903206 -0.23660467565059662 -0.09851083904504776 -0.061637770384550095 0.07100418210029602 0.051568564027547836 0.02339976280927658 -0.05566913262009621 -0.01839579828083515 0.13258105516433716 -0.19821113348007202 -0.12321300804615021 0.15047462284564972 0.114814393222332 0.006584052927792072 -0.05070933327078819 0.09959815442562103 0.019807780161499977 0.09098878502845764 -0.07123148441314697 0.09511208534240723 0.009412617422640324 0.01752476952970028 -0.07389089465141296 -0.038305532187223434 -0.03427344188094139 0.13038697838783264 -0.08804511278867722 -0.09765996038913727 0.06362123042345047 0.052079200744628906 0.0054951682686805725 0.02069784142076969 -0.09214476495981216 0.021422632038593292 0.0925927385687828 0.09254999458789825 -0.22844137251377106 -0.11239999532699585 0.05062383785843849 0.15620936453342438 -0.10236255824565887 0.03264350816607475 -0.009125546552240849 -0.04465693607926369 -0.0881940945982933 -0.014378773048520088 -0.037138525396585464 -0.05479785054922104 0.03716844320297241 -0.0195578895509243 -0.2336878478527069 0.1418256163597107 -0.005709445104002953 0.062265001237392426 0.044671669602394104 -0.02981145679950714 -0.0037501025944948196 0.041506968438625336 -0.003746890230104327 -0.07318054139614105 0.14223234355449677 0.031152062118053436 -0.0417005680501461 0.12123147398233414 0.005393095314502716 -0.06371893733739853 -0.08806023746728897 -0.21692748367786407 0.08505541831254959 0.032187167555093765 0.1330241709947586 0.06355562061071396 0.03467317298054695 -0.0503910668194294 -0.12695124745368958 -0.07606358826160431 0.0028639661613851786 0.15998809039592743 -0.08582932502031326 0.29146936535835266 -0.1178995817899704 -0.09075063467025757 0.009889663197100163
0.030056843534111977 0.06515367329120636 0.07288166880607605 -0.07706692814826965 0.19293391704559326 0.11078637838363647 0.2403196394443512 0.06749334186315536 -0.1725858598947525 -0.09063412249088287 0.0033337795175611973 -0.04869347810745239 0.06456896662712097 0.10992108285427094 0.13974861800670624 -0.10856499522924423 0.006909838877618313 -0.05889759212732315 -0.0019021707121282816 -0.04673374444246292 -0.09161803126335144 0.01618826761841774 0.18424125015735626 -0.03805992007255554 0.07649581879377365 -0.010186375118792057 -0.0684230849146843 -0.004452346358448267 0.07893342524766922 0.10828270018100739 -0.06993366032838821 0.056640081107616425 -0.06341834366321564 0.02381891943514347 -0.06704159080982208 -0.11106711626052856 5.28629680047743e-05 -0.0032402800861746073 -0.06837696582078934 0.07952076196670532 -0.07776551693677902 -0.13078834116458893 0.20911864936351776 0.07416554540395737 0.10757225751876831 0.1640399694442749 -0.028586681932210922 -0.06899107992649078 -0.10643884539604187 0.016920944675803185 0.22024302184581757 -0.10259305685758591 0.1030501201748848 0.012395260855555534 0.10835734754800797 -0.12313038110733032 0.00391147006303072 0.07249972224235535 -0.03376014158129692 -0.11639244109392166 0.16509930789470673 0.05112021788954735 0.16308791935443878 -0.04354770854115486 -0.1633666306734085 0.10080042481422424 -0.043839793652296066 0.1512645035982132 0.0473809614777565 -0.04983672499656677 0.02276301383972168 0.07691413164138794 0.03593907505273819 0.016955973580479622 -0.0063247415237128735 -0.020731236785650253 -0.10622420907020569 0.013465560041368008 0.04220506548881531 0.04317614063620567 0.17085696756839752 0.12176400423049927 -0.045884765684604645 0.0772710070014 -0.10692746937274933 0.07340039312839508 -0.03803692385554314 0.05223560705780983 -0.2412886768579483 -0.007765980903059244 -0.14021365344524384 -0.15289406478405 -0.11425980925559998 0.004742475692182779 0.11331120133399963 -0.09009285271167755 -0.09759163111448288 0.054585568606853485 0.2062029093503952 -0.09176795929670334
-0.1489536613225937 -0.07568880915641785 -0.11186905950307846 -0.11452217400074005 -0.03541315346956253 0.09900075197219849 -0.19731363654136658 -0.1485089361667633 -0.02896980009973049 -0.17515963315963745 0.1774885654449463 -0.007776651065796614 -0.028909992426633835 0.07497142255306244 -0.08333003520965576 -0.10019652545452118 -0.08571000397205353 -0.05784859508275986 -0.019254611805081367 0.15870727598667145 0.06531579047441483 0.07929297536611557 -0.0016254287911579013 0.12644225358963013 0.08176949620246887 0.05583038553595543 0.17934653162956238 0.01629764214158058 0.051737230271101 -0.01646912284195423 -0.03667515516281128 0.17789575457572937 0.03430817648768425 0.15284880995750427 -0.045043446123600006 0.17461544275283813 -0.00445770937949419 0.05502181872725487 -0.13591259717941284 -0.16420100629329681 -0.1410227119922638 -0.13889123499393463 -0.17559696733951569 -0.0451388843357563 0.02405443601310253 -0.024657173082232475 0.02331758663058281 0.02049330435693264 0.01493904273957014 0.11793047934770584 -0.013121207244694233 0.06369523704051971 -0.10949715971946716 -0.00738069973886013 -0.010254845954477787 -0.07708656042814255 0.052074458450078964 0.1560720056295395 0.1367327868938446 -0.052315372973680496 -0.06571929901838303 -0.014939935877919197 -0.11171873658895493 -0.24207662045955658 -0.10345535725355148 -0.05668913200497627 0.028370864689350128 0.05890539661049843 0.10905703902244568 0.025813348591327667 -0.007339139003306627 0.11416422575712204 -0.00034288433380424976 -0.0012616765452548862 -0.014295171946287155 -0.08710585534572601 -0.1857415735721588 0.09722033143043518 0.10124695301055908 -0.19359499216079712 -0.0025924723595380783 -0.08406174182891846 0.055824700742959976 -0.01538461446762085 0.030445855110883713 0.023451002314686775 -0.01961243711411953 -0.14293748140335083 -0.1286834329366684 0.2088412046432495 -0.06272482872009277 -0.06932608783245087 -0.00968749076128006 -0.0338871143758297 0.022475220263004303 0.03813212737441063 -0.14540788531303406 -0.1544448584318161 -0.0021327126305550337 -0.11597256362438202
-0.05016599968075752 0.0514814592897892 -0.03691235929727554 0.06671293079853058 0.008140716701745987 -0.14148235321044922 0.013692116364836693 -0.010861653834581375 0.3469669818878174 -0.16247209906578064 0.15408191084861755 -0.08384808152914047 0.051187481731176376 -0.11908965557813644 -0.019339777529239655 0.12118848413228989 0.030389495193958282 0.11145496368408203 0.037261854857206345 0.061384085565805435 0.024862665683031082 -0.030469778925180435 0.009983648546040058 0.20076589286327362 0.07452359050512314 0.05324646830558777 0.05262390151619911 0.07947378605604172 0.13663910329341888 0.014710839837789536 -0.009821726009249687 0.09352100640535355 -0.18614406883716583 0.02754976972937584 -0.006348598748445511 0.11576584726572037 0.04448612779378891 -0.06421256065368652 -0.07043149322271347 0.1366332471370697 -0.12001017481088638 0.1276913732290268 0.21873123943805695 -0.04288487881422043 -0.034763891249895096 0.08629508316516876 0.05737382173538208 -0.08093753457069397 0.0774838998913765 0.11871793866157532 0.02365219034254551 -0.012368346564471722 0.07204865664243698 0.07746337354183197 -0.10782837867736816 -0.024648690596222878 0.1636798083782196 0.01784876175224781 -0.13681131601333618 -0.04207721725106239 -0.006371541880071163 0.04992092400789261 0.011162441223859787 0.057153910398483276 0.04493473097681999 0.2360396385192871 0.08926171809434891 0.0012324843555688858 -0.12210813164710999 0.13345812261104584 -0.0013471075799316168 -0.11651249974966049 0.0255550779402256 -0.05190183222293854 -0.012063520960509777 -0.06306679546833038 -0.03294529393315315 0.08778134733438492 0.037165917456150055 -0.0459551066160202 -0.029369544237852097 0.012355858460068703 0.04206626117229462 -0.02274673618376255 0.08186859637498856 0.16796837747097015 -0.06094152107834816 0.25422000885009766 0.16110636293888092 0.00448914710432291 -0.18168509006500244 -0.10358447581529617 -0.06396458297967911 0.20384180545806885 -0.07424622029066086 0.0476960651576519 -0.09991825371980667 -0.03916601091623306 -0.018085118383169174 0.07086041569709778
0.08319128304719925 -0.0980750247836113 -0.028738871216773987 0.13126644492149353 0.04109795019030571 0.001027559512294829 -0.10167410224676132 0.16524875164031982 0.045447200536727905 0.14292503893375397 -0.01463290210813284 -0.07288313657045364 0.051731351763010025 -0.017716849222779274 -0.09796826541423798 0.13834914565086365 -0.08786898106336594 0.11611256003379822 0.04053417965769768 -0.09586270153522491 -0.14840374886989594 -0.18012991547584534 -0.06335344165563583 -0.11244551837444305 0.20371276140213013 0.12837208807468414 -0.08066419512033463 -0.0984581708908081 -0.06204293668270111 -0.10853581130504608 -0.07908084988594055 -0.06421511620283127 -0.08167622983455658 -0.00015035009710118175 -0.06990624219179153 0.05817992240190506 0.1733521968126297 0.0558924525976181 -0.14489997923374176 0.02473662979900837 -0.137032151222229 0.020295072346925735 -0.0654548779129982 0.014421972446143627 0.04656977951526642 -0.029592396691441536 0.053698472678661346 0.08636286109685898 0.10751128941774368 0.1541082262992859 -0.011463630944490433 -0.1617531031370163 0.1651785969734192 -0.06320037692785263 0.022507192566990852 -0.0863574966788292 0.07466261833906174 -0.06908239424228668 0.11629597842693329 0.023714642971754074 0.018109627068042755 0.06757823377847672 0.052874814718961716 -0.0381920151412487 -0.09091947972774506 -0.1545918732881546 0.05006678029894829 -0.08404761552810669 0.06376075744628906 0.020944727584719658 0.22479505836963654 -0.08616723865270615 0.08336111158132553 -0.1227482333779335 0.04900544136762619 0.059970829635858536 0.12384573370218277 -0.03846977278590202 -0.0702575072646141 -0.05906615033745766 0.2578544616699219 0.008319222368299961 0.1470135599374771 -0.031775765120983124 0.004298305604606867 -0.026176817715168 0.058377183973789215 -0.12889932096004486 0.09981133788824081 0.045940887182950974 -0.18335573375225067 -0.05165746435523033 0.06752657890319824 -0.2333790510892868 0.1233866959810257 0.015278060920536518 -0.17322956025600433 0.03275127708911896 -0.011037338525056839 0.018434830009937286
-0.18909548223018646 0.014501296915113926 -0.1952841877937317 0.10089696198701859 0.10827338695526123 -0.06601058691740036 -0.043911274522542953 -0.056393299251794815 0.03975752741098404 0.2443680763244629 0.02436796948313713 -0.021521972492337227 -0.07058582454919815 -0.02036978490650654 -0.07883317023515701 0.11525360494852066 0.08724868297576904 -0.023006465286016464 0.004690262954682112 -0.05854453518986702 -0.21381518244743347 -0.01698031648993492 0.10801475495100021 0.05411249399185181 0.1332334578037262 -0.18438830971717834 -0.042853180319070816 0.0122081832960248 0.07400723546743393 0.026090580970048904 0.008929042145609856 -0.12122087925672531 0.011195695027709007 0.06788782775402069 -0.03860054165124893 0.11651954799890518 -0.0009324440616182983 0.19067655503749847 -0.0028639070224016905 0.014117833226919174 -0.019270267337560654 -0.06828156113624573 -0.06820202618837357 -0.08840876817703247 0.1295098066329956 -0.09776797145605087 0.19782793521881104 -0.03535185754299164 -0.10456304997205734 0.034481823444366455 -0.013021968305110931 -0.06825006753206253 -0.053564440459012985 -0.14699332416057587 0.004966316744685173 -0.06463049352169037 -0.2154037058353424 0.18945962190628052 -0.06535282731056213 -0.15130802989006042 -0.025838641449809074 -0.006116548553109169 -0.05465252324938774 0.12269293516874313 -0.0855214074254036 -0.012618477456271648 -0.009099666960537434 -0.005950582679361105 0.07284741848707199 0.07445681095123291 -0.1750657558441162 0.011360939592123032 0.05827333405613899 -0.10993438959121704 0.11012803018093109 -0.06022060662508011 -0.13054370880126953 -0.018714960664510727 -0.11275974661111832 0.010300517082214355 0.08330504596233368 0.04497740417718887 -0.13221952319145203 -0.05408415198326111 0.03907400369644165 -0.020077912136912346 -0.3090190887451172 0.05524278059601784 -0.08741099387407303 -0.019863581284880638 0.045951321721076965 0.05113052576780319 0.057653963565826416 0.10687357932329178 -0.05865706503391266 -0.09273326396942139 0.06829889863729477 0.19250084459781647 -0.12911751866340637 0.08689087629318237
-0.14724385738372803 0.1504686325788498 0.050279222428798676 0.08464650064706802 0.03464501351118088 -0.06333092600107193 -0.11490382999181747 -0.07860659062862396 -0.07306388020515442 0.041769322007894516 0.031278494745492935 0.1290559470653534 -0.07576478272676468 -0.04513312503695488 0.07918001711368561 -0.11549176275730133 -0.009522803127765656 0.12497849017381668 0.028513269498944283 0.09023177623748779 0.028894178569316864 0.2445194572210312 0.054587047547101974 -0.06112285330891609 0.09356144815683365 0.03904189169406891 0.13164567947387695 0.06615260243415833 -0.1591217815876007 -0.013943405821919441 -0.07157694548368454 0.06298757344484329 0.1134297326207161 -0.03486708179116249 0.11821299046278 -0.06969468295574188 -0.045728910714387894 -0.13067860901355743 -0.11055761575698853 -0.11776196211576462 -0.03931182995438576 0.025123054161667824 -0.10411739349365234 0.014700711704790592 -0.19178248941898346 0.10072603076696396 0.13942697644233704 -0.040875960141420364 0.09278631210327148 0.13450291752815247 0.1118386760354042 0.03354841470718384 -0.029766390100121498 -0.09699293226003647 -0.06848423928022385 0.0005527167813852429 -0.0416552871465683 0.0603979118168354 -0.10059631615877151 -0.18898709118366241 0.024902550503611565 0.02114599198102951 0.12458563596010208 0.1783008575439453 0.10922547429800034 0.07693380117416382 0.1898549348115921 0.034060828387737274 -0.06400728970766068 -0.12445274740457535 0.09305036067962646 0.09499363601207733 -0.058592550456523895 -0.08325663208961487 0.059630610048770905 0.027723882347345352 0.06626882404088974 0.09644268453121185 -0.13129441440105438 0.21389120817184448 0.15965235233306885 -0.09289949387311935 -0.09389782696962357 0.11475666612386703 0.08936963230371475 -0.13515564799308777 0.10811614245176315 -0.05879805237054825 -0.052434373646974564 -0.10691525787115097 -0.18086452782154083 -0.0023831897415220737 0.02410787157714367 -0.09720119088888168 -0.06885068118572235 -0.06862906366586685 -0.020583070814609528 -0.07843028753995895 -0.007725229021161795 0.2052493840456009
-0.022120414301753044 -0.04911297187209129 0.1533994823694229 -0.11534734070301056 -0.0682016909122467 -0.1371300220489502 0.1321364939212799 -0.003886120393872261 0.01648368127644062 -0.01880088448524475 -0.11231017857789993 0.020266752690076828 0.10227303206920624 -0.06526897847652435 0.01737780123949051 -0.13840095698833466 -0.08492477983236313 0.055671874433755875 0.09764787554740906 -0.07793848216533661 -0.013112393207848072 -0.1078188419342041 0.1519603729248047 -0.08699329197406769 -0.032168447971343994 0.1503968983888626 0.0334910973906517 0.15793101489543915 0.021089354529976845 -0.1739332526922226 0.05046158283948898 0.03814449533820152 -0.06777863204479218 -0.013895547017455101 0.21474409103393555 -0.04212970286607742 0.12035096436738968 0.02569624036550522 -0.12929090857505798 -0.006352841854095459 -0.09897980839014053 -0.06252263486385345 0.019574908539652824 -0.31327494978904724 0.03927275165915489 -0.10823241621255875 0.06560271978378296 -0.07421405613422394 0.01653170958161354 -0.051960840821266174 0.0015917452983558178 -0.07901123911142349 -0.05700146034359932 0.14016366004943848 -0.06765226274728775 -0.1420762836933136 0.01504308171570301 0.0470215305685997 0.01219643373042345 -0.03183753788471222 -0.17103588581085205 -0.13450908660888672 -0.029336005449295044 0.18877454102039337 -0.18760035932064056 -0.008192120119929314 0.18475277721881866 -0.13691262900829315 0.04591415822505951 0.0109291085973382 0.027758358046412468 -0.01963776722550392 0.02733803354203701 0.06895655393600464 -0.1046600192785263 -0.145725280046463 -0.11584235727787018 0.054412052035331726 -0.0373053215444088 -0.05170184001326561 -0.0976831465959549 -0.003276153700426221 -0.03548899292945862 0.15111809968948364 -0.05102843418717384 -0.06681957840919495 0.032398320734500885 -0.08054976165294647 0.026306290179491043 -0.036853764206171036 0.2038116604089737 -0.10250081866979599 -0.19555601477622986 -0.16719160974025726 -0.08808215707540512 0.0029315478168427944 0.025315631181001663 0.16526374220848083 -0.02425636164844036 0.0005395688349381089
0.03018193505704403 -0.22043770551681519 0.21695299446582794 0.0016327606281265616 -0.10203176736831665 0.03925290331244469 0.007987582124769688 -0.10926380753517151 -0.02051095850765705 0.08023698627948761 -0.0712273046374321 0.010964218527078629 0.04645904153585434 0.10389397293329239 -0.058018073439598083 0.12045345455408096 0.013224425725638866 -0.15966226160526276 0.10252101719379425 -0.0313861258327961 0.003630016464740038 -0.09124206751585007 0.011785464361310005 -0.14213164150714874 0.0024570743553340435 -0.030782004818320274 0.05686706677079201 0.03936772793531418 0.1269003450870514 0.18667511641979218 -0.006088470108807087 -0.08661957085132599 0.19438636302947998 0.024479813873767853 0.006443188991397619 -0.023908743634819984 -0.2277955412864685 -0.03814331442117691 -0.0030717551708221436 0.02568763494491577 0.045355070382356644 -0.00774061493575573 0.011928142979741096 -0.05289020016789436 0.05982709676027298 0.14528882503509521 -0.01953396014869213 0.043729159981012344 -0.0012287565041333437 0.12433574348688126 -0.05683820694684982 0.1489739567041397 0.014464262872934341 0.22269107401371002 -0.06921528279781342 0.11391628533601761 0.11776608228683472 0.13100513815879822 -0.004647132009267807 -0.15863540768623352 0.1846698522567749 -0.0679287388920784 -0.12674187123775482 0.14501312375068665 0.16578611731529236 0.04215832054615021 0.14687801897525787 0.04766223207116127 0.040403157472610474 0.03687603399157524 0.09166876971721649 0.05469813570380211 -0.009293670766055584 -0.05478423833847046 0.050007980316877365 0.042876314371824265 0.1349417269229889 0.10319629311561584 -0.13036970794200897 -0.0044578080996870995 0.07612557709217072 0.0821177139878273 0.04727157950401306 0.05994278937578201 -0.052235040813684464 0.12246332317590714 -0.2850082218647003 -0.036791905760765076 0.07716457545757294 0.17838184535503387 0.061214689165353775 -0.10156963765621185 -0.0549478717148304 -0.10762222111225128 0.08245907723903656 0.10482414066791534 -0.0620882548391819 -0.05123407766222954 -0.10232184082269669 -0.018457911908626556
0.1627824604511261 -0.06308792531490326 0.1455414742231369 0.029242873191833496 -0.12076529860496521 -0.1611880362033844 0.09292396157979965 -0.19401758909225464 0.08223418891429901 -0.11672244220972061 0.09270767867565155 -0.2148919701576233 -0.04426088556647301 -0.14118903875350952 0.047448910772800446 -0.07957512140274048 0.07878722250461578 0.021666929125785828 -0.04173871502280235 0.05916343256831169 -0.1889341175556183 -0.019275613129138947 0.08456741273403168 -0.07513350248336792 -0.025898294523358345 0.09104456752538681 0.029506148770451546 -0.2478933483362198 -0.07150997221469879 -0.12042693048715591 -0.01981130987405777 -0.07006354629993439 0.06517758965492249 -0.12977968156337738 0.07421110570430756 -0.06617552787065506 0.10570207238197327 0.18163293600082397 0.15325529873371124 0.02508329600095749 -0.13960886001586914 0.04446384310722351 -0.09035436064004898 0.16785390675067902 0.029241930693387985 0.12457791715860367 -0.06832151114940643 -0.24889829754829407 -0.009854236617684364 0.05467672273516655 0.0026372820138931274 -0.09375413507223129 -0.1937846541404724 -0.07174517959356308 0.05478782206773758 0.032032452523708344 -0.12207154184579849 -0.0017276406288146973 0.08277620375156403 0.006542680319398642 0.017825651913881302 -0.06587635725736618 -0.01040178257972002 -0.10651569068431854 0.08877819031476974 -0.036069899797439575 -0.09420976787805557 0.0734042078256607 -0.10943220555782318 0.053974829614162445 0.07560329884290695 0.03706253319978714 0.031886134296655655 -0.037321340292692184 -0.031319256871938705 -0.10993251949548721 -0.09484972804784775 0.1211603656411171 -0.12810184061527252 0.131605327129364 0.06228356063365936 -0.07855066657066345 0.013443931937217712 -0.11837629973888397 -0.02126559242606163 -0.034029193222522736 -0.05814455449581146 -0.05380742996931076 0.00645877281203866 0.0752691999077797 -0.0035011235158890486 -0.04549537971615791 -0.20679894089698792 0.07851002365350723 0.12258279323577881 0.03349991515278816 0.0829542726278305 -0.08800826221704483 -0.15030503273010254 0.030346987769007683
-0.03755319118499756 0.05322471261024475 -0.11216618120670319 0.10931909829378128 0.03192877769470215 -0.0916159600019455 -0.006375727243721485 0.0009182818466797471 0.037998016923666 -0.14085863530635834 0.022516906261444092 -0.15122069418430328 -0.06563587486743927 0.00922729168087244 -0.052182480692863464 0.019120898097753525 -0.21836963295936584 -0.12477666884660721 -0.028369132429361343 -0.06591951102018356 -0.11212974786758423 -0.16120266914367676 0.042495060712099075 -0.10910487174987793 -0.05068890005350113 0.03823912516236305 0.09291686862707138 0.11358264833688736 0.14158889651298523 0.11194328963756561 0.2825573980808258 -0.015532267279922962 -0.09890004247426987 0.13862207531929016 -0.011553718708455563 0.039866283535957336 0.07707852125167847 -0.040560804307460785 0.04137333855032921 -0.03698272258043289 0.08375423401594162 -0.22354784607887268 -0.02748226746916771 0.01652088761329651 -0.043918266892433167 0.03923789784312248 -0.11306403577327728 0.005221325438469648 -0.006009608972817659 -0.053026650100946426 -0.005033513996750116 -0.0524415485560894 -0.026855600997805595 -0.082764632999897 -0.1272374540567398 0.07429110258817673 -0.08294820040464401 -0.2197197526693344 -0.1812679022550583 -0.16943664848804474 0.038611818104982376 0.00037358739064075053 -0.07927951961755753 0.025160107761621475 0.028668535873293877 -0.07479877769947052 -0.2117784470319748 0.13300694525241852 -0.17503604292869568 0.09565676003694534 0.01383631955832243 -0.0033885957673192024 -0.16189874708652496 -0.04012589156627655 -0.0693705677986145 0.04552536830306053 0.13304583728313446 -0.06733884662389755 -0.04075045511126518 -0.11330583691596985 0.08709578961133957 -0.2152392417192459 -0.2180548757314682 0.15188901126384735 0.006691901013255119 -0.04922329634428024 0.06506212800741196 -0.02971172332763672 -0.0697987824678421 -0.013953120447695255 0.0005406691925600171 -0.12223025411367416 -0.030640749260783195 -0.1427062451839447 -0.05271173268556595 0.10175628215074539 -0.06660427898168564 -0.026434708386659622 -0.02574653923511505 0.04760395362973213
0.25138410925865173 -0.09283134341239929 -0.01626983843743801 0.10206089913845062 0.03188803046941757 0.08220108598470688 0.027433501556515694 -0.020998911932110786 -0.028481926769018173 -0.04409826546907425 0.053329069167375565 0.017711151391267776 -0.06564284861087799 -0.02391483634710312 -0.012450320646166801 -0.01903487555682659 -0.004476660862565041 0.09287343174219131 -0.06289206445217133 -0.21291883289813995 0.1332630068063736 -0.03145111724734306 0.1637735217809677 -0.008356321603059769 -0.032778430730104446 0.039688702672719955 0.024597372859716415 -0.07233782112598419 0.05568942427635193 0.12585927546024323 -0.032041460275650024 0.18664909899234772 -0.1441083550453186 0.13273893296718597 -0.0050949095748364925 0.08760428428649902 -0.0411614365875721 0.026156803593039513 0.11735938489437103 -0.01058426033705473 -0.10515440255403519 -0.13102373480796814 0.05300762131810188 -0.01603691838681698 0.005057634320110083 0.11960585415363312 -0.014290601015090942 0.17188358306884766 -0.010959304869174957 -0.04486213997006416 -0.15585380792617798 -0.08866472542285919 -0.13210798799991608 -0.1843367964029312 -0.1754831075668335 0.142332524061203 -0.07308298349380493 -0.03848917782306671 0.05407075956463814 -0.1068735346198082 -0.19481639564037323 0.0770430937409401 0.02257538214325905 0.12769752740859985 0.04826325178146362 -0.09984279423952103 0.12822172045707703 0.0010895795421674848 0.1352275013923645 -0.2527255117893219 0.06406494230031967 0.06582491099834442 -0.14503560960292816 -0.1069621592760086 0.16389748454093933 -0.07281756401062012 -0.03515031561255455 0.04844854027032852 -0.03758108243346214 0.07634523510932922 -0.024720385670661926 0.023129090666770935 0.0705903097987175 -0.08204985409975052 0.1797860860824585 0.11323362588882446 0.017389079555869102 0.0239091869443655 0.13350005447864532 0.04686105623841286 0.10294923186302185 0.05072805657982826 -0.08868483453989029 0.08358108252286911 0.05478202924132347 -0.06356467306613922 0.022178728133440018 0.06870196014642715 0.24439552426338196 0.017069783061742783
0.08890504390001297 -0.03225129842758179 0.11101911962032318 -0.29780057072639465 0.03219139575958252 0.08043601363897324 -0.005712664220482111 -0.044693056493997574 0.03435588255524635 0.09953071922063828 0.0606900230050087 -0.07798882573843002 -0.0847964957356453 -0.016982151195406914 0.1736498922109604 -0.09994935244321823 -0.005472495686262846 0.0772150456905365 -0.054226912558078766 -0.07836822420358658 -0.039792176336050034 -0.0813937857747078 0.06931016594171524 0.14519037306308746 -0.0023188742343336344 0.07447740435600281 0.15990124642848969 -0.04802703112363815 0.09126874059438705 0.18902038037776947 -0.028158750385046005 -0.057021863758563995 -0.08750420063734055 0.010435997508466244 -0.05810851603746414 -0.017008101567626 -0.005147641059011221 0.1248447597026825 0.10969551652669907 -0.00833419431000948 -0.029373731464147568 0.05708853900432587 -0.14135564863681793 0.0014753900468349457 -0.15102316439151764 -0.2244018316268921 0.07959882915019989 0.07178430259227753 -0.2586502730846405 -0.055768247693777084 0.2631057798862457 0.0013078013435006142 -0.09517290443181992 0.015591557137668133 -0.0936000794172287 -0.021307606250047684 0.16721177101135254 -0.12380311638116837 -0.009082219563424587 0.010609260760247707 0.07383359223604202 -0.0956362709403038 0.005100270267575979 0.1452343910932541 0.023276712745428085 -0.024758558720350266 -0.047476138919591904 -0.11386203020811081 -0.08858432620763779 0.1521420180797577 0.07713443040847778 0.04974260553717613 0.08922053128480911 0.023199213668704033 0.1313462108373642 -0.00509472144767642 0.1441054344177246 0.12798906862735748 -0.004064432345330715 -0.07902053743600845 0.049446169286966324 0.061457905918359756 0.09131113439798355 -0.10213764756917953 0.21496222913265228 0.08260742574930191 0.06010749191045761 -0.010505721904337406 -0.13458086550235748 -0.06200298294425011 -0.038877248764038086 -0.06463886052370071 0.16318060457706451 -0.07641435414552689 -0.11336153000593185 -0.08828980475664139 0.0635872483253479 -0.007750988006591797 -0.06378351897001266 -0.028719300404191017
-0.002302189590409398 -0.038733676075935364 -0.009915497153997421 0.08218748867511749 0.09278128296136856 -0.019271165132522583 -0.14680743217468262 -0.16398313641548157 0.024164708331227303 -0.06993351876735687 0.001948436489328742 0.058344073593616486 -0.03975604474544525 0.007873525843024254 -0.3388298451900482 -0.11316122859716415 0.004146719351410866 0.15029597282409668 -0.06615016609430313 0.06056547909975052 0.26637735962867737 -0.1721787452697754 0.014823777601122856 -0.0004862212808802724 -0.05053592100739479 -0.10215398669242859 -0.08955808728933334 0.018824446946382523 0.033557578921318054 -0.08508938550949097 -0.0025470233522355556 -0.1035311296582222 0.14135003089904785 -0.040667708963155746 -0.09073515236377716 -0.24552974104881287 0.082588329911232 0.005476783495396376 0.09310321509838104 0.019090957939624786 -0.09856013208627701 0.09719660133123398 -0.060479115694761276 -0.1014360636472702 0.009125550277531147 0.1243162676692009 -0.109199158847332 0.17047657072544098 -0.13171377778053284 0.010964551940560341 0.05013018101453781 -0.09551017731428146 0.09013325721025467 0.1783597618341446 -0.04129409417510033 -0.11072095483541489 -0.022573214024305344 0.04931678995490074 0.058475613594055176 -0.05624973773956299 0.0556674525141716 -0.03742259740829468 0.14349600672721863 -0.0235242061316967 -0.11976224184036255 -0.00853999238461256 -0.09611615538597107 0.04905113950371742 0.07480119168758392 0.15180151164531708 0.1614331752061844 -0.019492531195282936 -0.17797859013080597 0.0952976867556572 0.00672712828963995 0.12209451198577881 -0.1157732903957367 -0.022147085517644882 -0.14668813347816467 -0.08043668419122696 -0.008018221706151962 -0.05742590129375458 -0.0430113784968853 -0.01939001865684986 0.16924181580543518 0.0638343095779419 -0.09334875643253326 0.003144720569252968 -0.04480034485459328 -0.21630728244781494 -0.014693967998027802 -0.008649086579680443 -0.049989014863967896 0.04284249618649483 -0.04226138815283775 -0.046323347836732864 0.0926835685968399 -0.07214607298374176 0.07385434210300446 0.08915922045707703
0.07383432984352112 0.09627781808376312 -0.016044465824961662 -0.17224323749542236 0.21299174427986145 -0.15985365211963654 -0.014563393779098988 -0.04854651540517807 -0.07413668930530548 -0.10917966067790985 0.22801989316940308 0.09694751352071762 -0.09557079523801804 0.06195755675435066 0.01165750715881586 -0.07065451890230179 -0.07549210637807846 0.16460181772708893 -0.21123053133487701 -0.027418427169322968 0.027948373928666115 -0.005621012765914202 -0.005909999832510948 0.051509980112314224 -0.053182609379291534 0.08740609884262085 -0.07241711020469666 -0.1037512794137001 -0.0029973764903843403 -0.2182355672121048 0.019631972536444664 -0.09171689301729202 0.16523070633411407 -0.08561532944440842 -0.12280925363302231 0.05725034326314926 -0.114570252597332 -0.07397447526454926 0.07634718716144562 0.032817527651786804 0.12870128452777863 -0.05920284986495972 0.006026174873113632 -0.07433249801397324 0.0782841369509697 -0.0995737612247467 0.09916185587644577 -0.08465515077114105 0.2209303081035614 -0.025845667347311974 -0.16510356962680817 -0.011394837871193886 0.041781824082136154 -0.0034679651726037264 -0.024995261803269386 -0.01373711321502924 0.025440242141485214 -0.09648426622152328 -0.23948776721954346 0.08311551064252853 0.13341212272644043 0.18712489306926727 -0.06997913867235184 -0.015592840500175953 0.1974654495716095 -0.05385042726993561 0.17038306593894958 0.051316168159246445 0.007370506413280964 0.044531214982271194 0.05936724320054054 0.07419323176145554 0.00037810829235240817 -0.07458646595478058 0.014944832772016525 0.05120271444320679 -0.021792570129036903 0.04372323304414749 0.0405861921608448 -0.1530882865190506 0.10911422967910767 0.07255012542009354 0.004016033839434385 -0.02507476694881916 -0.0076633295975625515 0.04653016850352287 -0.10497166216373444 -0.06324613094329834 -0.030590899288654327 -0.0641937404870987 0.09132765233516693 -0.09913162142038345 -0.10758962482213974 -0.046564992517232895 -0.013081440702080727 -0.12480709701776505 -0.02572317235171795 0.19457875192165375 -0.03249429911375046 -0.15411017835140228
-0.1571151316165924 -0.10802361369132996 0.04579794779419899 -0.04844436049461365 -0.15044258534908295 0.0033094140235334635 -0.03432159125804901 -0.09573864936828613 0.019153272733092308 0.2002267986536026 -0.1062089279294014 -0.017040640115737915 -0.3012109696865082 -0.12301281094551086 0.03615698590874672 -0.11534202843904495 -0.08653753250837326 -0.015175777487456799 0.10779862850904465 0.15998589992523193 0.0861293226480484 0.09009771794080734 0.05287943780422211 -0.27930748462677 0.09813655912876129 0.01844623126089573 -0.02666326053440571 -0.08165209740400314 0.04725291579961777 -0.0810880959033966 0.11024770140647888 0.05180305987596512 -0.10554985702037811 0.1062982901930809 -0.06862737983465195 -0.08818212896585464 0.06740551441907883 -0.1217481940984726 -0.023848267272114754 -0.08557630330324173 -0.015932824462652206 0.014606140553951263 0.12547667324543 0.12906679511070251 0.037921708077192307 -0.019014734774827957 -0.07433543354272842 0.11307619512081146 0.08202595263719559 -0.10175353288650513 0.022998517379164696 -0.00144090480171144 -0.09876930713653564 -0.04264083504676819 0.032471317797899246 -0.08676762133836746 0.009808525443077087 0.052159275859594345 -0.07422562688589096 0.02253960631787777 -0.1116088330745697 0.08650413155555725 0.20348165929317474 0.020792962983250618 0.08531257510185242 -0.11125672608613968 -0.0007944132084958255 -0.036059677600860596 0.023827191442251205 0.2365240454673767 -0.094782754778862 -0.1062934547662735 -0.12203476577997208 0.012950262054800987 -0.032510749995708466 -0.010304419323801994 0.1379208117723465 0.06400390714406967 0.2313762605190277 0.029217300936579704 0.14142216742038727 0.09738077968358994 0.08774285018444061 0.007769230753183365 0.03626256063580513 -0.009034215472638607 -0.126485213637352 -0.002897723577916622 0.046853821724653244 0.0005067089223302901 0.0782390832901001 -0.15930072963237762 -0.009983961470425129 0.190438911318779 0.039915960282087326 -0.09510007500648499 -0.06189686432480812 0.04424934461712837 -0.013997472822666168 -0.12281251698732376
-0.009267988614737988 -0.07598858326673508 0.027842387557029724 0.11946015059947968 0.05032329633831978 -0.007964654825627804 0.008570614270865917 -0.14540523290634155 0.20371228456497192 0.12857365608215332 0.28708043694496155 -0.028375405818223953 0.05287089943885803 0.01149822399020195 0.03932594507932663 0.009600362740457058 0.08919664472341537 -0.04800639674067497 0.06231439858675003 0.046844691038131714 0.1202680841088295 0.19588004052639008 -0.021350815892219543 0.0489402636885643 0.01695321500301361 -0.16426803171634674 -0.14801162481307983 -0.03085572086274624 -0.03460922837257385 0.035723984241485596 0.059285081923007965 -0.18453143537044525 0.054415132850408554 0.06325012445449829 0.22853077948093414 -0.06466592103242874 0.13890185952186584 0.03418354317545891 -0.12069679796695709 0.04307905584573746 -0.019517384469509125 -0.1391533762216568 -0.045105673372745514 -0.07470666617155075 0.1303950995206833 -0.057673510164022446 -0.02900427021086216 0.06187916919589043 0.02875371091067791 -0.03518152981996536 -0.01639188639819622 0.019987447187304497 -0.10495953261852264 -0.13650868833065033 0.13378837704658508 0.08542028069496155 0.13055874407291412 -0.08664461970329285 0.1418171226978302 0.08702370524406433 -0.02344515174627304 0.12622499465942383 0.12097995728254318 0.1430303305387497 -0.031475674360990524 -0.07169397920370102 0.02786235511302948 0.07025031745433807 -0.22856643795967102 -0.001458298764191568 0.11658236384391785 -0.05822203308343887 0.056988660246133804 -0.03646227717399597 -0.05457177013158798 0.15514810383319855 0.06854527443647385 0.05765359476208687 0.006602138746529818 -0.006556451786309481 -0.10596355050802231 0.04193728417158127 -0.04937276244163513 0.11346076428890228 -0.03757321834564209 0.19117183983325958 0.008652189746499062 -0.010279364883899689 -0.18069502711296082 0.15428654849529266 -0.00964508205652237 0.028134338557720184 -0.07928827404975891 -0.11368793249130249 -0.14375220239162445 0.02446862868964672 0.05727159231901169 0.02797393500804901 0.18022331595420837 -0.10800185799598694
-0.044119901955127716 0.01660354994237423 -0.062337905168533325 0.0035683594178408384 0.06016232818365097 0.0009602761128917336 0.052925750613212585 -0.06810907274484634 -0.1455625295639038 0.11307515949010849 -0.1416824758052826 -0.01947156898677349 -0.033094171434640884 -0.043443989008665085 0.16060365736484528 0.1324155032634735 -0.08236359059810638 0.17803587019443512 0.06987717002630234 -0.1459704488515854 0.0896901860833168 -0.08773086965084076 0.11417941749095917 0.1506272703409195 -0.09139306098222733 -0.09171830862760544 0.10655835270881653 -0.018629148602485657 0.20414608716964722 -0.15629084408283234 0.008110144175589085 0.01824454590678215 0.12443184852600098 0.09699659794569016 0.15420500934123993 -0.003677962813526392 0.09661301225423813 0.03888089582324028 -0.23082740604877472 0.008088350296020508 0.10846356302499771 0.04356367513537407 -0.02984916791319847 0.010423218831419945 0.015055011957883835 0.2130213975906372 -0.03256518393754959 0.11203910410404205 0.22369170188903809 -0.10959671437740326 0.10845507681369781 -0.1306609958410263 -0.0015372728230431676 -0.037913430482149124 -0.03539290279150009 0.17180930078029633 0.0403607115149498 -0.06231458857655525 0.17800308763980865 -0.05078307166695595 0.03364257141947746 -0.017311114817857742 0.0307112205773592 -0.07119962573051453 0.15514789521694183 0.017884649336338043 -0.047342170029878616 0.06008066236972809 0.06133826822042465 0.022788384929299355 -0.10550037771463394 0.08291914314031601 0.13330991566181183 0.06628268957138062 -0.11885910481214523 -0.07395678013563156 -0.021995995193719864 0.024460267275571823 0.0667019709944725 0.003741342108696699 -0.007727496325969696 -0.06143235042691231 0.04105104133486748 -0.06582492589950562 0.1297835409641266 -0.011195680126547813 -0.11969715356826782 0.07913115620613098 -0.018211130052804947 -0.14661133289337158 -0.17447608709335327 0.12498562783002853 -0.06690193712711334 -0.11267044395208359 0.0037869068328291178 0.09636365622282028 0.07250955700874329 -0.01372955460101366 -0.14999404549598694 -0.21060045063495636
-0.01478763297200203 -0.031568001955747604 0.04697748273611069 0.1580938994884491 0.04940740019083023 0.003779069520533085 0.08909571170806885 0.05510346591472626 0.02613005042076111 -0.03936413303017616 -0.05045288801193237 0.06609905511140823 -0.21883469820022583 -0.04148750752210617 -0.010069749318063259 0.026933148503303528 -0.07379630208015442 -0.03555098548531532 -0.09449036419391632 -0.05074669048190117 0.11669763922691345 -0.035019803792238235 0.12874962389469147 -0.11719293892383575 -0.07576891034841537 0.040122561156749725 0.036164965480566025 -0.18496406078338623 0.051551248878240585 -0.14699554443359375 -0.006212190724909306 0.0859948918223381 0.025669362396001816 0.23923277854919434 0.031085927039384842 0.1792738288640976 -0.04643164947628975 -0.01888798549771309 0.1413724571466446 0.03683815523982048 -0.06217912957072258 -0.02153652161359787 -0.16137003898620605 -0.05870519205927849 -0.10052633285522461 0.04989385977387428 0.06494903564453125 -0.10436239093542099 -0.04400378838181496 0.06431876122951508 -0.05563914775848389 0.0705740749835968 0.011301292106509209 -0.009933525696396828 0.20241674780845642 -0.03369848430156708 0.2060825675725937 0.18653951585292816 -0.0429752878844738 0.1163882240653038 0.10626089572906494 -0.07928919047117233 0.01878008246421814 0.15115958452224731 0.017655130475759506 -0.01919703744351864 -0.16598208248615265 0.057632431387901306 0.07196927070617676 -0.035681042820215225 0.043796032667160034 -0.14121383428573608 0.05812109634280205 0.056091293692588806 0.09387368708848953 0.16538435220718384 -0.09938319027423859 0.1263287216424942 0.2095281034708023 0.02039474807679653 -0.11302520334720612 0.004813625942915678 -0.03455629199743271 -0.11348716914653778 -0.13446663320064545 -0.088280588388443 0.030374061316251755 0.18355117738246918 -0.0704822689294815 -0.0388224795460701 -0.08083187788724899 -0.061603743582963943 0.05462588742375374 -0.1881818175315857 -0.004131154157221317 0.1586756855249405 0.04584035649895668 0.12918603420257568 0.019561931490898132 0.18627957999706268
0.17888009548187256 0.019783806055784225 0.01213008537888527 -0.0700874999165535 -0.15737596154212952 -0.047407545149326324 -0.07267303019762039 -0.08613314479589462 0.07701349258422852 0.04262169450521469 -0.0699511393904686 0.031126827001571655 -0.04416441544890404 -0.08295828104019165 -0.05519000440835953 -0.05969114601612091 -0.18684051930904388 0.018345270305871964 -0.17835970222949982 0.00617740536108613 -0.010064223781228065 0.04605028033256531 -0.026794981211423874 0.09240066260099411 0.14176324009895325 -0.026216156780719757 0.019893916323781013 -0.028286295011639595 -0.006493307650089264 0.03839336335659027 0.08047615736722946 0.03420521318912506 0.04154551774263382 0.023574436083436012 -0.061276089400053024 -0.13986057043075562 -0.17574936151504517 0.05505754053592682 -0.095175601541996 0.17954617738723755 -0.1698417365550995 -0.09193745255470276 0.03639893978834152 0.09918350726366043 -0.04410294443368912 -0.043298400938510895 -0.020095346495509148 0.049010973423719406 0.08516520261764526 -0.11857132613658905 -0.18159347772598267 -0.15371690690517426 -0.046111829578876495 -0.006956832017749548 0.32562312483787537 0.02211921103298664 -0.05489193648099899 0.05154574662446976 0.041425954550504684 -0.17719906568527222 -0.023262567818164825 -0.2679167687892914 -0.06565715372562408 -0.009620415978133678 0.07606314867734909 0.13587962090969086 0.02035846933722496 -0.13681022822856903 -0.016011282801628113 -0.16942645609378815 -0.03442542627453804 0.04278089106082916 0.07359947264194489 0.15341244637966156 -0.13984224200248718 0.16050821542739868 0.0008350666030310094 -0.14900897443294525 -0.035873617976903915 -0.02569965459406376 0.054861169308423996 -0.08476259559392929 -0.04329770803451538 0.05010874569416046 -0.012353185564279556 0.1353512555360794 0.01676482893526554 0.09573933482170105 0.039282336831092834 0.04770618677139282 -0.11361300945281982 -0.1372777819633484 0.13739390671253204 -0.027066998183727264 -0.12891370058059692 -0.14567174017429352 -0.045237645506858826 0.11399833112955093 -0.02673395164310932 -0.031478576362133026
0.08426150679588318 0.12351687997579575 -0.0029744701460003853 0.12095244973897934 0.136880561709404 -0.06669753044843674 -0.05540723353624344 -0.01922527514398098 -0.18813537061214447 0.10230334103107452 -0.027085155248641968 0.042947959154844284 -0.26382753252983093 0.07708662003278732 0.10614688694477081 -0.044177014380693436 0.011871496215462685 -0.04895943030714989 0.05296546593308449 0.05264566093683243 0.004877317696809769 0.0639113262295723 0.10055669397115707 0.050637923181056976 -0.0408056266605854 -0.20767688751220703 -0.0003793923824559897 0.018070293590426445 0.019436394795775414 -0.00813495647162199 -0.057565052062273026 0.12032467871904373 -0.22625143826007843 -0.1772274225950241 -0.09844610095024109 0.18386171758174896 0.07421715557575226 -0.07167908549308777 0.04457153007388115 0.012155719101428986 -0.030834728851914406 0.08233074843883514 0.16427017748355865 -0.12318427860736847 0.05428402125835419 -0.18820467591285706 -0.144344300031662 -0.1864156574010849 0.0850459560751915 0.21063585579395294 -0.01795515976846218 0.06118099391460419 -0.008202498778700829 0.084111288189888 0.10122399777173996 0.023529987782239914 0.051810480654239655 -0.06409252434968948 0.14333999156951904 -0.20368650555610657 -0.005677618086338043 -0.13638056814670563 -0.013654859736561775 -0.001542456797324121 0.009691781364381313 -0.0393436923623085 -0.021305300295352936 -0.038047488778829575 0.04669110104441643 -0.017072301357984543 0.021032635122537613 -0.08802349120378494 -0.03576269373297691 -0.04942798614501953 -0.12984517216682434 0.0878724753856659 0.12089556455612183 0.05353183299303055 -0.1489184945821762 -0.14460743963718414 0.040151726454496384 -0.18852247297763824 0.21090255677700043 0.023177392780780792 -0.025177326053380966 0.09663183242082596 -0.01207624189555645 -0.03537856042385101 -0.08258351683616638 -0.004518548026680946 0.06190088763833046 0.0027120693121105433 -0.05289040505886078 0.016489291563630104 0.015481161884963512 0.059857819229364395 0.22526751458644867 -0.04288695380091667 0.012493976391851902 0.004005893599241972
0.09271139651536942 -0.022507011890411377 -0.021046167239546776 0.061648763716220856 0.09939443320035934 -0.06875846534967422 0.025633424520492554 0.09058881551027298 -0.10257280617952347 0.11619140952825546 0.17990347743034363 -0.01690620929002762 0.1419363021850586 -0.03398717939853668 0.01770857721567154 -0.10902218520641327 -0.002984310733154416 0.017739547416567802 0.04189680144190788 0.01951848901808262 -0.05106346309185028 0.2315436601638794 0.017313474789261818 -0.07623253762722015 0.14751826226711273 0.09007152169942856 -0.14881548285484314 0.0797429233789444 -0.0141562819480896 -0.11629632115364075 0.020037075504660606 -0.03219514340162277 -0.02512715384364128 0.03617517650127411 -0.012144289910793304 -0.0030295124743133783 -0.13770245015621185 0.0986437052488327 0.025472942739725113 0.09150514751672745 0.07397226989269257 0.035895198583602905 -0.16621841490268707 -0.09679745882749557 0.040477171540260315 0.18391261994838715 -0.06363575905561447 -0.0015256707556545734 -0.12755897641181946 0.11217094957828522 0.1308014839887619 0.03697722405195236 0.056849267333745956 0.05370132997632027 0.028064271435141563 0.10094362497329712 0.01687835156917572 -0.004577161278575659 0.05241524800658226 -0.0138142304494977 0.061726439744234085 -0.07007306814193726 -0.3062518537044525 -0.08028703182935715 0.059258878231048584 -0.2046383172273636 0.028779014945030212 -0.17404356598854065 0.050366200506687164 0.05923590064048767 -0.0828821137547493 -0.05532369762659073 -0.08222334831953049 0.14530229568481445 0.002443928737193346 -0.049204543232917786 0.08966899663209915 -0.08650790899991989 0.23742438852787018 0.012227307073771954 0.033997029066085815 -0.05444374307990074 -0.034835994243621826 0.1612827479839325 0.3142312169075012 -0.03448891639709473 0.03241516649723053 0.09548395127058029 0.045853354036808014 0.02538864128291607 -0.09298410266637802 -0.12961965799331665 -0.12543293833732605 0.1330779641866684 -0.00728923175483942 0.10804100334644318 0.10534051060676575 0.08103129267692566 0.07141359150409698 0.050706297159194946
-0.14006376266479492 -0.08155468851327896 -0.10370078682899475 -0.00157058029435575 0.27535125613212585 -0.1513558179140091 0.10201433300971985 0.0035787317901849747 0.09213428944349289 0.029822953045368195 0.1447548121213913 -0.03514018654823303 -0.06072818115353584 0.08572040498256683 0.013785460963845253 -0.06758254021406174 0.12296818941831589 -0.22662486135959625 0.01836712658405304 -0.024534301832318306 -0.031135685741901398 -0.06338127702474594 -0.07697233557701111 0.013530473224818707 -0.1836833655834198 0.0831078290939331 0.08552303910255432 -0.05536928400397301 0.06814593076705933 -0.03461413457989693 -0.01711595244705677 0.15953753888607025 -0.010197781026363373 -0.04326767846941948 -0.08830529451370239 0.07905696332454681 -0.14540696144104004 0.05537176877260208 0.07665780931711197 -0.2920342981815338 -0.10582524538040161 0.06442099809646606 0.017417095601558685 0.09598815441131592 0.12224572896957397 0.055528733879327774 0.025166578590869904 0.09994243830442429 -0.03747214004397392 -0.1824640929698944 0.00427762558683753 -0.07414077967405319 0.08053454756736755 0.08825112134218216 0.1272149235010147 -0.05360068753361702 -0.05283771827816963 0.03829049691557884 0.0802336037158966 0.02354509010910988 -0.08170051872730255 0.060542501509189606 0.11171769350767136 0.10430706292390823 0.1374194473028183 -0.12368903309106827 0.09756659716367722 -0.16472503542900085 -0.028262417763471603 -0.044585101306438446 0.005722256377339363 -0.07117050886154175 0.021091004833579063 0.06286802887916565 -0.11412816494703293 0.0008652753895148635 -0.02364063449203968 -0.0740378201007843 -0.17557013034820557 0.09675675630569458 -0.14510592818260193 0.046315163373947144 -0.04034282639622688 0.2197127342224121 0.06456112116575241 0.0797351822257042 0.06640966981649399 0.03218892589211464 0.05928473547101021 -0.0423937551677227 -0.14498351514339447 -0.10570871084928513 0.05542025715112686 -0.10474823415279388 0.16173021495342255 -0.022969665005803108 0.01001362781971693 -0.06971815228462219 -0.16221000254154205 -0.03136902302503586
-0.13954289257526398 0.15794843435287476 -0.013183122500777245 -0.13147598505020142 -0.11476092785596848 0.06763816624879837 0.06616557389497757 0.046412281692028046 0.14831475913524628 0.0013593478361144662 -0.09119279682636261 -0.03946588560938835 0.0717264711856842 0.016016701236367226 0.0624866783618927 0.01028906274586916 0.2065349966287613 0.02755100652575493 -0.017958244308829308 0.011216326616704464 -0.01501039881259203 0.05216344818472862 -0.03627961874008179 0.08502370119094849 0.032409410923719406 0.06331242620944977 -0.07518710196018219 -0.3153586983680725 0.07233646512031555 -0.09239302575588226 -0.08200351893901825 0.20064537227153778 0.18705877661705017 0.13286828994750977 -0.002459002425894141 -0.08229101449251175 0.0738949105143547 -0.0739719420671463 0.11886775493621826 0.015481697395443916 -0.09281115233898163 -0.0018833869835361838 -0.03204306960105896 0.037675898522138596 0.25066807866096497 -0.104897141456604 -0.0763450339436531 0.11476034671068192 -0.0722123458981514 0.09686017036437988 0.021503088995814323 -0.050875887274742126 0.010855031199753284 0.04534609615802765 0.057880520820617676 0.2780657708644867 -0.17768594622612 -0.03452162444591522 -0.16370566189289093 -0.15702515840530396 0.10440711677074432 -0.027867618948221207 0.015137157402932644 0.0539032407104969 -0.11167988926172256 0.02276132069528103 0.07221619784832001 0.12316789478063583 0.1362471878528595 -0.010592586360871792 -0.006200924050062895 -0.17172570526599884 0.016391338780522346 0.004801621660590172 0.07340428978204727 -0.05037271976470947 0.11289032548666 0.10831642150878906 0.00667238887399435 -0.20061327517032623 0.020053694024682045 -0.1162932813167572 0.017410926520824432 0.1834573894739151 0.019258437678217888 -0.060901254415512085 0.08733509480953217 -0.04150441661477089 0.1260150969028473 -0.025158902630209923 0.02202971838414669 0.03272195905447006 0.008132757619023323 -0.056378189474344254 -0.11672360450029373 0.055416353046894073 0.04747581109404564 -0.011243144981563091 0.01571809872984886 -0.0402846597135067
0.21238066256046295 0.01115435641258955 0.0049809738993644714 0.043291229754686356 -0.05685583874583244 0.08685304969549179 0.04259537532925606 -0.02334364503622055 0.02371894381940365 0.07589378952980042 0.09689293056726456 -0.050278279930353165 -0.0019504604861140251 0.05093766748905182 0.01623350754380226 -0.010345695540308952 0.0729212611913681 -0.09652502089738846 0.021471746265888214 0.09197083115577698 0.054757338017225266 0.05722499266266823 0.09269951283931732 0.053191300481557846 0.28107669949531555 -0.014741211198270321 0.10040508955717087 -0.06982681155204773 -0.14151005446910858 0.006708106026053429 0.03942272812128067 -0.015566437505185604 0.12696830928325653 0.09317099303007126 -0.07544208317995071 0.0587296187877655 0.1933419108390808 0.027439089491963387 0.11978193372488022 -0.04505173861980438 0.305349200963974 -0.008134699426591396 -0.0017634481191635132 -0.03407886624336243 -0.18591417372226715 0.13539011776447296 0.07468148320913315 0.012858735397458076 0.06803951412439346 0.001745168468914926 -0.1229897066950798 -0.06903460621833801 0.022536126896739006 0.13727357983589172 -0.054301321506500244 0.052155882120132446 0.021627213805913925 0.11045952886343002 0.044112592935562134 -0.004946050699800253 -0.09293042868375778 0.011992627754807472 -0.06260792911052704 0.0027188484091311693 -0.097312331199646 -0.0005484758294187486 0.0053602298721671104 0.14249876141548157 0.10467955470085144 0.180638387799263 -0.1567760556936264 -0.0663912296295166 -0.10189462453126907 -0.057444293051958084 -0.09484559297561646 -0.1962600201368332 0.05688177049160004 -0.0337480865418911 -0.20031306147575378 -0.007214738056063652 -0.09513209760189056 0.06862828135490417 0.06847058236598969 0.03159615769982338 -0.12508945167064667 0.11959773302078247 0.2154746800661087 0.1270592212677002 -0.04002692550420761 -0.15709234774112701 -0.06108369678258896 -0.15431825816631317 0.05131800100207329 -0.14558221399784088 0.028833582997322083 -0.17924344539642334 0.02611408568918705 0.0809750109910965 -0.05041133612394333 -0.04786086082458496
0.0024423780851066113 -0.07701486349105835 -0.060997962951660156 0.035701267421245575 -0.05020086467266083 0.27413618564605713 -0.18792173266410828 0.09234437346458435 0.10097425431013107 0.055414535105228424 0.15924066305160522 0.09156659245491028 0.06886665523052216 -0.1566602736711502 0.08376328647136688 0.010247652418911457 -0.03885464742779732 0.002938897581771016 -0.11657889932394028 0.14498651027679443 0.01063113659620285 -0.17679448425769806 0.029696712270379066 -0.22297708690166473 0.11324214190244675 0.08823767304420471 -0.0847102627158165 0.11923812329769135 -0.024985847994685173 0.020691489800810814 -0.12271019071340561 -0.06077347695827484 0.004368115682154894 -0.10237929970026016 0.05593046545982361 0.21432332694530487 -0.09150052815675735 -0.03169280290603638 0.06478036195039749 -0.10254257917404175 -0.04367590323090553 -0.0037054442800581455 0.10993429273366928 -0.03600585088133812 -0.04657907783985138 -0.13061238825321198 0.13304691016674042 0.012569278478622437 -0.008366291411221027 -0.1387661099433899 0.0739428773522377 0.0482439287006855 -0.04467366635799408 0.028943335637450218 0.17396631836891174 0.17646905779838562 -0.04815572500228882 -0.08098345249891281 -0.040335074067115784 -0.09265618026256561 0.024197008460760117 0.1110650897026062 0.1341824233531952 -0.09483261406421661 -0.016321824863553047 0.16297726333141327 -0.06660652905702591 0.15643242001533508 0.05355650931596756 -0.07222341746091843 0.10862435400485992 0.01572941243648529 0.08207570016384125 0.17599104344844818 -0.061053648591041565 -0.15898878872394562 0.05813835188746452 -0.07725683599710464 -0.027909789234399796 0.029317479580640793 -0.0924263745546341 -0.10519661754369736 0.031846050173044205 -0.021895525977015495 0.14675910770893097 -0.06805776804685593 -0.14127449691295624 0.09666792303323746 -0.049027737230062485 -0.05742441117763519 0.05192513391375542 -0.10145647823810577 -0.19614537060260773 -0.10981657356023788 0.048441268503665924 0.03417327627539635 0.10763320326805115 0.030333880335092545 -0.04881451651453972 -0.007126839831471443
0.051192086189985275 0.03412109985947609 0.2766564190387726 0.08501391857862473 0.12924166023731232 0.1046372726559639 0.03224389627575874 0.08713207393884659 -0.02686706744134426 -0.14243996143341064 0.06290127336978912 0.009587089531123638 0.10295825451612473 -0.01804824359714985 -0.024907110258936882 -0.000278363935649395 -0.07503285259008408 -0.10451111197471619 0.11235758662223816 0.05983784794807434 0.03604447469115257 0.05685758963227272 -0.08443230390548706 0.0578283816576004 0.11380735039710999 -0.04178786650300026 -0.04557374119758606 -0.11890280246734619 -0.053145620971918106 0.09147025644779205 0.30877313017845154 0.1853916198015213 0.006692882627248764 -0.08949983865022659 -0.05601558834314346 -0.041200265288352966 -0.10906656086444855 0.14161258935928345 0.04394253343343735 -0.05549228563904762 -0.12351494282484055 -0.17255650460720062 -0.023910468444228172 -0.03951224684715271 0.09395313262939453 0.030438899993896484 0.007070510648190975 -0.010909727774560452 0.09927397221326828 0.05045870691537857 0.1283680647611618 -0.06921130418777466 -0.03513471037149429 -0.06515337526798248 -0.11762319505214691 0.10140536725521088 0.10165775567293167 0.09323979169130325 0.043574877083301544 0.14420364797115326 -0.05945489928126335 0.06438184529542923 0.18576273322105408 -0.02488921955227852 0.06437120586633682 0.11154946684837341 0.1090836450457573 -0.117794930934906 0.09813544899225235 0.14545516669750214 -0.0014005400007590652 -0.029672401025891304 0.08465816080570221 -0.07182115316390991 0.08314243704080582 0.003439913969486952 -0.0033745153341442347 -0.23658137023448944 0.03819680213928223 0.01717866025865078 0.0774243101477623 -0.2535625398159027 0.032953087240457535 -0.07384315878152847 -0.047474659979343414 -0.037483859807252884 -0.11552979797124863 0.04273552820086479 -0.04533013701438904 -0.18021447956562042 0.16060076653957367 0.023771042004227638 0.08090142905712128 -0.04510386660695076 -0.13357888162136078 0.07448942959308624 0.07117877900600433 0.01006649062037468 -0.14323203265666962 0.005067529156804085
0.029108893126249313 0.01074540801346302 -0.09096351265907288 -0.07440425455570221 -0.12922756373882294 -0.03829566016793251 -0.023399487137794495 -0.07288400828838348 -0.04506729170680046 -0.05512670800089836 -0.06082097068428993 -0.20541080832481384 0.13308246433734894 0.09158414602279663 -0.028788477182388306 0.07228751480579376 0.23515896499156952 -0.0003247170534450561 0.009199555963277817 0.13022048771381378 0.09810768812894821 0.02129437029361725 0.053832124918699265 -0.009954815730452538 0.05122271180152893 -0.07617204636335373 -0.06879007071256638 0.2036365121603012 -0.029163088649511337 -0.05545021966099739 0.06332814693450928 0.16756457090377808 -0.06267142295837402 0.10752679407596588 -0.03908587619662285 0.196241095662117 0.0015390868065878749 -0.016311680898070335 0.06833668053150177 0.1354716271162033 -0.008366030640900135 -0.13106195628643036 0.061656076461076736 0.05556892231106758 -0.11885455995798111 -0.04721163213253021 -0.02752423845231533 0.08118648827075958 -0.0029788892716169357 2.6319919925299473e-05 0.019351381808519363 -0.23749814927577972 0.12696868181228638 0.09316390752792358 -0.016489213332533836 0.024530963972210884 -0.03316477686166763 0.07234270870685577 -0.11158767342567444 0.10091850906610489 0.030760452151298523 0.008960033766925335 0.014460894279181957 0.1595972180366516 0.12579432129859924 -0.27123942971229553 0.03691630810499191 0.005121046677231789 0.11302734166383743 0.006116984877735376 0.21228529512882233 0.15531381964683533 0.2281893789768219 0.021200543269515038 -0.15912345051765442 0.13849413394927979 0.06241719797253609 -0.002011591335758567 0.01286450307816267 0.08585570007562637 0.0202808678150177 0.04251617193222046 -0.02775474265217781 -0.12048223614692688 -0.03479185327887535 -0.1862339973449707 -0.011429631151258945 -0.02038026973605156 -0.09751257300376892 0.06028798222541809 -0.022194722667336464 -0.02556280419230461 -0.10651423782110214 0.06394743174314499 -0.12005976587533951 -0.11090109497308731 0.14895673096179962 -0.1327705830335617 -0.07455583661794662 0.015193738974630833
0.08118655532598495 0.014655265025794506 -0.022351790219545364 0.10412421822547913 0.12056479603052139 -0.05479772016406059 0.06734982132911682 0.1284681260585785 0.07985011488199234 -0.016324663534760475 -0.014413980767130852 0.012080786749720573 -0.018928637728095055 -0.08315735310316086 -0.06978881359100342 0.07457263767719269 -0.017830265685915947 0.0625726655125618 -0.04214007407426834 0.15654033422470093 -0.009075078181922436 0.025544386357069016 0.009868912398815155 0.0013559781946241856 0.0909428820014 -0.010491694323718548 0.07114706188440323 0.008048518560826778 0.16177795827388763 0.07361254841089249 0.15161599218845367 0.10099859535694122 -0.0351858027279377 0.026668457314372063 0.013636402785778046 -0.2418466955423355 -0.0017192787490785122 -0.05243443697690964 0.1530233770608902 -0.10819290578365326 0.0442824512720108 0.11775928735733032 0.009905330836772919 0.019550763070583344 -0.13614946603775024 -0.15361598134040833 0.1006973534822464 -0.030148644000291824 0.14146237075328827 0.09465084969997406 0.08146825432777405 -0.08070021122694016 0.10265729576349258 -0.02997066266834736 -0.04669792577624321 0.002752368338406086 -0.10376720875501633 0.1421879082918167 0.14829319715499878 -0.04782973229885101 -0.11302411556243896 -0.07085438817739487 -0.08232751488685608 -0.10398905724287033 -0.08209707587957382 0.011110171675682068 0.1702563464641571 0.16768409311771393 -0.1484375149011612 0.027364937588572502 0.08665110915899277 0.1216040775179863 0.14842092990875244 0.13154488801956177 0.11097578704357147 0.16179655492305756 0.09038403630256653 0.13709747791290283 0.029172366484999657 -0.0566079318523407 -0.07629496604204178 0.10876087099313736 -0.19222302734851837 0.023255661129951477 0.056534990668296814 -0.12038879096508026 -0.017566697672009468 0.0009568221285007894 0.026136348024010658 0.08989830315113068 0.09897369146347046 -0.004505636170506477 0.08049166202545166 -0.01194849144667387 0.278523325920105 0.07615872472524643 0.17690129578113556 0.08376716077327728 0.07078930735588074 -0.22719646990299225
0.02725951187312603 -0.06025619059801102 -0.014493330381810665 0.06452486664056778 -0.02103792130947113 0.06867668032646179 0.05701041966676712 0.09201888740062714 0.12152943760156631 0.00956742838025093 -0.013087587431073189 -0.018074817955493927 0.07084569334983826 0.19001640379428864 0.06214741989970207 0.005261334590613842 0.03157101944088936 -0.0925486832857132 -0.24133536219596863 -0.07477889955043793 -0.049556370824575424 0.18187694251537323 0.006633737124502659 -0.10182955861091614 -0.14472997188568115 -0.159194216132164 0.12124445289373398 0.17653822898864746 0.0578184612095356 -0.03642399236559868 0.1273266226053238 -0.11677009612321854 0.18661299347877502 0.12150987982749939 -0.04248879477381706 0.07380160689353943 0.16312389075756073 -0.04935383424162865 0.113694928586483 -0.03780786320567131 -0.05912342295050621 -0.018073106184601784 0.07104720920324326 0.09101484715938568 0.2198672592639923 -0.1291692852973938 -0.07918959110975266 0.060936328023672104 0.11315220594406128 0.14759720861911774 -0.06096349656581879 0.04429980739951134 -0.11107635498046875 -0.11021054536104202 -0.030262354761362076 -0.004438772797584534 0.1160772442817688 0.03631287068128586 0.06008066236972809 -0.010907313786447048 -0.07572431117296219 -0.1618836224079132 -0.07610979676246643 -0.07279986888170242 -0.010272878222167492 0.12730158865451813 0.03852374479174614 -0.11529906839132309 -0.07692372053861618 0.025124462321400642 0.16833756864070892 0.06455585360527039 0.025867382064461708 0.113498255610466 0.03976404294371605 -0.052608709782361984 -0.026149172335863113 0.0010622943518683314 0.008738584816455841 0.029877925291657448 0.07359036058187485 0.14629815518856049 0.15880964696407318 0.027297595515847206 0.10629738122224808 -0.16497233510017395 0.030809402465820312 0.025080332532525063 -0.024881593883037567 -0.33900415897369385 -0.04243243485689163 -0.04778637737035751 -0.09505285322666168 0.07022028416395187 0.02660650759935379 -0.06619668751955032 -0.13714179396629333 -0.010407174937427044 -0.02590075694024563 0.08655867725610733
-0.1503838747739792 0.11245475709438324 -0.007006453350186348 0.08309219032526016 0.147576704621315 0.02839803136885166 -0.11151762306690216 0.02097979001700878 0.119088314473629 -0.19702036678791046 -0.02538018859922886 0.0427282452583313 -0.10460571944713593 0.05023881793022156 0.1249639019370079 0.010465660132467747 0.01772676594555378 0.1254943609237671 0.02088320069015026 0.10542339831590652 -0.003710083430632949 -0.01601550169289112 0.10984949767589569 0.14459960162639618 0.10764744877815247 0.05450509861111641 -0.03272850066423416 0.004812951665371656 -0.03967609629034996 -0.03496395796537399 0.10368409007787704 -0.07618515193462372 -0.046061065047979355 0.05431875213980675 0.07931952178478241 -0.02252432517707348 -0.007785657420754433 -0.088382288813591 -0.0542118102312088 -0.03109048679471016 0.10526088625192642 -0.07187750935554504 0.042829323559999466 -0.014787722378969193 -0.008508585393428802 -0.016623971983790398 -0.12479543685913086 -0.005715314764529467 -0.16085933148860931 0.07105521112680435 0.01739554852247238 -0.09898208826780319 -0.23183771967887878 -0.052335601300001144 0.0051919687539339066 0.01861952245235443 0.015422405675053596 0.1044405996799469 0.14670701324939728 0.012579199858009815 0.2582393288612366 0.07087153941392899 -0.0547846257686615 0.09945549815893173 -0.06448594480752945 -0.031340762972831726 -0.18357180058956146 -0.1416824609041214 0.10195962339639664 -0.03395385295152664 0.08497359603643417 0.21725744009017944 -0.00011068778985645622 0.16056056320667267 0.08185860514640808 0.003874029964208603 0.17463570833206177 -0.1166161522269249 -0.006381165701895952 0.09070030599832535 -0.13611802458763123 0.050718918442726135 0.06812915205955505 0.04489032179117203 -0.16082362830638885 0.12680405378341675 -0.02042665332555771 -0.16358113288879395 0.31914716958999634 -0.03168214485049248 0.025608185678720474 -0.031239084899425507 -0.058250173926353455 0.03350566327571869 0.12297996878623962 -0.08005641400814056 -0.044559575617313385 0.1052335873246193 -0.1354728639125824 0.0028957007452845573
0.18392740190029144 0.12057341635227203 -0.13175319135189056 0.10125255584716797 -0.20622019469738007 0.02001134306192398 0.03062071092426777 -0.10297293215990067 0.017953475937247276 0.009209338575601578 -0.013541215099394321 0.09412598609924316 -0.09746506810188293 0.05136215686798096 0.060503993183374405 -0.11325427889823914 -0.0658096894621849 0.009848034009337425 -0.008959955535829067 -0.19907262921333313 -0.0090717738494277 -0.025577925145626068 -0.01717299409210682 0.006621159613132477 0.034075766801834106 0.09209443628787994 0.12119977921247482 -0.1344933956861496 0.07594023644924164 -0.14021123945713043 0.1205955296754837 -0.15371239185333252 0.058400750160217285 -0.08145880699157715 0.044635623693466187 0.0444609597325325 -0.17416557669639587 0.06909748166799545 -0.12093515694141388 -0.03567974641919136 0.01903260312974453 -0.012586282566189766 0.08653910458087921 0.06684562563896179 0.06494790315628052 -0.18196888267993927 0.08658738434314728 0.1840369701385498 -0.10545696318149567 -0.016735173761844635 0.0009186974493786693 -0.06854456663131714 0.07715247571468353 0.10027739405632019 -0.09952675551176071 -0.054550401866436005 0.15295125544071198 0.1398828625679016 0.07927810400724411 -0.034915708005428314 0.0803193598985672 0.169880211353302 -0.08559245616197586 -0.0021581256296485662 -0.21303175389766693 0.011715400032699108 0.07643231749534607 0.05970530956983566 0.0022921846248209476 -0.0517018660902977 0.054143525660037994 -0.08215998858213425 0.08387796580791473 -0.2123234122991562 -0.048831257969141006 0.06287258863449097 0.13215266168117523 -0.002191751729696989 0.08950568735599518 0.13631285727024078 -0.0990949273109436 -0.18079154193401337 -0.09382856637239456 0.09305128455162048 -0.042559221386909485 -0.030282918363809586 0.045480165630578995 0.030260132625699043 -0.14276213943958282 -0.0702311173081398 0.011478814296424389 -0.02539764530956745 -0.06633275002241135 0.28046712279319763 0.11540388315916061 0.04904484376311302 0.03512680530548096 -0.1403418332338333 -0.06453575193881989 0.022385532036423683
0.10759951174259186 0.09353825449943542 -0.027191974222660065 -0.06556659191846848 0.09638991206884384 0.26064813137054443 0.15735533833503723 -0.027255920693278313 0.06497547030448914 -0.011323194950819016 0.03738798573613167 -0.2244138866662979 0.0746104046702385 -0.1512911021709442 0.03505140170454979 -0.07809029519557953 0.032551415264606476 -0.02013733796775341 -0.09933917224407196 0.03142678737640381 -0.035332534462213516 -0.0476369634270668 -0.07835268974304199 -0.03707969933748245 -0.06478184461593628 -0.03443222865462303 -0.09745955467224121 0.10386243462562561 -0.002518928376957774 -0.02426283061504364 0.08714921027421951 -0.009760142304003239 -0.052996255457401276 -0.021754376590251923 -0.07522228360176086 -0.03747711703181267 -0.0667315199971199 -0.018257535994052887 0.010619077831506729 -0.009885878302156925 0.03994693607091904 0.19969505071640015 -0.16214673221111298 0.006120777688920498 0.06933262199163437 0.04347798973321915 0.08240628987550735 0.041598428040742874 -0.023240871727466583 -0.016064830124378204 -0.13414597511291504 0.13891929388046265 0.041830938309431076 -0.12779828906059265 0.05951704829931259 -0.25760987401008606 0.09926261752843857 0.12241058051586151 0.11235801875591278 -0.16790330410003662 -0.13045647740364075 -0.0003733559278771281 0.12529350817203522 0.059385716915130615 0.04016600176692009 0.015123283490538597 -0.007259416859596968 0.06938282400369644 0.14259034395217896 -0.05029681697487831 -0.004140858538448811 0.2079852968454361 -0.12614265084266663 -0.14553532004356384 -0.11840838193893433 -0.031847499310970306 0.21280193328857422 0.10237900167703629 0.12040266394615173 -0.15530873835086823 0.03999270126223564 -0.0011492796475067735 -0.1126907467842102 0.0030570856761187315 -0.12283468246459961 0.025200551375746727 0.001021228265017271 -0.07445521652698517 0.15282084047794342 -0.04535764828324318 -0.1385681927204132 0.1111842542886734 -0.1278243064880371 -0.000521582318469882 -0.17938485741615295 0.10085548460483551 0.09087897092103958 0.03392348438501358 -0.12695758044719696 0.015430480241775513
-0.0717938244342804 -0.12401033192873001 -0.04733632877469063 0.07891442626714706 -0.11567313224077225 -0.03934592008590698 0.030670151114463806 0.2515144348144531 -0.005925851408392191 0.08592958748340607 0.17297226190567017 -0.1611412912607193 0.0039616902358829975 0.16582748293876648 0.14089806377887726 -0.0890081599354744 0.04753837734460831 0.05564221739768982 -0.06307406723499298 -0.06691206991672516 0.11283208429813385 0.05386950820684433 0.09433797001838684 -0.07663607597351074 -0.11384724825620651 -0.040009237825870514 0.09077435731887817 -0.13797704875469208 -0.10195060819387436 0.04522697627544403 0.13328136503696442 0.07525808364152908 -0.12319360673427582 -0.20889978110790253 0.07008299231529236 -0.1957150399684906 0.0060114748775959015 -0.022040607407689095 -0.05402277037501335 0.025769509375095367 -0.08620139956474304 0.13294224441051483 -0.06385710090398788 -0.011491280049085617 -0.10465162247419357 -0.11193570494651794 -0.1263533979654312 0.18555273115634918 0.11123812943696976 0.09195034950971603 -0.056943222880363464 0.017618965357542038 0.06507061421871185 0.01751537062227726 0.05891444906592369 0.07422418147325516 0.15372875332832336 0.037184037268161774 -0.1261463314294815 -0.004171983804553747 0.0074170976877212524 0.1869240403175354 -0.1472969502210617 0.08546969294548035 -0.09046503901481628 0.021345125511288643 -0.15356053411960602 0.11148809641599655 0.07237336784601212 0.027028784155845642 -0.10866318643093109 0.1993863582611084 0.06452669203281403 0.014331557787954807 -0.12736108899116516 -0.09464883804321289 -0.23001308739185333 -0.03223296254873276 -0.019921844825148582 -0.04387037456035614 0.07934919744729996 -0.029777849093079567 -0.05727867782115936 0.018140004947781563 0.051612161099910736 0.032389599829912186 -0.16471508145332336 -0.040558747947216034 0.110816590487957 0.06411370635032654 0.006180939264595509 -0.06149257346987724 0.1147780790925026 -0.07011818140745163 0.008491075597703457 -0.07424911111593246 0.0667765662074089 -0.004619288258254528 -0.009665471501648426 0.13943573832511902
0.14445604383945465 -0.16588351130485535 -0.040808916091918945 0.011217194609344006 -0.03257336840033531 -0.0753096267580986 0.08651233464479446 -0.05899149551987648 -0.12132042646408081 -0.06256810575723648 0.02657853066921234 0.06668458133935928 -0.01426190696656704 -0.02584609016776085 0.0954379290342331 0.15694020688533783 -0.0001295311958529055 0.05935843661427498 0.06283041834831238 0.11634362488985062 0.11330274492502213 -0.07546975463628769 -0.06688540428876877 9.89804220807855e-07 -0.06468518078327179 0.053307898342609406 0.010835421271622181 0.07662907987833023 0.00666033336892724 0.05155674368143082 0.10132300853729248 -0.12867888808250427 0.14126922190189362 -0.027595506981015205 -0.23711034655570984 0.04681001976132393 0.0991244837641716 -0.06566821038722992 0.09559674561023712 0.02685847505927086 -0.05489274114370346 0.04063400626182556 0.09823145717382431 -0.2586013078689575 0.06243269890546799 0.004789450671523809 -0.07969644665718079 -0.02971756085753441 -0.0793478861451149 0.130349263548851 0.07937566190958023 -0.065298892557621 0.1854562610387802 -0.2976321876049042 0.11294466257095337 0.11139819025993347 0.05470278859138489 -0.02600625343620777 0.057965122163295746 0.017800359055399895 0.03889834135770798 -0.05480530112981796 0.142523854970932 0.05583125725388527 -0.07830047607421875 0.01535446010529995 0.0681379958987236 0.020935969427227974 0.004221784416586161 -0.11186964064836502 -0.2177800089120865 -0.04704668000340462 -0.008472192101180553 0.042931586503982544 0.011139537207782269 -0.08080751448869705 0.01369995716959238 0.1582910418510437 0.14548243582248688 0.07703305780887604 -0.09975127130746841 -0.12372808158397675 -0.15273182094097137 0.02239438332617283 0.07832213491201401 -0.007988168857991695 0.030496874824166298 -0.1575586348772049 0.010382275097072124 0.11409515887498856 0.0028960383497178555 -0.07807943969964981 0.06733927875757217 -0.005345954559743404 0.002071115653961897 -0.25515133142471313 -0.11930117011070251 -0.06542278081178665 -0.21954548358917236 0.05678904056549072
0.02862992137670517 0.12331152707338333 -0.15071524679660797 0.02348351664841175 0.026342717930674553 0.05126731097698212 0.10405541211366653 0.052715644240379333 -0.13057930767536163 0.13876213133335114 0.002830879995599389 0.0378573015332222 0.1716838926076889 -0.14098802208900452 -0.10848477482795715 0.05446412041783333 -0.07366914302110672 -0.025739163160324097 0.14919482171535492 0.18626734614372253 -0.08633588999509811 -0.03246109560132027 0.038567543029785156 0.06639280170202255 0.06281279027462006 0.036823030561208725 0.06690514087677002 -0.08055900782346725 0.12363013625144958 -0.01713685691356659 -0.06031811609864235 0.12997448444366455 0.16353917121887207 0.0026465116534382105 0.04235083609819412 -0.03329172730445862 -0.13497836887836456 0.10352718830108643 -0.10976563394069672 0.03982369974255562 -0.21511614322662354 0.087150439620018 0.0803787112236023 -0.0374813936650753 0.005743685644119978 -0.07130834460258484 -0.028068669140338898 -0.058338843286037445 -0.09065263718366623 0.13485950231552124 -0.32644036412239075 0.10906605422496796 -0.021425416693091393 0.031031865626573563 -0.148058220744133 0.03586159646511078 0.06369441747665405 0.005322347395122051 0.038527920842170715 -0.016742108389735222 -0.00812544021755457 0.04891553521156311 0.09269863367080688 0.15514998137950897 0.15331429243087769 -0.07362401485443115 -0.2831766903400421 0.08384530246257782 -0.18171828985214233 0.05392337590456009 0.025884680449962616 0.05779983848333359 0.03415845334529877 0.05487505719065666 -0.024363525211811066 0.002933197421953082 -0.04283537343144417 -0.07084676623344421 0.13820955157279968 -0.004176685120910406 0.05332563817501068 0.09618707746267319 0.022488290444016457 0.03167875483632088 0.08333937078714371 0.0669545829296112 0.17054469883441925 -0.05334462970495224 -0.06292586773633957 -0.14005690813064575 0.1817721724510193 0.0012824463192373514 -0.07896889001131058 -0.05199088156223297 0.0945391058921814 -0.1894354224205017 -0.01756099797785282 -0.05601705610752106 -0.01898006722331047 0.019806325435638428
-0.07175801694393158 -0.14815634489059448 -0.05191763862967491 -0.05442272499203682 -0.007608924061059952 -0.023741459473967552 0.0632077306509018 0.22316530346870422 -0.08037316054105759 0.12409736216068268 0.14487867057323456 -0.07599224895238876 -0.1271534413099289 0.011659281328320503 -0.16400450468063354 0.004023436922580004 -0.1283774971961975 -0.07369651645421982 0.10765895247459412 -0.0018358324887230992 0.18455146253108978 -0.0077745625749230385 0.08011317253112793 0.03895227238535881 0.11569959670305252 0.06824873387813568 -0.03504190593957901 -0.04264334216713905 0.15544360876083374 -0.0034250933676958084 0.004847399424761534 -0.023171763867139816 0.09802748262882233 -0.20503146946430206 0.015228030271828175 0.057140469551086426 -0.05419595167040825 -0.0894787460565567 0.015966111794114113 0.13397188484668732 -0.13850058615207672 -0.14913931488990784 -0.06238950043916702 -0.03672633692622185 0.08762169629335403 -0.03414039686322212 -0.08065205067396164 -0.0713920071721077 -0.10793490707874298 -0.01912444643676281 -0.01684594713151455 -0.019003164023160934 -0.1365252137184143 -0.013239153660833836 0.004048630595207214 -0.07695125788450241 -0.10436878353357315 -0.1110682338476181 -0.07913632690906525 0.10932882875204086 0.008190915919840336 -0.09389560669660568 -0.027918994426727295 -0.04918615520000458 -0.0451195128262043 0.026547249406576157 0.17597481608390808 0.06774243712425232 0.03482936695218086 0.13831253349781036 0.015424417331814766 0.27254509925842285 -0.010870150290429592 0.026646340265870094 -0.11969118565320969 -0.03771667554974556 0.20339736342430115 0.17775960266590118 -0.053047701716423035 0.09465296566486359 -0.07738234102725983 -0.07934561371803284 0.03335830196738243 0.011163935996592045 -0.12431947141885757 -0.04541586712002754 0.0861135944724083 0.23207370936870575 0.039335642009973526 -0.07236015051603317 -0.1361405849456787 0.2942572236061096 0.03436941280961037 0.03162688389420509 0.07535535842180252 -0.03640040010213852 -0.07846268266439438 0.0028544501401484013 0.028306318446993828 0.04906287044286728
0.16946446895599365 -0.0010755641851574183 -0.2774616777896881 -0.23427242040634155 0.04621591418981552 0.03728681430220604 0.030268101021647453 -0.010139637626707554 0.023894542828202248 0.03100692853331566 0.0021721809171140194 0.054504215717315674 0.05396076291799545 -0.06492845714092255 -0.07653828710317612 0.07327008992433548 0.0011140868300572038 0.015008954331278801 0.02188088558614254 0.009701762348413467 0.15034762024879456 -0.049702562391757965 -0.051268454641103745 -0.11031079292297363 0.06381138414144516 0.02560076117515564 0.28303685784339905 0.0857967808842659 -0.19302451610565186 -0.07842050492763519 -0.07658451795578003 0.13820338249206543 -0.025330035015940666 0.10997950285673141 -0.010036354884505272 -0.10920453071594238 0.014327390119433403 0.10620701313018799 0.004468867089599371 -0.13249734044075012 -0.03999947011470795 0.04523622244596481 -0.09055589884519577 -0.012629243545234203 0.15632879734039307 -0.06984087824821472 -0.22235748171806335 -0.15974798798561096 0.09622505307197571 -0.011110375635325909 0.07203225791454315 -0.06018463894724846 -0.05043380334973335 -0.12611934542655945 -0.1052604392170906 -0.05396413803100586 0.15336309373378754 -0.037155285477638245 -0.1290503889322281 0.057028744369745255 0.04550513997673988 -0.025998977944254875 -0.1212095320224762 0.061164502054452896 -0.017822377383708954 0.08501735329627991 -0.0151872169226408 0.02760613150894642 0.016700876876711845 -0.016560586169362068 -0.004438304342329502 -0.1682938039302826 -0.035045068711042404 0.12141752988100052 0.09222891926765442 -0.01489387545734644 0.14631015062332153 -0.12278737127780914 -0.05748172104358673 0.14299486577510834 0.05927132070064545 0.015815407037734985 -0.03643226996064186 0.08127012103796005 -0.19653698801994324 0.1032823994755745 -0.2588345408439636 0.0048709954135119915 -0.05199706181883812 0.04718086123466492 -0.1205063909292221 0.11013910919427872 -0.056689050048589706 -0.0017868144204840064 0.03285743668675423 -0.028449973091483116 0.17533722519874573 -0.0021000895649194717 0.07332941144704819 0.029030470177531242
0.09025658667087555 -0.007339250296354294 0.05799878388643265 -0.06028622388839722 0.11571753770112991 -0.053869668394327164 -0.05407975614070892 0.15421608090400696 -0.06461968272924423 0.022606996819376945 -0.039837151765823364 -0.24225841462612152 -0.19255951046943665 -0.09526611119508743 0.016907408833503723 -0.12012635171413422 -0.03868507966399193 0.09823359549045563 0.05130094662308693 -0.11359385401010513 0.02358316443860531 0.0708913505077362 -0.1526927351951599 0.11447376757860184 0.09599461406469345 -0.03138977289199829 -0.011088861152529716 0.04867875203490257 0.15311411023139954 -0.04703612998127937 -0.10278495401144028 -0.12106869369745255 0.21502596139907837 0.048153962939977646 -0.03606314957141876 0.04336179420351982 0.06788672506809235 0.019818086177110672 0.11128188669681549 -0.09178008139133453 -0.037759456783533096 0.007156897336244583 0.1579580157995224 0.1545282006263733 -0.13231998682022095 -0.06546156853437424 -0.08736972510814667 0.0009301447425968945 0.009383918717503548 0.02832433395087719 -0.06073370203375816 0.12477977573871613 0.04838452488183975 0.1602465659379959 -0.06958859413862228 0.16396045684814453 0.01247150357812643 0.16447964310646057 0.020476393401622772 0.030469728633761406 -0.11670653522014618 0.12202449887990952 0.10617037117481232 0.133451908826828 -0.13683797419071198 -0.05826333165168762 0.012064804323017597 -0.16948115825653076 -0.1588476151227951 -0.07441550493240356 -0.06186414882540703 0.05484789237380028 -0.060429010540246964 0.165433868765831 0.10534392297267914 -0.11240140348672867 0.00010350264346925542 -0.15389256179332733 -0.01928616315126419 -0.09707553684711456 0.022608064115047455 -0.1188177838921547 -0.09476543217897415 -0.057400330901145935 -0.13037332892417908 -0.11718107759952545 -0.13193048536777496 0.011311325244605541 -0.048482585698366165 0.19080418348312378 -0.1281346082687378 0.044641945511102676 -0.1752568483352661 -0.051283448934555054 -0.0873827189207077 0.010924101807177067 -0.0668736919760704 -0.0047598183155059814 0.05458619073033333 0.05155487731099129
0.032475244253873825 0.15625187754631042 -0.19206087291240692 0.1426832675933838 -0.03684748336672783 0.000747096783015877 -0.03741186112165451 0.08338145911693573 0.20582462847232819 -0.025599636137485504 -0.11224087327718735 -0.1344134360551834 -0.04185333847999573 0.126583531498909 0.1099419891834259 -0.03625684231519699 -0.08281494677066803 0.02612854726612568 -0.020162515342235565 -0.07730843126773834 0.04140719398856163 -0.08719457685947418 0.04510311782360077 -0.0768817588686943 0.0033000316470861435 0.1471642106771469 -0.1804571896791458 -0.10033950209617615 0.0010440562618896365 0.24065887928009033 -0.12825380265712738 0.15028612315654755 0.01599210873246193 -0.10114076733589172 -0.005513104144483805 0.11259417235851288 -0.02477969229221344 0.06670323759317398 -0.1373634785413742 0.06644439697265625 0.11690991371870041 0.12941622734069824 -0.11416906863451004 0.010811898857355118 0.002027120441198349 0.17695574462413788 -0.15506254136562347 -0.14225944876670837 0.0208769328892231 -0.09695228189229965 -0.09006162732839584 0.1531323492527008 -0.04567570984363556 -0.08775189518928528 -0.011360582895576954 0.004828583914786577 0.13039399683475494 0.140473410487175 0.0019784874748438597 0.10135690122842789 0.06317183375358582 -0.1567060351371765 0.07647829502820969 0.031134864315390587 -0.0957980826497078 -0.07169025391340256 0.23475317656993866 0.06511827558279037 -0.06378306448459625 0.11579961329698563 0.03878723457455635 -6.081880201236345e-05 -0.04383542016148567 0.1249510794878006 0.021514547988772392 0.07890162616968155 -0.026146959513425827 -0.04419560730457306 -0.09924454987049103 0.006198852322995663 -0.06774674355983734 -0.041996948421001434 0.01182386465370655 0.06644511967897415 0.1299457997083664 -0.14357034862041473 -0.08822378516197205 -0.1382828652858734 -0.1496194452047348 -0.030221913009881973 0.05893109366297722 -0.009238922037184238 0.014280436560511589 0.07400941848754883 -0.10379448533058167 -0.159590944647789 -0.048452794551849365 0.03647392615675926 -0.04751439020037651 -0.16256316006183624
0.08362910151481628 0.03987406566739082 0.09092683345079422 0.010611685924232006 0.14220094680786133 0.0685269758105278 -0.07476481795310974 0.03484364598989487 0.023449871689081192 0.020429329946637154 -0.017021847888827324 -0.2312179058790207 -0.0014728358946740627 0.1440974324941635 -0.09416942298412323 -0.15750017762184143 -0.09180418401956558 0.1116856038570404 -0.003080418799072504 0.22735168039798737 0.1482623815536499 -0.032289981842041016 0.07393547892570496 -0.1594192385673523 -0.14681117236614227 -0.011730851605534554 0.130875825881958 -0.18906238675117493 0.07305565476417542 0.11414647102355957 -0.026489490643143654 0.00790448859333992 -0.009044760838150978 0.11068020015954971 -0.025515753775835037 0.12555617094039917 0.09725674986839294 -0.13103611767292023 -0.19340917468070984 0.11212872713804245 0.013475541025400162 0.09464596956968307 -0.16060908138751984 -0.16291069984436035 0.07377701252698898 -0.027874112129211426 0.0802057608962059 0.10342975705862045 -0.07826470583677292 0.11293254047632217 0.0049779945984482765 -0.009010993875563145 0.0973399430513382 0.06795546412467957 0.05518088862299919 0.06964880973100662 -0.14650937914848328 -0.008750400505959988 -0.07455766201019287 0.012622060254216194 -0.06330527365207672 0.05106593295931816 -0.06857843697071075 -0.11377306282520294 0.06456070393323898 0.18736878037452698 -0.09984259307384491 -0.23790694773197174 -0.09099209308624268 -0.10302195698022842 0.0061388518661260605 -0.08531269431114197 0.057399727404117584 -0.09031003713607788 0.043592069298028946 -0.05375856161117554 0.06547093391418457 -0.08107646554708481 -0.0810384526848793 0.20423997938632965 0.054104797542095184 0.08856803178787231 -0.1210486963391304 0.013091511093080044 -0.08291438966989517 -0.010896439664065838 0.08305179327726364 0.06348776072263718 -0.06757964938879013 0.07605509459972382 0.07265855371952057 0.07220403850078583 -0.10022585839033127 0.09266678243875504 -0.024539239704608917 -0.022148098796606064 0.022875705733895302 0.06148342788219452 -0.12459912896156311 -0.16711625456809998
0.11374925822019577 0.04857455566525459 -0.031185420230031013 0.001484696171246469 0.06441624462604523 0.13755297660827637 0.2794398069381714 0.018617896363139153 0.16662080585956573 0.09304148703813553 0.047810688614845276 0.038082949817180634 0.03752344474196434 -0.1581764668226242 -0.021484017372131348 0.04806285724043846 -0.14809656143188477 -0.2549175024032593 0.030509160831570625 -0.12497838586568832 0.08156882226467133 -0.06730210036039352 -0.0724954679608345 0.13087524473667145 0.0645894855260849 0.09102415293455124 0.008094830438494682 -0.022531218826770782 -0.08907495439052582 -0.06179748475551605 0.027306843549013138 -0.06876098364591599 -0.02674911357462406 0.016653157770633698 0.031160203740000725 0.0030337965581566095 0.05437079817056656 -0.3405674695968628 -0.025778213515877724 0.04945105314254761 -0.07793159782886505 -0.12295279651880264 -0.06979383528232574 -0.0627031922340393 -0.07237172871828079 -0.03394651785492897 -0.01414633821696043 -0.019210334867239 0.13853628933429718 -0.004405648447573185 0.1275244653224945 0.09833870083093643 -0.048627741634845734 0.1422068178653717 -0.015867145732045174 0.06325455009937286 -0.09975355118513107 0.06287142634391785 -0.051145680248737335 -0.08473707735538483 0.04584488272666931 0.041613832116127014 0.023205598816275597 -0.13374386727809906 -0.0018085988704115152 -0.09301973879337311 -0.1484246701002121 -0.16444702446460724 0.01902991347014904 0.0006431463989429176 -0.12172701954841614 0.06404650956392288 -0.012301312759518623 -0.11005717515945435 0.11522192507982254 0.2280368059873581 -0.15685996413230896 0.08197768032550812 -0.0953584536910057 0.04689866304397583 -0.058932267129421234 0.06330221146345139 0.13274265825748444 0.049357492476701736 0.09453460574150085 -0.14331704378128052 -0.09393459558486938 -0.13912448287010193 0.014585921540856361 0.03955148532986641 -0.08860217779874802 -0.02993883192539215 -0.07217460125684738 0.06095533445477486 -0.03432441130280495 -0.18751144409179688 0.13291266560554504 -0.09128451347351074 -0.049729716032743454 -0.0058913868851959705
-0.058598753064870834 -0.07997110486030579 -0.09345729649066925 -0.05049934238195419 -0.054723240435123444 -0.031601473689079285 -0.02133674919605255 0.2435174286365509 -0.18304544687271118 -0.24124717712402344 0.17098863422870636 0.0676492229104042 -0.10516729950904846 -0.038005292415618896 0.06564781814813614 -0.02090711146593094 0.10123743116855621 -0.1555076688528061 0.10966529697179794 -0.17967616021633148 -0.006286971271038055 0.07721435278654099 0.12238015979528427 -0.06869780272245407 0.04691488668322563 0.025100087746977806 -0.16779108345508575 0.17327852547168732 -0.04957658797502518 -0.06854429095983505 0.05318628251552582 0.040038082748651505 0.06628109514713287 0.17247436940670013 -0.06262645125389099 -0.030823219567537308 0.05726886913180351 0.05428076907992363 -0.07550376653671265 0.0825679823756218 -0.15259648859500885 0.10518000274896622 -0.10513993352651596 -0.01248701848089695 0.02900625951588154 0.07007990777492523 0.0529441274702549 0.13387431204319 0.11855147033929825 -0.06811187416315079 -0.1851208209991455 -0.0006373442593030632 -0.040099307894706726 0.1448768675327301 -0.04987550526857376 -0.10957388579845428 -0.0482952818274498 0.013114738278090954 0.06909918040037155 -0.0005582166486419737 0.16917283833026886 -0.005639650393277407 0.07728631794452667 -0.049825459718704224 -0.034126166254282 0.14395393431186676 -0.0919647365808487 -0.012812204658985138 -0.2134261429309845 -0.07770250737667084 -0.01827307417988777 -0.10819128900766373 0.06110116466879845 0.022163065150380135 0.11502446234226227 -0.07243234664201736 0.18613691627979279 0.15181531012058258 -0.15194997191429138 0.04166088253259659 0.02037099003791809 -0.05459822714328766 -0.024272017180919647 -0.1590820848941803 0.03454245626926422 0.011969455517828465 0.02106294222176075 -0.07722601294517517 0.025267314165830612 0.012777158059179783 0.055050626397132874 -0.0890766978263855 0.11538255214691162 0.08701271563768387 -0.09809315949678421 -0.011526098474860191 0.1772426813840866 0.016449352726340294 -0.06577569991350174 -0.1275971382856369
-0.01793522760272026 -0.06529785692691803 -0.10346921533346176 -0.0909457728266716 -0.1616307646036148 0.0291945431381464 0.09121561050415039 -0.02257903479039669 -0.0032673294190317392 -0.13193531334400177 -0.003458483377471566 0.016522977501153946 -0.12337981164455414 -0.1773955374956131 0.04037868604063988 -0.07931327074766159 0.19881682097911835 0.07075754553079605 -0.10619008541107178 0.013637246564030647 0.0017341655911877751 0.1418592780828476 -0.19480910897254944 0.03356332704424858 0.05010780319571495 0.00940999947488308 -0.1036808043718338 0.041953086853027344 0.23861737549304962 0.09734863042831421 0.15517395734786987 0.06699585914611816 0.02547936886548996 -0.07515403628349304 0.03481777384877205 0.0528128445148468 -0.12042198330163956 -0.111456960439682 0.017484376206994057 0.10619239509105682 0.11019988358020782 0.19385066628456116 -0.0913902297616005 -0.15854670107364655 -0.018002888187766075 0.07241000980138779 0.002436275826767087 0.06414331495761871 -0.03839511051774025 0.050303488969802856 -0.007316916715353727 -0.013533039018511772 -0.10791189968585968 -0.07651471346616745 -0.25347334146499634 0.016698645427823067 -0.04884282127022743 -0.0348665788769722 -0.016032107174396515 0.014161549508571625 -0.05809187516570091 -0.0024828158784657717 0.1023852601647377 -0.11864492297172546 -0.06593714654445648 -0.050743646919727325 -0.13847710192203522 -0.11094038933515549 0.055532608181238174 -0.054039161652326584 0.061597686260938644 -0.1503489464521408 0.12528923153877258 -0.011767974123358727 -0.17085392773151398 0.08257543295621872 -0.06676687300205231 -0.016596339643001556 -0.10971701890230179 0.09005100280046463 0.09575621038675308 -0.014170602895319462 0.13805192708969116 0.13204148411750793 -0.05717317387461662 0.033624984323978424 -0.10412856191396713 0.00015625923697371036 -0.17620576918125153 0.034436315298080444 -0.057539746165275574 0.016355501487851143 0.006166108883917332 -0.163471981883049 0.19199645519256592 0.008044308051466942 -0.0811174213886261 0.23789873719215393 0.010891042649745941 0.10776909440755844
0.09463931620121002 -0.0792672336101532 -0.01475779339671135 0.03872917965054512 0.05330868437886238 0.0922645851969719 -0.06246956065297127 0.01659812033176422 -0.009323244914412498 0.09020555764436722 -0.1992103010416031 0.03590232878923416 -0.025470230728387833 -0.06416670233011246 -0.15568584203720093 0.022566376253962517 0.17132627964019775 -0.0803857371211052 -0.0939842090010643 -0.08100312948226929 -0.145244762301445 0.21269601583480835 -0.05831315368413925 -0.028825165703892708 -0.07274676114320755 -0.06311216950416565 0.029437391087412834 -0.1689186990261078 0.031374286860227585 0.022976310923695564 0.018468694761395454 -0.04268411919474602 -0.144258052110672 0.06770899146795273 0.10692740976810455 0.05013148859143257 -0.0012345697032287717 0.00970850046724081 -0.04404464364051819 0.09959189593791962 -0.00958749558776617 0.022643955424427986 0.14207985997200012 -0.1947091519832611 -0.07856938242912292 0.03289778530597687 -0.05826174095273018 -0.197526752948761 -0.08701421320438385 -0.08610822260379791 -0.10707010328769684 -0.2141278088092804 -0.05478440225124359 0.059359900653362274 -0.0010380801977589726 -0.07687128335237503 0.003773418953642249 0.14378966391086578 -0.15136028826236725 0.17859017848968506 -0.030237577855587006 0.26815658807754517 -0.04710182920098305 -0.1520102620124817 0.0314488410949707 0.13271667063236237 0.029418017715215683 -0.06713251769542694 0.01612270437180996 -0.02361062727868557 0.019870499148964882 0.1240934208035469 -0.09871899336576462 0.15388846397399902 0.05928585305809975 -0.04402315616607666 0.11152371019124985 0.18887139856815338 0.023701030761003494 -0.03662664815783501 0.005957722198218107 -0.12133997678756714 -0.08092649281024933 0.10082241147756577 0.14518333971500397 0.0769314169883728 -0.04821809381246567 -0.13951633870601654 -0.03298141807317734 -0.0987795814871788 -0.08132260292768478 -0.030058441683650017 0.0394323356449604 -0.1692274659872055 -0.06607966870069504 -0.0017928163288161159 0.001835944247432053 -0.18950699269771576 -0.03690507262945175 -0.08177144080400467
0.09318896383047104 0.1825426071882248 -0.0012861206196248531 -0.04926474392414093 0.006243673153221607 -0.16894689202308655 -0.0010395891731604934 0.005926004610955715 -0.03433817997574806 -0.02949279546737671 -0.004990795161575079 -0.01753300242125988 -0.04211900383234024 -0.07107266783714294 0.05348610505461693 0.09256359934806824 -0.04133866727352142 0.011886030435562134 0.26106521487236023 -0.020542502403259277 0.021798456087708473 0.08461441099643707 -0.09989018738269806 -0.0299378652125597 -0.05020277574658394 0.16538874804973602 -0.03201055899262428 -0.05851280316710472 0.011604341678321362 0.04705777391791344 0.028667544946074486 -0.1436142921447754 0.09711883217096329 0.15243351459503174 -0.18563078343868256 0.1696884036064148 0.00310640805400908 -0.1247197762131691 -0.011693907901644707 -0.028041064739227295 -0.06102757900953293 0.033259067684412 0.09752683341503143 0.058465853333473206 -0.02965387888252735 -0.01422970462590456 0.02479422837495804 0.0940934270620346 -0.0077567254193127155 -0.09074322134256363 0.024600183591246605 -0.09549535065889359 -0.017925098538398743 -0.05102420598268509 0.11257704347372055 -0.059414759278297424 0.005888098385185003 0.07377859950065613 0.10551736503839493 0.16269001364707947 -0.06474093347787857 -0.07953322678804398 -0.09458353370428085 0.03457779809832573 0.0790231004357338 0.28059497475624084 -0.12560591101646423 0.1351357102394104 0.1419278085231781 0.17483703792095184 0.18597343564033508 0.15614213049411774 -0.034920115023851395 -0.06835788488388062 -0.059216659516096115 -0.11578132957220078 -0.09422261267900467 -0.05973351374268532 -0.07760226726531982 0.02041047252714634 0.05197109282016754 0.08188997209072113 0.062240056693553925 0.2516089677810669 0.15230701863765717 -0.006299745291471481 -0.028531009331345558 -0.1337691843509674 -0.04746655747294426 0.13324105739593506 0.06657259166240692 0.09168047457933426 0.07608983665704727 -0.003999494016170502 -0.060142748057842255 0.12040145695209503 0.16297639906406403 0.09520655870437622 0.1418466717004776 0.1273835003376007
0.10171105712652206 0.14822828769683838 -0.04316484183073044 0.05341038852930069 -0.0324106402695179 0.30339086055755615 0.07162860780954361 -0.09625378996133804 -0.05938343331217766 -0.06937744468450546 -0.021249515935778618 -0.005493929609656334 -0.05252626910805702 -0.022374870255589485 0.1663248986005783 0.17449679970741272 -0.006494223140180111 -0.07581426203250885 0.009800177998840809 0.2859785258769989 -0.0423252135515213 -0.01855560764670372 0.19335319101810455 -0.011939785443246365 -0.06360750645399094 0.03938521817326546 -0.08084174245595932 0.03822021558880806 0.1459755301475525 -0.06466345489025116 -0.029458506032824516 -0.02407505363225937 0.04524119943380356 -0.11712649464607239 -0.11525023728609085 -0.07364767789840698 0.07913754880428314 0.07491219788789749 -0.1676689088344574 -0.22003038227558136 -0.08980608731508255 -0.07766104489564896 0.011575557291507721 0.07908694446086884 -0.054492924362421036 -0.004500190727412701 -0.10939328372478485 0.08402451127767563 -0.0005684104398824275 -0.093609519302845 -0.03019193559885025 -0.05112772434949875 0.023156149312853813 0.03458966314792633 -0.01538306288421154 0.056814681738615036 0.016760170459747314 0.04970121383666992 -0.06763250380754471 0.13020268082618713 0.053878381848335266 0.10554584115743637 -0.1808081865310669 -0.1079191341996193 -0.01490690466016531 -0.05213448777794838 0.1604856699705124 -0.2085389792919159 -0.09786300361156464 0.021977942436933517 -0.03171182796359062 -0.09025906771421432 -0.032835304737091064 0.048019349575042725 -0.07113052904605865 0.09532997757196426 -0.04848233237862587 0.20997169613838196 -0.14966700971126556 -0.049367066472768784 0.06915198266506195 0.05205299332737923 -0.11617456376552582 -0.07034085690975189 0.05632621794939041 0.06632615625858307 -0.005397349130362272 0.03225782886147499 0.043674107640981674 0.011415146291255951 0.032941240817308426 0.08883946388959885 0.01312884408980608 -0.049741216003894806 -0.0708029493689537 0.06851624697446823 -0.031146490946412086 0.17429591715335846 0.0492694266140461 0.28278934955596924
0.008333366364240646 -0.20470009744167328 0.047773025929927826 0.09652068465948105 0.12993836402893066 0.07024732232093811 -0.056752316653728485 0.15799859166145325 0.09660240262746811 -0.1463431417942047 -0.043470412492752075 -0.16765457391738892 -0.1564439833164215 0.06708723306655884 -0.10083173960447311 0.020792216062545776 0.0798763856291771 -0.073445625603199 0.05025920644402504 -0.04296041280031204 -0.16508378088474274 0.016227683052420616 0.06032933294773102 0.06311193853616714 0.014127220958471298 0.0953340157866478 0.0522998571395874 0.07231087982654572 -0.10530327260494232 -0.060759931802749634 -0.07411165535449982 -0.008431528694927692 0.07607397437095642 0.11306552588939667 -0.051666319370269775 -0.22117315232753754 -0.24905477464199066 0.009958470240235329 -0.13088363409042358 -0.12199167162179947 0.1896093189716339 0.055726755410432816 0.12603245675563812 -0.07012104243040085 -0.041961029171943665 -0.03594675660133362 0.08471249043941498 0.053522638976573944 -2.4852548449416645e-05 -0.015322960913181305 0.017563320696353912 0.011433374136686325 -0.06583291292190552 -0.12840411067008972 0.07856710255146027 0.066098652780056 -0.03605839982628822 -0.06161346659064293 -0.04495818540453911 0.012959868647158146 -0.032381314784288406 -0.08342591673135757 -0.0881100669503212 0.11284789443016052 -0.010707984678447247 0.1471189558506012 -0.036537934094667435 -0.050334516912698746 0.11084265261888504 0.16098293662071228 0.019002271816134453 -0.17984719574451447 0.05902757868170738 -0.05387188494205475 -0.169306680560112 0.14486515522003174 -0.07814126461744308 0.11756393313407898 0.08539216965436935 -0.020096614956855774 0.06961696594953537 -0.14937132596969604 0.05455830320715904 -0.10616134107112885 0.059862859547138214 -0.01027613040059805 0.09112527966499329 -0.03912971541285515 -0.03714507445693016 0.03990409895777702 0.003581781405955553 0.18575333058834076 -0.24565571546554565 -0.018365122377872467 0.016306351870298386 -0.23119719326496124 0.05215776711702347 -0.0761738047003746 0.0765906274318695 -0.02721397764980793
-0.08933912962675095 0.011690204963088036 0.052201367914676666 -0.14271697402000427 -0.006629421841353178 0.03035525232553482 0.04014836251735687 0.051307786256074905 0.02607300505042076 0.007195363752543926 -0.04980921000242233 0.07601326704025269 -0.02625676430761814 0.0291852205991745 -0.15791724622249603 0.0038241681177169085 -0.08926032483577728 0.07726995646953583 0.05984771251678467 0.18928082287311554 -0.08629113435745239 -0.02504442259669304 0.1281779408454895 0.01464715413749218 -0.2289314717054367 0.015751531347632408 -0.2113236039876938 -0.003071799175813794 0.0003155024314764887 -0.005148508120328188 0.15325050055980682 0.03772503882646561 -0.07237320393323898 0.0429224967956543 -0.01526165846735239 0.0017201369628310204 0.21700511872768402 0.09590048342943192 0.09340918064117432 0.09005411714315414 0.14281247556209564 -0.017419949173927307 -0.07445421814918518 0.1040780246257782 0.10739710181951523 0.06469828635454178 0.19125430285930634 0.00977565161883831 0.059084925800561905 -0.16859951615333557 -0.020374720916152 0.043508440256118774 0.003130438970401883 0.13522537052631378 0.016646409407258034 0.04290018603205681 0.14870713651180267 0.11643468588590622 -0.036857977509498596 -0.07826048135757446 -0.07050994783639908 0.006600986234843731 -0.0904453694820404 0.0030731407459825277 -0.009312046691775322 0.036198392510414124 0.061381496489048004 0.06267391890287399 -0.12636731564998627 -0.09874024987220764 -0.02386089228093624 0.05358290672302246 0.1064743623137474 -0.03152841702103615 0.1330413520336151 -0.004764648154377937 0.07790619134902954 -0.0884108766913414 0.09080278128385544 0.007456359453499317 -0.008432324044406414 -0.22538039088249207 0.20404060184955597 0.10946273058652878 0.06830615550279617 0.09928809106349945 -0.02731378935277462 -0.045785628259181976 -0.06929046660661697 0.11635292321443558 -0.11765645444393158 0.1263161450624466 -0.05142732337117195 -0.03697644919157028 0.20279619097709656 -0.2757827341556549 0.0658179223537445 -0.06037580594420433 0.012032206170260906 0.23889462649822235
0.027716299518942833 -0.11826955527067184 0.04206490144133568 0.09371116012334824 0.10183730721473694 -0.039666518568992615 -0.047267258167266846 -0.03237895295023918 0.04038031026721001 -0.10677380859851837 -0.13949774205684662 0.09860637784004211 0.057553842663764954 -0.008425544016063213 0.1102643609046936 -0.060346923768520355 -0.08606529980897903 -0.09327882528305054 0.0711904764175415 0.045642830431461334 0.16802959144115448 -0.14336790144443512 -0.22809870541095734 -0.10547065734863281 0.009841660037636757 -0.07236343622207642 -0.0810449942946434 -0.011240467429161072 0.029984382912516594 0.0607200488448143 -0.09908367693424225 -0.007499616593122482 -0.017872698605060577 -0.2123696506023407 0.0870400071144104 0.03897973150014877 0.023960188031196594 -0.10469462722539902 0.010000599548220634 0.0451120100915432 -0.004453538917005062 -0.12896156311035156 0.02568763867020607 0.27244821190834045 0.04444855451583862 -0.013733933679759502 0.1523575484752655 0.1047903448343277 0.0423283614218235 0.18409188091754913 0.002479803515598178 -0.021915094926953316 -0.08941889554262161 -0.1019425243139267 -0.14775855839252472 -0.13510456681251526 -0.11036160588264465 0.20110221207141876 -0.10164831578731537 0.16414101421833038 0.01570294052362442 -0.08600658923387527 -0.21395231783390045 0.13449054956436157 0.0028189392760396004 -0.0758829191327095 -0.12346407771110535 0.03205163776874542 -0.016755040735006332 -0.09833819419145584 -0.07826344668865204 -0.11324934661388397 0.10901981592178345 0.09502886235713959 -0.025260258466005325 -0.16583096981048584 0.009307844564318657 0.13087497651576996 0.029532190412282944 -0.11384913325309753 0.09171722829341888 -0.07504187524318695 -0.04321204498410225 0.02703140303492546 0.08865536749362946 0.19765730202198029 0.08082053065299988 -0.035108521580696106 -0.052950188517570496 -0.09170323610305786 -0.1492714136838913 0.01927950233221054 -0.05360468104481697 -0.016862530261278152 -0.04924842715263367 -0.0718398243188858 0.1482803076505661 0.05928916484117508 -0.011918152682483196 -0.10780278593301773
-0.08400717377662659 -0.25878673791885376 -0.06747002899646759 0.06545110046863556 -0.04457072913646698 0.022833794355392456 0.1094895526766777 -0.13267925381660461 -0.03254690766334534 0.062030140310525894 -0.07495512813329697 0.018613968044519424 -0.02378140203654766 -0.1765468716621399 0.05801377072930336 -0.03277585655450821 -0.06118813157081604 0.08939488977193832 -0.10054777562618256 -0.09973432123661041 -0.06413213908672333 0.025792278349399567 -0.07430028915405273 0.16217254102230072 -0.009501757100224495 -0.06335554271936417 -0.16419322788715363 0.1313927322626114 0.051152028143405914 0.13660314679145813 -0.02838047966361046 0.2745859920978546 0.2393951416015625 0.02660706639289856 0.042142339050769806 0.08033847063779831 0.09496307373046875 -0.14496147632598877 -0.07782015204429626 -0.16456389427185059 0.012357105500996113 -0.029397670179605484 -0.10233199596405029 0.10012798011302948 -0.012071256525814533 0.012612733989953995 -0.010653561912477016 -0.13212764263153076 -0.1285495012998581 0.11114904284477234 0.046064894646406174 -0.09902923554182053 0.061545249074697495 0.10168284922838211 0.247035413980484 -0.05249076336622238 0.22855456173419952 -0.11428240686655045 -0.08556314557790756 0.11575855314731598 -0.04365363344550133 0.05596143379807472 -0.126886248588562 -0.02092534489929676 -0.057323113083839417 0.06100909039378166 -0.019773108884692192 -0.033551622182130814 -0.027697483077645302 0.05125482380390167 0.07243770360946655 0.055634696036577225 -0.06527379900217056 -0.20982491970062256 0.042620833963155746 -0.027441756799817085 0.026900876313447952 -0.10202656686306 -0.06777935475111008 0.04129678010940552 0.09048241376876831 -0.09066979587078094 -0.13467666506767273 -0.03930163010954857 0.009055914357304573 0.02255084551870823 0.03657162934541702 0.01608279161155224 0.13677331805229187 -0.05528466776013374 0.14655277132987976 -0.0541503019630909 -0.039168376475572586 0.047376129776239395 0.09302784502506256 -0.10361852496862411 0.14615866541862488 0.0437968447804451 0.050045281648635864 -0.08196131139993668
0.03184754401445389 0.05928534269332886 -0.03795508295297623 -0.0025085669476538897 0.053822726011276245 0.07974181324243546 -0.008578170090913773 -0.19015838205814362 -0.11972817033529282 0.009539354592561722 -0.011193337850272655 -0.027318594977259636 0.06897365301847458 0.011982944793999195 -0.05421930551528931 0.0701630488038063 -0.12212982773780823 -0.10849200934171677 0.12990409135818481 -0.04826891049742699 -0.07703464478254318 0.008813414722681046 -0.02793263830244541 0.03448551148176193 0.027034932747483253 0.141863614320755 0.0033808406442403793 0.01650303229689598 0.010611584410071373 0.1466822326183319 -0.07824896275997162 -0.015059000812470913 -0.0575994998216629 -0.03650059178471565 0.03672705963253975 -0.03772608935832977 0.19566971063613892 -0.041403159499168396 0.14984484016895294 -0.10542631894350052 0.11875715851783752 0.30599603056907654 -0.06645557284355164 -0.07409027218818665 0.047248996794223785 -0.031354840844869614 -0.06302392482757568 0.2544553279876709 0.005325742997229099 0.15535227954387665 -0.18087084591388702 -0.1243254542350769 -0.18655136227607727 -0.0419631265103817 0.11958674341440201 -0.10474386811256409 -0.15765677392482758 -0.020526159554719925 -0.12146392464637756 0.017757097259163857 0.17526739835739136 0.031241541728377342 0.023276982828974724 0.08108481019735336 0.06139720231294632 0.05594005808234215 0.15205375850200653 -0.12687990069389343 -0.09494508802890778 0.04095783084630966 -0.015456450171768665 0.1219867542386055 0.14658750593662262 -0.03777718171477318 -0.02615252137184143 -0.003216539276763797 -0.10748331248760223 -0.051391568034887314 0.1678452044725418 0.04153335466980934 -0.1337965428829193 -0.1971569061279297 0.07489932328462601 -0.061944812536239624 -0.10233044624328613 -0.08145420253276825 -0.09130996465682983 0.0925956666469574 -0.027398820966482162 -0.05200866237282753 -0.05407979339361191 -0.19814740121364594 -0.017042236402630806 -0.03528910502791405 0.007432697340846062 0.05304205045104027 0.011590948328375816 -0.031005142256617546 0.20596395432949066 -0.01257499773055315
0.09302546828985214 -0.06009948253631592 0.025284703820943832 0.006150797475129366 0.0684603899717331 -0.05639096349477768 -0.12810970842838287 0.03719281032681465 -0.11794082075357437 -0.05284542217850685 0.09104401618242264 -0.06977752596139908 0.12135972827672958 -0.07731131464242935 0.04652702808380127 -0.0686279684305191 -0.18627144396305084 0.09286729991436005 0.011222020722925663 -0.08392288535833359 0.04506276547908783 0.05984591692686081 -0.18937058746814728 -0.16137883067131042 0.13707545399665833 -0.11439689993858337 -0.21811647713184357 0.0567307211458683 0.06661377102136612 0.0346255786716938 -0.040106333792209625 0.0952448919415474 -0.14154934883117676 0.21786072850227356 0.08339843153953552 -0.04679730162024498 0.0771639496088028 0.08913625776767731 0.06958305090665817 -0.13088193535804749 0.0021233425941318274 0.09125613421201706 -0.036288272589445114 0.11139834672212601 -0.05877615883946419 -0.12788055837154388 -0.10562670230865479 -0.041461631655693054 -0.02070208080112934 -0.06585194170475006 -0.030942784622311592 -0.11511468142271042 -0.02032124064862728 0.06021924316883087 0.035952940583229065 0.08634378761053085 -0.009777693077921867 0.00668655801564455 -0.06253448128700256 -0.0682239830493927 0.1561700850725174 0.0343763530254364 -0.038199327886104584 0.059684768319129944 -0.030077524483203888 0.10870399326086044 0.07719454169273376 0.030894596129655838 0.059034574776887894 -0.0011164770694449544 -0.13091804087162018 0.02440209873020649 -0.02149360440671444 -0.08528849482536316 -0.012335225008428097 0.18378354609012604 -0.167770653963089 0.16879354417324066 -0.008476152084767818 0.015073895454406738 -0.07551925629377365 0.15101896226406097 0.1225530132651329 0.14314581453800201 -0.0029303370974957943 0.11807259917259216 0.08927801996469498 0.0034278954844921827 -0.1129949539899826 -0.07686425745487213 0.08485932648181915 0.19675453007221222 -0.07068704813718796 0.036417122930288315 0.05818900093436241 0.043715741485357285 -0.13049578666687012 -0.04996529594063759 -0.34660062193870544 0.08583223819732666
0.07955773919820786 -0.10256058722734451 -0.013826844282448292 -0.05979844182729721 0.0743514895439148 0.06612898409366608 -0.004749102517962456 -0.0022958440240472555 0.07218971103429794 -0.01415820699185133 -0.3021131157875061 0.14152799546718597 0.012477046810090542 -0.056800708174705505 0.03232313692569733 -0.34868255257606506 0.1673116683959961 -0.18914653360843658 0.04978160932660103 0.035050589591264725 0.06634096801280975 -0.04114111140370369 -0.04556044936180115 0.06457355618476868 0.08054978400468826 0.1195940300822258 -0.06114494800567627 -0.052950773388147354 0.04968942701816559 -0.15912790596485138 0.10195896774530411 -0.030129579827189445 -0.048844851553440094 0.0692528560757637 0.1091129258275032 0.06698529422283173 0.14488476514816284 0.08246424049139023 0.03752179071307182 -0.08185293525457382 -0.04313899204134941 0.018382694572210312 0.010145146399736404 -0.08831655234098434 0.07126558572053909 0.041901398450136185 0.0029483723919838667 -0.0029183176811784506 0.046513695269823074 0.07874654978513718 0.028123989701271057 0.1113000214099884 0.17035813629627228 -0.20846210420131683 0.007186346221715212 -0.0589345283806324 0.020630408078432083 -0.05160718038678169 0.028828611597418785 -0.10027362406253815 0.1575765460729599 0.16544979810714722 -0.15346163511276245 0.10700049251317978 0.10933849960565567 0.0954652950167656 0.0093171251937747 0.09439730644226074 -0.0723365917801857 0.04283994436264038 0.002985822968184948 0.16273751854896545 -0.04637809842824936 0.07849781960248947 -0.12430344521999359 0.09162461012601852 -0.01678246632218361 -0.1265198290348053 -0.18801988661289215 -0.030758116394281387 0.02027447149157524 -0.023643312975764275 0.06496257334947586 -0.14118677377700806 0.11897525936365128 -0.08692000061273575 0.05995689332485199 0.18308009207248688 -0.0267530158162117 0.17359881103038788 0.06836898624897003 0.07148680090904236 0.09287392348051071 0.07294128090143204 -0.011400638148188591 -0.033530935645103455 -0.11701829731464386 0.053934287279844284 -0.01993347331881523 -0.013544563204050064
0.0787683054804802 -0.0026882353704422712 0.050585389137268066 0.04105084016919136 -0.03414124622941017 -0.02878822572529316 0.19821511209011078 0.05381692945957184 -0.006996993441134691 0.13364863395690918 -0.02630915306508541 -0.05437629297375679 -0.10630492120981216 -0.006066154222935438 -0.07064684480428696 -0.01092069037258625 -0.18693792819976807 -0.021009961143136024 0.01903180405497551 0.2633393406867981 0.04582294076681137 0.19808974862098694 -0.014414566569030285 0.05680445581674576 -0.09696870297193527 -0.02856047824025154 -0.18525330722332 -0.0059201898984611034 -0.0989258736371994 -0.013426405377686024 -0.008374937810003757 -0.00475788488984108 0.04764825105667114 0.011590661481022835 0.13252174854278564 0.27216145396232605 -0.22229212522506714 0.17389734089374542 1.3888949979445897e-05 -0.0428733266890049 -0.043805189430713654 0.2080850750207901 0.0012608448741957545 0.01679733395576477 0.027942322194576263 0.05367295444011688 0.0215108934789896 0.11339592188596725 0.17907264828681946 -0.08589313179254532 0.22299832105636597 -0.1849639117717743 -0.03127339109778404 -0.06595166027545929 -0.13191097974777222 -0.04517257586121559 -0.042941201478242874 -0.13104751706123352 -0.04507649317383766 -0.037900593131780624 0.09484786540269852 -0.06644177436828613 -0.10378456115722656 0.10476049780845642 -0.14424479007720947 0.05904155597090721 -0.12764482200145721 -0.010094859637320042 0.0343538261950016 -0.07323861122131348 0.055006153881549835 -0.020802762359380722 -0.04872673377394676 -0.02008713223040104 0.07731465250253677 -0.018870696425437927 0.010769670829176903 0.031426433473825455 -0.10574426501989365 -0.22921383380889893 -0.116368368268013 0.07203735411167145 -0.09071166813373566 -0.08300008624792099 -0.10062792897224426 -0.03535335883498192 -0.0678531676530838 -0.04780018329620361 0.06430906057357788 -0.06260871142148972 0.026471782475709915 -0.09930093586444855 -0.004624953493475914 -0.004441739059984684 0.0064508067443966866 -0.07147825509309769 -0.15414275228977203 -0.1669030785560608 0.07344435155391693 -0.038521427661180496
-0.038177814334630966 -0.20284585654735565 -0.1233234629034996 -0.1602020412683487 -0.06157316267490387 0.07796218991279602 -0.08863314986228943 0.009090599603950977 0.1365220844745636 -0.032365135848522186 -0.02396470122039318 -0.1444040685892105 -0.03142784535884857 0.02820666879415512 -0.04517433047294617 0.20486246049404144 -0.10381873697042465 0.05110402777791023 -0.0008293012506328523 -0.10054977983236313 0.08774363249540329 0.10110513865947723 0.23321695625782013 -0.09481518715620041 -0.018509190529584885 -0.1162378266453743 -0.11831744760274887 -0.10699249058961868 0.06203955039381981 -0.16966502368450165 -0.07744011282920837 -0.00533111160621047 0.0060606664046645164 -0.08760016411542892 0.08390183746814728 -0.023647816851735115 -0.08873153477907181 0.007740247529000044 0.10965793579816818 -0.11264248192310333 -0.08086437731981277 0.03542853891849518 0.206184983253479 0.007248695474117994 -0.04897493124008179 0.08467783778905869 0.012461777776479721 0.014998736791312695 -0.13505502045154572 0.1680944412946701 0.13760364055633545 -0.013641661033034325 0.005417002364993095 -0.07214751839637756 -0.16476178169250488 -0.11697382479906082 -0.005637026391923428 0.042487841099500656 0.05044577270746231 0.005988403223454952 0.06981973350048065 -0.017130615189671516 -0.02148897387087345 -0.14681309461593628 0.17272721230983734 0.11199153959751129 0.08059000968933105 0.01962965726852417 -0.1207810565829277 -0.0808546170592308 -0.15854641795158386 0.04123247042298317 -0.046915341168642044 -0.16781339049339294 -0.022723615169525146 0.09276988357305527 0.006311655510216951 -0.25427570939064026 0.004437705967575312 -0.08093788474798203 -0.10635454207658768 0.03974482789635658 0.07111161947250366 0.09006799757480621 -0.05376547947525978 -0.07392493635416031 0.17217862606048584 -0.12999118864536285 -0.06968126446008682 0.05048816651105881 -0.006459805183112621 -0.10919149965047836 0.010748986154794693 -0.09446299821138382 -0.12053542584180832 -0.031363386660814285 0.16219562292099 0.1253671944141388 -0.04424702748656273 0.025851178914308548
-0.0417422354221344 0.2038625329732895 0.029039543122053146 -0.04492912441492081 -0.04960600286722183 0.05014794319868088 -0.007813429459929466 0.1630355715751648 -0.018187152221798897 0.043908584862947464 -0.013418872840702534 -0.11374089121818542 -0.19616186618804932 -0.1917525976896286 0.01850622519850731 -0.028466589748859406 0.11446721106767654 -0.047852594405412674 -0.026605093851685524 0.08145736902952194 0.06805318593978882 -0.09704646468162537 -0.10157870501279831 -0.15468072891235352 0.0431053452193737 -0.1413002461194992 0.06212162226438522 0.06335057318210602 -0.1104719489812851 -0.11192791908979416 -0.10920441150665283 -0.10065928101539612 -0.122569739818573 0.08330771327018738 0.053382180631160736 -0.028362102806568146 -0.05119398236274719 -0.10793222486972809 0.11479297280311584 -0.0907428190112114 -0.032119665294885635 -0.02585260570049286 0.06352750957012177 0.009735614992678165 0.10777410119771957 0.20681709051132202 0.10973388701677322 0.029346173629164696 -0.14758537709712982 0.04582713171839714 -0.10994231700897217 -0.0705907791852951 0.06659945845603943 0.0070815375074744225 -0.04020540043711662 0.052935149520635605 0.22743359208106995 -0.16332252323627472 0.08102229237556458 -0.01797598786652088 0.013857879675924778 -0.11958962678909302 -0.11649073660373688 -0.10190518200397491 0.05690647289156914 -0.10163996368646622 0.05424349755048752 -0.029185397550463676 -0.035293541848659515 0.08477355539798737 -0.02935078553855419 0.14186421036720276 0.289989173412323 -0.0797858014702797 0.1491086632013321 0.00673014298081398 -0.19120736420154572 0.055558424443006516 -0.08331981301307678 0.060122858732938766 -0.0418543741106987 -0.19683091342449188 -0.11263605207204819 0.1319522112607956 -0.02807796746492386 0.11273699998855591 -0.03502127528190613 -0.011346336454153061 0.022038089111447334 -0.08442578464746475 0.10104189813137054 0.009079164825379848 0.03379601612687111 0.006529492791742086 -0.09198825806379318 -0.0740537941455841 -0.1525009423494339 0.006108385510742664 0.0898841917514801 -0.1238262951374054
0.0456121526658535 0.037228815257549286 0.007514136377722025 0.034590620547533035 0.09282592684030533 0.026927456259727478 -0.14169001579284668 0.11736533790826797 -0.10272304713726044 -0.03275790065526962 -0.1410829871892929 -0.0020462991669774055 -0.06792745739221573 -0.19757038354873657 -0.07464940845966339 0.1656433641910553 0.08617585152387619 -0.06383996456861496 0.001830423716455698 -0.06895235925912857 0.12776310741901398 0.06997665762901306 0.10449442267417908 0.06997347623109818 -0.05091462656855583 0.22444957494735718 -0.19803054630756378 -0.010272422805428505 0.004461449570953846 -0.07781929522752762 -0.0066030872985720634 0.02990623190999031 0.0048615047708153725 -0.09678064286708832 -0.22264359891414642 -0.10572806745767593 0.05716785788536072 -0.05499373748898506 -0.0070282514207065105 0.11522828787565231 0.08365799486637115 -0.017071278765797615 -0.09009993076324463 0.02825208194553852 0.0895446240901947 -0.09159491211175919 0.07073034346103668 0.02983984537422657 -0.054115235805511475 0.10182154178619385 0.13804073631763458 -0.006706667132675648 -0.33122870326042175 0.003022599034011364 0.0503765307366848 0.026344560086727142 0.17440640926361084 -0.018000608310103416 -0.03736644238233566 -0.1380935162305832 -0.23238275945186615 0.07488292455673218 -0.13776351511478424 0.05538485571742058 0.013814765028655529 -0.053541675209999084 0.03262494131922722 0.11886361241340637 -0.05297636613249779 -0.08448074758052826 -0.020603293552994728 -0.052298713475465775 0.048545125871896744 0.019083302468061447 -0.09319544583559036 0.0031386218033730984 -0.07019922882318497 -0.11741414666175842 -0.08496765792369843 0.0726592168211937 -0.009837311692535877 0.2238471359014511 -0.12831619381904602 -0.004233408719301224 -0.031617019325494766 0.04049655795097351 -0.02849673107266426 0.034373290836811066 -0.07572312653064728 -0.049248240888118744 0.023497791960835457 -0.12725867331027985 -0.009234054945409298 -0.02241053804755211 -0.061767976731061935 0.11371893435716629 -0.1355622559785843 -0.25210344791412354 -0.10930207371711731 -0.05824865400791168
-0.08121883124113083 0.030720889568328857 -0.15235796570777893 0.094635970890522 -0.024045851081609726 -0.0922493040561676 0.15211425721645355 -0.18341763317584991 -0.09939015656709671 -0.050238240510225296 -0.00852605514228344 -0.054029591381549835 -0.0427374467253685 0.02291739732027054 0.03574910759925842 -0.02335883304476738 -0.05885257571935654 0.10160160064697266 0.03554772585630417 -0.0061326283030211926 -0.18853282928466797 -0.12274597585201263 0.005545180756598711 -0.19762146472930908 0.06810987740755081 -0.14096559584140778 -0.0597679503262043 -0.04427086189389229 -0.11168062686920166 0.1238400861620903 -0.014403820037841797 0.035209596157073975 0.13964465260505676 0.03250826522707939 -0.07729020714759827 -0.15217024087905884 -0.0027627255767583847 0.014913626946508884 0.06908456981182098 0.10125461965799332 -0.08430521190166473 -0.016389908269047737 0.013343601487576962 -0.10245537757873535 0.05121494084596634 -0.10102016478776932 0.18412579596042633 0.05097753182053566 0.10018368065357208 0.023763533681631088 0.05920776352286339 0.01570487953722477 -0.11750032752752304 -0.04418841004371643 -0.07951816916465759 -0.009290770627558231 0.26409268379211426 0.03331620618700981 -0.13052421808242798 0.031941015273332596 -0.0290971752256155 0.12345536798238754 0.049086570739746094 -0.06844429671764374 0.11631519347429276 0.04619484394788742 -0.060487255454063416 -0.1463938057422638 0.21459755301475525 0.0320904515683651 -0.1495928019285202 0.08335506916046143 0.07073312252759933 0.20753446221351624 0.02945508435368538 0.05909973755478859 0.08755422383546829 -0.021279538050293922 -0.2521872818470001 -0.10176058858633041 -0.1930227279663086 -0.0004324926994740963 0.03391677886247635 0.005495512392371893 0.059761494398117065 -0.07069754600524902 0.22318485379219055 0.07430431246757507 -0.006721723824739456 0.15860337018966675 -0.06333938241004944 0.029866699129343033 -0.09868068993091583 0.060866549611091614 0.01120378915220499 0.10929244011640549 -0.06306631863117218 -0.06309575587511063 0.103935606777668 -0.03802090138196945
-0.06011822819709778 -0.21005494892597198 0.10739599168300629 0.04026217758655548 0.11934030055999756 -0.1763681173324585 0.1059940829873085 -0.05595915764570236 -0.12035057693719864 -0.032245613634586334 -0.12118173390626907 -0.05613790079951286 0.19910356402397156 -0.042701274156570435 -0.038106393069028854 0.02443201094865799 -0.01770411804318428 0.1955699324607849 -0.006744644604623318 0.12455364316701889 -0.003041404066607356 -0.03753901273012161 0.03564198315143585 0.05206563323736191 -0.06619952619075775 0.19245971739292145 -0.017504893243312836 0.028245067223906517 -0.036390237510204315 -0.09201469272375107 -0.0885515809059143 -0.03454351797699928 -0.09521238505840302 0.09421658515930176 0.11166063696146011 0.1344037652015686 -0.12018299102783203 0.021854253485798836 0.12602107226848602 0.013488012365996838 0.010911478661000729 -0.09840527176856995 0.05113808438181877 0.1035996749997139 -0.07960577309131622 -0.03305133059620857 -0.13345398008823395 0.12713836133480072 -0.029305242002010345 -0.017276490107178688 -0.18361985683441162 0.24023309350013733 -0.0679912343621254 -0.17077508568763733 0.0306248776614666 0.09003899246454239 0.10431112349033356 0.071073517203331 0.0015206857351586223 -0.2120656669139862 0.017745647579431534 0.132301926612854 0.0323452353477478 -0.2417929470539093 -0.1381429135799408 0.04174071550369263 0.03009861707687378 -0.11449401825666428 0.02057441510260105 0.16292813420295715 -0.03379315882921219 -0.05364495888352394 0.13462281227111816 -0.03609771654009819 -0.0681534856557846 0.014046400785446167 0.11038418114185333 0.0722382441163063 -0.14618168771266937 0.03207584470510483 0.014017736539244652 0.04007455334067345 -0.0726969987154007 0.0793154165148735 -0.07632475346326828 -0.002910017501562834 -0.04789873957633972 -0.04859241470694542 -0.08151350915431976 -0.1411900520324707 -0.0483478419482708 -0.021503567695617676 0.19878622889518738 0.04745553433895111 -0.07541724294424057 -0.05141301453113556 0.14135177433490753 -0.008624065667390823 0.10317490249872208 -0.005963927134871483
6.195329478941858e-05 0.08869007974863052 0.02672765403985977 -0.061590440571308136 -0.005855593830347061 -0.015331150963902473 -0.03478066995739937 -0.11650384217500687 0.05822376534342766 -0.032949600368738174 0.05575258284807205 -0.14716753363609314 0.13974575698375702 0.006281518377363682 -0.13531149923801422 0.05052638053894043 0.08717376738786697 -0.008366639725863934 0.04841961711645126 -0.11049564182758331 0.13214579224586487 -0.11721056699752808 0.049309588968753815 0.17786014080047607 -0.05853349715471268 -0.1507539451122284 -0.17741845548152924 0.015142758376896381 -0.13337410986423492 -0.10000856220722198 0.09262958914041519 0.041270770132541656 -0.04716641455888748 0.04238647595047951 -0.023487268015742302 0.011091929860413074 -0.0626954734325409 -0.05991508066654205 -0.09951923787593842 0.0038520994130522013 -0.14236591756343842 0.22023822367191315 0.12642823159694672 0.09857216477394104 -0.07309693843126297 -0.16816657781600952 0.02735588327050209 0.03565724194049835 0.038921672850847244 -0.0756513699889183 0.1004248633980751 0.1385284662246704 -0.0055157835595309734 -0.09864381700754166 0.08803116530179977 0.032137107104063034 0.01006882730871439 0.1398194581270218 -0.0033921438734978437 0.013614186085760593 0.041229248046875 -0.05634746700525284 -0.1704815775156021 -0.01091086771339178 0.05819879099726677 -0.10332674533128738 -0.05007166415452957 -0.02433980256319046 0.03097168356180191 0.02254694700241089 -0.11919306963682175 0.030530687421560287 -0.18218927085399628 0.017492810264229774 0.10458315163850784 -0.10270098596811295 0.1271790862083435 0.14992459118366241 -0.05117879807949066 0.262008398771286 0.08678411692380905 -0.19582389295101166 0.012215904891490936 0.003571910783648491 -0.002491025486961007 -0.06312734633684158 0.01773415133357048 0.06792628020048141 -0.1536482721567154 -0.07643308490514755 0.14417514204978943 -0.08908142149448395 -0.018835997208952904 -0.19385531544685364 0.16924558579921722 0.05170810967683792 -0.21480128169059753 0.12034609168767929 0.09253363311290741 -0.08956099301576614
0.01344322320073843 0.05575580894947052 0.11340057849884033 0.10099689662456512 -0.11204347759485245 -0.1406899243593216 0.17918610572814941 0.04020685702562332 -0.05886770412325859 -0.04805366322398186 0.08181700110435486 -0.02651977725327015 -0.08106064796447754 0.04590423032641411 -0.10815566778182983 -0.004504204262048006 -0.019671475514769554 -0.11388754844665527 -0.25724542140960693 0.16132624447345734 0.06541228294372559 0.0031329782214015722 -0.0970456600189209 0.05139594152569771 0.0006121243932284415 -0.022911475971341133 0.004869996104389429 0.09059755504131317 0.14713896811008453 0.03585343807935715 -0.19689947366714478 -0.09792555868625641 -0.1244121640920639 0.09584897756576538 -0.011744404211640358 -0.06029900908470154 0.05293697491288185 -0.10693592578172684 -0.1265924870967865 0.05654552951455116 -0.019131716340780258 0.019520267844200134 -0.05482316017150879 0.04553290084004402 0.024665474891662598 -0.14194466173648834 0.052868686616420746 -0.029747871682047844 -0.14673982560634613 -0.11559954285621643 -0.03890260308980942 -0.1320701688528061 -0.11785657703876495 -0.10126859694719315 -0.110043466091156 -0.04682067036628723 0.12430835515260696 0.10195799171924591 0.15293309092521667 -0.03371289372444153 0.28273865580558777 0.09086184948682785 0.025954116135835648 0.010140805505216122 0.07505615055561066 -0.014271151274442673 0.1612221747636795 0.0780409425497055 0.031016970053315163 -0.0020536368247121572 -0.1499219834804535 -0.13761454820632935 -0.08803740888834 -0.011211561970412731 -0.04927301034331322 -0.13244940340518951 -0.03194243460893631 -0.19510890543460846 -0.00561989052221179 0.01180778257548809 0.14043578505516052 0.013550038449466228 0.05456509813666344 -0.0024326290003955364 0.06855282932519913 -0.2085721790790558 0.012285059317946434 0.10669268667697906 0.12702740728855133 0.07387275993824005 0.06926412880420685 0.0645604059100151 -0.012700668536126614 -0.2021024376153946 0.0014417824568226933 -0.0620112270116806 0.16230249404907227 -0.12064141035079956 0.02267666906118393 -0.0372806154191494
-0.10972006618976593 0.08009001612663269 0.14895357191562653 0.1146509125828743 0.010532851330935955 0.09236502647399902 -0.005277921445667744 0.051553912460803986 -0.05595654621720314 -0.11752218008041382 -0.06021155044436455 0.026937970891594887 0.22878921031951904 -0.07496462762355804 0.030301431193947792 0.11202878504991531 0.003509937319904566 0.12579306960105896 0.009404615499079227 0.03687083721160889 -0.08000525087118149 0.13416022062301636 -0.05863232910633087 -0.13590508699417114 0.0678279846906662 -0.11077970266342163 0.12245810776948929 -0.06934702396392822 0.2714312970638275 -0.16687557101249695 0.10607285797595978 -0.03792396932840347 -0.05938569828867912 -0.11537540704011917 -0.03161565586924553 0.11798276007175446 -0.08778025209903717 -0.017436400055885315 0.0678323358297348 -0.07349063456058502 -0.032784588634967804 0.05238639563322067 -0.03347714990377426 -0.07263476401567459 0.10692974925041199 -0.0760393962264061 0.036827217787504196 0.09494977444410324 -0.016234172508120537 -0.130904883146286 -0.06154640391469002 -0.01632021926343441 -0.060254570096731186 0.06498244404792786 0.05872444808483124 0.004583232570439577 0.1285485327243805 -0.11632473021745682 -0.11012672632932663 0.012411770410835743 -0.0007672478095628321 -0.13554775714874268 -0.05590158700942993 0.12158419191837311 -0.1069030910730362 -0.047683313488960266 0.01652633771300316 0.08725230395793915 -0.019562793895602226 0.07927614450454712 -0.05158797651529312 0.02402457594871521 -0.29379546642303467 0.017768671736121178 0.057426974177360535 0.06818192452192307 -0.12128132581710815 -0.04168456792831421 -0.13049590587615967 0.20855283737182617 -0.015951193869113922 -0.042748961597681046 0.058528508991003036 -0.1880796253681183 -0.01885922998189926 0.010559906251728535 0.07078715413808823 -0.12178336083889008 -0.019360506907105446 0.15776865184307098 -0.26028722524642944 -0.039717357605695724 0.02003888040781021 0.031538017094135284 -0.015993263572454453 -0.10601168870925903 0.10372067987918854 0.028175735846161842 0.03143052011728287 -0.2108415961265564
-0.14973542094230652 -0.033551175147295 0.005097297951579094 0.01836845837533474 0.03454747796058655 0.19976988434791565 0.018703117966651917 0.06685801595449448 -0.03888442739844322 -0.18182557821273804 -0.06055009365081787 0.0005945485318079591 -0.0718548521399498 -0.1974126547574997 -0.0035637076944112778 0.08284194022417068 -0.1467711329460144 0.004197772592306137 -0.12630276381969452 -0.05515740439295769 0.05241085961461067 0.010976347140967846 0.016753897070884705 0.04103579372167587 -0.052650127559900284 0.01937008835375309 0.06970084458589554 0.004361217375844717 -0.17714834213256836 0.10410899668931961 -0.007880687713623047 -0.06362681835889816 0.09847166389226913 0.008669302798807621 0.07827131450176239 0.09692707657814026 0.002021561609581113 0.30393606424331665 0.01190043892711401 0.1589740514755249 0.07066171616315842 0.009358447045087814 0.027777979150414467 -0.10492929816246033 -0.047665536403656006 -0.12869742512702942 0.04652845486998558 0.13228373229503632 -0.030693717300891876 0.06395048648118973 0.07831815630197525 -0.0807870626449585 0.17032533884048462 -0.04608355090022087 0.07110860198736191 0.03483035787940025 -0.008497416973114014 0.06844431161880493 0.017674261704087257 0.037047162652015686 -0.011825207620859146 0.023617839440703392 0.04572723060846329 0.029317742213606834 0.1508149653673172 -0.1764422506093979 0.04603283479809761 0.022622428834438324 -0.16028015315532684 0.03992939367890358 0.0005621542222797871 0.009341728873550892 -0.14654800295829773 0.11253740638494492 -0.054743967950344086 -0.04337253049015999 -0.14052489399909973 0.15234573185443878 -0.10175836086273193 -0.00250241463072598 0.19638216495513916 -0.01826745830476284 0.19475828111171722 0.33683639764785767 -0.18951961398124695 -0.03384166583418846 0.011294074356555939 0.09042336791753769 0.09990966320037842 0.01640954799950123 0.03195040300488472 0.00391386030241847 0.021756993606686592 0.18218693137168884 0.025497635826468468 0.028545528650283813 0.10302570462226868 -0.04696659743785858 0.02485610358417034 -0.07625121623277664
0.039365850389003754 -0.013929310254752636 0.036959532648324966 -0.05196530371904373 -0.12700225412845612 -0.008391165174543858 -0.1474117636680603 0.23295219242572784 -0.041224073618650436 -0.014542369171977043 0.043036289513111115 -0.07627797871828079 0.022619644179940224 -0.1458451747894287 -0.03249168395996094 0.07755319774150848 -0.13926629722118378 0.1256813108921051 -0.04555344581604004 -0.022154470905661583 -0.10427622497081757 0.07469336688518524 -0.048660315573215485 0.14761947095394135 0.04003848135471344 -0.06852196902036667 0.14815837144851685 -0.003247225424274802 0.02127271518111229 -0.06352318823337555 0.10487797856330872 -0.01634349301457405 -0.07460533082485199 -0.14522521197795868 0.0035811904817819595 0.051056161522865295 0.19089354574680328 0.04154274985194206 -0.09776971489191055 -0.04108166694641113 0.14334285259246826 -0.06334196031093597 -0.08083348721265793 0.20049609243869781 0.2772548496723175 0.10031209141016006 -0.04361118748784065 -0.0027291164733469486 -0.07724769413471222 0.03708932548761368 0.028643349185585976 0.15569224953651428 0.09615623950958252 -0.020847249776124954 -0.03546815738081932 -0.08564143627882004 -0.03954295068979263 0.11179272830486298 -0.02055351994931698 -0.006574367173016071 0.08337671309709549 0.03543998673558235 0.10929913818836212 0.08838500082492828 0.22140417993068695 0.08986648172140121 -0.056730031967163086 -0.1128920167684555 0.25260084867477417 -0.048932209610939026 0.06362765282392502 -0.06529711186885834 -0.03723251819610596 0.058472320437431335 -0.05436035990715027 0.08062917739152908 0.011207012459635735 0.19947382807731628 -0.10732423514127731 -0.004389887675642967 -0.2108648419380188 0.04003790393471718 -0.12751924991607666 0.034547049552202225 0.0632031112909317 -0.040451548993587494 -0.0057342578656971455 0.08730413764715195 -0.07753808796405792 0.06340786069631577 0.1840442568063736 -0.15129420161247253 0.005331584718078375 -0.07334494590759277 0.04854673892259598 -0.11964987218379974 0.05864883214235306 -0.06752096116542816 0.14894334971904755 0.005556989926844835
-0.0897221639752388 0.04283729940652847 0.07758451998233795 0.010540202260017395 0.07100876420736313 0.06767796725034714 -0.027017178013920784 0.016049422323703766 0.10421860963106155 0.11237780749797821 0.12934459745883942 0.17478938400745392 0.08623451739549637 -0.1408376693725586 -0.014005322009325027 -0.13967061042785645 0.004993898794054985 0.03851071372628212 0.2022155225276947 -0.08780217170715332 0.03271683305501938 0.017967775464057922 0.048442527651786804 -0.060021787881851196 -0.10478711128234863 -0.11628364771604538 0.08564279973506927 0.05479137971997261 -0.013777079060673714 0.02050798572599888 -0.1444968283176422 0.10391761362552643 0.05298377573490143 -0.04275099188089371 -0.1446480005979538 -0.03244742378592491 -0.10531312227249146 -0.14494825899600983 -0.018394578248262405 0.2314608246088028 0.09513384103775024 -0.03582466021180153 -0.08897683024406433 0.16170743107795715 0.02717185951769352 0.02041250839829445 -0.12441709637641907 -0.006294866092503071 -0.16473034024238586 -0.13193640112876892 -0.07712563127279282 -0.26431766152381897 0.15647196769714355 -0.23458129167556763 -0.07937081158161163 0.04651356115937233 0.04036874324083328 0.04623087868094444 0.08218295872211456 -0.10493987798690796 -0.10332179814577103 0.13985702395439148 -0.16675032675266266 0.014316398650407791 0.004627406131476164 0.1132899820804596 0.014525681734085083 -0.059607330709695816 -0.11966070532798767 0.11250447481870651 0.0016122442902997136 -0.03655179217457771 0.002372940070927143 0.056827396154403687 -0.02132388949394226 0.01606408879160881 -0.02428828924894333 0.09533210843801498 -0.05937126278877258 -0.14716103672981262 -0.10496485978364944 -0.060965437442064285 0.14108619093894958 -0.14833566546440125 -0.16294865310192108 -0.19370663166046143 0.017408065497875214 -0.09001532942056656 -0.06086339056491852 0.04401412233710289 0.009399927221238613 -0.17044898867607117 -0.055082883685827255 -0.02189609780907631 0.06490499526262283 0.03504941612482071 -0.010068987496197224 0.047871243208646774 -0.07698237150907516 0.06571219116449356
-0.0340256467461586 0.18205668032169342 0.162845641374588 0.12125237286090851 0.02631233260035515 -0.08127738535404205 -0.04314546287059784 0.028608227148652077 0.055680107325315475 -0.002327017718926072 -0.1100398600101471 -0.16362257301807404 0.08473819494247437 -0.0707755908370018 -0.20146356523036957 0.08322234451770782 -0.003347607795149088 -0.14828243851661682 -0.16568239033222198 -0.13677729666233063 0.02780565433204174 0.025079667568206787 -0.12017178535461426 -0.13535216450691223 -0.11804172396659851 0.051276370882987976 0.01678483374416828 0.03860180452466011 0.012428867630660534 -0.07777998596429825 -0.06194210425019264 0.12789028882980347 0.09784770756959915 -0.003364034229889512 0.027241582050919533 -0.020548488944768906 -0.02259240671992302 0.01146945171058178 -0.0779581218957901 -0.1459130346775055 0.016394605860114098 -0.06606457382440567 -0.14494842290878296 -0.08865674585103989 -0.07702759653329849 -0.08322785794734955 -0.011391246691346169 -0.04914050176739693 0.02109118178486824 0.08758348971605301 0.11795861274003983 -0.13825498521327972 -0.017874734476208687 0.08930549770593643 0.00021429873595479876 0.08754955232143402 0.04515626281499863 -0.05173509940505028 0.11109364032745361 -0.02420215681195259 0.08834964781999588 0.0720462054014206 0.11421114951372147 -0.0007424724753946066 0.09520714730024338 0.004014529287815094 -0.021230820566415787 0.04199812188744545 -0.014835173264145851 -0.05467599257826805 -0.12369165569543839 0.06284395605325699 0.05772409960627556 0.015763361006975174 -0.17301693558692932 -0.20767956972122192 0.2004643827676773 0.08243110775947571 0.013092993758618832 -0.09666522592306137 -0.11696777492761612 0.0234382264316082 0.07930707186460495 -0.10134284198284149 0.02237975038588047 0.12417978048324585 -0.0542147122323513 -0.10248823463916779 -0.16955594718456268 0.04830343648791313 -0.023283701390028 -0.039168037474155426 0.11901143938302994 0.2583696246147156 0.05921025946736336 -0.15215113759040833 -0.07196757942438126 0.2450295388698578 0.14915995299816132 0.14848092198371887
0.13824890553951263 -0.08505214005708694 0.023189250379800797 -0.02887560985982418 -0.03824850171804428 -0.021725432947278023 -0.04740704596042633 0.008233594708144665 0.06839438527822495 0.12643489241600037 -0.056119807064533234 0.05468021333217621 -0.04931863024830818 0.18033620715141296 -0.053905148059129715 0.02677946351468563 -0.2701907157897949 -0.07987642288208008 0.05014096200466156 0.09913661330938339 -0.27063658833503723 0.11514364928007126 -0.08782993257045746 0.19795173406600952 -0.07282824069261551 -0.12197798490524292 -0.1541418731212616 -0.01634589582681656 -0.10684788227081299 -0.14479880034923553 -0.08914680778980255 0.11346513777971268 -0.08647222816944122 0.06179508566856384 -0.1471814066171646 -0.09660201519727707 0.060309216380119324 -0.08902967721223831 0.03742636367678642 -0.055670399218797684 -0.043894559144973755 -0.07513221353292465 -0.0644727349281311 -0.14612233638763428 -0.09948378801345825 -0.019543470814824104 -0.06362411379814148 0.12806418538093567 -0.1904115229845047 -0.07041244953870773 0.003300712676718831 0.13859397172927856 0.022043807432055473 -0.029666930437088013 -0.19728060066699982 0.043224044144153595 0.10012087970972061 -0.028645940124988556 -0.03201247751712799 0.03953517973423004 -0.00374598428606987 0.024498866870999336 0.06993941962718964 0.03662213310599327 0.059003669768571854 0.0095602348446846 -0.016847239807248116 0.2113744467496872 -0.0037686177529394627 -0.09768795967102051 0.13988612592220306 -0.01386240217834711 0.09377620369195938 0.10937720537185669 -0.07998240739107132 -0.10140780359506607 -0.12610630691051483 0.11117302626371384 -0.09497848153114319 0.15359945595264435 0.028809957206249237 -0.0842822715640068 -0.036885328590869904 0.03851889818906784 -0.06241558864712715 -0.04310596361756325 -0.04217056557536125 0.00021877652034163475 0.07814991474151611 -0.029545007273554802 -0.1374479979276657 -0.061126306653022766 -0.04645361006259918 0.14185017347335815 -0.008371386677026749 0.10947594046592712 0.009580086916685104 0.21513815224170685 -0.10668065398931503 -0.13749800622463226
-0.10534480214118958 -0.09052498638629913 0.26033100485801697 -0.02235964499413967 -0.20984241366386414 0.17949236929416656 -0.026958201080560684 -0.0334504134953022 -0.008333083242177963 0.07613003998994827 0.1904415786266327 0.0010814720299094915 0.04609861969947815 0.023170728236436844 0.19502849876880646 0.14668424427509308 -0.009763683192431927 -0.017717380076646805 0.014209187589585781 -0.04721365496516228 0.038438886404037476 0.019859706982970238 -0.030144810676574707 0.017618751153349876 -0.12971079349517822 0.17763644456863403 -0.06533660739660263 -0.06561163812875748 0.071990005671978 -0.09040243178606033 -0.10358983278274536 0.09242059290409088 -0.08206842094659805 0.15817762911319733 -0.03331787511706352 -0.03862179443240166 -0.006740983575582504 -0.0508311502635479 0.005934527609497309 0.09399272501468658 0.11953955888748169 0.011134995147585869 0.06793002784252167 -0.07964525371789932 -0.05724102258682251 -0.13338975608348846 -0.03887762501835823 -0.07039163261651993 0.1257677674293518 0.09908443689346313 -0.10089200735092163 -0.03906986862421036 0.024124840274453163 -0.03921965882182121 -0.02425864152610302 -0.22275184094905853 -0.0923333466053009 -0.035772647708654404 0.1531851440668106 0.0009961719624698162 0.015157336369156837 -0.0016871305415406823 0.002209004480391741 0.05810098350048065 0.11912593245506287 -0.05869081988930702 -0.034820664674043655 -0.02302626706659794 0.08455275744199753 0.07829377800226212 0.023331619799137115 -0.004041467793285847 -0.0416363887488842 0.1276569962501526 0.19009140133857727 0.04974794760346413 -0.019335443153977394 -0.18304984271526337 -0.1945253610610962 -0.11442099511623383 -0.0035802777856588364 -0.13613125681877136 -0.30791595578193665 0.06709425896406174 0.02250576764345169 0.04684866592288017 0.003322265110909939 0.058365508913993835 -0.16143864393234253 -0.06257098913192749 -0.10864440351724625 0.11766664683818817 -0.05556577816605568 0.15546256303787231 0.13571037352085114 -0.06282034516334534 -0.052652232348918915 -0.004991735331714153 -0.03212990239262581 0.037903837859630585
