0.12809905409812927 -0.09925321489572525 -0.02687712013721466 -0.055623605847358704 -0.03957474231719971 -0.0026606901083141565 -0.006544815376400948 -0.06628046184778214 0.02508394792675972 -0.058441147208213806 0.0903390571475029 0.08076091855764389 0.005693685729056597 0.039826177060604095 0.09241274744272232 0.06656268984079361 0.07539746165275574 -0.14278759062290192 0.03172609955072403 0.13046292960643768 0.08387865871191025 0.1890365481376648 -0.025740861892700195 -0.00667943712323904 -0.09949832409620285 0.05666089430451393 -0.01972682774066925 0.0030058524571359158 0.08145599067211151 0.003688410622999072 -0.06274401396512985 -0.15001428127288818 0.1317930966615677 0.1429196149110794 0.19862113893032074 -0.18176372349262238 0.01055902149528265 -0.08753494918346405 -0.17151030898094177 -0.09402196854352951 0.034974534064531326 -0.04219095781445503 -0.019660145044326782 -0.0395924374461174 -0.08712726086378098 0.07410629838705063 0.12684766948223114 0.22950251400470734 0.0025724044535309076 0.0473136343061924 -0.01980263739824295 -0.07967828214168549 0.25734031200408936 -0.1794643998146057 0.12719416618347168 -0.07727667689323425 0.16255298256874084 0.25879594683647156 -0.06980833411216736 0.03303830325603485 -0.0067905280739068985 0.016643600538372993 -0.10090610384941101 -0.05619688332080841 0.17389141023159027 0.013729964382946491 0.03852938115596771 -0.27852973341941833 -0.008949533104896545 0.023443087935447693 -0.14261144399642944 0.0069245523773133755 -0.009587001986801624 0.06964168697595596 0.05877423286437988 0.17454881966114044 0.048657238483428955 -0.027600986883044243 -0.11649206280708313 0.0789869949221611 0.035271573811769485 0.06542175263166428 0.05577019229531288 0.2153850644826889 0.036950625479221344 0.004736554808914661 -0.08265561610460281 0.06684817373752594 -0.15349067747592926 -0.01950073055922985 0.017022958025336266 -0.0313403494656086 -0.006548471283167601 -0.0774550512433052 0.10568481683731079 0.0360737070441246 -0.03331388905644417 0.0557122677564621 -0.017073554918169975 0.049591731280088425
0.11790294200181961 0.13681189715862274 -0.05357452481985092 0.2018343061208725 0.07609262317419052 0.07086566090583801 -0.18250474333763123 0.02234233170747757 0.031006870791316032 0.06409874558448792 0.0788535550236702 -0.022170763462781906 -0.039817679673433304 -0.008663363754749298 0.05826733633875847 0.008511797524988651 -0.13696905970573425 0.12229640781879425 -0.15747761726379395 0.03821859508752823 0.18129441142082214 0.12651729583740234 0.040518298745155334 0.10913624614477158 -0.034756701439619064 0.053153231739997864 0.07629132270812988 0.08929803967475891 -0.16739480197429657 -0.035175908356904984 -0.11703742295503616 0.030360369011759758 0.04885189235210419 0.02512979507446289 -0.09702206403017044 0.018766729161143303 0.06066761910915375 0.14841602742671967 -0.11260676383972168 0.009984809905290604 0.058472175151109695 0.23839645087718964 -0.012468229979276657 -0.025077801197767258 -0.06449028849601746 -0.021479368209838867 -0.07599141448736191 0.09229204803705215 -0.0017690921667963266 0.23185448348522186 0.04266034811735153 -0.03429415449500084 -0.13997767865657806 -0.07906884700059891 0.009752062149345875 -0.2563479244709015 -0.03092253766953945 -0.05592067167162895 0.049252886325120926 -0.13746313750743866 0.01218893937766552 0.04041485860943794 -0.14116990566253662 -0.12022732943296432 0.041138630360364914 -0.08371030539274216 0.06190016120672226 0.07164454460144043 0.14563897252082825 0.04233486205339432 -0.0073477160185575485 0.03623100370168686 0.1318911612033844 0.17772075533866882 -0.1685609519481659 -0.005577737465500832 0.16032133996486664 0.07493191957473755 0.026495058089494705 -0.046043917536735535 -0.2593093812465668 0.13291311264038086 0.01682082749903202 -0.011112401261925697 0.04609542340040207 0.06458907574415207 0.17240697145462036 -0.07511532306671143 -0.10000219941139221 -0.04992087557911873 -0.027754053473472595 0.08619193732738495 0.06996403634548187 -0.0044180843979120255 0.018822727724909782 -0.056524608284235 0.0321442186832428 0.057401396334171295 0.013459200970828533 0.1506553441286087
0.011981620453298092 0.07042951136827469 0.12633077800273895 0.01610257662832737 -0.07663242518901825 0.04732409492135048 0.045144662261009216 -0.029560429975390434 -0.05332930013537407 -0.08016177266836166 0.023960761725902557 -0.11037661880254745 0.015688691288232803 0.1607625037431717 0.08816930651664734 0.1291559636592865 0.018660547211766243 -0.004840885289013386 -0.038589831441640854 -0.06664308160543442 -0.054443348199129105 0.08838814496994019 -0.10395889729261398 -0.037597574293613434 0.12909714877605438 0.1630549281835556 -0.000608488277066499 -0.016306310892105103 -0.1402948647737503 0.04269842803478241 -0.12024997919797897 -0.2108217179775238 -0.20662528276443481 0.18963029980659485 -0.013801653869450092 0.03566816821694374 -0.07301248610019684 -0.1413404792547226 0.2446565181016922 0.07555711269378662 0.1560613065958023 0.05578787997364998 0.20165033638477325 -0.04819099232554436 0.009808516129851341 0.05587964877486229 0.018348170444369316 0.10838045924901962 -0.07520154118537903 -0.057474538683891296 0.09125839918851852 -0.03239257261157036 -0.025514105334877968 -0.07016654312610626 0.05480697378516197 -0.06177447736263275 -0.038425546139478683 0.08735533803701401 0.04043819010257721 -0.018257571384310722 -0.07736196368932724 0.2220723032951355 0.05066891759634018 0.1296052783727646 -0.1241779625415802 -0.045196548104286194 -0.15658365190029144 -0.02630401775240898 0.04259787127375603 0.10215204209089279 0.10427068173885345 -0.05389280244708061 0.30044734477996826 -0.09176447242498398 0.022741373628377914 0.05749955028295517 0.12291353940963745 0.047507815062999725 0.08718405663967133 -0.14694391191005707 0.09396759420633316 0.06069570407271385 0.024082113057374954 0.07484462112188339 -0.06142960488796234 0.037896689027547836 -0.03478306159377098 -0.1732175052165985 -0.0091893021017313 -0.08667444437742233 0.14269094169139862 -0.09787135571241379 -0.04981563612818718 0.044712040573358536 -0.13898217678070068 0.06039200350642204 -0.0361163504421711 -0.15279395878314972 -0.05632323771715164 -0.054224129766225815
-0.1054951548576355 -0.19598139822483063 0.09981638938188553 -0.1387908160686493 -0.02061084844172001 -0.015415802597999573 -0.13478372991085052 -0.07320930063724518 -0.06502436846494675 0.020675620064139366 0.03574810177087784 0.1367969661951065 0.08664664626121521 -0.022555101662874222 -0.01644655130803585 -0.018573353067040443 0.02032839134335518 0.30870044231414795 0.14854274690151215 -0.0714680626988411 0.09358373284339905 -0.04190516471862793 -0.0660405084490776 0.17501875758171082 0.01902889460325241 -0.1453970968723297 0.03188881278038025 -0.06411626935005188 0.03703119605779648 -0.028071057051420212 0.09343551844358444 -0.02980484440922737 -0.08865787088871002 -0.09572001546621323 0.16403226554393768 -0.00656907819211483 -0.10765879601240158 0.03875163570046425 -0.06620272994041443 -0.09011434763669968 0.0612778440117836 0.10846557468175888 0.2630884647369385 -0.053849101066589355 0.06299756467342377 0.0018632643623277545 0.1761804223060608 0.1575363725423813 0.05060654878616333 -0.07847002893686295 0.02775454707443714 -0.06902215629816055 -0.04900835454463959 -0.01389610581099987 -0.05947800725698471 0.09972772747278214 -0.013259520754218102 0.192559152841568 0.27950963377952576 -0.04896055534482002 -0.02702752873301506 -0.017696740105748177 0.03028007782995701 0.08267931640148163 0.09773869812488556 -0.04985209181904793 0.020529406145215034 -0.07636036723852158 0.013949093408882618 -0.09465547651052475 0.2162945717573166 -0.0015016496181488037 -0.13592807948589325 -0.03696078807115555 -0.04301148280501366 0.042403414845466614 -0.006521053146570921 0.11906193196773529 0.05878198519349098 0.1605861932039261 -0.1431191861629486 0.04400474950671196 -0.03925115615129471 -0.10675890743732452 -0.03484467417001724 0.07522381097078323 0.15995842218399048 -0.1916389763355255 0.015394188463687897 0.05526906996965408 0.043493855744600296 0.017933284863829613 -0.008855056948959827 0.07057556509971619 0.07546476274728775 -0.0005079434486106038 -0.10169032216072083 -0.00991238746792078 -0.04328233376145363 0.09347312152385712
0.050868190824985504 0.09430624544620514 0.06418577581644058 -0.1608789712190628 -0.0001064991156454198 -0.11097364872694016 0.18911296129226685 -0.06957517564296722 -0.013195688836276531 0.08206667751073837 -0.0383763462305069 -0.13354314863681793 0.03586913272738457 0.013659846968948841 0.05087762698531151 -0.05530351772904396 -0.05877412483096123 -0.08633684366941452 -0.14022566378116608 -0.01940865069627762 0.06257391721010208 -0.23051902651786804 0.0018099038861691952 0.028024036437273026 -0.19910968840122223 0.12483344227075577 -0.01677885837852955 -0.11641287803649902 0.009941288270056248 -0.025093119591474533 -0.12370306253433228 -0.13486367464065552 0.06516291946172714 0.07312193512916565 -0.019708096981048584 0.09745890647172928 0.13438597321510315 -0.14276230335235596 -0.08493412286043167 0.048665113747119904 -0.09695924073457718 0.013250292278826237 -0.009174359031021595 -0.020087728276848793 -0.014107841067016125 0.09863770753145218 0.0369732566177845 0.169422447681427 -0.03976429998874664 -0.1763334721326828 0.10599307715892792 -0.010056184604763985 -0.07353726774454117 0.052136149257421494 0.04877552017569542 -0.019633665680885315 -0.004969646688550711 -0.07360591739416122 0.012459423393011093 0.10542004555463791 0.005469069350510836 -0.07337825000286102 -0.06325694918632507 0.08317707479000092 0.12829190492630005 -0.13992533087730408 0.04952946677803993 -0.012409871444106102 -0.1963805854320526 0.022505750879645348 0.132998526096344 0.26749417185783386 0.0313953198492527 -0.00435302359983325 -0.022436391562223434 -0.10758259892463684 -0.04434714466333389 -0.07711349427700043 -0.037040915340185165 0.0036659520119428635 -0.06846487522125244 0.04291856661438942 -0.15988965332508087 0.042302560061216354 -0.17308273911476135 -0.06147076189517975 0.15894393622875214 0.0022819971200078726 -0.015528048388659954 -0.10127835720777512 0.14856979250907898 0.2953307330608368 0.020784271880984306 0.12288758158683777 0.14153935015201569 -0.12628266215324402 0.003507331246510148 -0.01857997477054596 0.13619445264339447 -0.04729989916086197
0.03180813789367676 -0.045905835926532745 0.01959514617919922 -0.11928556859493256 0.07596118003129959 0.00017861969536170363 -0.11385783553123474 0.07896840572357178 -0.0008867820142768323 0.03805729001760483 0.008502444252371788 -0.04538654163479805 -0.03585890680551529 0.18884527683258057 0.06917586177587509 -0.06771006435155869 0.014276464469730854 0.07170302420854568 -0.0683952048420906 0.08407850563526154 0.1896108090877533 0.0437791608273983 -0.049089182168245316 0.11192579567432404 -0.027834543958306313 0.10476483404636383 -0.0862087532877922 0.2063969373703003 0.029747631400823593 0.1249246671795845 -0.11464688926935196 0.023963112384080887 -0.012755309231579304 0.15280681848526 -0.09450425952672958 0.13923421502113342 0.0375165194272995 -0.007447497453540564 -0.10662911087274551 0.12739519774913788 -0.1239209771156311 -0.02683502808213234 -0.12077970057725906 0.16117747128009796 -0.08143055438995361 0.18325960636138916 0.048762183636426926 -0.018451059237122536 0.08829118311405182 0.04711346700787544 0.09048487991094589 0.062412191182374954 -0.06648186594247818 0.15858203172683716 -0.06699191778898239 0.04678969085216522 -0.05359847843647003 0.09988033026456833 0.173610657453537 -0.004248009528964758 -0.015774579718708992 -0.17960399389266968 0.24689476191997528 0.08524757623672485 -0.052738115191459656 0.0037914582062512636 -0.18582887947559357 -0.2202153503894806 -0.1378169059753418 -0.05753602832555771 -0.1532195657491684 -0.08607733994722366 0.048939671367406845 -0.15056900680065155 -0.05812862142920494 0.05026514083147049 0.07388822734355927 -0.12138565629720688 -0.059989191591739655 0.020872842520475388 -0.12565551698207855 -0.0352504588663578 0.18175454437732697 -0.07928735762834549 0.13240404427051544 -0.05912312865257263 0.017129620537161827 -0.034965645521879196 0.14767058193683624 0.13206589221954346 -0.011761832982301712 0.01368145365267992 -0.13873034715652466 -0.08060646802186966 0.0034174155443906784 0.013374009169638157 0.13550816476345062 -0.030152738094329834 -0.05135731026530266 -0.049348168075084686
0.06660718470811844 0.07505634427070618 0.12356781214475632 -0.09025509655475616 0.08038999140262604 0.13152006268501282 -0.08773019164800644 -0.10994768142700195 -0.00807163305580616 0.13026677072048187 0.0166226364672184 -0.01988484151661396 0.00030118305585347116 -0.03617868572473526 -0.02072134055197239 -0.27594777941703796 -0.09761420637369156 0.018652942031621933 0.021565498784184456 0.008940113708376884 -0.12825030088424683 0.08812147378921509 0.023119604215025902 -0.027537543326616287 0.12072049081325531 -0.12220221012830734 0.023460200056433678 -0.1718997210264206 0.18019060790538788 0.11238651722669601 -0.14144818484783173 -0.047932714223861694 -0.05209869146347046 -0.024771491065621376 0.09823711961507797 -0.09903071820735931 0.10901721566915512 0.03642588108778 -0.04508392512798309 0.06134811043739319 0.00396340899169445 -0.07254963368177414 -0.017972389236092567 -0.13167189061641693 -0.03599151223897934 0.040382981300354004 0.101903036236763 -0.04939715564250946 0.013241749256849289 0.035475779324769974 -0.01875974051654339 -0.17543278634548187 -0.14903303980827332 -0.09496521204710007 -0.19974854588508606 0.042993318289518356 -0.010443325154483318 -0.21147966384887695 0.04063483700156212 0.07263331860303879 -0.06934056431055069 -0.009499084204435349 0.14417003095149994 -0.010282229632139206 -0.01887674070894718 -0.1966809630393982 -0.14990755915641785 0.033786650747060776 0.13558654487133026 0.13829265534877777 0.029190801084041595 -0.1609427034854889 0.14135272800922394 0.0355183482170105 0.15571245551109314 0.029134714975953102 0.03850475326180458 -0.26421666145324707 -0.1103375181555748 0.1482417732477188 -0.11479470133781433 0.10099182277917862 0.007245122920721769 0.038146696984767914 -0.10888934880495071 0.022376980632543564 -0.10146181285381317 0.16743551194667816 -0.003444092581048608 -0.1002177819609642 0.0015569418901577592 -0.08330460637807846 0.05886714905500412 0.03174056485295296 0.1243380680680275 0.057719748467206955 -0.029750877991318703 0.023843960836529732 -0.012965807691216469 0.06866583228111267
-0.03527550771832466 -0.012010927312076092 -0.05306107923388481 0.12030375003814697 -0.021485354751348495 -0.10875723510980606 0.03324015811085701 0.13118834793567657 -0.04754862189292908 -0.14581407606601715 -0.003698106622323394 0.08378709852695465 0.030738545581698418 -0.10678940266370773 0.0663648471236229 -0.08164912462234497 -0.05898374691605568 0.11845707148313522 -0.1660667210817337 -0.009551268070936203 -0.2143990397453308 0.07587619870901108 0.11051658540964127 -0.11232520639896393 0.28945884108543396 0.03824847936630249 0.16808785498142242 -0.19190406799316406 0.10160834342241287 0.1047244668006897 -0.013521227985620499 -0.12488611042499542 -0.0030399910174310207 0.06561914086341858 -0.01711411401629448 0.006888349074870348 0.027010532096028328 0.031237754970788956 -0.05680909380316734 -0.1279774010181427 -0.03350582346320152 0.03742961958050728 -0.07174961268901825 0.12008078396320343 0.09717603027820587 -0.0958193764090538 -0.034990161657333374 -0.05667972192168236 -0.00032306229695677757 -0.10673348605632782 0.1791515052318573 0.1263297200202942 -0.0869143009185791 -0.029255354776978493 -0.13177095353603363 -0.131829172372818 0.006062703672796488 0.11948039382696152 0.1435185670852661 -0.12946273386478424 -0.019264424219727516 0.046860337257385254 -0.05972323566675186 0.1466003805398941 -0.0920228660106659 0.05374807119369507 0.03781476989388466 -0.24776776134967804 -0.1763421595096588 -0.027333160862326622 0.02899429015815258 0.12489528954029083 -0.11850053817033768 0.11737067252397537 0.1275160312652588 -0.04301778972148895 0.04962047562003136 -0.0015326127177104354 0.0202183797955513 -0.011730203405022621 -0.17025555670261383 -0.09529763460159302 0.02958177588880062 0.10125019401311874 -0.03085661120712757 0.013379666022956371 -0.04517092928290367 0.04916206747293472 0.04847423732280731 -0.1591109037399292 0.005805009976029396 0.03645741194486618 0.04522702097892761 -0.19553352892398834 -0.05364415422081947 -0.053995247930288315 0.06976177543401718 0.14028170704841614 -0.061160776764154434 -0.07086031883955002
0.04789968207478523 0.16158658266067505 0.14843586087226868 0.0600740909576416 0.05680229142308235 0.0885377898812294 -0.18985797464847565 0.17168402671813965 0.04549161344766617 0.04546532407402992 0.12067168951034546 0.0755889043211937 0.042916812002658844 0.01829356513917446 0.05353279039263725 -0.14643065631389618 0.12117411196231842 0.04521731287240982 -0.1595841944217682 0.03904370591044426 -0.02953093871474266 -0.10550899803638458 -0.03363122045993805 -0.0289950892329216 -0.16360461711883545 0.09505974501371384 0.049767978489398956 -0.08798539638519287 0.06662967801094055 -0.12517301738262177 0.11769238114356995 -0.009313157759606838 -0.17361748218536377 -0.019798481836915016 0.103594571352005 0.09965452551841736 -0.15585379302501678 -0.13961419463157654 0.09401743859052658 -0.06759554892778397 -0.07271478325128555 0.05157330259680748 0.12186913192272186 -0.05511534959077835 -0.012308754958212376 -0.20099352300167084 -0.010662547312676907 0.008468415588140488 -0.02881484106183052 0.18929331004619598 -0.03617647662758827 -0.011377833783626556 -0.027026411145925522 0.08978024125099182 -0.03252708539366722 -0.12178443372249603 -0.0064001684077084064 0.2533595860004425 -0.13025900721549988 0.05866221338510513 -0.029469680041074753 -0.06207074224948883 0.05739063397049904 -0.14947138726711273 0.018057215958833694 0.07787398993968964 -0.04097159579396248 0.12822839617729187 0.040375005453825 0.12851934134960175 -0.12219776213169098 0.0074274190701544285 -0.14077913761138916 -0.2753336429595947 0.053949180990457535 0.0553438737988472 -0.11955607682466507 -0.02642292156815529 -0.060091592371463776 -0.0037274607457220554 -0.027205297723412514 0.08033711463212967 -0.017988456413149834 0.08755742013454437 -0.14118532836437225 -0.08497976511716843 0.035803668200969696 0.04356043040752411 0.15607532858848572 -0.16775575280189514 0.022824199870228767 0.07404092699289322 -0.09377120435237885 -0.13002513349056244 0.024717314168810844 -0.10644038021564484 0.060355134308338165 0.03339993953704834 -0.060636769980192184 0.002545089228078723
0.1301538050174713 0.08439873158931732 -0.038948576897382736 0.04958198219537735 0.18332388997077942 -0.12803083658218384 0.17073839902877808 0.08974087238311768 0.007319706492125988 0.02410436049103737 -0.11062885075807571 -0.05485041067004204 0.026487911120057106 -0.10334587097167969 -0.27017176151275635 0.17306144535541534 0.07576527446508408 0.19490666687488556 0.08791585266590118 0.09371845424175262 -0.05141926556825638 -0.014526888728141785 -0.07629283517599106 -0.003920049872249365 -0.23654980957508087 0.04601946100592613 -0.07038045674562454 -0.07467684149742126 0.1016445979475975 0.11534356325864792 -0.13703535497188568 -0.05531654506921768 0.1047331839799881 -0.07523593306541443 0.0862049087882042 -0.05885523557662964 -0.12417306005954742 -0.20107510685920715 -0.10484381020069122 0.1256805658340454 0.0827370434999466 -0.02936318889260292 0.18385963141918182 0.07870795577764511 0.09809797257184982 -0.06351450830698013 0.035519227385520935 -0.23115254938602448 0.12004254013299942 0.11696416139602661 -0.04072218015789986 -0.07416649162769318 0.013800183311104774 0.18320877850055695 -0.0014430624432861805 -0.13320593535900116 0.054392147809267044 -0.013356002978980541 0.0654037669301033 -0.009857991710305214 0.014142477884888649 0.07932005822658539 -0.03019569255411625 0.21405187249183655 -0.10467007011175156 -0.023990750312805176 -0.06658562272787094 0.006758676376193762 0.045816440135240555 -0.017402680590748787 -0.10013607889413834 0.11287171393632889 0.0023559504188597202 0.05423237010836601 -0.12901075184345245 0.02022789977490902 0.13452407717704773 0.003464482259005308 0.07168588787317276 0.07268986850976944 -0.005869683343917131 0.19763322174549103 0.048756346106529236 0.05736842006444931 -0.030675571411848068 -0.0963621437549591 -0.06618698686361313 -0.013848950155079365 0.07313500344753265 0.023905903100967407 -0.063776895403862 -0.03766881674528122 0.0926937460899353 0.0074222697876393795 0.00551645690575242 0.09377943724393845 -0.06084020063281059 0.1246461570262909 -0.0020897442009299994 -0.021009249612689018
0.10485886037349701 -0.08918919414281845 0.24527989327907562 0.009340472519397736 -0.03313402831554413 0.08262285590171814 -0.09177438914775848 -0.17507149279117584 -0.06853199750185013 0.017349880188703537 -0.05712428316473961 -0.01874842308461666 0.08568833768367767 -0.030941935256123543 0.02898561581969261 -0.09644707292318344 0.09787008166313171 -0.035157956182956696 0.09156935662031174 -0.04083805903792381 -0.006146385800093412 0.07262877374887466 -0.050567906349897385 -0.031245777383446693 -0.16309772431850433 0.1630963534116745 -0.060188792645931244 0.025709161534905434 -0.04095567762851715 0.09451209753751755 0.1044413298368454 0.0694633424282074 0.04630488529801369 0.08634934574365616 0.16339220106601715 -0.038897980004549026 -0.13599908351898193 0.00911522377282381 0.046957213431596756 0.10106423497200012 0.056535448879003525 0.029256463050842285 -0.03145022690296173 0.06531401723623276 0.04023328796029091 0.01933482475578785 0.005693003535270691 -0.1526726931333542 -0.09254483878612518 -0.006255197338759899 0.10756026208400726 0.16905978322029114 0.020296745002269745 0.009210268035531044 -0.036083828657865524 0.040756240487098694 0.05140729248523712 -0.1469285637140274 -0.07272659987211227 -0.046051040291786194 0.08895934373140335 -0.04664492979645729 0.06704287230968475 0.2041255533695221 0.08014723658561707 -0.1674794852733612 0.23834794759750366 0.05920260027050972 -0.08055797964334488 0.03795311972498894 0.03811442479491234 -0.03646639361977577 -0.13082818686962128 0.08280549943447113 -0.02573426254093647 -0.06924188882112503 0.014001802541315556 -0.031088387593626976 -0.014183648861944675 -0.16629795730113983 -0.10844653844833374 -0.02350408025085926 -0.0468924418091774 0.11680831760168076 0.058932553976774216 -0.047821056097745895 -0.09157299250364304 -0.13507840037345886 -0.08167017996311188 -0.06308451294898987 -0.10045085847377777 -0.0027683887165039778 0.13308241963386536 -0.17447185516357422 0.0031297963578253984 -0.12094364315271378 0.14741094410419464 -0.22710835933685303 -0.251339316368103 0.2124619036912918
0.09885149449110031 -0.05731596797704697 -0.014172340743243694 0.06928486377000809 0.09073235839605331 0.14938056468963623 0.04830877482891083 -0.06961353123188019 0.11239349097013474 0.054950300604104996 -0.10333944112062454 0.02765701711177826 0.03731716796755791 -0.11049148440361023 -0.04232443869113922 0.03543374314904213 0.027163080871105194 -0.028603479266166687 -0.013823545537889004 -0.012862207368016243 0.03951352462172508 -0.063593290746212 0.2081931084394455 0.10817251354455948 -0.004075826611369848 0.06275463849306107 0.11249702423810959 -0.0426788292825222 -0.16093440353870392 0.058627866208553314 0.023770466446876526 -0.12315774708986282 -0.05079071223735809 -0.13799157738685608 -0.017111126333475113 -0.024663124233484268 -0.04597838222980499 -0.01156304869800806 0.08748888224363327 0.18469299376010895 -0.012594199739396572 -0.06542117148637772 0.17994962632656097 -0.053621090948581696 0.03092486597597599 0.12044987827539444 0.097874216735363 -0.14556850492954254 0.19013477861881256 0.016130417585372925 0.05269033834338188 0.17133525013923645 -0.040665339678525925 -0.28286924958229065 0.04329283908009529 -0.08267495036125183 -0.19157250225543976 0.06170438975095749 -0.03419391065835953 -0.046614792197942734 -0.16006718575954437 0.044655416160821915 0.020630190148949623 -0.006724815350025892 0.04040947183966637 0.1878403127193451 0.07887090742588043 -0.014454975724220276 -0.11219184100627899 0.06425481289625168 -0.051165543496608734 -0.05630568042397499 -0.15333892405033112 -0.15215809643268585 -0.004033484496176243 0.019116409122943878 0.17077834904193878 -0.12409904599189758 -0.11554579436779022 0.04579287767410278 -0.08369816094636917 -0.1746390163898468 0.03133716806769371 -0.05500321835279465 0.07865768671035767 -0.13325431942939758 0.02235824055969715 0.14844270050525665 -0.24261371791362762 0.018469132483005524 0.06784610450267792 0.061384417116642 -0.04529371112585068 0.23563897609710693 -0.0157183688133955 -0.019530510529875755 -0.01216211449354887 -0.0019433791749179363 -0.049737151712179184 -0.042154792696237564
-0.023140924051404 -0.009163924492895603 -0.05068518966436386 -0.03710748255252838 0.0595853216946125 0.06149051710963249 -0.034140054136514664 -0.0036987580824643373 -0.08338765799999237 0.05735490471124649 0.03278982266783714 0.12180715799331665 0.10056837648153305 0.1179765984416008 -0.14300018548965454 -0.006632586475461721 -0.22130222618579865 -0.057591769844293594 0.0009729790035635233 -0.0757410004734993 -0.08492198586463928 0.05472883954644203 -0.03246185928583145 -0.10612358897924423 -0.04481186717748642 -0.027581019327044487 0.08096497505903244 -0.0506298765540123 -0.0326966792345047 0.023519380018115044 0.10765024274587631 0.03125941380858421 0.03712129965424538 -0.08616224676370621 0.03350139781832695 -0.11755630373954773 0.08264517784118652 -0.07655877619981766 -0.032627325505018234 -0.01303194835782051 -0.14633892476558685 -0.021657805889844894 0.00267771421931684 0.06790068000555038 -0.027164427563548088 -0.005552096292376518 0.019909720867872238 0.09462276101112366 -0.1005561500787735 -0.09257448464632034 0.04780545458197594 -0.06839782744646072 0.011300659738481045 0.05179830268025398 -0.12733639776706696 -0.02867290750145912 -0.07073142379522324 0.05203155055642128 0.009518658742308617 -0.25273340940475464 -0.03379308059811592 0.014634539373219013 0.0037366757169365883 -0.09876026958227158 0.060593899339437485 0.03323659300804138 0.10748181492090225 0.01893881894648075 -0.005748727824538946 -0.003391608828678727 -0.30874377489089966 0.23407559096813202 0.05635932460427284 0.06236334145069122 -0.07713956385850906 0.1897394359111786 0.053033631294965744 -0.19081047177314758 0.09169646352529526 -0.2255963534116745 0.013628683052957058 -0.04717028886079788 -0.07413436472415924 -0.04220203682780266 -0.1565852016210556 -0.07261604815721512 0.08792731165885925 -0.07480935007333755 0.1599453091621399 0.1546809822320938 0.1254805624485016 -0.20467472076416016 0.04703477397561073 0.23637832701206207 0.04246371611952782 0.05950378626585007 0.07084382325410843 -0.12280667573213577 -0.22117562592029572 -0.015647729858756065
-0.04274647682905197 -0.018806617707014084 -0.08360790461301804 0.210983544588089 -0.03501913696527481 -0.03125561773777008 -0.03562937304377556 -0.032456640154123306 -0.14669473469257355 -0.04445311799645424 0.09853139519691467 -4.73991076432867e-06 0.02051566168665886 0.049480170011520386 -0.017457561567425728 -0.06044846400618553 0.08508951216936111 0.09875092655420303 0.17627830803394318 -0.007600993849337101 0.04038699343800545 -0.17287732660770416 -0.1375168114900589 -0.0752377137541771 -0.14684322476387024 -0.021895885467529297 -0.2199549674987793 0.041128192096948624 -0.10057194530963898 0.11691147089004517 0.025273673236370087 0.028060559183359146 -0.06800655275583267 -0.14575570821762085 -0.010193662717938423 0.1008722335100174 -0.026381714269518852 -0.09679899364709854 -0.05868460610508919 -0.12524829804897308 -0.09855552762746811 -0.06096376106142998 -0.005021394230425358 0.008772841654717922 -0.11051762104034424 0.12003768235445023 -0.07170165330171585 -0.06292161345481873 -0.0920710638165474 0.09154742956161499 -0.04040044546127319 0.16945306956768036 0.03114168718457222 -0.19091548025608063 -0.35601335763931274 -0.002672611502930522 0.13493122160434723 -0.061843451112508774 -0.022803818807005882 -0.10589885711669922 -0.04346814751625061 -0.03789540007710457 -0.12480565160512924 -0.06167829409241676 -0.016147691756486893 -0.14939486980438232 -0.045199207961559296 -0.15396220982074738 -0.014178107492625713 -0.02478005737066269 0.11966455727815628 -0.09702343493700027 0.009973293170332909 0.02776135317981243 -0.013439316302537918 0.06809598207473755 0.08853074908256531 0.06947579979896545 -0.016234371811151505 0.0026661413721740246 0.0346287339925766 -0.008779582567512989 -0.051075782626867294 0.1496977061033249 0.011365971527993679 -0.08145621418952942 0.15148010849952698 0.17851042747497559 0.013810539618134499 -0.14908327162265778 0.21721436083316803 -0.006074829027056694 -0.038988351821899414 0.0583106093108654 -0.12976816296577454 0.14674808084964752 0.09808609634637833 -0.023438429459929466 0.0966481864452362 -0.0772072970867157
-0.02887575328350067 -0.04885665699839592 -0.16007648408412933 0.023838691413402557 -0.04324667155742645 -0.2518709897994995 0.03350156918168068 -0.07411453872919083 -0.10581392794847488 0.054939400404691696 0.03072444163262844 0.02574284002184868 0.013437715359032154 -0.020994840189814568 -0.010141000151634216 -0.1492818295955658 0.11633961647748947 -0.014572490938007832 0.08279482275247574 0.16812504827976227 -0.17041270434856415 0.027460072189569473 -0.06743104755878448 0.25361156463623047 -0.002749380189925432 -0.1407582014799118 0.08327668905258179 -0.05869101360440254 0.16223792731761932 -0.010108708404004574 -0.1262500286102295 -0.05264725163578987 0.11017094552516937 -0.011424076743423939 -0.10507915914058685 -0.006487065926194191 -0.014345458708703518 0.06325831264257431 0.07418059557676315 -0.020849009975790977 -0.10903429985046387 0.012348717078566551 0.00373430410400033 0.10124937444925308 -0.014051619917154312 -0.09464860707521439 0.03414025902748108 -0.042626265436410904 0.05106981098651886 0.032538942992687225 -0.13649789988994598 -0.0012340911198407412 0.04206053912639618 -0.006473135203123093 -0.03940599411725998 0.06043923646211624 -0.03793300315737724 0.17677666246891022 0.0040483539924025536 0.12330158054828644 -0.039468828588724136 -0.028111068531870842 -0.07894199341535568 0.003581237979233265 -0.052973728626966476 0.026488590985536575 -0.07572580873966217 0.08244135975837708 -0.10480964928865433 0.2998279333114624 -0.003265160834416747 -0.125142902135849 0.1304580122232437 -0.03655582666397095 -0.0667232945561409 0.014937488362193108 -0.006500165443867445 -0.04078657552599907 0.007532177492976189 -0.34910380840301514 -0.036270320415496826 0.03318767994642258 -0.021330490708351135 0.006561600137501955 0.08820377290248871 0.019868548959493637 0.2549703121185303 0.0029340593609958887 -0.17154091596603394 0.05220864713191986 -0.014461340382695198 0.12315594404935837 0.13605721294879913 -0.05926351621747017 -0.010861262679100037 -0.013240613043308258 -0.07480765134096146 -0.1705009639263153 -0.14895519614219666 -0.033789776265621185
0.04627113789319992 0.27291104197502136 -0.12613563239574432 0.1875690519809723 -0.12768852710723877 0.04290531203150749 -0.0719977468252182 -0.0019451709231361747 0.1857631951570511 -0.12298519909381866 -0.1018083468079567 -0.05080997571349144 -0.11676296591758728 -0.09156738221645355 0.043238479644060135 -0.12938550114631653 -0.02005249820649624 0.07230991125106812 0.1655699610710144 0.019962787628173828 -0.013842266984283924 -0.038775958120822906 -0.037028297781944275 -0.04628361389040947 -0.05385879427194595 -0.15886178612709045 0.09341932833194733 0.010643593035638332 -0.13422781229019165 -0.03487975895404816 0.23879466950893402 0.030791470780968666 0.10999742895364761 0.1383599489927292 0.1113346740603447 -0.10007155686616898 0.08863621205091476 -0.10266248881816864 -0.09211373329162598 0.02563902735710144 0.15683221817016602 -0.005915094166994095 0.025903886184096336 -0.03338833153247833 -0.15909041464328766 0.04402259364724159 0.1578761488199234 0.030192187055945396 0.09681703895330429 -0.13648037612438202 0.0669824555516243 -0.0214978139847517 0.04010001942515373 0.11856784671545029 0.09440582245588303 -0.10478301346302032 0.1713991016149521 0.027828650549054146 0.10251425206661224 -0.08620614558458328 0.08866403996944427 -0.0448770672082901 0.16974344849586487 -0.021732131019234657 -0.13858458399772644 -0.08999378234148026 -0.07719902694225311 -0.08806078135967255 0.0504649318754673 0.15655870735645294 0.10335133969783783 -0.027748631313443184 -0.055497631430625916 -0.03745955973863602 -0.044357966631650925 -0.1354941576719284 -0.09360665082931519 -0.02943982370197773 -0.11898929625749588 -0.1348525583744049 0.06670498102903366 -0.13247959315776825 0.16756510734558105 0.017885474488139153 0.004824901930987835 -0.0030512672383338213 0.08339560031890869 -0.0013756114058196545 0.07003314048051834 -0.02488907240331173 -0.023363295942544937 0.048462722450494766 0.08875013142824173 0.20170432329177856 -0.009400549344718456 -0.05777423083782196 0.022847261279821396 0.008366557769477367 -0.06473667919635773 -0.08701582252979279
0.10280849784612656 -0.05133137106895447 0.06252867728471756 -0.025371169671416283 0.12158498167991638 -0.1316983848810196 0.09761733561754227 0.12916406989097595 0.12131612002849579 -0.08094710111618042 -0.2549545466899872 -0.0025592369493097067 -0.017554957419633865 -0.11602724343538284 -0.09261665493249893 -0.07960540056228638 0.07442717999219894 0.12642650306224823 -0.14337684214115143 -0.1319570690393448 -0.0651344507932663 0.00631348043680191 -0.06867283582687378 0.005677592474967241 0.09487879276275635 -0.0873035117983818 0.0015952178509905934 0.13659343123435974 -0.163582906126976 0.02923106588423252 0.14692871272563934 0.09504064172506332 0.020431719720363617 0.04036908969283104 0.08534514158964157 -0.07740432769060135 0.08388834446668625 0.08483441174030304 -0.04281536117196083 -0.1150619387626648 0.03481612354516983 -0.0019550109282135963 0.08314412832260132 0.027937371283769608 0.01075943373143673 0.09896402060985565 0.04034647345542908 0.036879271268844604 -0.33212345838546753 0.1330147534608841 0.041173581033945084 -0.13353808224201202 -0.04251420497894287 -0.10187471657991409 0.03207043930888176 0.1981932520866394 0.011062603443861008 0.13914062082767487 -0.08189763873815536 0.2067880481481552 -0.06091120094060898 -0.14196531474590302 0.06270286440849304 0.07829142361879349 0.11327982693910599 0.06859739869832993 0.03442196175456047 -0.026776107028126717 -0.014349933713674545 -0.02818337082862854 -0.06830164045095444 -0.15057572722434998 0.11585019528865814 0.010960577987134457 -0.09980715811252594 -0.07878335565328598 0.0912131518125534 -0.1117006167769432 0.18287412822246552 -0.1011037826538086 -0.03549515828490257 0.10368236899375916 -0.05372747406363487 0.05887078121304512 -0.07515528798103333 -0.07677068561315536 0.03992176428437233 0.014584439806640148 -0.08410589396953583 -0.07588683068752289 -0.01806708239018917 -0.052150532603263855 -0.00940119381994009 0.0700891837477684 -0.08919680863618851 -0.08850153535604477 0.1825127750635147 0.1313944011926651 0.0904092937707901 -0.09211099147796631
-0.09534946084022522 -0.09616538882255554 -0.07285620272159576 -0.06407982856035233 -0.040976572781801224 -0.1064019501209259 -0.06590961664915085 0.13947995007038116 0.21671488881111145 0.09247936308383942 -0.13467447459697723 -0.03261863440275192 0.05703166499733925 0.08533745259046555 0.2706753611564636 0.011742656119167805 0.07134154438972473 -0.09214992821216583 0.06828203052282333 0.12714678049087524 -0.11351713538169861 0.2020239681005478 -0.04358876869082451 0.10163690894842148 -0.07393331825733185 0.00685269245877862 -0.0008857129141688347 -0.0013685114681720734 -0.010354145430028439 0.08318257331848145 0.032468169927597046 0.0791206955909729 -0.05648624151945114 0.05943119898438454 0.060399580746889114 0.19986958801746368 0.03409108892083168 0.1747680902481079 0.07344723492860794 0.11624234914779663 -0.06202591583132744 -0.04793565720319748 0.07342066615819931 -0.020919570699334145 -0.08146271109580994 0.09314636886119843 0.02668851427733898 -0.017472412437200546 0.017088022083044052 0.1166197806596756 0.021065089851617813 0.062495630234479904 0.03421328589320183 0.13734224438667297 -0.01917567476630211 0.017933038994669914 -0.1009300947189331 0.0938195288181305 -0.1678038090467453 -0.03294413909316063 0.12541420757770538 0.24677526950836182 0.02784525230526924 -0.08758315443992615 -0.14039908349514008 -0.18496519327163696 -0.06587892025709152 -0.010027646087110043 -0.07565707713365555 -0.016451748088002205 0.0030723686795681715 0.04078177735209465 -0.1807888001203537 0.17022283375263214 0.003807799657806754 -0.03481292724609375 0.03412391245365143 -0.052139535546302795 0.19324134290218353 0.1882583349943161 -0.020130371674895287 -0.048788271844387054 -0.09210477769374847 0.08427546173334122 -0.19291701912879944 -0.036350708454847336 0.10226060450077057 0.05087563395500183 -0.02494884841144085 -0.012752116657793522 0.07591971009969711 -0.1311759054660797 0.14911341667175293 0.12323303520679474 -0.026388762518763542 -0.07228602468967438 -0.0835142508149147 0.06277107447385788 0.024023646488785744 0.03095603547990322
0.072207510471344 0.024844661355018616 -0.08850044012069702 -0.0890851840376854 -0.281914085149765 0.018433952704072 -0.011652634479105473 -0.026110893115401268 -0.05725522339344025 0.055540140718221664 0.05114773288369179 0.09055379778146744 0.03987899050116539 -0.07038245350122452 -0.06445540487766266 -0.053501300513744354 0.10048481822013855 0.05121887847781181 0.20907621085643768 -0.09042700380086899 -0.08311080932617188 0.007934415712952614 0.14034633338451385 0.08754788339138031 -0.10134796798229218 0.1873825490474701 -0.19779591262340546 -0.01820165105164051 0.1379781812429428 -0.08355662971735 0.049990471452474594 -0.15863262116909027 -0.026362502947449684 -0.01582464948296547 0.006670206319540739 0.00850717443972826 0.12482813000679016 0.04236757755279541 0.08937552571296692 -0.11696135997772217 0.08509143441915512 -0.03780580684542656 -0.11160676926374435 0.04720829427242279 0.0374494306743145 -0.03678819164633751 0.040846653282642365 0.01090407557785511 0.020620964467525482 0.1667185127735138 0.3735657036304474 -0.17319385707378387 -0.022257935255765915 0.024195993319153786 0.16093119978904724 -0.05240878835320473 -0.10076447576284409 -0.107488252222538 0.10988539457321167 -0.02504238486289978 -0.07676117867231369 -0.08497414737939835 -0.006081785075366497 -0.16867808997631073 -0.05657243728637695 -0.018934089690446854 0.02641233056783676 0.14092350006103516 -0.1843273639678955 -0.16813930869102478 -0.0676463171839714 -0.05178895592689514 0.058638736605644226 -0.02383662387728691 -0.010333100333809853 -0.06487344205379486 -0.010252263396978378 -0.008950488641858101 0.14975480735301971 0.014140262268483639 -0.01624876819550991 0.05608360469341278 0.08517438173294067 0.16360703110694885 0.05862254276871681 0.0713568851351738 0.07136495411396027 0.09818588197231293 0.00963581632822752 -0.05004963278770447 -0.04784910008311272 -0.033765628933906555 -0.09905248880386353 0.12010636925697327 -0.14606353640556335 0.03158906102180481 -0.014449220150709152 0.08103427290916443 -0.11365795880556107 -0.017739959061145782
0.11221800744533539 0.12439528107643127 -0.06699392199516296 -0.044933851808309555 -0.0937347486615181 0.027752848342061043 0.06705310195684433 0.04669826850295067 0.006996954791247845 -0.19759872555732727 0.20308572053909302 -0.15170158445835114 -0.16547223925590515 0.01029595360159874 0.011652784422039986 -0.03670888766646385 0.03964631259441376 -0.18484142422676086 0.09558098763227463 0.048128969967365265 -0.07522105425596237 -0.04904181510210037 0.1361408680677414 0.10351969301700592 0.032348617911338806 0.1564481407403946 0.2430383563041687 -0.008464287035167217 -0.06257183104753494 0.09027447551488876 -0.08570265024900436 0.04379190877079964 0.01652262732386589 -0.020438499748706818 -0.027838032692670822 0.0014231586828827858 -0.10541005432605743 -0.02400265820324421 0.0474994070827961 -0.031064270064234734 -0.019136356189846992 -0.10412759333848953 0.22444148361682892 0.02401125058531761 0.038505420088768005 -0.09410826861858368 0.047547489404678345 0.01128892507404089 -0.15467840433120728 -0.07157028466463089 0.094581738114357 0.07079789787530899 0.05824118107557297 -0.04853677749633789 -0.11732470989227295 0.09767025709152222 0.0029938877560198307 -0.008737440221011639 0.13346879184246063 0.16395679116249084 0.11638884991407394 -0.08412070572376251 -0.08573044091463089 -0.008471556007862091 -0.13621477782726288 -0.00741603784263134 -0.03537145256996155 0.06927387416362762 0.0579405203461647 -0.1871165931224823 -0.15715403854846954 -0.19590333104133606 -0.1454325169324875 0.18123872578144073 -0.044451065361499786 0.16034504771232605 0.038857392966747284 -0.030083155259490013 -0.10589799284934998 0.057690080255270004 -0.055121634155511856 0.037917111068964005 -0.05221070349216461 0.018184510990977287 -0.030885662883520126 0.04503684863448143 0.1417081356048584 -0.13727101683616638 0.11477383226156235 0.0007567775319330394 -0.1574433594942093 0.016200661659240723 -0.027468137443065643 0.1358369141817093 0.11930206418037415 0.019217221066355705 0.13904203474521637 -0.0556008517742157 0.12239278852939606 0.08128850162029266
0.11255831271409988 0.11920968443155289 -0.10549503564834595 -0.07222075015306473 -0.02069820649921894 0.04664711654186249 -0.04450342804193497 0.0076764607802033424 0.11409163475036621 -0.07683205604553223 -0.05621229484677315 0.044242795556783676 -0.03752410411834717 0.023066693916916847 -0.05552467703819275 -0.029266800731420517 0.0462094284594059 0.027798091992735863 0.08386864513158798 -0.22051002085208893 -0.06972802430391312 0.007819944061338902 -0.04001948609948158 0.03754093870520592 -0.07866039872169495 -0.09212501347064972 -0.01609828509390354 0.06846680492162704 0.03711993619799614 0.006210946477949619 0.03237573802471161 0.07376625388860703 -0.029901016503572464 -0.14334560930728912 0.027347570285201073 -0.16802600026130676 -0.08022388070821762 0.018171725794672966 0.16972799599170685 0.1618925780057907 -0.027838213369250298 0.005689514800906181 -0.29409635066986084 -0.01422661542892456 0.17785513401031494 0.08245651423931122 0.09032360464334488 -0.02333720028400421 -0.0042185112833976746 0.11216558516025543 0.061851561069488525 -0.0007694261148571968 -0.000662205449771136 -0.13793550431728363 0.1402110904455185 -0.12546032667160034 -0.1244601383805275 0.0468609482049942 -0.06407192349433899 -0.09243382513523102 0.18308065831661224 0.043270159512758255 -0.013412140309810638 0.13656097650527954 -0.05096447840332985 -0.018474245443940163 -0.07543027400970459 -0.09529966115951538 -0.09672629088163376 0.12044189125299454 0.043865542858839035 -0.10660231113433838 -0.021788232028484344 0.1561608463525772 0.14247934520244598 0.1457854062318802 -0.01599913276731968 0.11811553686857224 0.019314734265208244 -0.08656259626150131 -0.03794168680906296 0.10282519459724426 -0.11972369253635406 -0.11665959656238556 -0.12199613451957703 0.04155721515417099 0.053880468010902405 -0.0468720979988575 0.11161483079195023 0.1001533791422844 0.2218625694513321 0.12912163138389587 -0.19483646750450134 -0.15167707204818726 0.22785325348377228 0.0277333315461874 0.05216364935040474 0.024823026731610298 0.11110501736402512 -0.05659520998597145
0.013595381751656532 -0.015787072479724884 0.18044410645961761 -0.0018406049348413944 0.005000818520784378 0.022169437259435654 -0.041625965386629105 0.10294661670923233 -0.14041194319725037 0.059641171246767044 0.12841694056987762 0.06641592085361481 0.029734870418906212 -0.03940292075276375 -0.28296250104904175 -0.09916643053293228 -0.16365666687488556 -0.13930825889110565 0.03628817945718765 0.06638963520526886 0.11535847932100296 0.05487339198589325 0.11092525720596313 0.02956375479698181 -0.05895305797457695 -0.323312908411026 -0.0471317395567894 0.024567173793911934 -0.09223542362451553 -0.16256526112556458 -0.005925342440605164 -0.273301362991333 0.011347206309437752 0.10853715986013412 0.04932548105716705 0.014580617658793926 -0.24751116335391998 0.11008629947900772 0.08347854763269424 -0.01383991353213787 0.03042532689869404 -0.01376525592058897 -0.06736104190349579 0.06427782028913498 -0.0861542597413063 0.18879206478595734 -0.0955813005566597 -0.038098838180303574 0.06502392143011093 -0.0019831694662570953 -0.017625728622078896 0.028483519330620766 -0.1497139185667038 0.0340794175863266 -0.010423085652291775 -0.11302724480628967 0.009623554535210133 0.08523978292942047 -0.15325818955898285 0.08185403794050217 0.03804577887058258 -0.11589845269918442 -0.009107439778745174 0.06125452741980553 -0.21332506835460663 -0.063796766102314 -0.07203289866447449 -0.06473703682422638 -0.0767436996102333 -0.10617849230766296 0.013088605366647243 0.02181130275130272 0.014006727375090122 0.07034114748239517 -0.048140861093997955 0.08054962009191513 0.0135041493922472 0.033746376633644104 0.055890053510665894 0.01459995936602354 0.0942869558930397 -0.13452161848545074 -0.11252426356077194 0.062160514295101166 -0.13203038275241852 0.07376741617918015 -0.007035048678517342 -0.09795316308736801 -0.10883036255836487 -0.07967091351747513 -0.1926078349351883 0.008919182233512402 -0.007497922517359257 0.07435691356658936 0.03942542150616646 -0.024575989693403244 0.06824157387018204 0.0695902407169342 -0.0025434878189116716 -0.12289801239967346
0.09463007748126984 0.13644233345985413 0.2542818486690521 0.15414215624332428 -0.08886652439832687 -0.004256630316376686 -0.12021425366401672 0.009635549038648605 -0.12931574881076813 -0.15952648222446442 -0.2029108852148056 0.34050238132476807 0.1087319478392601 0.1426776796579361 0.038584500551223755 0.014467587694525719 0.03694562241435051 0.021425481885671616 -0.02729685790836811 0.04061748832464218 -0.01393158920109272 -0.11960478127002716 0.04728957265615463 0.26403623819351196 0.005780406296253204 0.2055341899394989 0.028358789160847664 -0.03345469757914543 0.021267306059598923 0.06446743756532669 0.013634881004691124 0.03269826993346214 0.09211070090532303 0.1355687826871872 -0.13227449357509613 -0.23823057115077972 -0.03437500074505806 0.04369742050766945 0.007845660671591759 0.014347498305141926 0.04374925419688225 -0.05427737534046173 -0.0318230576813221 -0.06392291933298111 0.0584116093814373 0.06552580744028091 -0.07061561942100525 -0.0024904885794967413 0.031288012862205505 -0.04244605079293251 -0.09222659468650818 0.007635321002453566 -0.01281670667231083 0.007069272454828024 0.014420665800571442 0.21100226044654846 0.05697961896657944 -0.010792089626193047 -0.025700531899929047 -0.044421013444662094 -0.10765941441059113 0.009385579265654087 -0.011939892545342445 -0.009296297095716 0.03540167957544327 -0.03743601590394974 -0.15924660861492157 0.08677985519170761 0.040670912712812424 0.1612979769706726 -0.03023219294846058 0.1546090990304947 -0.024840980768203735 0.18651020526885986 -0.10521245002746582 -0.06053668633103371 -0.03316790238022804 0.026765255257487297 0.015089777298271656 0.12825287878513336 -0.03403719514608383 -0.13541162014007568 -0.07096400856971741 0.06031745299696922 -0.0243558119982481 -0.04191097617149353 0.0930553525686264 0.05367792770266533 0.05108696594834328 0.037590935826301575 -0.10337091237306595 -0.059807829558849335 -0.1608126014471054 -0.005313193891197443 0.00984378531575203 0.13706831634044647 -0.055716682225465775 0.014525325037539005 0.06893730163574219 -0.12836962938308716
-0.03386697918176651 -0.101664237678051 0.057426292449235916 0.013731155544519424 -0.12888403236865997 -0.028654795140028 -0.059952713549137115 -0.04318612813949585 0.06181907281279564 0.1981855183839798 -0.026918496936559677 -0.07603422552347183 -0.07283952832221985 0.12154325097799301 -0.05614618584513664 -0.09310217201709747 0.027389058843255043 -0.10763049125671387 -0.1248181164264679 -0.02402593195438385 -0.00814333837479353 0.018977537751197815 -0.04569226875901222 0.13140638172626495 0.07199832797050476 0.10797455161809921 0.07595384865999222 0.0764877200126648 -0.06560036540031433 0.09761246293783188 0.13277970254421234 -0.029184969142079353 0.057252414524555206 -0.159098818898201 0.0889691486954689 -0.10085847228765488 -0.2139699012041092 0.06721619516611099 -0.2071293145418167 -0.18614619970321655 0.054764170199632645 -0.04654247313737869 -0.139959916472435 -0.10558293759822845 0.04874302074313164 -0.11641497164964676 -0.06252723187208176 0.0089142806828022 0.09746603667736053 -0.15263308584690094 -0.12422167509794235 0.04268721491098404 0.12210164219141006 0.0050321961753070354 -0.05032016336917877 -0.0760100930929184 -0.042556602507829666 -0.015244931913912296 0.012069081887602806 0.09808126091957092 -0.10032631456851959 0.1754249483346939 0.05047275498509407 0.0974913239479065 -0.07733194530010223 -0.17393046617507935 -0.06963952630758286 0.17580680549144745 -0.07158423215150833 -0.07510536164045334 -0.012799758464097977 0.03542738035321236 0.07167878746986389 -0.058785028755664825 0.053795889019966125 0.03153858706355095 0.04568096250295639 -0.007951921783387661 0.09542180597782135 -0.1108008325099945 0.039495714008808136 -0.01245974563062191 0.23086215555667877 0.06231766939163208 -0.02520770952105522 -0.09185546636581421 -0.007708488963544369 -0.07463148236274719 0.0001954399049282074 0.05525072664022446 0.12838514149188995 0.19845570623874664 -0.057599324733018875 0.0936129093170166 -0.027786890044808388 0.08847655355930328 0.15221722424030304 0.30078721046447754 0.015684574842453003 0.12635305523872375
-0.026118231937289238 -0.09275279194116592 0.11449502408504486 -0.02845543436706066 0.07177548110485077 -0.18670640885829926 -0.05789826065301895 0.1710938662290573 -0.24331821501255035 0.016818204894661903 0.0016092030564323068 -0.10323803126811981 0.12233953177928925 -0.06387874484062195 -0.029323149472475052 -0.14006252586841583 -0.09494584798812866 -0.08336328715085983 0.027949750423431396 0.183822363615036 -0.08302168548107147 -0.15814048051834106 -0.010118847712874413 -0.028767559677362442 0.03938581794500351 -0.007506596855819225 0.13703136146068573 0.07201837003231049 0.028207087889313698 0.04414430260658264 -0.03007226251065731 -0.12078602612018585 0.04896704480051994 -0.04479198902845383 -0.07488229870796204 -0.05466756224632263 -0.054094623774290085 0.06770513206720352 0.13332374393939972 -0.006772750988602638 0.20452335476875305 0.05752432718873024 0.012092135846614838 -0.08809252828359604 0.06391359120607376 0.2654356062412262 0.12047406286001205 0.0782194584608078 -0.150648832321167 0.1001734510064125 0.13949009776115417 0.08347819000482559 0.03103318251669407 0.13305698335170746 0.09926339238882065 -0.09664687514305115 -0.02190280705690384 -0.09165934473276138 0.05962299183011055 -0.0944032296538353 0.07482553273439407 0.08073507994413376 -0.1293220967054367 -0.09394503384828568 0.10581591725349426 0.03538957238197327 0.052688613533973694 -0.03709754720330238 0.12853647768497467 0.05064241960644722 -0.02902544103562832 -0.14483915269374847 -0.12208203226327896 -0.08187229931354523 -0.11269844323396683 -0.06349340826272964 -0.18488749861717224 -0.023422488942742348 0.0485527366399765 -0.047575585544109344 -0.005214211530983448 -0.02830522134900093 0.24420440196990967 -0.0015809019096195698 -0.026065288111567497 -0.1367194950580597 -0.08562766760587692 0.08037778735160828 0.0434148907661438 0.10365979373455048 0.1626417338848114 0.007783745881170034 0.06616991013288498 -0.036274876445531845 0.05397827550768852 0.13722746074199677 0.019545260816812515 -0.007838809862732887 0.14881743490695953 0.0820014476776123
-0.04351486638188362 0.06974378228187561 -0.13996033370494843 -0.0022686212323606014 -0.00871705450117588 0.15043175220489502 -0.08558253198862076 -0.047880224883556366 -0.1342383325099945 0.09541083872318268 -0.04490121826529503 -0.181644007563591 0.02451682835817337 0.14412805438041687 0.020101496949791908 -0.17845585942268372 0.23197807371616364 -0.002832632279023528 0.19174495339393616 -0.0344991460442543 -0.005331038031727076 -0.0876283273100853 0.12125543504953384 0.05084477737545967 0.08000853657722473 -0.04650454595685005 -0.005022754892706871 0.02453172765672207 0.093637615442276 -0.09955760836601257 -0.06192277744412422 0.040249355137348175 0.050719935446977615 0.16886357963085175 -0.12046938389539719 -0.06817816197872162 0.05617606267333031 -0.1318444311618805 -0.0316992923617363 -0.12150932848453522 0.06420367956161499 -0.008089940063655376 -0.034393519163131714 0.1339576691389084 -0.11457803845405579 0.07972800731658936 -0.03424540162086487 -0.035470668226480484 -0.25042498111724854 0.01616056263446808 -0.09754160046577454 -0.03848380222916603 -0.126791849732399 -0.14633308351039886 0.04230590909719467 -0.035510655492544174 0.10482283681631088 0.12912432849407196 -0.0608716681599617 -0.13081790506839752 -0.16029009222984314 0.17674382030963898 -0.0490187369287014 0.15579278767108917 -0.02959875948727131 -0.0448831245303154 0.07813320308923721 0.12635478377342224 -0.007596944458782673 -0.06683587282896042 -0.05372250825166702 0.06507916003465652 -0.19262990355491638 -0.1005462259054184 -0.05432295799255371 -0.01972389407455921 0.24341005086898804 -0.04852559044957161 0.11516623198986053 0.054033756256103516 0.0585656464099884 -0.007417864631861448 0.07190857082605362 -0.19143575429916382 -0.06316041946411133 -0.0031080925837159157 -0.10389800369739532 -0.016201527789235115 0.05627027153968811 0.01540402788668871 -0.04285023733973503 0.03778534755110741 0.032122936099767685 -0.054596494883298874 0.13039065897464752 -0.15422597527503967 -0.11912558972835541 0.046838607639074326 0.05452316999435425 -0.03086966648697853
0.016295351088047028 0.14464658498764038 0.05527092516422272 -0.12384656071662903 -0.028705565258860588 0.039744529873132706 -0.076287642121315 -0.15127025544643402 0.07304579764604568 -0.013653293251991272 -0.14357343316078186 0.005043248645961285 -0.0924627035856247 0.030981840565800667 -0.04473807290196419 0.022106438875198364 0.1349027156829834 0.02196764014661312 -0.04205469414591789 -0.07029613852500916 0.131042018532753 0.06421203911304474 0.04326845705509186 -0.04114596173167229 -0.044271934777498245 0.019246868789196014 -0.13139182329177856 -0.09868606925010681 0.04519474878907204 0.048488058149814606 0.02746020257472992 -0.05923674255609512 -0.032530415803194046 -0.11061375588178635 0.02422984130680561 -0.10601211339235306 0.026875706389546394 0.07131906598806381 0.07566346228122711 -0.18084394931793213 -0.03232675790786743 0.06802378594875336 0.22538962960243225 -0.06745979189872742 -0.10429920256137848 0.020095350220799446 0.027864214032888412 0.015357558615505695 0.0004427536914590746 0.12641064822673798 -0.0630246177315712 0.09958478063344955 0.016373638063669205 0.02450736053287983 -0.1056719720363617 -0.00784208718687296 0.0041173300705850124 -0.12620380520820618 0.11927415430545807 -0.08857270330190659 0.11256811767816544 0.0483504980802536 -0.053098518401384354 -0.08873283863067627 -0.0876370444893837 0.12471411377191544 -0.06504887342453003 -0.1404554694890976 -0.1663663238286972 -0.012940396554768085 -0.07779967039823532 0.08682942390441895 0.07320833206176758 0.07386564463376999 -0.02042180858552456 0.14339345693588257 -0.17769525945186615 -0.2767069935798645 0.1535957306623459 -0.12372419238090515 0.07092691212892532 -0.15090133249759674 0.11769160628318787 -0.15923473238945007 -0.08470815420150757 -0.036842864006757736 -0.014824152924120426 -0.08649218082427979 -0.10672711580991745 -0.05240136757493019 -0.1488744616508484 0.14254745841026306 0.08229396492242813 -0.19920338690280914 -0.11642199009656906 -0.018866069614887238 -0.08974073082208633 -0.05764907971024513 0.2712531089782715 0.043627843260765076
0.05168884992599487 -0.02331177517771721 0.02159714698791504 -0.2242150604724884 -0.07604977488517761 -0.2511172890663147 0.03785193711519241 -0.13353519141674042 0.0013019728939980268 0.07904970645904541 -0.021614553406834602 0.09130887687206268 0.052703529596328735 -0.2048451006412506 0.10383792966604233 0.17128007113933563 -0.21345995366573334 0.007134184241294861 0.09466982632875443 0.0005245251813903451 0.06931821256875992 0.13403600454330444 0.08775827288627625 -0.03496639430522919 0.01128444354981184 0.021573342382907867 -0.039309825748205185 -0.01623673178255558 -0.13725228607654572 -0.010421337559819221 0.05338854715228081 0.05209636315703392 -0.11206140369176865 0.07126545906066895 0.04287220165133476 -0.04671783000230789 0.11874811351299286 -0.12503682076931 0.0848337709903717 -0.15727578103542328 0.007293373811990023 0.002431196393445134 -0.0002715972950682044 -0.1913292407989502 0.007070256397128105 0.06173558160662651 -0.18282552063465118 -0.18145154416561127 -0.04947001114487648 0.1071247085928917 -0.10949007421731949 0.005112893413752317 -0.1035589873790741 0.056859713047742844 0.08537508547306061 -0.026461565867066383 0.1464274376630783 0.09976305067539215 0.07719147950410843 0.044303640723228455 -0.004242954775691032 0.18563684821128845 -0.03866416960954666 0.08859018981456757 0.032864149659872055 -0.12219593673944473 -0.12746505439281464 0.11683405190706253 0.01142170000821352 -0.10364530235528946 -0.12440220266580582 -0.023832915350794792 -0.06974818557500839 -0.06811598688364029 0.01913692057132721 0.06070895493030548 0.02662692777812481 0.036829542368650436 -0.1580740213394165 -0.07207392156124115 -0.10651716589927673 -0.09055297821760178 0.07347618043422699 -0.15410065650939941 0.006894511170685291 0.037821151316165924 0.15113216638565063 0.17580989003181458 0.07042283564805984 -0.09641430526971817 -0.007782700937241316 0.04398854821920395 0.022381791844964027 -0.06385395675897598 0.11789894104003906 0.07699212431907654 0.1983862966299057 -0.0858234316110611 -0.054197728633880615 -0.1036761924624443
0.11480560898780823 0.06130272522568703 0.008522078394889832 -0.10537178069353104 0.03304857760667801 -0.0576888769865036 -0.011998592875897884 0.021748073399066925 0.014997484162449837 0.10070612281560898 0.13362354040145874 -0.2727307677268982 -0.14678746461868286 -0.02866509184241295 -0.07998599857091904 0.04633791372179985 -0.2532300651073456 0.05174858495593071 0.11249031871557236 -0.05589459463953972 -0.1660744696855545 0.07154666632413864 -0.07231585681438446 -0.06125397980213165 0.035042859613895416 0.0950750857591629 -0.11640626937150955 -0.04830186069011688 0.01162698958069086 0.13057798147201538 0.2103632241487503 -0.05909249559044838 -0.027628490701317787 0.1190352514386177 -0.06843779236078262 0.04106761887669563 -0.13286225497722626 0.02982686273753643 -0.12924186885356903 0.005004257429391146 -0.10752914845943451 0.07240435481071472 -0.002752340631559491 0.10251261293888092 -0.027017105370759964 -0.015588420443236828 -0.0035589805338531733 0.09695180505514145 0.08823893219232559 0.03611375018954277 0.057798512279987335 0.06740117073059082 0.09553898870944977 -0.22616703808307648 0.007838682271540165 -0.07512308657169342 -0.009167340584099293 0.08442804962396622 -0.07788603007793427 -0.059541039168834686 -0.15090331435203552 -0.07427159696817398 -0.004645922686904669 0.05371389910578728 0.2659350633621216 0.003133646212518215 -0.23333562910556793 0.18390265107154846 -0.01193230040371418 0.1885654479265213 0.022108152508735657 -0.012829670682549477 -0.18260310590267181 0.09734779596328735 -0.04557405784726143 -0.07558729499578476 -0.1577395796775818 -0.05966904014348984 0.1591808944940567 0.13765321671962738 0.015494260005652905 -0.041162583976984024 -0.009483838453888893 -0.0795331671833992 0.06891140341758728 0.06439819186925888 0.0038696257397532463 -0.06989362090826035 0.004094770643860102 0.03579298406839371 -0.08808579295873642 -0.017982326447963715 0.04477212205529213 -0.04295331612229347 -0.09561654180288315 0.07221388816833496 0.00875562708824873 -0.06074930727481842 0.06961710005998611 -0.12527693808078766
0.0389811173081398 -0.09003010392189026 -0.03521810099482536 -0.019725918769836426 0.07043879479169846 0.03744887560606003 0.05348765105009079 -0.0947294533252716 0.1970762461423874 -0.1378040462732315 0.25465041399002075 0.13360202312469482 0.14358994364738464 0.06941753625869751 0.05060812458395958 -0.1449589878320694 0.02141387388110161 0.061462827026844025 -0.06230272725224495 0.09780028462409973 -0.1458510458469391 -0.08111122250556946 0.040886860340833664 -0.1698359102010727 0.0142614571377635 -0.006849267985671759 0.11960422247648239 0.013376841321587563 0.0173468180000782 -0.00521959038451314 0.08393450081348419 0.03298765793442726 -0.11850057542324066 0.01344873383641243 0.12707456946372986 -0.07695885747671127 -0.11555522680282593 -0.061507970094680786 0.13207346200942993 -0.013012172654271126 -0.11719480156898499 -0.010243690572679043 -0.03819502517580986 0.13411647081375122 -0.06713247299194336 -0.0008264406933449209 -0.12111333757638931 0.09559501707553864 0.1435345858335495 0.06818638741970062 -0.012988000176846981 -0.17317166924476624 0.0399363711476326 0.09506183862686157 0.019546618685126305 0.021022729575634003 0.02836255170404911 -0.10419922322034836 -0.049506478011608124 -0.1845647394657135 0.11823903024196625 0.08948400616645813 -0.09965214133262634 0.18662413954734802 0.08824542909860611 -0.055485114455223083 -0.083870530128479 0.10740955919027328 -0.03508128598332405 -0.18474997580051422 0.06365345418453217 -0.07478079199790955 0.1423368752002716 -0.03196209669113159 -0.1799112856388092 -0.14480365812778473 0.07420369237661362 -0.14714451134204865 -0.029149465262889862 0.04782356694340706 -0.005332146305590868 -0.06335821747779846 0.09060154110193253 0.045514535158872604 0.1543024331331253 -0.15368439257144928 0.1401238739490509 -0.06278096139431 -0.17255468666553497 0.05084353685379028 -0.014408373273909092 -0.043143242597579956 -0.06696591526269913 -0.03012688457965851 0.10195663571357727 -0.08000484853982925 -0.043694473803043365 -0.0026362156495451927 0.17888259887695312 -0.1100810170173645
-0.12899939715862274 -0.04344039782881737 -0.07679075002670288 -0.058583781123161316 0.06401181221008301 0.05674969404935837 0.08075223118066788 -0.37035343050956726 -0.05244740471243858 0.052947431802749634 0.01499343104660511 -0.09130258858203888 0.10308454185724258 -0.0919269546866417 0.030946969985961914 0.05022857338190079 -0.02731609158217907 0.012397020123898983 -0.1795024573802948 0.013869913294911385 0.041451357305049896 0.0612834095954895 0.11380241811275482 -0.06943157315254211 0.06506709009408951 0.02967827208340168 -0.06431763619184494 -0.04645204171538353 0.11005006730556488 0.01325073093175888 0.04496532306075096 0.038458243012428284 0.1729564219713211 0.06939997524023056 -0.15441639721393585 -0.01498186681419611 -0.16855572164058685 -0.0637822300195694 0.05820425599813461 0.08058547973632812 -0.05346807464957237 0.084272600710392 0.027899324893951416 -0.10379093140363693 0.0071768322959542274 -0.05293450504541397 -0.03447941318154335 -0.042652763426303864 0.09652481973171234 0.10665013641119003 0.09048301726579666 -0.1650107353925705 -0.05827410891652107 -0.07810036092996597 -0.05428943783044815 0.13718877732753754 0.19951936602592468 0.16583316028118134 -0.1136322021484375 0.020259646698832512 0.09268040955066681 -0.09538710862398148 0.13237807154655457 -0.11635984480381012 -0.1910523921251297 0.024240199476480484 0.006937522441148758 -0.04135899990797043 0.08351457118988037 -0.020598744973540306 0.046741824597120285 -0.07526969909667969 -0.17311742901802063 0.15329056978225708 -0.2530823349952698 -0.06836284697055817 -0.02391333319246769 -0.008205371908843517 0.07700313627719879 -0.12258083373308182 -0.08534223586320877 -0.037014689296483994 0.10236495733261108 0.1275785267353058 -0.11210565268993378 0.009922496043145657 -0.09444018453359604 -0.03561031073331833 0.08673591911792755 0.00675653200596571 0.20945045351982117 0.08472688496112823 -0.17030419409275055 0.07571963220834732 -0.041568007320165634 0.04331042617559433 -0.02516516111791134 0.02315666154026985 0.03081504814326763 0.01434327568858862
0.07685687392950058 -0.1373157501220703 0.09034506231546402 0.12195663154125214 -0.003955874126404524 0.004365888889878988 -0.04701738432049751 0.027163922786712646 -0.05498780310153961 -0.0009182608919218183 -0.019975021481513977 -0.21177756786346436 0.02626342885196209 -0.04734654724597931 0.03962310776114464 0.01456374116241932 0.0323093943297863 0.03706630691885948 -0.04842366650700569 0.004240506328642368 0.008349564857780933 0.08320391923189163 -0.024043191224336624 0.09455356746912003 -0.12381947040557861 0.10770520567893982 0.00275979982689023 -0.11027974635362625 -0.193703293800354 0.018860068172216415 -0.042763788253068924 -0.14739935100078583 0.06287819892168045 0.16243529319763184 -0.027240734547376633 -0.2509300410747528 0.03043600544333458 0.08301004767417908 0.14874573051929474 -0.11569996178150177 -0.14998146891593933 -0.012221697717905045 -0.07425432652235031 0.17837660014629364 0.047641102224588394 -0.06962517648935318 -0.09644650667905807 -0.12421219795942307 0.09583839774131775 0.07013056427240372 -0.14071351289749146 -0.22507746517658234 0.011784256435930729 0.10825169086456299 -0.13358373939990997 -0.06461812555789948 0.009645202197134495 0.002185771707445383 0.23072892427444458 0.026428095996379852 0.1648714244365692 0.005180392414331436 -0.007080518640577793 -0.010477197356522083 0.14049221575260162 -0.07907760143280029 0.14339664578437805 -0.052966974675655365 0.08157943189144135 0.04220613092184067 0.03977864980697632 -0.11291805654764175 -0.10911001265048981 -0.07435480505228043 0.1909414827823639 0.08735815435647964 -0.06490987539291382 -0.03034466691315174 0.05688953027129173 -0.00919518806040287 0.05752884969115257 -0.04973714053630829 -0.10398823767900467 -0.06624015420675278 0.046107664704322815 0.09314772486686707 -0.06816570460796356 0.05532938241958618 0.06193093582987785 0.09241396188735962 0.11109500378370285 -0.02665071375668049 -0.08064644038677216 0.20911312103271484 -0.11160577088594437 -0.22192919254302979 -0.04544474184513092 0.014740756712853909 0.12623421847820282 -0.09042501449584961
-0.05463317781686783 -0.018207291141152382 0.09083673357963562 0.00983070395886898 -0.18874646723270416 0.0774955227971077 -0.05574950575828552 0.009662793017923832 0.07624925673007965 0.00545521080493927 0.07261352241039276 0.03410366550087929 0.09483632445335388 -0.08795447647571564 0.015762588009238243 0.007320057135075331 0.011610642075538635 0.055820282548666 0.10935994237661362 -0.019846078008413315 0.010269210673868656 -0.23529843986034393 0.04687850549817085 -0.07969673722982407 0.009646366350352764 -0.012469358742237091 -0.0320236012339592 -0.00673589576035738 -0.24477072060108185 0.01384522020816803 -0.12648437917232513 -0.1226925402879715 0.045631323009729385 0.037830110639333725 0.15297426283359528 0.14567558467388153 0.15292973816394806 0.17724138498306274 0.09974630922079086 0.07990174740552902 -0.17590810358524323 0.1704903244972229 0.009760224260389805 -0.06038796529173851 0.21299363672733307 0.0012609983095899224 -0.06459216773509979 -0.05132545903325081 -0.05908624455332756 -0.07589025050401688 -0.08103521913290024 0.03617631271481514 0.2391793131828308 -0.01143344771116972 -0.12775574624538422 -0.018095245584845543 0.1679452508687973 0.12286234647035599 -0.06993968784809113 -0.010305722244083881 -0.009399600327014923 -0.04167388379573822 -0.005420726723968983 0.027216758579015732 -0.050162285566329956 0.10414979606866837 -0.02435089647769928 0.021374089643359184 -0.01333931926637888 0.06757587194442749 -0.11898010224103928 -0.03804741054773331 0.16043196618556976 0.18474768102169037 -0.016383767127990723 -0.08871114999055862 0.0038596088998019695 -0.08547922223806381 0.16999052464962006 0.13045188784599304 -0.016875624656677246 0.14782704412937164 0.23392626643180847 -0.06749626994132996 0.008520737290382385 -0.005293036811053753 -0.11653312295675278 0.06218778342008591 0.0898909643292427 0.0897279679775238 -0.032443705946207047 0.1859193742275238 0.016444064676761627 0.04448399692773819 0.15375344455242157 -0.05473720654845238 -0.06221160665154457 -0.011658834293484688 -0.14619185030460358 -0.062493354082107544
-0.20646920800209045 0.055378206074237823 0.15237851440906525 -0.10735303908586502 -0.007225188426673412 0.07709699869155884 0.06151198968291283 0.17100416123867035 -0.1333858221769333 -0.035623714327812195 -0.03411369398236275 -0.10278709977865219 -0.032850559800863266 0.018102170899510384 0.10147374868392944 -0.10068661719560623 -0.037903301417827606 -0.047681111842393875 0.03821488842368126 -0.1715981364250183 0.05288931727409363 -0.03519652411341667 -0.05061037465929985 0.022087957710027695 0.1561216562986374 -0.002034025499597192 0.011478745378553867 -0.08095388859510422 -0.04903761297464371 -0.1520591825246811 -0.004214493092149496 0.23308329284191132 -0.06615733355283737 -0.05261527746915817 0.07404357194900513 0.04461942985653877 0.049240592867136 -0.21553996205329895 0.026685360819101334 -0.167439803481102 0.0033321843948215246 -0.03823636472225189 -0.04557516798377037 0.11503537744283676 0.19582384824752808 0.12028610706329346 0.046600256115198135 -0.040201663970947266 0.08966165781021118 0.21399076282978058 -0.044330939650535583 -0.07791957259178162 0.061753466725349426 0.021693048998713493 -0.04210337623953819 -0.0956525132060051 -0.055592961609363556 -0.04249807447195053 -0.10330581665039062 0.05299399048089981 0.03415055200457573 0.06046895310282707 0.06181991472840309 0.1085682213306427 0.050429072231054306 -0.005575011949986219 -0.02304188348352909 -0.04954933747649193 -0.035045333206653595 0.07225115597248077 -0.05685695260763168 0.07444054633378983 -0.04429452121257782 0.16610194742679596 -0.16932639479637146 0.13520030677318573 -0.02668234519660473 -0.0016414201818406582 -0.23960581421852112 0.00013587735884357244 -0.1199585497379303 0.005907157901674509 0.10531118512153625 0.18706980347633362 0.01344378013163805 0.11717704683542252 0.01905687153339386 -0.01287357322871685 -0.1395457237958908 0.16343311965465546 -0.06894855201244354 0.1412266492843628 0.03404550999403 0.12347143888473511 -0.2280474156141281 0.009019502438604832 -0.14591343700885773 0.007258945610374212 -0.0339660681784153 -0.038965530693531036
0.048145536333322525 -0.05108976364135742 0.0948113203048706 0.012121770530939102 0.06081804633140564 -0.0862545520067215 -0.049056652933359146 0.10678984969854355 0.07594534009695053 -0.018086202442646027 0.07320235669612885 0.007385458331555128 0.07230699062347412 -0.12807996571063995 0.08511588722467422 -0.013358027674257755 0.1772783100605011 -0.002485542790964246 -0.05867134779691696 0.014497332274913788 0.0644364282488823 -0.06918259710073471 -0.033581946045160294 0.1288546621799469 -0.04835440590977669 -0.06941927224397659 -0.022287067025899887 -0.029500674456357956 -0.06783203780651093 0.17739804089069366 0.05129820108413696 0.024286970496177673 -0.039631541818380356 0.006637218873947859 -0.09117516875267029 0.01692013442516327 0.028551358729600906 -0.19616682827472687 -0.018659692257642746 -0.061703067272901535 -0.1265036016702652 0.051307450979948044 -0.21893224120140076 0.004795721732079983 -0.08528503775596619 0.10079482942819595 -0.17414569854736328 0.11600783467292786 0.007213779725134373 -0.2066919505596161 -0.08656855672597885 -0.10594292730093002 -0.10761881619691849 -0.14095374941825867 0.17274606227874756 -0.026332762092351913 -0.08353058248758316 0.025479957461357117 0.12465992569923401 -0.1036154180765152 0.153840571641922 0.04712720587849617 0.07613573223352432 0.00675339438021183 -0.15022815763950348 0.20614783465862274 0.0333668552339077 0.14760670065879822 -0.060287956148386 -0.03319895640015602 0.1309887319803238 -0.06894196569919586 -0.10875843465328217 0.11409809440374374 -0.07264897227287292 0.17138615250587463 -0.12043038755655289 -0.14716707170009613 0.016607582569122314 0.0034230665769428015 -0.004203385673463345 0.22590650618076324 0.011533594690263271 -0.0018874745583161712 0.00869437400251627 -0.0574469156563282 -0.1413584202528 0.009538876824080944 -0.02125980518758297 -0.20028792321681976 -0.0856224000453949 -0.037622373551130295 0.11960916221141815 0.1040356308221817 -0.05148213729262352 0.24882772564888 -0.03743846341967583 -0.05174162983894348 -0.09230584651231766 0.0588262677192688
0.10410505533218384 0.16400361061096191 -0.10829617828130722 -0.08309074491262436 0.1352766454219818 -0.14450667798519135 0.06129804253578186 0.05693953484296799 -0.02215341292321682 0.016483766958117485 0.07045094668865204 0.048689037561416626 0.14723986387252808 0.10623045265674591 -0.10084179788827896 -0.11220511794090271 0.17084331810474396 -0.08173509687185287 -0.058544255793094635 -0.09603485465049744 0.1909083127975464 0.14021439850330353 0.04595816880464554 -0.01914335787296295 0.13674673438072205 -0.030055364593863487 -0.06391743570566177 -0.06639216095209122 -0.06054404377937317 0.10600252449512482 0.019201532006263733 0.09317010641098022 0.018066104501485825 0.021328840404748917 0.010813040658831596 -0.08304258435964584 0.0002930721966549754 0.0042653558775782585 -0.027697382494807243 -0.02716241590678692 0.08524962514638901 0.2501087486743927 0.0519796758890152 -0.005494515877217054 -0.08646980673074722 -0.08687774091959 -0.13643430173397064 -0.11309759318828583 -0.09148693829774857 -0.034766871482133865 0.11260765045881271 0.036541301757097244 -0.005204006563872099 0.16235363483428955 0.00010381941683590412 0.045136529952287674 0.0074514723382890224 -0.10304392874240875 -0.006534441374242306 -0.06928553432226181 -0.11665854603052139 -0.009439865127205849 -0.07611728459596634 0.051610711961984634 -0.005131840240210295 0.1440744400024414 -0.21169617772102356 -0.03193596750497818 0.06428814679384232 0.023802995681762695 0.09442093223333359 -0.034089360386133194 -0.10784032940864563 0.018747441470623016 0.10984770953655243 0.08462722599506378 -0.10688703507184982 0.016351254656910896 0.07120539993047714 0.1957734227180481 0.1664115935564041 0.017386136576533318 0.0029788161627948284 0.1780145764350891 0.04778779670596123 0.04626189172267914 0.05835350602865219 0.0822998657822609 -0.1652577817440033 0.18542098999023438 0.155935600399971 0.1277959644794464 -0.04816814139485359 0.13155293464660645 0.09183650463819504 -0.14823545515537262 0.077977254986763 -0.12015201151371002 -0.19228242337703705 0.0680910274386406
0.10403494536876678 -0.04491318762302399 -0.0043626572005450726 -0.0076545062474906445 0.12369982898235321 0.11017189919948578 0.0418117381632328 0.12697678804397583 0.0738578587770462 0.0008964358130469918 -0.022569283843040466 0.04970502853393555 -0.032104067504405975 0.019759047776460648 0.03936256095767021 -0.0887058898806572 0.02031666785478592 0.042232267558574677 0.12260342389345169 0.13555055856704712 -0.022396795451641083 0.02273765206336975 0.020697690546512604 -0.1663457751274109 0.010977623984217644 0.0936882495880127 -0.04847969859838486 -0.049599241465330124 0.001451073563657701 -0.05587860941886902 0.12696318328380585 -0.05106120929121971 0.22682055830955505 -0.08643122017383575 -0.07162930071353912 -0.017327366396784782 -0.03268427029252052 0.03655067831277847 0.12863071262836456 -0.1994502991437912 -0.005501864943653345 -0.12770098447799683 0.14020487666130066 -0.1354401409626007 -0.09362251311540604 0.024582425132393837 -0.14409460127353668 -0.08974454551935196 0.014029048383235931 -0.20454257726669312 0.011929947882890701 -0.019774481654167175 -0.30753740668296814 0.06967209279537201 0.050354164093732834 0.002508144360035658 -0.1133892685174942 0.07507321238517761 -0.22723911702632904 0.08037411421537399 0.05769837275147438 0.03298358619213104 0.01644693687558174 -0.11919929832220078 0.1650027632713318 -0.11231125891208649 0.03425915911793709 -0.1665828824043274 -0.07175575941801071 0.05515146255493164 0.05409066379070282 0.014067364856600761 0.02378416806459427 0.09967531263828278 0.12799623608589172 -0.01078893058001995 0.14000701904296875 -0.0026057541836053133 0.038722455501556396 0.03395881503820419 -0.05320843681693077 0.2211686670780182 0.15763385593891144 -0.022390102967619896 0.16620975732803345 0.07007896900177002 0.050621066242456436 -0.12747874855995178 0.11957962065935135 0.130731001496315 -0.012630775570869446 0.15461847186088562 -0.03739223629236221 7.979789370438084e-05 -0.0749635174870491 0.14104437828063965 -0.031527213752269745 -0.1571715623140335 0.006831249687820673 -0.02616077847778797
0.20846401154994965 -0.035267021507024765 -0.03861600160598755 -0.16178332269191742 -0.006579557433724403 -0.05079037696123123 -0.08735904097557068 -0.024917926639318466 -0.17375729978084564 -0.1250130832195282 -0.11621671169996262 -0.06878577172756195 -0.06485400348901749 -0.022865496575832367 -0.08575735986232758 -0.016751952469348907 0.14520549774169922 0.12334787845611572 0.03605565056204796 0.041339751332998276 0.0782269686460495 0.07164832204580307 0.059848617762327194 0.0825548842549324 0.043404243886470795 0.11516207456588745 0.19597788155078888 0.11594335734844208 0.06748411804437637 -0.13602468371391296 0.17979338765144348 -0.1732139140367508 -0.09645853191614151 -0.025623010471463203 0.11835136264562607 0.11384117603302002 0.007510900031775236 0.0621073953807354 -0.017733683809638023 -0.032814569771289825 -0.13487526774406433 0.1484479010105133 -0.10261229425668716 0.04410658776760101 0.07476281374692917 -0.16804097592830658 0.15678435564041138 0.01754983887076378 -0.02480144053697586 -0.1289210468530655 -0.1800827980041504 0.09275449812412262 -0.09752298146486282 -0.00971304439008236 0.07618696242570877 -0.077497698366642 0.053354617208242416 -0.023437196388840675 -0.15006858110427856 -0.07933258265256882 0.04330653324723244 -0.048652876168489456 0.05521823465824127 -0.011773459613323212 -0.1356852948665619 -0.08244773000478745 -0.09300211071968079 -0.02380058914422989 0.1803647130727768 -0.17814870178699493 -0.0927598848938942 0.07792484015226364 0.06275692582130432 0.053069550544023514 -0.049925174564123154 -0.12331204861402512 0.016537487506866455 -0.0745791643857956 -0.11420278996229172 0.02695043943822384 -0.042712531983852386 0.040741197764873505 -0.12643010914325714 0.009037069976329803 0.00835217721760273 -0.00010908218246186152 -0.10584234446287155 0.15601389110088348 -0.06130513548851013 0.07435260713100433 0.20096544921398163 0.00900746788829565 0.08031696826219559 0.03479807823896408 -0.16636262834072113 0.05508214607834816 -0.020927920937538147 -0.19573748111724854 0.10429853945970535 -0.06061086803674698
-0.12444958090782166 -0.005976601969450712 0.12293273210525513 0.17569786310195923 -0.011664641089737415 -0.005354682914912701 -0.03902715444564819 -0.010752902366220951 0.17455601692199707 0.03204279765486717 0.023198604583740234 -0.06539279967546463 0.056095194071531296 -0.05876164138317108 0.07871270924806595 0.052660852670669556 -0.12182655185461044 -0.0640077218413353 0.16240708529949188 -0.026817863807082176 0.05061393231153488 -0.029953982681035995 -0.0792931541800499 -0.04764188453555107 -0.047638293355703354 -0.03299035131931305 -0.06939232349395752 -0.18768812716007233 0.023804280906915665 0.05694018304347992 -0.13644100725650787 -0.02968205139040947 0.16148008406162262 -0.14367534220218658 0.00010654617653926834 0.02966129779815674 0.1043996512889862 0.11187077313661575 0.03179603070020676 -0.10527016222476959 0.0755656436085701 0.1568591296672821 -0.13320648670196533 0.00016937834152486175 0.053312718868255615 -0.10557762533426285 0.19818003475666046 0.1490715742111206 -0.11698483675718307 -0.06552091240882874 -0.07644396275281906 -0.09885990619659424 -0.08949945122003555 0.06679484248161316 0.022341791540384293 -0.05550244823098183 -0.002245156792923808 -0.026168648153543472 -0.025203565135598183 0.023956498131155968 0.1109408587217331 -0.02591153420507908 0.08013419806957245 0.12988373637199402 -0.02865167334675789 0.15295542776584625 -0.23267853260040283 0.03388480842113495 0.03792508319020271 -0.03223629295825958 -0.1291583776473999 0.037752725183963776 -0.2213510125875473 -0.14646850526332855 0.012688581831753254 -0.06591460108757019 0.31079229712486267 -0.02947837859392166 0.08067824691534042 -0.03843008354306221 0.0007782045868225396 -0.1155942752957344 -0.11100906133651733 0.14993473887443542 0.039035614579916 -0.051165707409381866 0.04089725762605667 0.0011303169885650277 -0.1094207689166069 0.012499833479523659 -0.04765529930591583 0.004936265293508768 -0.20062729716300964 -0.050890710204839706 -0.07178805768489838 0.10292081534862518 0.08933466672897339 -0.17541983723640442 0.11088390648365021 0.08400328457355499
0.14246344566345215 -0.08040124922990799 -0.1795550137758255 -0.1173514574766159 0.00772323040291667 0.00040715656359679997 -0.10662390291690826 0.27304506301879883 0.05669792741537094 -0.031047359108924866 0.120698943734169 -0.07469922304153442 0.1609184890985489 -0.02034628950059414 -0.07093694061040878 0.08985753357410431 0.08045738190412521 -0.004329142160713673 0.1314510554075241 -0.07234551012516022 0.09550227969884872 -0.11026622354984283 -0.11992527544498444 -0.10923300683498383 0.14001937210559845 0.15626214444637299 0.03960090130567551 -0.07142975181341171 -0.05958006903529167 -0.003656863933429122 -0.04975099861621857 0.07425885647535324 0.18116651475429535 0.05459371581673622 -0.008075418882071972 -0.022131886333227158 -0.05514678359031677 0.1026671826839447 0.04909495264291763 -0.044352106750011444 -0.15551820397377014 -0.07970967888832092 -0.11259139329195023 -0.12473789602518082 0.036522720009088516 0.017494915053248405 0.09537995606660843 -0.1194903627038002 0.14175836741924286 0.026813430711627007 0.03284025937318802 0.027784032747149467 -0.08408364653587341 -0.026521902531385422 -0.07313107699155807 0.011318211443722248 0.030667603015899658 0.016055766493082047 0.11530676484107971 0.022255845367908478 -0.16798579692840576 0.16188988089561462 0.22853940725326538 -0.027072543278336525 0.02622455172240734 -0.030172672122716904 0.10797808319330215 -0.07600239664316177 0.10835282504558563 0.003723270958289504 -0.013676906935870647 0.06683402508497238 0.0583803728222847 -0.04338345304131508 -0.20617413520812988 -0.12141629308462143 -0.10585232079029083 -0.052718233317136765 -0.02740298956632614 -0.09364435821771622 0.18641680479049683 -0.02377851866185665 -0.0737982839345932 0.017588866874575615 -0.16751375794410706 0.13557501137256622 0.0974406823515892 -0.03696474805474281 -0.19170473515987396 -0.18236930668354034 -0.057584911584854126 -0.019853701815009117 -0.10479450225830078 -0.08082740008831024 0.12876038253307343 0.046629391610622406 -0.014000330120325089 -0.003305706661194563 0.018414678052067757 0.1089172288775444
0.03353986516594887 0.08592165261507034 0.12243969738483429 -0.13295049965381622 0.0727265402674675 0.09880965203046799 0.16895967721939087 -0.14847977459430695 0.14644011855125427 0.043000321835279465 0.19010235369205475 0.05083242431282997 -0.15384994447231293 0.08857467025518417 -0.10839886218309402 0.18363778293132782 0.16081739962100983 -0.1085001677274704 0.06786133348941803 0.06240076944231987 -0.007012510672211647 0.01428517047315836 0.01791655272245407 0.049481723457574844 0.024793269112706184 -0.17758135497570038 0.14680004119873047 -0.0889350101351738 0.017815401777625084 0.026620090007781982 0.11956680566072464 0.09460719674825668 0.09440430998802185 0.19669151306152344 -0.033690404146909714 0.08477213978767395 0.036081571131944656 0.1743588149547577 0.04753612354397774 -0.0683976486325264 0.015420227311551571 -0.08645054697990417 -0.052638597786426544 0.056412287056446075 0.19796809554100037 0.14283397793769836 0.08170352131128311 -0.11463997513055801 -0.08660126477479935 -0.030727140605449677 -0.045836757868528366 -0.02975550852715969 0.061613135039806366 0.09935544431209564 -0.039003174751996994 0.06613549590110779 -0.10454386472702026 0.03412214294075966 0.11830174922943115 -0.2568836212158203 0.03173936903476715 -0.06423851102590561 -0.11147432029247284 -0.09991196542978287 -0.0022770881187170744 -0.09943071752786636 0.057902079075574875 0.031066782772541046 0.09263626486063004 0.152797669172287 0.03557934612035751 0.1280747354030609 0.00844944640994072 -0.17775124311447144 -0.09282927960157394 0.06384966522455215 0.05602770298719406 0.040964122861623764 0.025918029248714447 0.11386461555957794 -0.08034370839595795 0.1016371101140976 0.06608839333057404 0.037715740501880646 -0.028737330809235573 0.01764500141143799 -0.026970157399773598 0.03234529495239258 -0.06083999574184418 -0.16230328381061554 0.09338270127773285 0.09724324941635132 -0.03155411034822464 -0.07220978289842606 -0.18845926225185394 0.04446794092655182 0.174250990152359 0.03320429474115372 -0.011103546246886253 -0.07253935188055038
0.019310958683490753 0.11162704229354858 0.02625853754580021 0.07863374799489975 -0.12519170343875885 -0.30751147866249084 -0.005118223372846842 -0.05363168567419052 0.08649883419275284 0.170347198843956 0.013141114264726639 -0.08009200543165207 0.022928498685359955 0.09489625692367554 0.07899465411901474 0.05881122499704361 0.026254551485180855 0.07075665146112442 0.18775370717048645 -0.001202559331431985 0.08170311897993088 -0.025808045640587807 -0.016960209235548973 -0.07042356580495834 0.07177867740392685 -0.09130632132291794 0.09870372712612152 0.11523912101984024 -0.08454909175634384 -0.07346402853727341 0.10954730957746506 -0.07726745307445526 -0.17967645823955536 0.017627887427806854 -0.194111168384552 0.09850078821182251 0.010883829556405544 0.0057165054604411125 0.03103206679224968 -0.06207539141178131 0.06352163851261139 -0.0625307559967041 0.07432744652032852 0.0016069470439106226 -0.06474845856428146 -0.0028988136909902096 -0.04172202944755554 -0.10608305037021637 0.18299108743667603 -0.11873260885477066 -0.006986082997173071 -0.15842308104038239 -0.06852559000253677 0.0038393482100218534 0.004802947863936424 0.009620499797165394 0.11368908733129501 -0.047568920999765396 0.0021025033202022314 -0.08852269500494003 -0.10259415954351425 -0.1450485736131668 -0.06195582076907158 0.09548384696245193 0.005510540679097176 0.04737795144319534 0.22637388110160828 -0.013072449713945389 -0.05233873054385185 0.12420549988746643 -0.2037665843963623 -0.07842829078435898 0.024096807464957237 0.10016751289367676 0.11938013136386871 0.0020091335754841566 -0.04660620167851448 -0.09719227254390717 -0.08795511722564697 0.050574932247400284 -0.12417620420455933 0.06672246009111404 -0.08953490853309631 0.1555985063314438 -0.21334026753902435 -0.1595933735370636 -0.050710372626781464 -0.10604776442050934 -0.09118358790874481 0.16896593570709229 0.011919169686734676 -0.07021689414978027 -0.1858246624469757 -0.12326773256063461 -0.005020153243094683 0.02038189209997654 -0.029879452660679817 0.051759667694568634 0.07753518968820572 0.1365935206413269
-0.0250756423920393 -0.056970711797475815 0.25474411249160767 0.09620729088783264 -0.16874028742313385 -0.0180797316133976 0.2519642114639282 0.014911817386746407 0.08471564203500748 -0.03785020485520363 0.2022797018289566 -0.03459690138697624 -0.09606365114450455 0.004316509701311588 -0.06411171704530716 -0.01809581182897091 0.02107897959649563 0.18578006327152252 -0.005374107975512743 0.0712483674287796 0.08171601593494415 0.04750535637140274 -0.024297911673784256 0.09144939482212067 0.03691998869180679 -0.018667038530111313 -0.012676119804382324 0.15605807304382324 0.14442424476146698 0.020928459241986275 0.07608877867460251 0.03405953198671341 0.20545649528503418 0.0028783746529370546 -0.006504851393401623 0.0260690338909626 0.09653745591640472 -0.04170200973749161 0.19663400948047638 0.029133856296539307 -0.06940730661153793 -0.11297764629125595 0.07630260288715363 0.08820800483226776 -0.03141215443611145 -0.1231243684887886 -0.019162870943546295 0.02275618351995945 -0.16090896725654602 0.10608714818954468 -0.12455513328313828 -0.06249380484223366 -0.10082775354385376 -0.03252030164003372 0.018368741497397423 -0.1331978291273117 -0.04391983896493912 -0.09862397611141205 0.014651091769337654 -0.07089138776063919 -0.1783430576324463 0.10531970113515854 0.08308988809585571 -0.0919220894575119 0.10243432223796844 0.009565292857587337 -0.22005733847618103 -0.14709864556789398 -0.1195339486002922 -0.03719017282128334 -0.06852703541517258 -0.029011055827140808 -0.04097813367843628 0.15959815680980682 -0.007912292145192623 -0.10298243910074234 -0.11319275945425034 0.14129845798015594 -0.09090772271156311 -0.039929553866386414 0.028100989758968353 -0.10635441541671753 -0.04000655934214592 -0.12939602136611938 -0.06856595724821091 -0.16320350766181946 -0.12517575919628143 -0.043212004005908966 -0.04982632026076317 -0.08132481575012207 0.09771636128425598 0.027472851797938347 0.013032671064138412 0.1108434647321701 0.11746086180210114 -0.045634765177965164 -6.00630919507239e-05 0.04155324772000313 -0.11806908994913101 0.15765897929668427
-0.21755477786064148 -0.15500682592391968 0.010155783966183662 0.0007550936425104737 -0.06363660097122192 -0.0430009625852108 -0.062231723219156265 0.026792902499437332 -0.11964495480060577 0.03126177191734314 -0.04391325265169144 -0.04116464778780937 -0.1170106902718544 0.030748728662729263 -0.18726876378059387 -0.07360959053039551 0.05939685180783272 0.06264719367027283 -0.1021554172039032 -0.08377910405397415 -0.06918630003929138 0.16252823173999786 0.14358443021774292 -0.07613569498062134 -0.1921883374452591 0.07166943699121475 0.010907416231930256 0.19768936932086945 -0.07011336833238602 -0.05292966961860657 0.08573544770479202 -0.047301411628723145 0.06056001037359238 0.12880317866802216 0.08938060700893402 0.01594855636358261 0.10804937779903412 -0.06616222858428955 0.09736399352550507 0.002917348640039563 -0.029019303619861603 -0.06464724987745285 -0.15899690985679626 -0.20710311830043793 -0.01826675981283188 -0.024775130674242973 0.025391213595867157 -0.0038458763156086206 0.09228184074163437 -0.060397565364837646 0.172745481133461 -0.003143652807921171 0.030620452016592026 0.0423210971057415 -0.17996913194656372 0.12346482276916504 0.06000974401831627 -0.07440941780805588 0.058836597949266434 -0.013114513829350471 0.012290221638977528 0.17554578185081482 -0.15971921384334564 -0.0648861825466156 -0.017895715311169624 0.25648653507232666 -0.17717862129211426 -0.009783776476979256 0.06452120095491409 0.17721369862556458 0.0449262410402298 0.03540760278701782 -0.1538168340921402 -0.037480320781469345 -0.01430173497647047 -0.07876548171043396 0.17573004961013794 -0.05660527944564819 -0.17899121344089508 0.0372326523065567 0.005864510778337717 0.25215795636177063 -0.05696560814976692 -0.05949490889906883 -0.06601981818675995 -0.03828222677111626 0.06561077386140823 -0.15472020208835602 -0.10244625061750412 0.005562236066907644 -0.09213446080684662 -0.003898436902090907 0.014006382785737514 -0.024940436705946922 -5.3845884394831955e-05 -0.013185887597501278 0.04391195997595787 0.02223040722310543 0.05324266105890274 -0.05537945777177811
-0.010620667599141598 -0.03646577149629593 0.08220868557691574 -0.006303834263235331 -0.08683095872402191 0.03246469423174858 -0.059163521975278854 -0.12132970243692398 -0.09046313911676407 0.036065760999917984 -0.04267318546772003 -0.08350727707147598 0.02412760816514492 -0.015912549570202827 -0.0380132682621479 0.2172446846961975 0.07044588029384613 0.06949082762002945 -0.023344596847891808 -0.09379466623067856 -0.10217276960611343 0.026986993849277496 0.20902526378631592 -0.08860692381858826 -0.19955392181873322 -0.05374768748879433 0.06744933873414993 0.0035618010442703962 -0.1149904653429985 0.105922169983387 -0.12423660606145859 0.15550009906291962 0.03142018988728523 -0.05937784165143967 0.0559471994638443 0.0019716189708560705 -0.09168486297130585 0.010558577254414558 -0.18777862191200256 -0.13027478754520416 -0.09433689713478088 -0.10680737346410751 0.007059832103550434 0.0946086049079895 0.0822155550122261 0.10218589007854462 0.0011462457478046417 0.08765421062707901 -0.13769741356372833 -0.04754707217216492 0.05194341018795967 -0.08632035553455353 -0.2418355643749237 0.15116217732429504 0.009411576204001904 -0.08214738965034485 -0.08751200139522552 0.15648873150348663 -0.08916840702295303 -0.08701620995998383 -0.14217428863048553 0.0845365896821022 0.07567209005355835 -0.04274159297347069 -0.14362376928329468 0.11717827618122101 0.01990138739347458 0.03595766797661781 -0.019619140774011612 0.14452072978019714 -0.05799534171819687 -0.17535199224948883 0.1371438056230545 0.023459255695343018 0.06480296701192856 -0.1179095208644867 -0.1519114077091217 -0.009452251717448235 -0.10306849330663681 0.12725000083446503 0.06941863894462585 -0.1683952659368515 -0.046724557876586914 0.18768219649791718 0.20349101722240448 0.07999306172132492 0.09061130881309509 -0.06976212561130524 0.043868307024240494 0.017863702028989792 0.0931406244635582 0.02011694759130478 0.1491427719593048 -0.06241703778505325 0.10213002562522888 0.0011434982297942042 -0.03528726100921631 0.004438796080648899 0.1289450228214264 0.05632248520851135
0.12334945797920227 0.01643056422472 0.06559595465660095 -0.1358317881822586 -0.10669836401939392 0.06726715713739395 0.06303972005844116 0.0009286151616834104 -0.05616981163620949 0.0932231917977333 -0.053134117275476456 0.060757141560316086 0.1379820704460144 -0.052597008645534515 0.030988268554210663 -0.12107446044683456 -0.05937359109520912 0.0553036630153656 0.16287219524383545 -0.02740280143916607 0.08888363093137741 -0.028890663757920265 -0.16864897310733795 -0.019398879259824753 -0.11505971103906631 0.06671371310949326 0.2510886490345001 0.07324632257223129 0.01760169304907322 -0.013928519561886787 -0.015054000541567802 -3.70890847989358e-05 0.10965631902217865 0.04657535254955292 -0.1744825541973114 0.0024162339977920055 0.15266069769859314 -0.012510051019489765 -0.08194676786661148 0.06191469728946686 0.21601690351963043 0.0037248923908919096 0.025049177929759026 0.1867208480834961 -0.010762659832835197 -0.20025664567947388 -0.04123759642243385 0.026830976828932762 0.16269256174564362 0.06543200463056564 0.02113492414355278 -0.12696734070777893 0.037153344601392746 -0.06539060920476913 -0.20993942022323608 0.04603676125407219 -0.07037026435136795 0.07233607023954391 -0.22461026906967163 0.03407248482108116 0.12704086303710938 0.15212172269821167 0.010950240306556225 0.00023113188217394054 -0.020791184157133102 0.2616591155529022 0.051346249878406525 -0.009152303449809551 -0.041624557226896286 -0.05172211676836014 0.17379534244537354 -0.023213213309645653 0.11197374761104584 -0.018853824585676193 0.004768117796629667 0.08160921931266785 -0.009361053816974163 0.016811775043606758 0.003588650142773986 0.15117472410202026 0.04602523148059845 -0.13220496475696564 0.08642511069774628 -0.06692172586917877 -0.09483423829078674 0.05858097970485687 0.0024075843393802643 -0.011730953119695187 0.008367757312953472 -0.06131206080317497 0.059116289019584656 0.00484115956351161 0.12379298359155655 -0.0517035648226738 -0.03335774689912796 0.06707018613815308 0.30541181564331055 -0.03543057292699814 0.06337418407201767 -0.028638232499361038
0.12114354968070984 -0.12497717887163162 0.11832420527935028 0.06577574461698532 0.0206205565482378 -0.1356555074453354 0.0015692876186221838 0.042950648814439774 -0.08710917085409164 -0.09358375519514084 -0.011187795549631119 0.025551632046699524 -0.05939469859004021 0.07412132620811462 0.13532507419586182 0.23016609251499176 0.003228684887290001 0.006511635147035122 0.060533732175827026 -0.2653360068798065 -0.16296665370464325 -0.14101652801036835 -0.08502097427845001 -0.033516209572553635 -0.027979055419564247 -0.14032219350337982 0.009028658270835876 0.17405855655670166 0.23164315521717072 0.05371477082371712 -0.08316145837306976 0.17394974827766418 -0.0979892835021019 0.06958523392677307 0.019342059269547462 -0.13411763310432434 -0.023781530559062958 0.055205125361680984 0.08196981996297836 0.01983075775206089 0.00789155438542366 0.11676473170518875 0.08794119209051132 0.0708526000380516 -0.16916564106941223 -0.0308693740516901 -0.05960332602262497 0.008239228278398514 0.06844304502010345 -0.03562653064727783 0.1577281802892685 0.020833531394600868 -0.07498674094676971 -0.060262151062488556 -0.1254803091287613 -0.10351917892694473 0.051031388342380524 0.07574967294931412 -0.05070672184228897 0.07255357503890991 0.14020372927188873 0.008882240392267704 -0.08869419246912003 -0.156037837266922 -0.09863457828760147 -0.1351468563079834 -0.022518454119563103 0.01562390848994255 0.03101533092558384 0.007842907682061195 -0.08451143652200699 0.15744756162166595 -0.024098414927721024 -0.1376371532678604 0.028653163462877274 -0.0960002914071083 0.003979912959039211 -0.1670382022857666 -0.009575404226779938 0.00279327598400414 -0.03521987795829773 0.022680431604385376 0.015487562865018845 -0.06693454086780548 0.07928367704153061 0.12320302426815033 -0.16700132191181183 0.020247148349881172 -0.17262707650661469 0.0507856160402298 -0.057932984083890915 0.20934012532234192 -0.08419342339038849 0.1774357259273529 0.07300826907157898 0.07708796858787537 0.07948819547891617 0.06495940685272217 -0.06174395605921745 0.04721628874540329
0.09673381596803665 -0.05791093036532402 0.11497953534126282 0.15445226430892944 -0.13274864852428436 -0.1485331505537033 0.15417373180389404 -0.039392877370119095 0.11377303302288055 0.01398512814193964 -0.06753706932067871 0.13565056025981903 -0.09611812233924866 -0.02762402594089508 -0.03480900451540947 -0.10630287975072861 -0.02539605274796486 0.0485655851662159 -0.05833180993795395 -0.11035846918821335 0.04200562834739685 0.10448019206523895 0.11190268397331238 0.02037474699318409 0.2185671627521515 0.02972782403230667 -0.20034325122833252 -0.1006360724568367 -0.14025460183620453 0.02229163609445095 -0.11901486665010452 -0.04582042247056961 0.041716307401657104 0.030692536383867264 0.059780366718769073 -0.07401109486818314 -0.005768741015344858 -0.05679894983768463 0.026780612766742706 -0.045184385031461716 -0.10411989688873291 0.0004959921352565289 0.02570378966629505 0.17823728919029236 -0.2246280163526535 0.02130488120019436 0.23598146438598633 0.04997062683105469 0.07415127009153366 -0.08362789452075958 -0.05571445822715759 0.08985621482133865 0.03318566083908081 0.016462303698062897 -0.08752474188804626 -0.053141817450523376 -0.12442892044782639 -0.07725874334573746 -0.16528648138046265 0.0018572845729067922 0.05813109129667282 0.027921250090003014 -0.0594884492456913 -0.045597679913043976 -0.07058975100517273 -0.030604977160692215 0.13456936180591583 0.10776269435882568 -0.0430016815662384 0.012828818522393703 -0.03796427696943283 -0.07242447882890701 -0.0685683861374855 -0.1859361082315445 -0.3112998306751251 -0.0238636564463377 -0.051665738224983215 0.07065331190824509 -0.07269119471311569 0.11673090606927872 0.04222696274518967 0.1680467575788498 0.06723994761705399 -0.03212389722466469 -0.11974742263555527 0.20147749781608582 0.03630898520350456 0.03230899199843407 0.15012168884277344 0.09316394478082657 0.11780944466590881 -0.07397723197937012 -0.006248994264751673 -0.14845064282417297 0.07022879272699356 0.03015887178480625 0.011675910092890263 -0.04331635683774948 0.02082207426428795 0.03704032301902771
-0.07466243207454681 -0.006876615807414055 0.04273394122719765 -0.17089657485485077 0.0014643153408542275 -0.03237702324986458 -0.22891798615455627 0.074088916182518 0.0973115786910057 -0.14228607714176178 0.05781857296824455 0.19107133150100708 -0.20321232080459595 0.004589392337948084 -0.015158792026340961 0.10980749875307083 -0.019578777253627777 -0.012575112283229828 -0.11353230476379395 0.06952879577875137 0.007781282067298889 0.005564073566347361 0.011694036424160004 0.019907964393496513 -0.10430599749088287 -0.008379194885492325 0.058471474796533585 -0.13790471851825714 -0.000176925168489106 0.0019493051804602146 -0.03506160154938698 0.07607515901327133 0.14360195398330688 -0.06765285134315491 0.011337600648403168 0.12108796834945679 0.07406916469335556 0.016472652554512024 0.02482447400689125 -0.018259257078170776 0.10452382266521454 0.006726650521159172 -0.010571842081844807 0.07077939063310623 -0.0009193382575176656 -0.12318969517946243 -0.11026984453201294 0.14995571970939636 0.16485755145549774 0.06249210983514786 0.13059082627296448 0.058232951909303665 -0.14452888071537018 -0.04966497793793678 0.023172171786427498 0.08725934475660324 0.17861981689929962 -0.07029324024915695 -0.030349021777510643 -0.08680223673582077 -0.19494859874248505 0.04982515424489975 -0.10747282207012177 0.2132405787706375 0.027183780446648598 -0.1442638486623764 0.09568595886230469 -0.050477638840675354 -0.1018243059515953 0.10492075979709625 -0.04811496660113335 -0.29743561148643494 -0.0168928075581789 -0.1097247526049614 -0.11845508962869644 0.04090006649494171 0.06564422696828842 0.007040219847112894 0.05267287418246269 -0.05907363444566727 0.1456030309200287 0.016292303800582886 -0.10676924139261246 -0.01463368907570839 -0.14229802787303925 0.03494003787636757 -0.21870915591716766 0.12183347344398499 0.09629581868648529 0.12230003625154495 -0.011942999437451363 0.1354474574327469 0.08674240857362747 0.14329959452152252 -0.06651356816291809 0.028644390404224396 0.014622928574681282 -0.05698974430561066 0.0518055185675621 -0.004329762887209654
-0.025569826364517212 0.15262895822525024 0.04124267026782036 0.02762650139629841 0.12674762308597565 -0.029427634552121162 -0.07760919630527496 0.002718486823141575 0.020126769319176674 0.23165865242481232 0.006513812113553286 0.07532405108213425 -0.0019857489969581366 -0.013983935117721558 0.1810082495212555 0.005655336193740368 -0.07132736593484879 0.01132265292108059 -0.013761216774582863 -0.0441880077123642 -0.32258719205856323 0.03489934653043747 -0.056164294481277466 0.14490139484405518 0.04530702531337738 0.03930022567510605 -0.159433513879776 0.1855820268392563 -0.14189885556697845 0.0121156619861722 0.09128966182470322 -0.03975484520196915 0.2909473180770874 -0.030718445777893066 0.00969226099550724 0.13623046875 -0.1732845902442932 -0.21865366399288177 0.10787373036146164 -0.16000959277153015 0.09776894748210907 0.03857842832803726 -0.03859987482428551 0.13286788761615753 0.09764914959669113 0.022278783842921257 0.1417742818593979 -0.047088008373975754 0.11052297800779343 -0.05040225759148598 0.04459952935576439 0.0350801944732666 0.013502801768481731 0.06245765835046768 0.025811808183789253 0.14922668039798737 -0.0014707499649375677 0.0111811188980937 -0.0045984163880348206 -0.0652090385556221 -0.01030000951141119 -0.08237653970718384 -0.13074414432048798 0.0009482255554758012 -0.006349715404212475 0.08699747920036316 -0.0178817268460989 -0.09272078424692154 0.16655123233795166 -0.16691872477531433 -0.054818205535411835 -0.003041472053155303 0.16668768227100372 0.05247927084565163 0.04737840220332146 0.0482143796980381 0.03472486138343811 -0.11110318452119827 -0.04197145253419876 0.05814939737319946 0.045782219618558884 -0.07458294928073883 -0.07214134186506271 -0.14771424233913422 0.018654413521289825 0.09369610249996185 -0.028360387310385704 0.09911173582077026 -0.03487291559576988 -0.19273769855499268 0.05346357077360153 0.08545451611280441 -0.012318610213696957 0.020954906940460205 0.0834137573838234 -0.08719298988580704 -0.10233943909406662 -0.031848348677158356 -0.003353782230988145 0.11662664264440536
-0.04733940213918686 0.11504574120044708 0.10614115744829178 -0.2210901528596878 -0.06334726512432098 -0.07830268889665604 0.006137477699667215 0.02356528863310814 0.004270192235708237 -0.12590175867080688 0.09119480848312378 -0.0198314618319273 -0.12895169854164124 -0.10699538141489029 0.02572670578956604 -0.04428478702902794 0.04558119177818298 0.06039024516940117 -0.03180963173508644 0.06694935262203217 -0.1652033030986786 -0.019075658172369003 0.16942763328552246 -0.026947712525725365 0.019353045150637627 -0.05869893729686737 -0.27313336730003357 0.10944390296936035 0.0974096804857254 0.05350423976778984 -0.055015016347169876 -0.12686800956726074 -0.02350679785013199 -0.1356814205646515 -0.21216271817684174 -0.14700286090373993 0.08098938316106796 -0.005273611284792423 -0.08695288002490997 0.09874634444713593 0.0970844179391861 0.006755077745765448 0.011022518388926983 0.010246078483760357 0.1151893213391304 0.028234099969267845 -0.027481086552143097 0.11807151883840561 0.04810779541730881 -0.06871721893548965 -0.10770941525697708 0.20265638828277588 -0.051165737211704254 0.08966109901666641 -0.10771670937538147 -0.06147444248199463 0.10548501461744308 0.1503632366657257 -0.0741964727640152 -0.13230930268764496 0.10514231026172638 0.16540415585041046 0.2740444839000702 -0.025100627914071083 0.09254240989685059 -0.007730138022452593 0.17043493688106537 0.05739174410700798 0.13928283751010895 0.0031072325073182583 0.019826028496026993 0.002842375310137868 0.04401836171746254 0.03720074146986008 -0.009711290709674358 0.07468412071466446 0.02765747532248497 0.010557574220001698 -0.019335512071847916 0.025652913376688957 0.08344993740320206 0.0940939337015152 -0.02691013179719448 0.019342955201864243 0.018803590908646584 -0.0927453339099884 0.15845350921154022 0.031670015305280685 -0.12607108056545258 0.023716367781162262 -0.06945133209228516 -0.045964449644088745 -0.16890065371990204 0.0678977221250534 -0.10634084045886993 -0.22207409143447876 0.11798928678035736 0.034215424209833145 -0.03333640843629837 0.08112798631191254
-0.14728182554244995 -0.13072717189788818 0.09855163097381592 -0.07531937211751938 0.00971334706991911 -0.10262779891490936 -0.031397752463817596 0.11143962293863297 0.2211674004793167 0.11344952881336212 0.11329714953899384 -0.056465644389390945 0.18546617031097412 -0.020059652626514435 -0.07379518449306488 -0.05575799569487572 0.03129248321056366 -0.026370344683527946 0.0001575431233504787 -0.10803312063217163 0.04686024785041809 0.0229798574000597 -0.055235568434000015 0.07868692278862 -0.15213674306869507 -0.022497257217764854 0.07732784748077393 -0.006834006868302822 0.0018905724864453077 0.001855056849308312 -0.1678294688463211 -0.006838003173470497 -0.12407209724187851 0.08576595783233643 -0.0498066209256649 -0.14515382051467896 -0.03451300039887428 -0.051010292023420334 -0.15799406170845032 -0.19332528114318848 -0.0485033355653286 -0.16314657032489777 0.2162209302186966 0.07616007328033447 -0.010139956139028072 -0.05478153005242348 0.08098086714744568 -0.004857618827372789 0.07035154104232788 -0.056127410382032394 0.10402102023363113 0.15273025631904602 0.009288028813898563 -0.11373252421617508 0.14204730093479156 0.11789834499359131 -0.03142350912094116 -0.15271012485027313 -0.10331447422504425 -0.2221299260854721 0.0034220463130623102 -0.025916097685694695 0.08615082502365112 -0.12934130430221558 -0.07201368361711502 0.012865680269896984 -0.08189493417739868 -0.003959523513913155 0.18379852175712585 -0.0006189158884808421 0.010081631131470203 0.01928776502609253 0.030712207779288292 0.15740057826042175 0.07816582918167114 -0.08335621654987335 0.07207555323839188 0.16690032184123993 0.023743921890854836 -0.22697462141513824 -0.09419617801904678 0.04658253863453865 0.07424519956111908 -0.0015435732202604413 -0.0057931095361709595 0.054883696138858795 -0.109707310795784 0.16472776234149933 0.06239909678697586 0.017303703352808952 -0.07049469649791718 0.058791667222976685 -0.06728890538215637 -0.034285131841897964 0.034565676003694534 -0.1533997803926468 0.0420229472219944 -0.07435443997383118 0.05770501866936684 -0.18055585026741028
0.07740776985883713 -0.14458996057510376 -0.04041199013590813 0.03313133120536804 0.07670757174491882 -0.12442651391029358 0.062321197241544724 -0.02692142315208912 0.03637244924902916 -0.13737936317920685 -0.10418732464313507 0.026113241910934448 0.04208271950483322 0.022040026262402534 -0.0911460742354393 -0.014434720389544964 0.08275546878576279 0.031279556453228 0.046061400324106216 -0.23931807279586792 0.09542834758758545 -0.049290671944618225 0.049932580441236496 0.07267408818006516 -0.008486930280923843 -0.132735937833786 0.07009128481149673 -0.157124862074852 0.01442559901624918 0.06410723179578781 0.022706128656864166 -0.19027529656887054 0.03126953914761543 0.05447731167078018 -0.15165096521377563 0.3067901134490967 -0.00237080967053771 -0.15498627722263336 0.016262857243418694 0.009585150517523289 -0.012915771454572678 0.06804812699556351 -0.061957694590091705 -0.08326657116413116 0.12633264064788818 -0.018788950517773628 0.030146999284625053 0.17175635695457458 0.05486178770661354 0.18337726593017578 -0.12121517211198807 0.018946953117847443 0.0427083745598793 0.052982181310653687 0.04505690932273865 0.07809238135814667 -0.028459591791033745 -0.09494751691818237 -0.16744405031204224 -0.04955344647169113 -0.0775127187371254 0.07641703635454178 -0.1136317327618599 -0.05774529650807381 0.020868679508566856 -0.1806735098361969 0.012963335029780865 -0.06130446493625641 0.07787510752677917 0.07919303327798843 0.005781746935099363 -0.003045132849365473 -0.06652552634477615 0.063866525888443 0.12339217960834503 0.016123605892062187 0.01329738274216652 -0.2244737446308136 -0.06142972782254219 -0.0653282031416893 0.06465871632099152 -0.07989475131034851 0.14578446745872498 -0.005951036233454943 0.18991707265377045 0.10424955189228058 0.041535548865795135 -0.16227708756923676 0.18261589109897614 -0.08775292336940765 -0.1090458333492279 -0.12196008861064911 -0.1213660016655922 0.0684974268078804 0.03613844886422157 -0.10608449578285217 0.13572177290916443 0.0908920094370842 -0.025189796462655067 0.14313741028308868
-0.012765089981257915 0.05356691777706146 0.007671007886528969 -0.20475444197654724 0.028188906610012054 0.08258366584777832 -0.05998639389872551 -0.058518994599580765 0.06542422622442245 -0.10039810836315155 -0.03290005773305893 0.01792716793715954 -0.11568184196949005 -0.05599203333258629 0.04673182591795921 0.21585296094417572 0.018365846946835518 0.001672609942033887 0.1438174545764923 -0.033702537417411804 0.0024624301586300135 -0.07396271824836731 -0.1590462476015091 0.04828483238816261 0.12995921075344086 0.0038557362277060747 -0.01858058013021946 -0.0039803083054721355 -0.02871812880039215 0.11347687989473343 -0.0012353981146588922 -0.2317197620868683 0.019490422680974007 0.08057111501693726 0.18284204602241516 -0.08455665409564972 0.046545982360839844 -0.041270192712545395 0.05111788213253021 -0.004101469647139311 -0.10559102892875671 -0.00449786800891161 -0.16077125072479248 0.20010265707969666 -0.06191316992044449 0.0070620314218103886 -0.1599336415529251 -0.040549326688051224 -0.005595809314399958 0.001238168217241764 0.061494652181863785 0.06289168447256088 -0.1443418562412262 0.0388999842107296 -0.07094770669937134 0.03084135800600052 -0.06290244311094284 -0.04161664471030235 -0.1616281419992447 0.1022987887263298 -0.12705501914024353 -0.071872279047966 -0.10317207872867584 -0.10885483026504517 -0.025312209501862526 0.14958061277866364 -0.042328283190727234 -0.0025930521078407764 0.20071782171726227 -0.0036398349329829216 0.1841079294681549 0.04841635748744011 -0.06109781935811043 -0.09501495212316513 0.026716697961091995 0.06175583228468895 0.022789431735873222 0.11087634414434433 0.0002552230725996196 -0.16945330798625946 -0.18765178322792053 -0.04607665538787842 0.13824424147605896 0.1265939474105835 -0.11125008016824722 -0.2241515815258026 0.1223420798778534 0.012401712127029896 0.07167696207761765 0.13365240395069122 -0.0771968811750412 -0.07250088453292847 0.09719060361385345 0.020082637667655945 0.08435465395450592 -0.05438988655805588 -0.12007390707731247 0.11499586701393127 0.0778699442744255 0.1919219195842743
0.10994492471218109 0.08458677679300308 0.21405844390392303 0.22361885011196136 0.09203444421291351 0.017501724883913994 -0.04710879921913147 -0.021704744547605515 -0.0565141923725605 -0.09042282402515411 -0.17075414955615997 -0.036238476634025574 0.009680611081421375 -0.16436977684497833 0.13923728466033936 0.01827288046479225 -0.11533015221357346 -0.09560859203338623 0.10062286257743835 0.1491890251636505 -0.021523114293813705 0.17552082240581512 0.05522868037223816 0.031108736991882324 -0.14441514015197754 -0.20410820841789246 0.07244367152452469 -0.012671581469476223 0.1986895501613617 -0.011851807124912739 0.011810947209596634 0.12730033695697784 -0.018198322504758835 0.07570717483758926 -0.006689734291285276 0.07149771600961685 0.11544137448072433 -0.08310199528932571 0.013609335757791996 -0.04431275650858879 -0.24193929135799408 0.08956144005060196 -0.022158516570925713 -0.009935813955962658 0.13114337623119354 0.01830584555864334 0.0020767003297805786 -0.05974274128675461 0.0985756516456604 -0.05249080806970596 0.10990731418132782 0.07854858785867691 0.06746866554021835 -0.12261594831943512 -0.011245202273130417 0.0458340160548687 -0.028160255402326584 -0.08012542128562927 0.03535415977239609 0.0077557736076414585 -0.2622751295566559 0.07685378938913345 0.06911329925060272 -0.030703404918313026 0.024073880165815353 0.017484519630670547 0.03486209735274315 0.008419355377554893 0.048799578100442886 -0.28408172726631165 0.0036636870354413986 -0.04216132313013077 0.034392163157463074 -0.058447033166885376 0.03012315183877945 0.060344040393829346 -0.04577060416340828 0.04524616524577141 0.0970233678817749 -0.01805173233151436 0.17713545262813568 0.1539037823677063 0.16186492145061493 0.0729687288403511 -0.09600354731082916 -0.018187744542956352 0.12464823573827744 -0.19860784709453583 -0.05096813291311264 0.07573865354061127 0.08738218247890472 0.06935129314661026 -0.06806928664445877 -0.05132141336798668 0.012549836188554764 -0.07505467534065247 0.00289270025677979 -0.029645249247550964 0.07214464992284775 -0.07963196933269501
0.08354097604751587 -0.11101803928613663 0.2216966152191162 -0.1106475442647934 0.07198059558868408 -0.03886063024401665 -0.12140198796987534 -0.02805388532578945 -0.02126859687268734 -0.015512132085859776 -0.004306415095925331 -0.22412274777889252 0.08622215688228607 0.01211654394865036 0.1387975811958313 0.04076099023222923 0.08072158694267273 -0.05906487628817558 -0.09287457168102264 0.03064504824578762 -0.08912374079227448 -0.08616553992033005 0.011100963689386845 -0.06936460733413696 0.13702091574668884 -0.019499363377690315 0.0036167253274470568 -0.20189253985881805 -0.1376374363899231 -0.03245876729488373 0.13813810050487518 0.015338833443820477 -0.05562148243188858 -0.0999755784869194 -0.026821643114089966 -0.08542680740356445 0.019811777397990227 -0.09427583962678909 -0.0421995185315609 0.15232457220554352 0.043876130133867264 -0.026221919804811478 -0.12213250994682312 0.056420400738716125 -0.07593908905982971 -0.09286122769117355 0.24036835134029388 -0.024762606248259544 0.06614668667316437 0.1643838733434677 -0.043240007013082504 -0.054280657321214676 -0.1271376758813858 0.020802229642868042 0.0010717386612668633 0.05416450276970863 0.11320172995328903 0.027289805933833122 0.09285643696784973 -0.0220370814204216 -0.0637945905327797 -0.15212209522724152 -0.1575426161289215 -0.21205802261829376 -0.15382666885852814 -0.03835226595401764 -0.002522628288716078 -0.020608466118574142 -0.188078373670578 0.022705527022480965 -0.0335845910012722 0.08257665485143661 0.05895332992076874 0.14551395177841187 0.0663788765668869 -0.03557896614074707 0.1612994521856308 0.24748651683330536 0.010300269350409508 0.06514453887939453 0.25745248794555664 0.08774085342884064 0.0907946303486824 -0.119517482817173 0.03693784028291702 -0.12227511405944824 0.10600537061691284 -0.010726292617619038 -0.06018846854567528 0.058791808784008026 -0.0752827599644661 -0.010443264618515968 0.07151968032121658 -0.014019439928233624 0.046264324337244034 0.03581877797842026 0.11739417910575867 -0.03171154111623764 -0.04392333701252937 -0.020620077848434448
0.08282739669084549 -0.03686548396945 -0.11143220961093903 -0.008163093589246273 -0.25157007575035095 0.22477257251739502 -0.048485033214092255 -0.0028322930447757244 -0.11435484886169434 0.09953275322914124 0.0023252861574292183 -0.08564111590385437 0.06459417939186096 0.012581205926835537 0.07769831269979477 0.038001056760549545 -0.06174740567803383 0.02538526989519596 -0.17214854061603546 -0.14572188258171082 -0.08186992257833481 -0.07556504756212234 -0.08607351034879684 0.1054227203130722 -0.10511833429336548 -0.18801219761371613 -0.03251037374138832 -0.060595642775297165 0.08582798391580582 0.20512576401233673 0.05194634571671486 0.0017621138831600547 0.044229526072740555 0.05371988192200661 -0.14588533341884613 -0.046009935438632965 0.012090749107301235 0.02816675417125225 0.22528567910194397 -0.05049741640686989 -0.13608279824256897 -0.10837720334529877 0.09031566977500916 -0.22307194769382477 -0.11569298803806305 -0.11331526935100555 -0.012425628490746021 0.057560499757528305 0.004819941241294146 0.029854513704776764 -0.06897763907909393 0.12519997358322144 -0.04990335926413536 0.09179137647151947 0.14468073844909668 -0.018583087250590324 -0.0675981342792511 0.011955853551626205 -0.02242661453783512 -0.05235841125249863 0.01985260285437107 -0.19993183016777039 -0.05805065110325813 0.32951754331588745 0.042090799659490585 0.06207159906625748 0.008044598624110222 -0.1147826761007309 0.10618805885314941 -0.05109116807579994 -0.07323665171861649 0.04615727812051773 0.020858924835920334 0.005956657696515322 -0.05429483577609062 -0.04005715250968933 0.011306392028927803 0.0747465193271637 -0.08476000279188156 0.09212031960487366 0.05154795199632645 0.10856688767671585 0.15518751740455627 0.06654465198516846 -0.08814051002264023 0.062209781259298325 0.07422501593828201 0.10331752151250839 -0.08447074145078659 0.0796990618109703 -0.0103902043774724 -0.10712168365716934 0.14729560911655426 -0.0003151690762024373 -0.08949586749076843 -0.030227400362491608 0.12998799979686737 0.07379727810621262 0.013077680952847004 0.040586430579423904
0.0884617492556572 -0.13824346661567688 -0.057144660502672195 0.023340458050370216 0.02391413226723671 0.20141854882240295 0.04869099333882332 0.03371400758624077 0.056472085416316986 0.09866832941770554 -0.130266010761261 -0.03652326017618179 -0.15480810403823853 0.32339921593666077 0.004468703176826239 0.05794309079647064 0.07175571471452713 0.21345950663089752 -0.03293589875102043 0.20042391121387482 -0.03236506134271622 0.016805369406938553 0.015295589342713356 -0.012988177128136158 0.07301833480596542 -0.15189112722873688 -0.06793918460607529 -0.0757906585931778 -0.11068417876958847 -0.07023091614246368 -0.2629561424255371 0.05638797953724861 -0.014376082457602024 -0.05053301900625229 -0.04497896507382393 -0.09719976782798767 -0.03336968645453453 -0.010327103547751904 0.07442229986190796 -0.12053963541984558 0.09213060885667801 0.0006298858788795769 -0.06718246638774872 0.03895272687077522 0.1645859181880951 0.015275608748197556 0.0502859428524971 0.043519627302885056 0.11118022352457047 0.025384021922945976 0.06632236391305923 0.05982527136802673 0.06047186255455017 0.05938749387860298 0.04177872836589813 -0.04980418086051941 0.2406185418367386 0.007922280579805374 -0.0934225544333458 0.022805986925959587 -0.10945328325033188 -0.01465134508907795 -0.04629732668399811 -0.01779126562178135 0.014739833772182465 0.07623204588890076 -0.03151357173919678 0.09826678782701492 -0.0702899917960167 -0.15122368931770325 0.07293196022510529 0.041764333844184875 -0.11306581646203995 0.04481254145503044 0.12459413707256317 -0.08398698270320892 -0.252067506313324 -0.0831686407327652 -0.013088409788906574 -0.08424896001815796 -0.1726676970720291 0.07984176278114319 0.017343519255518913 0.007996144704520702 -0.08880956470966339 -0.021808529272675514 0.045863453298807144 0.0007132678292691708 -0.045889969915151596 -0.0923919752240181 -0.00981611106544733 -0.11032449454069138 0.010404398664832115 0.12384135276079178 0.051190175116062164 0.07020486891269684 0.20768575370311737 -0.19303597509860992 -0.0057299076579511166 -0.058628227561712265
-0.09307163208723068 -0.018453484401106834 0.03248876333236694 0.04349544644355774 0.12966075539588928 9.97186143649742e-05 0.05897792801260948 0.04409186169505119 -0.02509412169456482 0.015157352201640606 0.06105834245681763 0.06128217652440071 -0.1983863264322281 0.02030077576637268 -0.09644359350204468 -0.1208263486623764 -0.017515530809760094 -0.08754939585924149 -0.011476894840598106 -0.16498874127864838 -0.04284162446856499 3.573652793420479e-05 -0.04885759949684143 -0.12767618894577026 -0.11687528342008591 0.09968158602714539 0.12478779256343842 0.18969669938087463 0.078833669424057 0.3020317554473877 0.010734097100794315 -0.009384981356561184 -0.1380070000886917 -0.0752670019865036 -0.04082489386200905 -0.06642305850982666 0.045479029417037964 0.10650736093521118 0.19698116183280945 -0.02706780657172203 -0.025414923205971718 0.09118884801864624 -0.0010356944985687733 -0.0072740111500024796 -0.04110726714134216 0.12203729897737503 0.10531288385391235 -0.01553493645042181 0.15078949928283691 -0.059342075139284134 -0.15781304240226746 -0.23171338438987732 0.07731886953115463 0.06137188524007797 0.17147736251354218 -0.06929662823677063 0.1814373880624771 0.04707581177353859 0.015395447611808777 0.10756000876426697 -0.3140052258968353 0.016652215272188187 0.03466998040676117 -0.05989851802587509 -0.1270739585161209 0.002561147790402174 0.1357562243938446 -0.041893620043992996 -0.05315152928233147 -0.03910772502422333 0.11325269192457199 0.07875267416238785 -0.04797157272696495 0.09263051301240921 -0.0807364210486412 0.06869431585073471 0.07874792069196701 0.06899381428956985 0.06849846243858337 0.06567320972681046 -0.05437518283724785 -0.06488923728466034 0.021214529871940613 0.02915659174323082 0.024849940091371536 0.07001349329948425 0.09825367480516434 0.16128869354724884 0.12818962335586548 -0.04755024611949921 -0.05035443976521492 0.0405576154589653 0.05486096814274788 -0.057469408959150314 -0.03766382858157158 -0.12652689218521118 0.03945697471499443 -0.18718940019607544 0.042250823229551315 0.09284977614879608
-0.052680838853120804 0.10888197273015976 0.012284116819500923 0.022355100139975548 -0.04520892724394798 -0.08318499475717545 0.07352819293737411 0.11261201649904251 -0.03877391293644905 -0.04276470094919205 -0.0016523486701771617 0.008391663432121277 0.025100018829107285 0.282638818025589 -0.006385108456015587 0.13484691083431244 -0.17518648505210876 -0.12348850071430206 0.06611587852239609 0.10794170200824738 -0.004649536684155464 -0.10499554127454758 -0.0371563620865345 0.0007444925722666085 -0.07731185108423233 -0.13867473602294922 -0.0672077164053917 -0.07629167288541794 -0.06693438440561295 -0.08294255286455154 -0.006560411304235458 -0.08181242644786835 -0.07847262173891068 0.1328829824924469 0.15830640494823456 -0.14802998304367065 0.017027324065566063 -0.1216113418340683 0.016314297914505005 0.007756509352475405 0.11912025511264801 -0.020667079836130142 -0.09651340544223785 -0.2057742327451706 0.04191717877984047 -0.24358448386192322 0.009096364490687847 -0.057875558733940125 0.005611405707895756 -0.011478838510811329 -0.007007797248661518 -0.040238384157419205 -0.04555179178714752 -0.07921786606311798 -0.07277678698301315 0.07445929944515228 -0.21660321950912476 0.07445267587900162 -0.001963788876309991 -0.03999089077115059 -0.12714257836341858 -0.01717478036880493 0.12556496262550354 -0.054595936089754105 -0.09416782110929489 -0.007138440385460854 0.04847387224435806 -0.07483886182308197 -0.08534393459558487 -0.07813314348459244 0.06980215758085251 -0.10636351257562637 -0.09654249995946884 0.12162566184997559 -0.22745835781097412 -0.0318404957652092 -0.019599495455622673 -0.17124459147453308 0.05916482210159302 0.004482291638851166 -0.07613426446914673 0.09713166952133179 -0.07101049274206161 -0.1277254819869995 0.2773694694042206 -0.022317778319120407 -0.018852567300200462 0.11677292734384537 4.736535993288271e-05 0.03516535460948944 0.12149852514266968 0.01470552384853363 0.07590169459581375 -0.1263885647058487 -0.07870849967002869 -0.181105837225914 0.08296948671340942 0.03497512638568878 0.08963710814714432 0.15024279057979584
0.05122581124305725 0.14276374876499176 -0.06413228809833527 -0.0637778639793396 -0.087094247341156 0.057791389524936676 0.02589249610900879 -0.1729673594236374 0.0008127312175929546 -0.026503287255764008 -0.06768862903118134 -0.0048537226393818855 0.15616239607334137 -0.12352988123893738 0.06279519200325012 -0.09326063096523285 0.08342279493808746 -0.2516990900039673 -0.11276943236589432 -0.08630408346652985 -0.17717903852462769 -0.049157317727804184 -0.09278252720832825 0.03963245823979378 0.030242348089814186 -0.14797669649124146 0.09580519795417786 0.14454759657382965 -0.053124383091926575 0.00020509763271547854 -0.1049896702170372 -0.05104478821158409 -0.06755430996417999 0.08756463974714279 0.10771355032920837 0.03487024083733559 0.006084884516894817 -0.016629904508590698 -0.14997364580631256 -0.1457671821117401 -0.05288176238536835 -0.12572824954986572 0.020909996703267097 -0.016880493611097336 0.036304231733083725 -0.05137459188699722 0.023003922775387764 -0.0697193592786789 0.10878301411867142 0.11179418861865997 -0.12106054276227951 0.14120794832706451 -0.09722528606653214 0.15089921653270721 0.039013367146253586 -0.2038457989692688 0.1526806801557541 -0.1068730354309082 0.023477550595998764 0.02001957595348358 -0.0721828043460846 0.08720903843641281 -0.02429042011499405 -0.12599804997444153 0.1640171855688095 0.10906527936458588 -0.0560392327606678 -0.16477470099925995 -0.10016688704490662 0.006724110804498196 0.0813530758023262 -0.0833561047911644 -0.03249368071556091 -0.05086764693260193 -0.15830665826797485 -0.05451667308807373 0.022171931341290474 0.01786438375711441 0.209741473197937 0.08427151292562485 -0.11817465722560883 0.0686819851398468 -0.21341709792613983 -0.07614438235759735 0.054942961782217026 0.004304954782128334 -0.08437321335077286 -0.14029982686042786 0.07945303618907928 0.04017967730760574 -0.03763912245631218 -0.06578836590051651 -0.16250351071357727 0.07136695832014084 -0.04427431523799896 0.16770943999290466 0.048194460570812225 -0.07743631303310394 -0.08055630326271057 0.051840294152498245
-0.06995232403278351 0.10808918625116348 -0.061999186873435974 0.19384530186653137 -0.05363033339381218 -0.03153815492987633 0.022858863696455956 0.07794221490621567 -0.0209492314606905 -0.01723065786063671 0.1124488040804863 -0.024317840114235878 0.044400542974472046 -0.11086038500070572 0.11800909042358398 0.1514427363872528 0.023408256471157074 0.08268226683139801 0.0037469915114343166 -0.18110592663288116 0.02010090835392475 -0.13046960532665253 0.30231985449790955 0.0003094406274612993 0.021245285868644714 0.14522643387317657 0.09117688238620758 -0.004343387205153704 0.1411474347114563 -0.06945193558931351 -0.09868591278791428 -0.011855080723762512 0.03105829283595085 -0.0671251192688942 0.10359552502632141 0.0082180704921484 -0.04089352861046791 0.0522332601249218 -0.12316146492958069 0.009246211498975754 0.05086742341518402 -0.05006621778011322 -0.12847673892974854 -0.10195374488830566 -0.1370009034872055 0.1897394359111786 0.11697261035442352 -0.13839022815227509 0.13131418824195862 0.016526449471712112 -0.11336042732000351 -0.048428673297166824 -0.022919069975614548 0.08633697777986526 -0.02350066415965557 0.15860651433467865 -0.07116997241973877 0.16876810789108276 -0.0793016329407692 -0.07846064120531082 -0.00908726267516613 -0.06250718981027603 -0.07926584780216217 -0.0019104593666270375 0.19725565612316132 -0.08140169084072113 -0.22253015637397766 0.035672981292009354 -0.04883662611246109 -0.09658335149288177 0.1074957326054573 -0.038215089589357376 0.06860487908124924 -0.011483128182590008 0.017428908497095108 0.14556607604026794 -0.07732563465833664 0.008982785977423191 0.09495248645544052 -0.11195364594459534 -0.03034292720258236 0.07235627621412277 0.025998391211032867 -0.006733080372214317 -0.12893973290920258 -0.0426088310778141 -0.19045211374759674 -0.08074738085269928 -0.046441979706287384 0.05117492005228996 0.0050272028893232346 -0.09353754669427872 0.1549896001815796 0.057471662759780884 -0.06670921295881271 -0.1540154069662094 0.18526287376880646 -0.15351533889770508 0.03357458859682083 0.05961719900369644
-0.002564400667324662 0.0454893484711647 0.07417258620262146 0.05457642301917076 0.06441139429807663 -0.003174366196617484 0.09015484154224396 -0.1731901317834854 -0.034373313188552856 0.14300866425037384 0.08687949925661087 0.011818214319646358 -0.07867208868265152 -0.030005568638443947 -0.07069353014230728 0.05612223222851753 0.03015291504561901 0.019844600930809975 0.005265784449875355 -0.00883227027952671 0.0562887080013752 -0.17343969643115997 -0.15486657619476318 0.12448060512542725 -0.0751485750079155 0.003230636240914464 0.14517533779144287 -0.17331530153751373 -0.056677255779504776 0.05617552995681763 0.1511702537536621 0.0943581685423851 -0.04515494778752327 -0.009743446484208107 -0.14078035950660706 -0.08483794331550598 -0.04335677996277809 0.07197784632444382 -0.07262390851974487 -0.027247967198491096 -0.019338615238666534 0.19444943964481354 -0.10827586054801941 -0.029917491599917412 -0.016118919476866722 -0.01689365692436695 0.02078312262892723 -0.024912070482969284 -0.10038569569587708 -0.08400768786668777 0.2434503734111786 0.1526295393705368 0.034418463706970215 0.23516006767749786 -0.026654794812202454 -0.09875114262104034 0.03039395809173584 0.12584292888641357 -0.10595013946294785 0.1061645895242691 -0.0193799901753664 0.17008769512176514 0.01538838166743517 -0.10035394132137299 0.09440378844738007 -0.029947519302368164 -0.07928845286369324 -0.06638236343860626 -0.182252898812294 -0.1206146776676178 0.036051634699106216 -0.17484548687934875 0.06959081441164017 0.0952998548746109 -0.019842907786369324 0.008252001367509365 0.12447168678045273 -0.06528178602457047 -0.19010694324970245 -0.05339217931032181 0.01839992217719555 0.09318139404058456 0.034368254244327545 -0.10285767912864685 -0.10811635106801987 0.09971578419208527 -0.08375971764326096 0.11857439577579498 -0.06052485480904579 0.019613884389400482 -0.0841398611664772 -0.2692008912563324 -0.10480664670467377 -0.04356370493769646 -0.032367147505283356 -0.10953911393880844 -0.20823585987091064 0.022620247676968575 0.02667517028748989 -0.05056144669651985
0.15005053579807281 -0.005445058923214674 -0.016135087236762047 0.0008236807188950479 -0.169065460562706 0.003977029584348202 -0.020047539845108986 0.1717122197151184 0.006608770694583654 0.02907402813434601 -0.028953758999705315 0.11054456979036331 -0.10616172105073929 -0.1684032678604126 -0.043766047805547714 0.21301963925361633 0.08614405244588852 -0.09461034089326859 -0.21235789358615875 0.04656282439827919 -0.044755470007658005 -0.012729024514555931 -0.03705154359340668 -0.10198787599802017 -0.11388010531663895 -0.07395632565021515 0.042976006865501404 0.0023415894247591496 -0.08914650231599808 -0.04243863373994827 0.09541916102170944 -0.057207051664590836 -0.05277857929468155 0.053686827421188354 -0.2859458029270172 0.11729853600263596 -0.12026836723089218 0.02225138060748577 0.024381766095757484 -0.06868214160203934 0.09205520898103714 -0.13603833317756653 -0.039975423365831375 0.004713716451078653 -0.03354286402463913 -0.004510078113526106 0.2526750862598419 0.02660200372338295 -0.12470760196447372 0.046439334750175476 -0.00964707788079977 -0.13368874788284302 -0.03430715575814247 -0.09585651755332947 -0.2320484220981598 0.04847848787903786 0.16225554049015045 -0.1596621870994568 -0.029336463660001755 -0.015336220152676105 0.031755976378917694 0.04304813966155052 0.1508510261774063 0.047652725130319595 0.05274108797311783 -0.018381545320153236 -0.12110313028097153 0.07077400386333466 -0.050766121596097946 -0.10516329854726791 0.12476234138011932 0.10198716074228287 -0.05729192867875099 -0.037690043449401855 0.007567435968667269 0.1648852676153183 0.014002857729792595 -0.04618542641401291 0.07925276458263397 -0.03151784464716911 -0.14130398631095886 -0.01733238436281681 0.08067172020673752 0.04822183772921562 0.11506925523281097 0.028392475098371506 0.02431877888739109 0.046708691865205765 -0.05215701460838318 0.1736888587474823 0.0800972431898117 0.028284545987844467 0.04557184875011444 -0.0701860636472702 0.18584147095680237 -0.05685142055153847 -0.20560117065906525 -0.03799666836857796 -0.1430300623178482 -0.011255948804318905
-0.12688444554805756 -0.04812997207045555 0.18433353304862976 -0.04852433502674103 -0.030651170760393143 0.12089145928621292 -0.21019236743450165 -0.06213700771331787 -0.02733980119228363 -0.0031461913604289293 0.07040872424840927 0.034173958003520966 0.03480911999940872 -0.09842485189437866 -0.22875575721263885 0.17185205221176147 0.12156358361244202 -0.09418988227844238 0.07286668568849564 0.16380326449871063 -0.04953990876674652 0.07188007235527039 -0.08264117687940598 0.011736152693629265 0.18000122904777527 0.11142506450414658 0.06272369623184204 0.023230433464050293 0.0419435054063797 0.10293371975421906 0.0278928279876709 0.14438268542289734 0.006106441840529442 -0.04894421249628067 -0.08480773121118546 0.09361348301172256 0.21601277589797974 -0.10542729496955872 -0.016497613862156868 -0.05565095692873001 0.1931440532207489 0.037224315106868744 0.0399722121655941 -0.05453311651945114 -0.15650677680969238 0.09602511674165726 0.03608369827270508 -0.11108214408159256 0.1284908950328827 -0.015111845917999744 -0.12045122683048248 0.0349891223013401 0.008902776055037975 -0.11155558377504349 -0.007565892301499844 -0.18085254728794098 -0.11033865809440613 0.034398529678583145 -0.02917284332215786 0.07850614190101624 0.10432947427034378 -0.0998668447136879 -0.13639089465141296 0.11390995234251022 -0.0076707289554178715 0.046761997044086456 -0.05805209279060364 -0.0453011654317379 -0.051718585193157196 -0.03870587795972824 -0.0016245805891230702 0.059846870601177216 0.0060485186986625195 0.03239331766963005 -0.016064099967479706 -0.1810440868139267 -0.1395154446363449 -0.1429602950811386 0.06344206631183624 -0.11115949600934982 0.021458301693201065 0.14783212542533875 -0.1036665067076683 0.08936333656311035 0.11269478499889374 0.08639983832836151 0.09696248918771744 -0.005736488848924637 0.1275976449251175 -0.008558709174394608 0.10384874790906906 -0.09898006170988083 -0.09569263458251953 0.060737088322639465 0.12614673376083374 -0.22845125198364258 0.03409011662006378 0.07180112600326538 0.047173354774713516 -0.06882993876934052
0.025351200252771378 -0.13572296500205994 -0.0038427403196692467 0.16217643022537231 -0.0712665244936943 -0.07891613990068436 0.11001800000667572 -0.24041423201560974 0.057905446738004684 -0.1832675039768219 -0.050592586398124695 -0.13025084137916565 0.018147526308894157 0.06305117160081863 -0.012465392239391804 -0.002113652415573597 -0.16826456785202026 0.0010505779646337032 -0.012034505605697632 0.09561215341091156 0.07188338041305542 0.05741305276751518 -0.1254447102546692 0.024348938837647438 0.06393871456384659 0.16283689439296722 0.08017373830080032 0.10455402731895447 0.11781366914510727 -0.09148450195789337 0.07059402018785477 0.026068855077028275 -0.15613633394241333 -0.03181403502821922 0.0191161148250103 0.01831178553402424 -0.14064866304397583 0.002752098720520735 -0.011774039827287197 -0.04604549705982208 0.14116759598255157 -0.0783563032746315 -0.12298844754695892 -0.03314652293920517 0.1246803030371666 0.040764886885881424 -0.058682624250650406 -0.0030037860851734877 -0.03267337754368782 0.07219649851322174 -0.038077715784311295 0.06220383942127228 -0.09785858541727066 0.0863160490989685 -0.08150031417608261 0.02645665407180786 -0.02422168105840683 -0.001062291208654642 -0.07681162655353546 -0.22627000510692596 -0.003383900038897991 -0.12611158192157745 0.13166369497776031 0.046521592885255814 0.024042757228016853 0.16421091556549072 0.025503432378172874 -0.08366281539201736 -0.05915956571698189 0.09192727506160736 -0.023094410076737404 0.022183693945407867 -0.0020230498630553484 -0.11174577474594116 0.034396763890981674 0.08052036166191101 0.03144204616546631 -0.0383257120847702 0.1570918709039688 0.047918859869241714 0.09329479187726974 0.188385471701622 0.06104565039277077 0.023605993017554283 -0.09329549968242645 0.20754310488700867 0.1238596960902214 0.20827564597129822 0.02837131917476654 -0.10639879107475281 -0.21423710882663727 0.10093642771244049 0.09038004279136658 0.19521795213222504 0.19301481544971466 -0.03084597736597061 -0.10882283002138138 -0.054113905876874924 0.06723228096961975 0.07300704717636108
-0.0611092671751976 0.04252560809254646 -0.026611588895320892 0.08531621843576431 -0.16276350617408752 0.06628307700157166 -0.1344180405139923 -0.09304460883140564 -0.13802309334278107 -0.0003832268703263253 -0.05054342746734619 0.12894149124622345 0.1431983858346939 -0.052568450570106506 -0.04482249915599823 0.05412250757217407 0.0072306077927351 0.09031679481267929 -0.004837499465793371 -0.027173476293683052 0.08453863114118576 0.047914423048496246 -0.08971549570560455 -0.12830612063407898 0.14696699380874634 -0.03237295150756836 -0.033312324434518814 -0.12409277260303497 -0.005829258356243372 -0.00011385953257558867 0.05234517529606819 0.02797466330230236 -0.05392524600028992 -0.04524819552898407 -0.11332273483276367 0.09582724422216415 -0.14648832380771637 -0.010393824428319931 -0.06403350085020065 0.11759050190448761 -0.0576617605984211 -0.22866268455982208 -0.011577751487493515 0.23193828761577606 0.06238190084695816 0.017260169610381126 -0.05900709703564644 0.05379378795623779 0.0003839312994387001 -0.1872146874666214 0.13423490524291992 -0.12163202464580536 0.10103893280029297 0.0569678395986557 0.18059396743774414 -0.05622095987200737 0.010052181780338287 -0.08109158277511597 -0.01916384883224964 0.22168761491775513 -0.006295039318501949 0.13835781812667847 -0.0037898963782936335 -0.0812063217163086 -0.010220827534794807 -0.11133486777544022 -0.09558644890785217 -0.14112263917922974 0.13293229043483734 0.09904073923826218 -0.17715483903884888 -0.028172029182314873 -0.09965675324201584 -0.018572254106402397 -0.07597346603870392 0.12906047701835632 -0.020370617508888245 -0.009121178649365902 0.12230774760246277 0.04514913633465767 -0.05543996021151543 0.1740882694721222 0.002848090138286352 -0.18645519018173218 0.06759326159954071 -0.1471870243549347 0.04740455001592636 0.09325619041919708 -0.15471778810024261 -0.10832449048757553 -0.011275493539869785 0.0923658013343811 0.06143029406666756 0.037454456090927124 -0.016020415350794792 -0.1815553605556488 0.15202443301677704 -0.08224809914827347 0.13925175368785858 0.04893607646226883
0.28067511320114136 0.19999836385250092 0.08950451761484146 0.023116573691368103 0.11389467120170593 -0.17141690850257874 -0.23363739252090454 -0.10357499867677689 0.11383916437625885 0.24076953530311584 0.03086775541305542 0.0041707418859004974 -0.07069593667984009 -0.06834293156862259 -0.09262880682945251 -0.007984450086951256 -0.013400730676949024 -0.00233081984333694 -0.002117395866662264 0.012032156810164452 0.023557012900710106 -0.13703849911689758 0.031053202226758003 0.04696754738688469 0.18491311371326447 0.01300613023340702 -0.02711828239262104 0.015212980099022388 0.1630823016166687 -0.02739669196307659 -0.16564352810382843 0.02819390594959259 -0.024720724672079086 0.018931658938527107 0.09211194515228271 0.09744418412446976 -0.1233479231595993 0.05077596753835678 0.11109471321105957 -0.11441594362258911 -0.06788509339094162 -0.12631338834762573 -0.03803187981247902 -0.12481862306594849 0.02859487570822239 0.05606839805841446 -0.12352758646011353 0.10423305630683899 -0.07103289663791656 0.05465638265013695 0.09169057011604309 -0.1297885775566101 0.19405291974544525 -0.07498208433389664 -0.08538168668746948 0.08085539191961288 0.048840805888175964 -0.006421586964279413 -0.03145531192421913 -0.042765840888023376 0.08798114210367203 0.1401003897190094 0.09165381640195847 0.04973869398236275 -0.07945207506418228 0.12930700182914734 0.07441306114196777 -0.15617774426937103 -0.11032867431640625 0.012673514895141125 0.023143934085965157 0.14447256922721863 -0.054577603936195374 -0.018067408353090286 0.02170844003558159 -0.13950811326503754 0.05267902836203575 0.17844773828983307 -0.11484277248382568 -0.042541395872831345 0.05113754794001579 0.020850857719779015 -0.05348970368504524 -0.050706569105386734 0.14767013490200043 -0.0034179245121777058 0.021400293335318565 -0.009402909316122532 0.08220203965902328 0.12339447438716888 0.011363931000232697 -0.11849211156368256 0.13661937415599823 0.1642642766237259 -0.1143171563744545 -0.07225928455591202 0.055419620126485825 -0.036880869418382645 0.03835979104042053 0.030314892530441284
0.02063762955367565 -0.029084235429763794 -0.02780580148100853 -0.04716766998171806 -0.003651408012956381 0.10136792063713074 -0.03001026064157486 0.024726862087845802 0.18589942157268524 0.04624229669570923 -0.043570857495069504 -0.00930781103670597 0.014012978412210941 -0.1053268313407898 -0.022728415206074715 0.05732686072587967 -0.02099149115383625 -0.010628463700413704 0.05872025713324547 0.02992100454866886 -0.05645972862839699 -0.01941019669175148 -0.10005007684230804 0.07706034928560257 0.06969688832759857 0.12619850039482117 -0.07171697169542313 0.18443076312541962 0.02629181556403637 -0.03186843544244766 -0.07810162752866745 -0.028011100366711617 -0.08495715260505676 -0.07581118494272232 -0.19740921258926392 -0.16648273169994354 -0.054441556334495544 -0.1798272430896759 -0.08985677361488342 0.0462157279253006 -0.09386690706014633 0.14012612402439117 -0.0697304978966713 -0.23097817599773407 0.10750052332878113 -0.03911440074443817 0.03984978795051575 0.09441220015287399 -0.1155683770775795 -0.12254118919372559 -0.07204177230596542 -0.19834960997104645 -0.012543325312435627 0.09920910000801086 -0.15908566117286682 -0.02119176834821701 -0.13761474192142487 -0.07620313763618469 -0.08952304720878601 -0.07207276672124863 -0.09455408155918121 0.0019717379473149776 -0.23706874251365662 -0.04010576754808426 -0.11497540771961212 -0.16058950126171112 0.050407130271196365 -0.2314809113740921 0.01349067222326994 -0.026251226663589478 -0.064134381711483 -0.19564655423164368 -0.10728126019239426 -0.11385296285152435 -0.06312373280525208 -0.04427982494235039 -0.11174776405096054 0.04297095164656639 0.03000675141811371 0.06820353120565414 -0.06246256083250046 -0.09910383820533752 -0.010715371929109097 0.057115763425827026 -0.07943300902843475 -0.03236193582415581 -0.03202635049819946 -0.10842085629701614 -0.0996425524353981 -0.003134250408038497 -0.158173605799675 0.08245223760604858 0.10024244338274002 -0.03347702696919441 -0.05005083605647087 -0.08300215005874634 0.02339199185371399 -0.041504763066768646 -0.16824102401733398 -0.2638184130191803
0.29339540004730225 -0.05923042073845863 0.04997030645608902 0.05680173635482788 -0.02897265926003456 0.06315136700868607 0.15638983249664307 -0.014275484718382359 -0.12568269670009613 0.05754297226667404 0.19385871291160583 0.2474917322397232 -0.14200010895729065 0.04450235143303871 0.0920390710234642 -0.03355374187231064 0.029784679412841797 -0.16401079297065735 -0.056799206882715225 -0.1370360255241394 -0.005541317630559206 0.12355135381221771 -0.0998125746846199 0.021758943796157837 -0.04341135919094086 0.06761985272169113 -0.0835496261715889 -0.03946821764111519 -0.009680366143584251 -0.17100182175636292 -0.04062742739915848 0.022097067907452583 -0.07118550688028336 -0.11804783344268799 0.05529021844267845 0.18303367495536804 0.07047036290168762 -0.08645392954349518 -0.15667887032032013 0.04851114749908447 0.013987266458570957 -0.08571600168943405 0.025631414726376534 -0.00484860735014081 0.018924837931990623 0.10788898915052414 0.005093264393508434 -0.00101062236353755 -0.0007559028454124928 -0.007189948111772537 -0.04070102423429489 -0.07027356326580048 -0.05711998790502548 0.10109937191009521 -0.07184115052223206 -0.053277160972356796 -0.06947650015354156 0.14566056430339813 0.14119845628738403 0.0015663682715967298 -0.02995253913104534 0.0025532734580338 -0.01843079924583435 0.08594747632741928 -0.06420339643955231 0.07938122749328613 0.06456045061349869 -0.008427214808762074 0.2232092171907425 0.03789497911930084 0.10978510230779648 -0.09665720909833908 -0.17901360988616943 0.19454200565814972 0.09530261904001236 -0.2941051125526428 0.03482501953840256 -0.07388205826282501 0.13117662072181702 -0.17267385125160217 0.08094369620084763 -0.03849520906805992 0.11948120594024658 -0.11483940482139587 -0.12643200159072876 -0.061532121151685715 0.015696298331022263 0.08870556205511093 -0.07227176427841187 0.13195447623729706 -0.049351975321769714 0.006405688356608152 -0.0336594358086586 -0.03635871782898903 -0.03518451005220413 0.029824689030647278 -0.006265447940677404 -0.006788996048271656 0.06920040398836136 -0.03451436385512352
-0.026652753353118896 -0.11723736673593521 0.0554821603000164 -0.06634733825922012 0.10955309122800827 0.01742107979953289 0.12485214322805405 -0.06878858804702759 -0.06179402023553848 -0.05026701092720032 0.16312168538570404 0.026415670290589333 0.014441286213696003 -0.1104397401213646 0.12838520109653473 0.008060590364038944 -0.06045111268758774 0.13317342102527618 -0.06069174408912659 -0.0018496799748390913 -0.028811775147914886 -0.05842992663383484 0.002692315261811018 0.23811526596546173 -0.024580802768468857 -0.010144329629838467 -0.012455743737518787 -0.058080803602933884 -0.13190476596355438 -0.03185272216796875 -0.11031749099493027 0.03394114226102829 -0.012094260193407536 -0.10738928616046906 -0.003019473049789667 0.03385114297270775 -0.05388820171356201 0.06481233239173889 0.057212281972169876 0.023502949625253677 0.1445988118648529 -0.09969870001077652 -0.1783456802368164 -0.013624859973788261 -0.25661155581474304 -0.1405424028635025 0.0586850643157959 -0.2598447799682617 -0.1714448630809784 -0.03832447528839111 0.07939309626817703 -0.03303515538573265 0.1790333092212677 -0.14679202437400818 0.17369933426380157 -0.07950971275568008 0.11969943344593048 -0.04130398854613304 -0.06677395850419998 -0.12444407492876053 -0.07663953304290771 0.09622697532176971 0.10798235982656479 -0.04069188982248306 -0.03636177256703377 -0.010387890972197056 0.0012667322298511863 -0.1643279790878296 0.12591855227947235 0.008887005038559437 0.006195803638547659 0.06495313346385956 0.044004905968904495 -0.08966828882694244 0.04397314414381981 -0.006352132651954889 -0.08007599413394928 -0.24766923487186432 0.027806350961327553 0.10096734017133713 0.029384009540081024 0.001576955197378993 -0.10199002176523209 0.06360264867544174 -0.06535502523183823 -0.02885587140917778 0.17317955195903778 -0.15196189284324646 0.157830610871315 0.1575096845626831 -0.12014907598495483 0.12198343127965927 0.05961427092552185 -0.06721148639917374 -0.13668480515480042 0.0009845311287790537 0.035090379416942596 0.04633129760622978 0.014422251842916012 -0.0520811565220356
-0.06544150412082672 -0.05742799490690231 -0.11089956760406494 -0.025145167484879494 0.1428414285182953 -0.23854561150074005 -0.16554585099220276 -0.16560369729995728 0.02412855066359043 -0.013932452537119389 -0.005978824570775032 0.2597055733203888 -0.09083931148052216 0.15254297852516174 0.09946564584970474 -0.007800103165209293 -0.0012273977044969797 -0.18289843201637268 0.01549301017075777 -0.01038386020809412 0.1496395468711853 -0.07751364260911942 0.0364607572555542 -0.11113835126161575 -0.06907161325216293 -0.07608441263437271 0.040198229253292084 0.10420744121074677 -0.07238203287124634 0.02146064303815365 -0.03606981784105301 -0.08102680742740631 -0.0010909427655860782 -0.07543620467185974 -0.13310791552066803 -0.16542407870292664 0.00019867948140017688 -0.04837417230010033 0.0360640324652195 0.01870887354016304 -0.07636002451181412 -0.11939939111471176 -0.046370867639780045 0.07608608156442642 0.12677641212940216 -0.10005165636539459 0.18078546226024628 -0.14751002192497253 -0.07529901713132858 0.029017874971032143 0.047252293676137924 0.002920430852100253 -0.12315230816602707 -0.1649416834115982 -0.04806063324213028 -0.1612650603055954 -0.05972417816519737 0.03516645357012749 0.04482147842645645 0.0943947359919548 0.09961732476949692 -0.0166014414280653 0.004021476488560438 0.10638630390167236 0.1627456098794937 0.017390338703989983 -0.15900106728076935 0.045479826629161835 0.041140537708997726 -0.015381968580186367 -0.055158793926239014 0.020296437665820122 0.03943120688199997 0.031118083745241165 -0.00331871397793293 -0.19448556005954742 -0.08417602628469467 0.059514325112104416 0.012022397480905056 0.14210449159145355 0.07059476524591446 0.0315469391644001 0.17979377508163452 0.07409827411174774 -0.10745871812105179 0.019252445548772812 -0.036128267645835876 -0.14376351237297058 0.1055043563246727 -0.1837359368801117 -0.03370345011353493 -0.022047389298677444 0.10501608997583389 0.11250544339418411 -0.17856711149215698 -0.14480386674404144 -0.07624144107103348 -0.05636513978242874 -0.045741647481918335 0.04949995130300522
-0.06652659922838211 -0.11539889127016068 -0.08057121932506561 0.0446329191327095 0.09855280816555023 0.06339794397354126 0.14560851454734802 0.0037192536983639 -0.16447187960147858 0.19685828685760498 0.05068158730864525 0.14850886166095734 -0.11592404544353485 -0.05462785065174103 0.19559109210968018 0.16528205573558807 0.07240504026412964 0.02066725119948387 0.1261054426431656 -0.0748739168047905 0.010387061163783073 -0.11094194650650024 0.04786777123808861 0.07997068017721176 0.19911307096481323 -0.034174978733062744 0.10845481604337692 0.10255453735589981 -0.021126987412571907 0.01893911510705948 0.06327567994594574 -0.051026370376348495 0.08473794162273407 0.18099558353424072 0.09282200783491135 -0.09784267842769623 -0.07504256814718246 0.09947284311056137 -0.09704954922199249 0.005332412198185921 0.01336463913321495 0.06706301867961884 0.08587940782308578 -0.09511559456586838 -0.028825240209698677 0.004165194928646088 0.0049180444329977036 0.2137681245803833 0.12025706470012665 0.17692448198795319 0.02349124103784561 0.014022418297827244 -0.07163239270448685 0.06531122326850891 -0.0717795267701149 -0.10109294205904007 -0.04171226918697357 -0.2628292441368103 -0.03184304013848305 0.029386620968580246 0.02918083406984806 -0.009649739600718021 0.19285978376865387 0.0841442346572876 -0.022036511451005936 0.050992563366889954 0.0495048388838768 0.04698392003774643 -0.03394440561532974 0.02456601709127426 -0.11622507125139236 -0.03149604797363281 -0.07251662015914917 0.0826856717467308 0.07002715021371841 0.09492255002260208 0.01570095308125019 -0.016557767987251282 0.017156433314085007 -0.02390228770673275 0.20766355097293854 0.15317049622535706 -0.09407638758420944 0.05852866917848587 0.0511719286441803 -0.2244967371225357 0.0846838504076004 0.025763094425201416 0.15664225816726685 -0.11527575552463531 0.024271486327052116 0.10783716291189194 0.029603535309433937 -0.07520940899848938 0.002867594128474593 -0.07363919913768768 -0.00534195126965642 -0.09537805616855621 -0.004814512096345425 -0.2130281627178192
0.020133718848228455 -0.13466431200504303 -0.1553918570280075 0.15368203818798065 0.011752495542168617 -0.01593122072517872 -0.16157379746437073 -0.052141085267066956 -0.009660434909164906 0.10903764516115189 0.05575208365917206 -0.02565550059080124 -0.2105833888053894 -0.10928233712911606 0.13004618883132935 -0.07911938428878784 -0.035567693412303925 -0.009163405746221542 0.004426431842148304 -0.11863462626934052 0.016389045864343643 0.05061859264969826 -0.12468557804822922 -0.16801463067531586 -0.10236712545156479 0.0962519645690918 0.01263896282762289 -0.2291647046804428 0.04259863123297691 0.05357937514781952 0.021136876195669174 -0.10523027181625366 -0.03336367383599281 0.0965111032128334 -0.05872022360563278 -0.10231884568929672 0.027752216905355453 0.05897632986307144 -0.005973972845822573 -0.05086516961455345 0.21626608073711395 -0.029673408716917038 0.09577575325965881 0.12902188301086426 0.26475080847740173 0.1546282172203064 -0.13528096675872803 -0.010297129862010479 -0.06608361750841141 0.05002553388476372 -0.18050391972064972 0.07750844955444336 -0.027671387419104576 -0.05039102956652641 0.10011566430330276 0.13768704235553741 -0.08995965868234634 0.009709978476166725 -0.023064520210027695 -0.04055667668581009 -0.005842515267431736 -0.011480141431093216 -0.010074899531900883 -0.12451884150505066 -0.1304578185081482 0.01761002466082573 -0.12268482148647308 -0.08130224794149399 -0.04889965429902077 -0.1448637992143631 0.0487036406993866 0.01988973096013069 0.0787767767906189 -0.04825412482023239 -0.1806054562330246 -0.10226950794458389 -0.10982426255941391 -0.10296118259429932 -0.16962110996246338 0.06745976209640503 0.06289616972208023 0.11592485010623932 -0.18656562268733978 -0.020738236606121063 -0.06072070822119713 -0.1443704068660736 0.015154060907661915 -0.05871843174099922 0.008311268873512745 0.17789119482040405 -0.009531314484775066 0.08597441017627716 -0.036261186003685 -0.012983798049390316 0.053695328533649445 -0.011862131766974926 0.04521225020289421 0.08897260576486588 -0.1743033081293106 -0.0011504292488098145
0.1249898374080658 -0.21613386273384094 -0.08598072826862335 0.1390070766210556 -0.003907490521669388 -0.003179282182827592 -0.012905559502542019 -0.09342145174741745 0.12361488491296768 -0.0687490925192833 0.05083472654223442 -0.021585121750831604 0.09504880011081696 -0.15739719569683075 -0.17791353166103363 -0.08776308596134186 0.022707898169755936 -0.09151768684387207 -0.13818921148777008 0.12231859564781189 0.033544085919857025 -0.2917947769165039 -0.05981295555830002 -0.021840158849954605 0.08627215772867203 -0.0333603136241436 -0.31630295515060425 0.0760326236486435 0.06533844769001007 0.044611379504203796 0.09371005743741989 0.15354019403457642 -0.03448645398020744 0.25578564405441284 0.06484691798686981 0.016879169270396233 0.1326165497303009 0.04567978158593178 -0.00562792643904686 -0.030941655859351158 0.18085624277591705 -0.07900634407997131 -0.027281450107693672 -0.007821844890713692 0.07825967669487 -0.05924435332417488 0.07497617602348328 0.06142719089984894 0.12028351426124573 0.03200848773121834 0.075026735663414 0.06732451170682907 -0.07284385710954666 0.03959831967949867 -0.009236913174390793 -0.049892451614141464 -0.11180763691663742 0.1380697637796402 0.048118624836206436 0.05786342918872833 -0.11127571761608124 0.09762285649776459 -0.08782384544610977 0.009020947851240635 -0.08985958993434906 -0.02018769644200802 -0.01709059439599514 0.1229463517665863 0.12374203652143478 -0.018875421956181526 -0.08968814462423325 0.023625880479812622 0.06082791090011597 0.11602253466844559 0.13745345175266266 0.18020367622375488 0.013996665365993977 -0.04040255397558212 -0.08406012505292892 0.056575000286102295 -0.09937253594398499 -0.11844772845506668 -0.05188586190342903 0.007547063287347555 -0.1065383106470108 -0.022743307054042816 -0.018248775973916054 -0.10213837772607803 0.06824516505002975 0.09403543919324875 0.0499902069568634 0.08755092322826385 0.07730169594287872 -0.024414321407675743 -0.10913630574941635 -0.04428045079112053 -0.05518267676234245 -0.18284375965595245 0.08999016880989075 0.013765732757747173
-0.011939359828829765 0.05226091295480728 0.10675200819969177 0.1273830384016037 -0.14905813336372375 -0.0031071119010448456 0.12478625774383545 0.06877830624580383 -0.09515330195426941 0.17197991907596588 0.15408636629581451 -0.04468153789639473 -0.012085416354238987 0.04542271047830582 0.01271328516304493 0.029571091756224632 0.25269806385040283 -0.004752805456519127 -0.11495520919561386 0.11746710538864136 0.07593975961208344 -0.021975873038172722 -0.048466186970472336 -0.23001281917095184 0.04552985355257988 -0.10516232252120972 0.07518954575061798 0.06527799367904663 0.03190632164478302 0.11188419908285141 0.04463277384638786 -0.06416076421737671 0.11129394173622131 0.011667512357234955 0.1516069620847702 -0.06446944177150726 -0.006771204527467489 -0.1440695822238922 -0.1154232770204544 0.13506902754306793 -0.07712511718273163 0.18076170980930328 -0.02830958366394043 -0.053360871970653534 0.1353672295808792 0.03783909231424332 0.03424743935465813 -0.04389886185526848 0.05473881959915161 0.03592470660805702 0.050980761647224426 0.008185187354683876 -0.13811270892620087 -0.2115257829427719 0.13307523727416992 0.1951524168252945 0.016770778223872185 -0.05301772430539131 -0.049069590866565704 -0.01571660302579403 0.14178325235843658 0.13766448199748993 -0.03797418996691704 0.01639566570520401 0.014674337580800056 -0.049320824444293976 -0.0015584194334223866 -0.05765848606824875 -0.006353374570608139 -0.025251753628253937 -0.13639695942401886 -0.03415410965681076 0.04625565931200981 -0.13451433181762695 0.09417213499546051 -0.040315669029951096 -0.07049506157636642 0.0013980346266180277 0.11924043297767639 0.01306784339249134 -0.12578091025352478 -0.11270488053560257 -0.05785217881202698 -0.0867520421743393 -0.08298563957214355 0.17687125504016876 0.2674635350704193 0.11269626766443253 0.1062498390674591 0.14570407569408417 -0.1747635006904602 -0.02913627214729786 0.014087032526731491 0.04009557515382767 -0.15891848504543304 0.025415170937776566 -0.02341472916305065 0.02360578067600727 0.0011674079578369856 0.05472808703780174
-0.05093873292207718 -0.0778350830078125 0.019280051812529564 0.01833696849644184 0.16775666177272797 0.11496662348508835 0.01732599176466465 -0.16518181562423706 0.17836332321166992 -0.2052372545003891 0.0029117180965840816 -0.029732590541243553 0.03842590004205704 -0.06543073058128357 0.04600365087389946 -0.06733643263578415 0.10792292654514313 -0.08468154072761536 0.11161857843399048 0.013713006861507893 -0.10494553297758102 -0.0698273628950119 0.06105470284819603 -0.06332142651081085 -0.17656309902668 0.049971483647823334 0.06344488263130188 0.010131467133760452 -0.04738586023449898 -0.09417247027158737 -0.1287630796432495 -0.10030065476894379 -0.05334339663386345 0.05442512407898903 -0.02834305167198181 0.06177016347646713 -0.11182013899087906 0.040971528738737106 -0.002842030953615904 -0.08986407518386841 0.11347591131925583 0.14303386211395264 -0.04510572552680969 0.03764452785253525 -0.15941418707370758 0.08930835127830505 -0.010681227780878544 0.07370847463607788 0.02344096265733242 -0.05318906903266907 0.04961448162794113 -0.06375334411859512 -0.08540600538253784 0.0307041984051466 -0.10963600128889084 0.07804500311613083 -0.018917933106422424 -0.09024247527122498 -0.010785114951431751 0.10144071280956268 -0.11799197643995285 0.02789921686053276 0.0606740303337574 0.17354068160057068 0.023881342262029648 0.04274270310997963 -0.0837627723813057 -0.02726070210337639 0.049034811556339264 0.03487325459718704 -0.2529652714729309 0.10075853765010834 -0.053136736154556274 0.12861880660057068 0.012483535334467888 0.024181678891181946 -0.24169713258743286 0.14563697576522827 -0.014196683652698994 -0.04104328528046608 -0.01786861941218376 0.08210349828004837 -0.01387019082903862 -0.2741197645664215 -0.02190265618264675 0.10465577989816666 0.13380061089992523 0.13684332370758057 -0.08189963549375534 0.042995721101760864 0.1604461818933487 -0.05548043176531792 0.02767813391983509 -0.06472551077604294 -0.19861122965812683 0.06518026441335678 0.05096673592925072 0.23219722509384155 -0.15839038789272308 0.06412769854068756
-0.13998711109161377 0.1721176952123642 -0.016640644520521164 -0.0207828301936388 -0.07987447082996368 -0.14620254933834076 -0.09310577064752579 -0.053455062210559845 0.0379069522023201 -0.1466740220785141 -0.013600412756204605 -0.14170505106449127 0.1279003620147705 0.09156344830989838 -0.15443310141563416 0.144367054104805 0.08148973435163498 -0.07497096806764603 -0.18297383189201355 -0.20388628542423248 -0.0576779842376709 0.06386293470859528 -0.07983915507793427 0.03493374213576317 -0.05686074122786522 -0.04784535616636276 -0.03780243545770645 -0.03662250563502312 0.07589299976825714 -0.14489290118217468 -0.04124557599425316 0.048662811517715454 0.19850142300128937 0.04500460997223854 0.06082766503095627 0.05174010992050171 -0.1860273778438568 0.12179305404424667 0.07732580602169037 0.014340084977447987 0.15054923295974731 0.12217452377080917 -0.001093763392418623 0.09885072708129883 -0.04996196925640106 0.05499536171555519 -0.05967022106051445 0.0425337478518486 0.05879982188344002 -0.04747464880347252 -0.14001809060573578 -0.05183609202504158 0.011269928887486458 -0.13609784841537476 -0.06559610366821289 -0.08882586658000946 -0.14664320647716522 -0.030195465311408043 0.07075679302215576 0.05221842601895332 -0.04413236677646637 0.05494818091392517 0.07307490706443787 -0.08338019996881485 0.12431592494249344 -0.022700125351548195 0.13857093453407288 -0.041610877960920334 -0.010930581949651241 -0.1691943109035492 -0.0035060737282037735 -0.10092620551586151 -0.03163079544901848 0.04447853937745094 0.12022999674081802 -0.14771315455436707 0.04749155417084694 -0.08487487584352493 -0.13566362857818604 0.11854862421751022 -0.06637876480817795 0.044810183346271515 0.18635335564613342 0.005028360988944769 -0.12096743285655975 -0.1854192018508911 0.1695784479379654 0.10972461849451065 0.09712818264961243 -0.012839901261031628 -0.07166830450296402 -0.041740916669368744 0.04856844246387482 -0.02887684479355812 0.0039444491267204285 0.08659674972295761 0.01402383204549551 -0.17372451722621918 -0.095859594643116 -0.18447020649909973
-0.02642514556646347 0.11324431002140045 0.03289543837308884 0.05319131910800934 -0.14695219695568085 0.0018736167112365365 -0.12339577823877335 -0.021993089467287064 0.07316216081380844 0.05857614427804947 0.0471392385661602 -0.0712941512465477 -0.08496913313865662 0.04344359412789345 -0.02707289718091488 0.05748405307531357 -0.0046972231939435005 0.08095107972621918 -0.09875626116991043 0.10355770587921143 0.0018669860437512398 -0.10784899443387985 0.031708672642707825 0.02869296446442604 0.026648249477148056 -0.08173870295286179 0.0173743087798357 0.0829140841960907 0.02828773856163025 0.2057996243238449 -0.05679941177368164 -0.1707347184419632 -0.2506808042526245 -0.10875777155160904 0.12044870108366013 -0.005050040781497955 0.07849518209695816 0.10797765105962753 -0.10970360785722733 0.06735550612211227 0.0960879772901535 -0.0523151271045208 -0.05053277313709259 0.14740732312202454 -0.045195676386356354 -0.0665447786450386 -0.04729406535625458 -0.1203204020857811 -0.03636397421360016 0.09977572411298752 0.01021753903478384 -0.07700090110301971 -0.06614215672016144 0.11303166300058365 0.09165927767753601 0.22859357297420502 -0.08842747658491135 -0.02145504578948021 -0.07002992182970047 0.09399764984846115 -0.0037164385430514812 0.0631832629442215 -0.0429195798933506 0.003370622405782342 0.18574872612953186 0.02435033768415451 0.11949910968542099 -0.09957726299762726 0.12551449239253998 -0.057810425758361816 -0.033742811530828476 0.06908802688121796 -0.2208263874053955 0.14377303421497345 -0.08151652663946152 0.0020678171422332525 0.07109915465116501 -0.12353907525539398 -0.0953894779086113 -0.10203472524881363 0.20530667901039124 -0.018636493012309074 0.090711809694767 0.01407010667026043 -0.004791791085153818 0.20355083048343658 0.02397637441754341 -0.1382928341627121 -0.04145335778594017 -0.15610474348068237 0.1775692254304886 0.12541434168815613 -0.03635510057210922 -0.034901268780231476 0.04655712842941284 0.1470550000667572 -0.07895024865865707 -0.0631714016199112 -0.12849149107933044 -0.20168636739253998
0.07957896590232849 0.04051787406206131 -0.04449048638343811 -0.022944891825318336 0.1378059834241867 0.04207301884889603 -0.013486725278198719 0.047117702662944794 -0.16690324246883392 0.11024566739797592 0.08420643955469131 0.004994472488760948 0.05313529074192047 -0.09773582220077515 0.013827916234731674 0.18780942261219025 -0.037322673946619034 0.07389628887176514 -0.01223297044634819 0.12007104605436325 -0.022038843482732773 0.008232382126152515 0.14538197219371796 -0.1685209423303604 -0.10477755218744278 0.06852031499147415 -0.09206763654947281 0.06394757330417633 0.07069791108369827 -0.15421374142169952 -0.020752422511577606 0.13914646208286285 -0.18591198325157166 0.12983986735343933 0.014848282560706139 -0.0626988336443901 0.02542557753622532 0.09874599426984787 0.035316240042448044 -0.2099071890115738 -0.008619377389550209 0.09709473699331284 -0.07041758298873901 0.14559340476989746 -0.04677823558449745 -0.16894099116325378 0.2044089436531067 0.0418742336332798 -0.042827293276786804 -0.08477625250816345 -0.18203304708003998 0.13756930828094482 0.08484410494565964 -0.0005574477254413068 0.11170529574155807 0.1371510922908783 -0.150526225566864 -0.13114766776561737 -0.03224506601691246 0.08588309586048126 0.02197042666375637 0.056033648550510406 -0.03702625632286072 0.12432517111301422 -0.08142928779125214 -0.004162915982306004 0.04176148772239685 -0.14880399405956268 -0.09707649052143097 0.24843616783618927 0.10962427407503128 -0.11891132593154907 0.007943801581859589 0.08727779239416122 -0.04496672749519348 0.005656946916133165 0.05813994258642197 -0.03476063534617424 0.024612007662653923 0.038047708570957184 -0.045518264174461365 -0.0762743130326271 0.16699007153511047 -0.04075581207871437 -0.12431686371564865 -0.10445670783519745 0.08088675886392593 -0.010580943897366524 0.06035476550459862 -0.11019401997327805 -0.04097455367445946 -0.03504215180873871 -0.16640311479568481 0.22460885345935822 0.04375307634472847 0.03857902064919472 0.016147037968039513 0.07121966034173965 -0.0597698800265789 0.09882083535194397
-0.07667987048625946 -0.07570254802703857 -0.04731881618499756 0.10696044564247131 0.026433730497956276 -0.16814561188220978 -0.13862749934196472 0.03714161738753319 0.03751359134912491 0.16109827160835266 0.14448119699954987 -0.12174171954393387 -0.1394212543964386 -0.20671378076076508 0.01859475113451481 0.009088682010769844 0.13103103637695312 -0.10426275432109833 -0.0077258204109966755 -0.07098962366580963 0.042051590979099274 0.04302014037966728 0.0910758227109909 0.1551334410905838 -0.03366997092962265 0.01871347799897194 0.07664760202169418 -0.05248505249619484 -0.011100385338068008 -0.18516968190670013 0.05230075493454933 0.09975194931030273 0.049398649483919144 -0.077181376516819 0.14852465689182281 -0.18340258300304413 0.10082510113716125 -0.1362074613571167 0.12832097709178925 0.25781235098838806 0.06827861815690994 -0.13517160713672638 0.016446173191070557 0.05029579997062683 0.039172347635030746 -0.07699468731880188 -0.15266789495944977 0.15721853077411652 -0.08387892693281174 -0.03638874739408493 0.02727537415921688 0.08673189580440521 -0.04365341365337372 0.08304587006568909 -0.09285161644220352 -0.03080405853688717 0.06399378925561905 -0.04042733460664749 -0.10051770508289337 0.04753293842077255 -0.1541915237903595 -0.0993485152721405 0.019800951704382896 0.11460606008768082 -0.045715924352407455 -0.03415152058005333 0.04177305847406387 -0.12550145387649536 0.03229425847530365 0.034249793738126755 0.04183003306388855 0.1585504710674286 0.07709328085184097 -0.003526687854900956 -0.031205985695123672 0.06120122969150543 -0.10335320979356766 -0.08924218267202377 0.19570386409759521 0.1168641597032547 -0.16451680660247803 -0.04621703177690506 0.1640443354845047 -0.046289850026369095 0.08703303337097168 0.09818973392248154 0.04400850087404251 -0.012276846915483475 -0.05742413550615311 -0.09563671797513962 0.0876150131225586 -0.17237360775470734 -0.15257233381271362 -0.06073041632771492 -0.00800661463290453 0.10881729423999786 0.007761996239423752 -0.10168808698654175 0.07366164028644562 -0.05200424790382385
-0.12242594361305237 -0.01625727117061615 0.06570106744766235 0.10586227476596832 0.004757533315569162 -0.05534471943974495 0.09900500625371933 0.014913362450897694 0.05896748974919319 -0.05446220189332962 -0.05300040915608406 -0.018697800114750862 -0.0933966264128685 0.08223152905702591 0.0174727700650692 0.08401039242744446 0.07778266072273254 -0.018761323764920235 0.04363556206226349 0.09687702357769012 -0.08763575553894043 -0.04144172742962837 -0.17527183890342712 0.044591814279556274 -0.014141113497316837 0.12140356749296188 -0.04817884787917137 -0.08185797929763794 0.1552380919456482 -0.11840693652629852 0.053967952728271484 -0.11624767631292343 0.014489210210740566 -0.14250017702579498 0.04916216805577278 0.05607885494828224 -0.06166382506489754 0.07165411859750748 -0.12295396625995636 -0.19562190771102905 -0.14221078157424927 -0.027984628453850746 -0.06347592920064926 -0.11893337965011597 -0.019228287041187286 0.054090287536382675 -0.0772017166018486 -0.015670789405703545 -0.023373786360025406 0.11214195191860199 0.10950370132923126 0.03877744451165199 -0.15969693660736084 -0.11976315826177597 0.15266920626163483 -0.07214739918708801 0.11451195925474167 -0.0973137840628624 0.10117290914058685 0.11640214174985886 0.10285713523626328 -0.014919842593371868 -0.006677179131656885 0.03182040527462959 -0.1151137724518776 0.1192137822508812 0.08595771342515945 0.054833874106407166 0.12434311211109161 0.15663066506385803 0.07289256900548935 0.004186304286122322 0.11787302047014236 0.0518551841378212 -0.15393143892288208 0.11040148884057999 0.053279485553503036 -0.08253516256809235 -0.04600030928850174 0.236917182803154 -0.016310593113303185 -0.18198131024837494 0.10732011497020721 -0.10912146419286728 -0.06456425040960312 0.0406237468123436 -0.04347984120249748 -0.10216513276100159 -0.04252840206027031 0.1056065559387207 0.13931530714035034 -0.1335546374320984 -0.004391372669488192 0.009357127360999584 0.1204143613576889 -0.2297615259885788 0.2195006161928177 -0.09434894472360611 -0.15882594883441925 -0.1290736347436905
0.0644037202000618 -0.10581443458795547 0.03954392671585083 -0.09526008367538452 -0.00943314004689455 0.011015879921615124 -0.05402392894029617 0.03063458949327469 0.14248082041740417 0.0730767548084259 -0.03638627752661705 0.03256863355636597 -0.12101489305496216 0.13410380482673645 -0.1024022176861763 0.024350382387638092 -0.15331222116947174 0.20933206379413605 -0.08111877739429474 -0.10480732470750809 -0.007180363405495882 -0.1962277889251709 0.11406856775283813 -0.020994720980525017 -0.03102448582649231 0.027143362909555435 0.1836950182914734 -0.12016144394874573 0.1711452156305313 -0.0830179750919342 0.011836692690849304 0.025909241288900375 0.01061820425093174 0.16368155181407928 -0.029958434402942657 -0.026408666744828224 0.041719626635313034 -0.2689964473247528 0.01108470931649208 -0.027470380067825317 0.07188527286052704 -0.03498337045311928 -0.09655466675758362 -0.010328915901482105 -0.07941848039627075 0.15674886107444763 -0.09897082298994064 -0.0775097981095314 0.013961844146251678 -0.05370210483670235 -0.12654578685760498 0.17030084133148193 0.12737827003002167 0.019323568791151047 0.01230965182185173 -0.07799322158098221 0.05961186811327934 -0.09682366251945496 0.06554149091243744 0.13577552139759064 0.13237152993679047 -0.041535116732120514 0.04991275072097778 -0.13315321505069733 -0.0067726681008934975 0.0718701109290123 0.007761107292026281 -0.017390528693795204 0.0818522572517395 -0.0269076619297266 -0.1368144005537033 -0.24468395113945007 -0.002207365119829774 0.05722801759839058 0.060038987547159195 -0.027460739016532898 0.14262443780899048 0.06504059582948685 0.292278528213501 0.08059683442115784 0.020403040573000908 -0.09730267524719238 -0.06345376372337341 0.08172383904457092 -0.020915275439620018 0.05683242157101631 0.15164804458618164 -0.05317651480436325 -0.11308446526527405 -0.02567868120968342 0.1567198634147644 0.03706881031394005 0.06409356743097305 -0.08294175565242767 -0.0739326924085617 0.00564276147633791 -0.11430556327104568 -0.0369897335767746 -0.13145712018013 0.09499870985746384
0.027382798492908478 -0.09482444077730179 -0.0010750875808298588 0.05028149485588074 0.13263417780399323 0.02229294180870056 -0.13458110392093658 0.018748244270682335 0.07276894152164459 0.002211727201938629 0.05916765332221985 0.047989364713430405 0.24040332436561584 0.09485125541687012 0.02832692675292492 0.16704703867435455 0.03754410892724991 0.09820825606584549 -0.12433341890573502 -0.04441596195101738 -0.18987129628658295 0.04929181933403015 0.028740286827087402 -0.03035043738782406 0.02898220345377922 -0.0307187307626009 0.058069050312042236 0.1655053049325943 0.060620225965976715 0.001965565839782357 0.012239580042660236 -0.21900425851345062 0.12893548607826233 0.033424608409404755 0.03645996004343033 0.0446738600730896 0.21300770342350006 -0.018793009221553802 -0.16803108155727386 -0.010147728025913239 0.05047408863902092 -0.07858582586050034 0.10816402733325958 -0.03291315212845802 0.12172278016805649 0.010432576760649681 -0.11290870606899261 -0.11869292706251144 -0.19588616490364075 -0.02929835207760334 0.035598717629909515 -0.07633808255195618 0.16223232448101044 -0.006983657367527485 -0.011956721544265747 -0.20142343640327454 0.0016702287830412388 -0.08781790733337402 -0.09732814878225327 0.011585141532123089 -0.02162795327603817 -0.19418954849243164 0.0812075287103653 0.031335968524217606 -0.11088807135820389 -0.12091806530952454 -0.04212489724159241 0.11726894974708557 -0.17132949829101562 0.03536607697606087 0.1423657238483429 -0.049956873059272766 -0.12710808217525482 -0.0037532353308051825 -0.08070439100265503 0.14078089594841003 -0.03211398422718048 0.018947400152683258 -0.18856078386306763 -0.015133352018892765 0.12284839153289795 -0.022601578384637833 0.06966105848550797 -0.15783601999282837 -0.14863070845603943 0.1155010461807251 0.12658865749835968 0.032413460314273834 -0.06354790925979614 0.0817490890622139 -0.0463729202747345 0.0023802402429282665 -0.11080487817525864 -0.017620885744690895 -0.11402028799057007 0.0289018377661705 -0.052291374653577805 -0.12296225130558014 0.11497555673122406 0.11359237134456635
-0.007796528283506632 0.15455961227416992 0.09631514549255371 0.056406326591968536 0.08242323994636536 -0.11330178380012512 0.030341677367687225 -0.10986548662185669 -0.09305759519338608 -0.08124354481697083 0.09601788222789764 -0.053851112723350525 0.08695893734693527 0.0070788743905723095 -0.012178122065961361 0.07842673361301422 0.20306074619293213 0.037699393928050995 -0.05123366042971611 0.040210895240306854 -0.009597805328667164 0.02322988212108612 -0.1036042645573616 -0.12825007736682892 0.035856179893016815 0.020798688754439354 0.009368512779474258 -0.004732371307909489 -0.10925653576850891 -0.20037797093391418 0.0476081445813179 -0.06797139346599579 -0.001634672051295638 -0.15398266911506653 -0.18970440328121185 -0.22775761783123016 0.22316448390483856 0.08175498247146606 0.06990420073270798 -0.0893576517701149 -0.13007928431034088 -0.10514474660158157 0.004700338467955589 -0.03628026694059372 -0.02275116555392742 0.12651926279067993 -0.030146492645144463 0.15974362194538116 0.18348045647144318 0.11825982481241226 0.09455342590808868 0.10129906237125397 0.2379135638475418 0.0950697660446167 0.029108911752700806 0.028257468715310097 -0.11885479837656021 0.03232371434569359 -0.09470628201961517 0.005965513177216053 -0.09626410156488419 -0.10775458812713623 0.135630801320076 0.0891290158033371 -0.06553658843040466 -0.06857634335756302 -0.08489532023668289 0.02449650503695011 0.11831279844045639 -0.10832720249891281 0.015102812089025974 -0.07074765115976334 -0.10883790254592896 -0.041070953011512756 0.06477052718400955 -0.0555635467171669 0.17564262449741364 -0.06899913400411606 0.03257794305682182 0.04090120270848274 -0.07169762998819351 -0.055420469492673874 -0.14398522675037384 -0.0443636029958725 0.0029792473651468754 0.08764784783124924 -0.03525010123848915 -0.10971473902463913 0.0818520039319992 -0.04965925216674805 0.029365194961428642 0.11507554352283478 0.25379133224487305 -0.03273497894406319 0.06482823938131332 0.11436755210161209 -0.0014221263118088245 0.10438329726457596 -0.12295083701610565 0.06760835647583008
-0.1320352703332901 0.16844365000724792 -0.1626843512058258 0.07129742205142975 0.06546342372894287 -0.03974875807762146 0.10730069130659103 -0.022990021854639053 -0.061972782015800476 0.14865446090698242 -0.06757950782775879 0.16177643835544586 0.1496879607439041 -0.0666639655828476 -0.2206648588180542 0.08199530094861984 0.02113051526248455 0.0663241297006607 0.04817359149456024 0.14575710892677307 -0.0928538590669632 0.10380738228559494 -0.11199388653039932 0.05169624462723732 0.0022651401814073324 0.16475553810596466 0.13724049925804138 -0.07969524711370468 -0.10155336558818817 0.20474524796009064 -0.12340988218784332 0.07192519307136536 -0.1464546173810959 0.0663905143737793 0.15169815719127655 0.037204209715127945 0.036833252757787704 -0.08678651601076126 0.19200415909290314 0.017000356689095497 0.014970322139561176 -0.13301736116409302 -0.14834319055080414 0.020051762461662292 -0.04850167781114578 0.03740570694208145 0.0522892102599144 0.2818465828895569 -0.0533452033996582 0.04309835284948349 -0.08758533746004105 0.09223540127277374 -0.16139164566993713 -0.06492166221141815 -0.05662326142191887 -0.014090350829064846 0.10745005309581757 0.04851238429546356 -0.022336263209581375 -0.032236065715551376 0.06232842803001404 -0.1434953212738037 0.10556884855031967 -0.11374873667955399 0.055932894349098206 -0.08198318630456924 0.056668151170015335 0.07525871694087982 0.006287917494773865 -0.08710671961307526 0.004499081522226334 -0.03430333733558655 -0.033889345824718475 0.04297285154461861 0.11758283525705338 -0.059041984379291534 -0.03295576944947243 0.023862095549702644 -0.040013622492551804 0.08261700719594955 0.08809278905391693 -0.016653528437018394 0.1051415354013443 -0.10600641369819641 -0.08363425731658936 0.045593395829200745 -0.054111648350954056 -0.12140355259180069 -0.13852865993976593 0.13847726583480835 -0.07733652740716934 0.19631549715995789 -0.07244591414928436 -0.020338842645287514 -0.14405721426010132 -0.04043189063668251 0.0613725520670414 0.06251602619886398 -0.030369874089956284 0.046519458293914795
-0.030538348481059074 0.03819054365158081 0.04246697947382927 0.1048271432518959 0.3145172894001007 0.10407377779483795 -0.07532352209091187 -0.03795185312628746 -0.16984713077545166 -0.17450197041034698 -0.02515956200659275 -0.18547961115837097 -0.14812353253364563 -0.06639046967029572 -0.04098604619503021 0.03692978248000145 0.010225076228380203 0.0013293795054778457 0.059500180184841156 -0.0914720967411995 0.17284579575061798 -0.008458015508949757 0.05081147700548172 0.07334697991609573 0.07720338553190231 -0.08621082454919815 -0.021890083327889442 0.12781508266925812 -0.08201390504837036 0.14156270027160645 -0.06193874031305313 -0.07348240911960602 0.0009646164253354073 0.00296215177513659 0.03262431174516678 0.108213871717453 0.03652157634496689 -0.08019820600748062 0.020125916227698326 -0.1397731453180313 0.03378897160291672 -0.2996695339679718 0.017383167520165443 -0.07733044773340225 0.04903526231646538 -0.22871142625808716 -0.04514746367931366 0.10545440018177032 0.10141818970441818 -0.06257278472185135 0.0853133276104927 -0.08074666559696198 0.05340307578444481 0.04862465709447861 0.05132783204317093 0.050126444548368454 -0.0608837828040123 0.0846651941537857 0.003666501957923174 -0.04636722803115845 0.21946203708648682 0.07335550338029861 -0.03098844736814499 -0.049174755811691284 0.08369022607803345 -0.10012196004390717 -0.024543654173612595 0.08502191305160522 -0.13730327785015106 0.006323423236608505 -0.012546529062092304 -0.04288710281252861 0.059009235352277756 0.014899934642016888 -0.045599739998579025 -0.10958848893642426 -0.02469031885266304 -0.0174206905066967 0.16155675053596497 0.052491530776023865 -0.015251407399773598 -0.11229623854160309 0.014406006783246994 0.027858147397637367 -0.17754073441028595 -0.04060761258006096 0.08673229813575745 0.2309253215789795 -0.1002349928021431 0.08318180590867996 0.013965870253741741 -0.018268337473273277 -0.04337097331881523 -0.18394504487514496 0.12147875130176544 0.0016219228273257613 -0.007742679677903652 -0.03453643247485161 -0.2083921730518341 -0.019208330661058426
-0.05783865973353386 0.043376147747039795 -0.08566099405288696 -0.1066899448633194 -0.01863030344247818 -0.033322472125291824 -0.021320438012480736 -0.0837998315691948 -0.18023456633090973 -0.12071062624454498 0.030526751652359962 0.10487009584903717 -0.23147092759609222 -0.1439151167869568 -0.07166455686092377 -0.09591401368379593 -0.10328074544668198 0.05140209570527077 -0.11887796968221664 0.06200522929430008 -0.15084925293922424 -0.20749139785766602 -0.23846687376499176 0.025458987802267075 -0.029230890795588493 0.05189324915409088 0.0060079931281507015 0.04893733188509941 -0.21855027973651886 -0.11399555206298828 -0.13095131516456604 0.040514539927244186 0.09951482713222504 0.05710409954190254 0.040125761181116104 -0.008542821742594242 0.03419748321175575 0.012481996789574623 -0.10511599481105804 -0.014024359174072742 -0.0790659561753273 0.0982779711484909 0.12332138419151306 -0.004536550026386976 -0.014595330692827702 0.028449706733226776 -0.08504582196474075 -0.09698518365621567 0.06509444117546082 0.04795071482658386 -0.08217117190361023 -0.08867020905017853 -0.016459234058856964 -0.07679402083158493 0.14956879615783691 0.1289961040019989 -0.13297049701213837 -0.057026274502277374 -0.035963188856840134 -0.15914587676525116 0.01015173178166151 0.013164255768060684 0.09746772795915604 -0.05488185957074165 -0.15145409107208252 -0.10256511718034744 -0.05268610268831253 -0.0035621619317680597 -0.1666608601808548 0.015908237546682358 -0.1402912139892578 0.0740724727511406 -0.18372566998004913 -0.071114681661129 0.21111539006233215 -0.004078746307641268 0.009047950617969036 0.04676732420921326 0.04812207818031311 0.057704851031303406 0.012199540622532368 0.06605008244514465 0.16787835955619812 0.08810801059007645 -0.023841500282287598 0.08250546455383301 -0.04843590781092644 -0.10977372527122498 -0.2133195698261261 -0.05367738753557205 0.10085831582546234 -0.1854662448167801 -0.06695202738046646 -0.03267379105091095 0.061369389295578 -0.055361971259117126 0.03537460416555405 -0.09471935033798218 0.0832594633102417 0.10488574951887131
0.15361836552619934 -0.16670072078704834 0.09711951017379761 0.006786676589399576 -0.12506568431854248 -0.12320637702941895 -0.1684916615486145 -0.09500115364789963 -0.040595948696136475 -0.015686670318245888 -0.06960892677307129 0.003331210929900408 -0.09745054692029953 0.002163165481761098 -0.048225440084934235 -0.026818126440048218 0.07404933124780655 0.006224130280315876 0.21487697958946228 0.05607650429010391 -0.1429295390844345 0.018495190888643265 0.016695663332939148 -0.2789161503314972 0.08505085855722427 -0.047286804765462875 0.06764692813158035 0.05083394795656204 -0.1240861564874649 -0.042126644402742386 -0.23949167132377625 0.14390163123607635 0.12906697392463684 -0.020144080743193626 -0.021314255893230438 0.0592363066971302 -0.1845434159040451 -0.09135560691356659 -0.014483071863651276 0.1693957895040512 -0.05508482828736305 0.01876033842563629 0.00796981155872345 -0.10655220597982407 -0.12748000025749207 -0.12461242079734802 -0.07889458537101746 0.09161017835140228 -0.07142465561628342 0.055226121097803116 -0.07679664343595505 0.04100530222058296 0.038520488888025284 0.12521754205226898 0.18786019086837769 -0.0003724094422068447 -0.1413411796092987 -0.04042019322514534 0.1284034252166748 -0.042330771684646606 -0.06853137165307999 -0.1011689230799675 0.057010941207408905 -0.09043547511100769 0.14358985424041748 0.09476425498723984 -0.06349270045757294 0.033793848007917404 -0.024515725672245026 -0.04825639724731445 0.19039426743984222 0.0625702515244484 0.009159478358924389 0.0720815658569336 -0.05417409539222717 0.18486055731773376 0.1393551230430603 -0.10285687446594238 -0.04825587943196297 -0.007826642133295536 -0.0834009125828743 -0.08190102130174637 -0.013985623605549335 0.04161924868822098 -0.17636919021606445 0.058845050632953644 -0.039528172463178635 0.09882356971502304 0.04539358615875244 0.007902335375547409 0.021707525476813316 0.10743468999862671 -0.060513000935316086 -0.01967266947031021 -0.16199971735477448 -0.11921699345111847 -0.022174330428242683 0.11570386588573456 -0.031329672783613205 -0.10221654921770096
-0.044144876301288605 -0.10214673727750778 -0.10701903700828552 -0.015193701721727848 -0.08384748548269272 0.07412020862102509 0.016445381566882133 0.16773171722888947 -0.027712251991033554 -0.06524533778429031 -0.10292524844408035 -0.0208049975335598 -0.06604832410812378 -0.12182161957025528 -0.04758739843964577 0.08763998001813889 0.05960458889603615 -0.10020094364881516 0.05111439526081085 0.1931876689195633 -0.0843568667769432 0.01082883682101965 0.12995243072509766 0.1800127774477005 0.004549248144030571 -0.11836149543523788 -0.04522251337766647 -0.12530407309532166 -0.04773234203457832 0.016075151041150093 0.12854067981243134 0.014653868041932583 -0.17617452144622803 0.0007690110942348838 -0.05005530267953873 -0.11958929896354675 -0.13617956638336182 -0.08094673603773117 -0.1264680027961731 0.019813891500234604 -0.05682775378227234 0.08061018586158752 0.03288501501083374 0.03554527461528778 -0.06115204095840454 0.1345077008008957 -0.1746084839105606 0.031654056161642075 0.007183223031461239 0.0713152140378952 0.04680256173014641 -0.20726345479488373 0.16642338037490845 0.0020412418525666 -0.08022572100162506 -0.017277251929044724 -0.07006143778562546 -0.057328961789608 -0.016147485002875328 -0.02935376763343811 0.01427579578012228 -0.011434664949774742 0.012064355425536633 0.019123932346701622 0.08836885541677475 0.08555879443883896 -0.08071128278970718 -0.08041785657405853 -0.009443666785955429 0.016654981300234795 -0.005731046665459871 0.07480423897504807 0.15507805347442627 0.00122309778816998 0.01585504785180092 -0.27677100896835327 0.15688273310661316 0.0013517960906028748 -0.08353199809789658 0.038113050162792206 0.0120204733684659 -0.04949939250946045 -0.008642800152301788 -0.06124664843082428 -0.20056955516338348 0.06558933854103088 -0.04768659919500351 0.045759692788124084 0.1500009149312973 -0.03739152103662491 0.016359375789761543 0.16166307032108307 -0.11762271076440811 -0.059783753007650375 -0.06220203638076782 -0.014558891765773296 0.09516194462776184 -0.23428447544574738 -0.02600722946226597 0.3454097509384155
-0.08679728209972382 -0.008288930170238018 0.028299694880843163 0.019593242555856705 -0.042545247822999954 0.042586445808410645 0.0007053388399071991 -0.07250005751848221 0.09095615148544312 0.13362015783786774 -0.26452815532684326 -0.04101595655083656 -0.03398667275905609 0.026299510151147842 -0.10255417972803116 0.058243148028850555 -0.18001674115657806 -0.08718477189540863 -0.06204789876937866 0.06978363543748856 0.05381618067622185 -0.21044105291366577 0.04250510036945343 -0.07773284614086151 0.04581286758184433 0.07585572451353073 0.14944717288017273 0.090172678232193 0.04554394632577896 -0.13785052299499512 0.061784833669662476 -0.07888463884592056 0.12916235625743866 -0.08319581300020218 0.02133125625550747 -0.016863219439983368 0.0584002286195755 -0.0023841443471610546 0.02376292645931244 -0.0024508018977940083 -0.1942705363035202 -0.04900166392326355 0.07989700883626938 0.19120413064956665 -0.19407153129577637 0.015164138749241829 0.04799267277121544 0.04454605281352997 -0.08988124132156372 0.1791854202747345 0.06150135025382042 0.004665231332182884 0.029661042615771294 -0.001445879228413105 0.01671801134943962 0.02495156228542328 -0.05375317484140396 0.1575031280517578 0.10899550467729568 -0.1075422391295433 -0.02452510967850685 0.16404660046100616 -0.0818554013967514 0.15367761254310608 -0.13965727388858795 -0.11475909501314163 -0.027071867138147354 -0.012730328366160393 0.1559162437915802 -0.042008690536022186 0.207743838429451 -0.049989160150289536 -0.007541538681834936 0.07061725854873657 0.09722873568534851 0.044336289167404175 -0.16824887692928314 -0.06452076137065887 -0.005636699963361025 0.04393848776817322 0.059291623532772064 0.17106515169143677 -0.09237171709537506 0.07064362615346909 0.08183763921260834 -0.03530798852443695 0.03776935487985611 0.15220843255519867 -0.025819242000579834 0.038548778742551804 -0.1757827252149582 0.049391135573387146 -0.23211149871349335 -0.08551603555679321 -0.06888636201620102 0.06091470643877983 0.05676588416099548 -0.07262860983610153 -0.1758558452129364 0.08752469718456268
0.020080802962183952 -0.017757011577486992 -0.023388182744383812 -0.008834208361804485 -0.014800027012825012 0.005719601176679134 0.0058856625109910965 0.05289028212428093 -0.024406641721725464 -0.012431018054485321 -0.02083023265004158 0.0481451191008091 0.11827593296766281 0.054944418370723724 0.03861534595489502 0.08260634541511536 -0.1148761510848999 -0.2565276324748993 0.05645507574081421 0.06932059675455093 0.125766783952713 -0.20517250895500183 0.249029740691185 0.04015560820698738 0.031897690147161484 0.10322859138250351 -0.12816309928894043 0.09231851994991302 0.03321120887994766 0.15579482913017273 0.1299576312303543 0.06504730880260468 0.07009327411651611 -0.11362870782613754 0.04604858532547951 0.005907873623073101 -0.056154388934373856 -0.03956495597958565 0.06735682487487793 -0.045314788818359375 0.012445054948329926 0.07146897912025452 0.1426829844713211 0.23316486179828644 0.1300254613161087 -0.04942239448428154 -0.05275115370750427 0.09427262842655182 0.014003503136336803 0.0170498788356781 -0.10808153450489044 -0.05827135220170021 0.00797352660447359 0.006729672662913799 0.07648606598377228 -0.055008843541145325 0.16073502600193024 -0.10983608663082123 0.031152088195085526 -0.048211704939603806 -0.025630353018641472 -0.057629864662885666 0.1292727291584015 -0.11650381237268448 -0.05005554109811783 -0.0020578638650476933 -0.08020395785570145 -0.08493714779615402 -0.01254732720553875 0.09761885553598404 0.1336815506219864 -0.07854665815830231 -0.045336440205574036 -0.08187231421470642 0.14981083571910858 -0.08631449937820435 0.12310696393251419 -0.13427428901195526 -0.032389890402555466 -0.08154486119747162 -0.11254966259002686 0.1610187590122223 -0.03357553109526634 -0.06955479085445404 -0.1603385955095291 0.20469845831394196 0.057420287281274796 -0.10108549147844315 -0.12507939338684082 0.0597565732896328 0.09021246433258057 -0.15545165538787842 0.2036292403936386 -0.13344314694404602 -0.004016585648059845 -0.01737203449010849 0.07913897931575775 0.19753123819828033 -0.03267916291952133 -0.14222903549671173
-0.052272163331508636 -0.06035437807440758 -0.022099429741501808 0.07683258503675461 0.08806978166103363 0.21156801283359528 0.003244029590860009 0.06275539845228195 0.068028025329113 0.12971694767475128 -0.08426327258348465 0.08473414182662964 -0.0025490280240774155 -0.18578220903873444 -0.014092447236180305 0.1039651483297348 0.09902521222829819 -0.1365833878517151 -0.018855126574635506 -0.09130488336086273 0.05351503938436508 0.04393843561410904 -0.19700276851654053 -0.029187725856900215 0.10379916429519653 -0.07192719727754593 -0.01722707226872444 0.10100487619638443 0.14127247035503387 -0.18451650440692902 -0.05056103691458702 -0.24748340249061584 -0.05352712795138359 -0.0680467039346695 -0.040321700274944305 -0.022785479202866554 -0.02242477796971798 -0.13826793432235718 0.1302206665277481 0.04736106097698212 0.03194808214902878 0.11958290636539459 -0.0424172580242157 0.12241463363170624 -0.10066764801740646 -0.07443156838417053 -0.06242376193404198 -0.0712471678853035 -0.08202730864286423 -0.060447704046964645 -0.00310945394448936 0.14589786529541016 0.052207086235284805 0.08548962324857712 0.0035473492462188005 0.1606818586587906 0.06325364112854004 0.08463361859321594 0.24260160326957703 -0.1271570771932602 -0.03594941273331642 0.05919455364346504 0.12970441579818726 -0.08863545209169388 0.14609016478061676 -0.07505464553833008 -0.03233060985803604 0.15285900235176086 -0.15654125809669495 0.11582969129085541 -0.12093968689441681 -0.08195813745260239 0.009785483591258526 0.1608017534017563 -0.05026741325855255 -0.0755988284945488 0.03298909217119217 -0.01104863453656435 -0.10350273549556732 0.09416574984788895 -0.030633991584181786 -0.007935856468975544 -0.00631070276722312 0.17515631020069122 0.027755683287978172 0.12079773098230362 0.031008433550596237 -0.040102556347846985 0.02605171501636505 0.021178027614951134 0.058441005647182465 0.04174111783504486 0.1463361531496048 0.05496516078710556 0.06860756129026413 0.032785896211862564 0.16106733679771423 0.022865070030093193 0.23864565789699554 -0.0027084609027951956
-0.14953750371932983 -0.053442664444446564 -0.08765415102243423 0.08164629340171814 -0.15336742997169495 -0.050035953521728516 -0.1682211309671402 -0.07381954789161682 0.05720137432217598 -0.060295045375823975 0.08743475377559662 0.04895208030939102 -0.14650574326515198 -0.03591800853610039 -0.08318489044904709 -0.011094392277300358 0.02549811080098152 -0.03197271749377251 -0.06418352574110031 0.05967896804213524 0.0804920494556427 0.02136284112930298 0.022562429308891296 0.06405755132436752 0.06987912952899933 0.043620653450489044 0.018270285800099373 0.004470103420317173 0.0369744673371315 0.0172260794788599 -0.11797136068344116 0.043929487466812134 -0.04599107429385185 0.14746464788913727 -0.04018339142203331 0.008412452414631844 -0.015006963163614273 -0.24004465341567993 0.0881686806678772 -0.15776926279067993 -0.13474279642105103 0.2361755669116974 0.10023972392082214 -0.012349441647529602 0.09498034417629242 0.01378378365188837 0.19425296783447266 -0.2134963721036911 -0.034430209547281265 0.012305963784456253 0.17559607326984406 -0.09047624468803406 -0.003054278902709484 0.10087703168392181 0.031506069004535675 -0.0765995979309082 -0.06566829234361649 0.017083337530493736 -0.1786026805639267 0.029067378491163254 0.0379708893597126 -0.10476598143577576 0.15977570414543152 0.004296247381716967 0.14057958126068115 -0.07932287454605103 0.12553086876869202 0.021539432927966118 0.04617658257484436 0.06432655453681946 0.17537645995616913 0.07209205627441406 0.0622200183570385 0.08696616441011429 0.07547250390052795 0.06297200173139572 0.0686909407377243 -0.05617121607065201 0.07973652333021164 0.06784181296825409 0.16177330911159515 -0.08315028250217438 -0.1040194183588028 -0.14498533308506012 0.04988225921988487 -0.20684437453746796 0.013343489728868008 0.05652518570423126 -0.08174017071723938 0.09318802505731583 -0.0440615713596344 -0.013537691906094551 0.10396749526262283 -0.005209153518080711 0.0691741555929184 0.25592371821403503 0.17197750508785248 0.12125037610530853 0.045151419937610626 -0.00113479676656425
0.05563027784228325 0.06449297070503235 0.012733063660562038 -0.07196339964866638 -0.15867194533348083 0.10734393447637558 0.10051778703927994 0.040769729763269424 0.15047962963581085 -0.057295165956020355 0.11841994524002075 -0.02703976258635521 0.1365910917520523 -0.16858823597431183 0.027392376214265823 -0.02129315584897995 -0.11665243655443192 0.1353110671043396 -0.006383104715496302 0.004810624290257692 0.14279364049434662 0.11000211536884308 -0.023113345727324486 0.020064206793904305 -0.013608611188828945 -0.08238650858402252 0.13691791892051697 0.24225006997585297 -0.035156164318323135 -0.054441794753074646 -0.14920006692409515 0.08299177885055542 0.016699908301234245 -0.09361694008111954 -0.054039593786001205 -0.13260453939437866 -0.14278142154216766 -0.055059295147657394 0.03605682775378227 -0.11397241055965424 0.017329305410385132 0.00672287680208683 -0.048879288136959076 0.03845879063010216 0.15432801842689514 0.07797898352146149 -0.05841747671365738 0.08259446918964386 0.037932854145765305 0.038408320397138596 0.06462550908327103 0.1450459361076355 -0.07134838402271271 -0.057881854474544525 -0.011012397706508636 0.08981326222419739 0.033888187259435654 0.043447915464639664 0.11222650855779648 0.19504596292972565 -0.023647859692573547 -0.08569204807281494 -0.1551659256219864 -0.058890409767627716 -0.0890069231390953 -0.13631591200828552 -0.042654719203710556 0.06634653359651566 -0.07817623764276505 0.14195121824741364 0.06497304141521454 0.20202817022800446 -0.09701526165008545 -0.012592870742082596 0.01680833101272583 -0.06802979856729507 0.10555168241262436 -0.2562059462070465 0.00679929181933403 0.06716136634349823 0.24057146906852722 0.05298817157745361 0.01799321547150612 0.01388462632894516 0.012637042440474033 -0.10666825622320175 -0.005526129622012377 0.07848896831274033 0.11439787596464157 0.06792920082807541 0.13613179326057434 -0.14189542829990387 0.04357699677348137 -0.1272185742855072 -0.1691083312034607 -0.09055371582508087 -0.1101599857211113 -0.06789539009332657 -0.06312769651412964 0.10287981480360031
-0.009750600904226303 0.03666944429278374 -0.07375849783420563 -0.1564328968524933 -0.0048120287247002125 -0.06221139803528786 0.01448772568255663 -0.0067548626102507114 -0.08629273623228073 0.0480300635099411 -0.17091001570224762 -0.06398587673902512 -0.059168294072151184 -0.1286999136209488 0.22953234612941742 -0.011745891533792019 0.10936978459358215 0.11234167963266373 -0.18595150113105774 0.16446553170681 0.18665221333503723 -0.11045264452695847 -0.147032231092453 -0.05216684192419052 -0.03312793746590614 -0.012618646956980228 -0.020495925098657608 -0.004686220083385706 0.11567936837673187 -0.07412511110305786 -0.04911449924111366 0.05838770791888237 -0.0016898933099582791 0.008540171198546886 0.18623559176921844 -0.009532138705253601 -0.07415402680635452 0.0826772078871727 0.16262100636959076 0.03934382647275925 0.027612149715423584 -0.09321695566177368 0.07472614198923111 0.012730097398161888 0.06428544223308563 0.1309427171945572 0.04037630930542946 -0.008207892999053001 0.05244965851306915 -0.30360960960388184 0.019008062779903412 -0.13782258331775665 0.00863988883793354 -0.05809812992811203 -0.11356912553310394 -0.2083999663591385 -0.06567883491516113 -0.07634531706571579 -0.05545392632484436 -0.16477319598197937 -0.10220956802368164 -0.08011384308338165 -0.15532135963439941 -0.055030424147844315 0.08068712800741196 0.05388626083731651 -0.11993639916181564 0.13684973120689392 0.03876280039548874 0.0026564309373497963 -0.01340120192617178 -0.10346627980470657 -0.05744579806923866 0.14839190244674683 -0.0715513825416565 0.06050390005111694 0.12738823890686035 -0.04838971048593521 0.014847367070615292 -0.08933752030134201 0.1684020608663559 -0.10924513638019562 -0.04182783514261246 0.0074896733276546 0.062219321727752686 0.18112534284591675 0.04614661633968353 0.03178735449910164 0.0841510146856308 -0.02161884866654873 -0.07089938968420029 -0.07701364904642105 -0.10501204431056976 -0.06518220156431198 -0.02129145711660385 -0.06804896146059036 0.15145380795001984 0.1518588364124298 -0.10051506757736206 0.00939210969954729
0.13383488357067108 -0.07305613160133362 -0.07058161497116089 -0.009791713207960129 -0.04925939068198204 -0.025278309360146523 0.11518001556396484 -0.11717060208320618 -0.005507557652890682 0.1599830836057663 -0.09397783875465393 -0.03565283492207527 0.017017429694533348 0.0789896696805954 0.01627974957227707 -0.02580762468278408 0.12293337285518646 0.01683935895562172 -0.0744890421628952 0.06772439926862717 -0.14078103005886078 -0.07748791575431824 0.16528387367725372 -0.01934787631034851 -0.08195170015096664 -0.06017925590276718 0.0793374702334404 0.03266455978155136 -0.12471285462379456 0.04219147562980652 0.01638866402208805 0.02358619123697281 -0.038458213210105896 -0.18671414256095886 0.047473181039094925 0.11853573471307755 0.142677441239357 -0.07578347623348236 0.13427948951721191 -0.17294564843177795 0.16359569132328033 0.18301136791706085 -0.07478658854961395 0.06908732652664185 0.026013141497969627 -0.02784002013504505 -0.17791546881198883 0.04467276856303215 0.10605817288160324 -0.04690994322299957 0.06269612163305283 0.0039932746440172195 0.03097132407128811 -0.15382054448127747 -0.07575900852680206 -0.024773448705673218 -0.20332570374011993 0.035915859043598175 0.12435755878686905 0.07837039977312088 0.026348799467086792 -0.05254501849412918 0.20602665841579437 -0.08100012689828873 0.07136616855859756 -0.20269431173801422 -0.12046250700950623 -0.17691992223262787 0.15873123705387115 0.11404041945934296 -0.04043791443109512 0.11237098276615143 -0.03451421856880188 -0.011800638400018215 -0.20157191157341003 0.08390390872955322 -0.01851566694676876 0.17611314356327057 0.058650024235248566 0.004984750412404537 0.07806546241044998 -0.05037578195333481 -0.01636403426527977 0.11476955562829971 -0.0350198969244957 -0.061586201190948486 -0.1283058077096939 0.01547916978597641 0.01642918959259987 0.06776280701160431 -0.20483341813087463 -0.10855275392532349 0.015095776878297329 -0.09157156199216843 0.1735822856426239 -0.056392692029476166 0.019392333924770355 -0.0789014995098114 0.04994700103998184 -0.06591211259365082
0.18678881227970123 -0.03636637330055237 -0.2148565649986267 0.01778388023376465 -0.020950093865394592 -0.018299615010619164 -0.1636258363723755 -0.1046881154179573 -0.08558015525341034 -0.16141188144683838 0.2121920883655548 -0.10027790814638138 0.09245339035987854 0.09386856108903885 0.06463295966386795 0.11090774834156036 -0.1558849960565567 0.0858074352145195 -0.06828037649393082 0.09153451025485992 0.04453267157077789 0.05316693335771561 -0.08726317435503006 0.11173471808433533 -0.0116678886115551 -0.12667414546012878 0.05191557854413986 0.0038902221713215113 0.00727166747674346 0.06426656246185303 0.11627522110939026 -0.07978467643260956 0.1213579773902893 -0.20696277916431427 0.10751541703939438 -0.010430016554892063 0.07805351167917252 -0.1836467683315277 0.1018727570772171 -0.046380579471588135 0.0017576946411281824 0.041441138833761215 0.05014164000749588 0.02693333849310875 -0.09582587331533432 0.23082667589187622 0.1504000574350357 0.0015861578285694122 -0.05547576770186424 -0.008911111392080784 -0.03609641641378403 0.017711855471134186 0.008043644018471241 0.10661530494689941 -0.07713861763477325 0.14256110787391663 -0.0496583953499794 -0.13386206328868866 -0.05328342318534851 0.1308949589729309 -0.05627020075917244 0.22086498141288757 0.08535819500684738 -0.028436532244086266 -0.056808847934007645 0.12647880613803864 0.07983538508415222 0.17076696455478668 -0.10768253356218338 0.09488283842802048 -0.019037682563066483 0.05715862289071083 0.023365715518593788 0.05215005204081535 0.036042433232069016 -0.03990340977907181 -0.021719979122281075 0.08972779661417007 0.05355954170227051 0.07856053113937378 -0.15090800821781158 0.016256071627140045 -0.05048364773392677 0.05773281678557396 -0.005407096352428198 0.04048672690987587 -0.2055090069770813 0.016720401123166084 0.032989516854286194 0.005343519616872072 -0.09168444573879242 0.11176647245883942 -0.13964764773845673 -0.06012337654829025 -0.09454306960105896 -0.15452657639980316 0.09392347186803818 0.061888810247182846 -0.03375285118818283 -0.14792098104953766
-0.21593676507472992 0.1450774371623993 0.03343507647514343 -0.08324398845434189 0.06927313655614853 -0.016174962744116783 0.00543294008821249 -0.056183941662311554 0.06171969324350357 -0.031579334288835526 0.03620222210884094 0.11713070422410965 -0.0145272146910429 -0.06995033472776413 0.2067451924085617 -0.07536052912473679 0.07299116253852844 0.2184586375951767 0.022373324260115623 0.09111932665109634 0.07879167795181274 -0.028616327792406082 0.08564110100269318 -0.14477701485157013 -0.07688036561012268 -0.028483005240559578 -0.011102600954473019 0.02260933630168438 -0.006488279905170202 0.13091601431369781 0.1294696033000946 -0.08459814637899399 0.052514754235744476 0.1521795094013214 -0.07614027708768845 0.01400080043822527 -0.1972799152135849 -0.07745315879583359 -0.034197188913822174 0.016605012118816376 0.029770897701382637 -0.09106840938329697 -0.09682629257440567 -0.038092613220214844 -0.014135638251900673 -0.05775481462478638 0.023162366822361946 0.040576010942459106 -0.1283629983663559 0.1541803479194641 -0.09368111193180084 0.08216241747140884 0.13240209221839905 0.014382532797753811 -0.06963103264570236 -0.13195985555648804 -0.2523932456970215 -0.018116390332579613 0.15469302237033844 0.1679304987192154 -0.15632545948028564 0.02722504921257496 -0.024985309690237045 -0.006733795162290335 -0.10207472741603851 0.012269963510334492 0.1423329859972 0.014806501567363739 0.02031503990292549 -0.013864981941878796 0.005908498074859381 0.11516588181257248 0.03625309839844704 0.015929000452160835 0.07906955480575562 -0.1254270374774933 0.015083696693181992 -0.03259186074137688 0.07215498387813568 -0.07390990108251572 -0.04131508991122246 0.046637069433927536 -0.05910682678222656 0.05262091010808945 -0.03804025426506996 0.2347392588853836 -0.11653085052967072 0.06357403844594955 -0.13037291169166565 0.23952502012252808 -0.05522375926375389 -0.05517476797103882 -0.005947138648480177 0.1180599182844162 0.1520061194896698 0.12009283900260925 0.1367885172367096 -0.13742436468601227 0.11455655843019485 -0.08825702220201492
0.045888178050518036 -0.037165217101573944 0.023540150374174118 -0.08395057171583176 -0.13869737088680267 -0.01238200906664133 0.06206062436103821 0.10959363728761673 -0.07973804324865341 -0.04259724169969559 -0.1275768131017685 0.006722912658005953 -0.05448366329073906 -0.11709973216056824 0.08529022336006165 -0.012302055954933167 0.00811783317476511 -0.1250712126493454 -0.05615949258208275 0.006006891373544931 0.20317280292510986 0.039857909083366394 -0.048772722482681274 -0.1774103343486786 -0.0015808094758540392 -0.03961900621652603 0.09853372722864151 -0.03856639936566353 0.10768289864063263 0.2581728398799896 -0.10674946010112762 -0.04237808659672737 0.1120496317744255 -0.12111376225948334 0.07358600199222565 0.0030939916614443064 -0.07386576384305954 -0.05631309002637863 0.008761572651565075 -0.19593589007854462 0.14784467220306396 0.014080299995839596 -0.13734480738639832 -0.02769562602043152 -0.14346641302108765 -0.0421481616795063 -0.060519520193338394 -0.054067887365818024 -0.007702449336647987 0.09325119107961655 0.08716010302305222 0.012537981383502483 0.18979412317276 0.06700801849365234 -0.05398761108517647 0.013891412876546383 -0.0822167620062828 0.09414593130350113 -0.09237717092037201 -0.16584855318069458 -0.08613938838243484 -0.17927908897399902 0.05301965773105621 0.037427280098199844 -0.11761654168367386 -0.08354972302913666 0.0667845830321312 0.1111975759267807 0.06115948036313057 0.0863703191280365 -0.06759288907051086 -0.060636006295681 0.04858144000172615 0.004554527346044779 0.04202648997306824 -0.08582306653261185 0.007338369265198708 0.07923906296491623 -0.030730880796909332 0.10542859137058258 -0.14458510279655457 0.03588242828845978 -0.05125699192285538 -0.2975972294807434 0.007871218957006931 -0.13848012685775757 0.057883698493242264 -0.1776949167251587 -0.0885889008641243 -0.15323074162006378 0.054426729679107666 -0.047485265880823135 -0.13908761739730835 0.1232827752828598 -0.03780987486243248 -0.05662084370851517 -0.2082444131374359 -0.09687237441539764 -0.0002688879321794957 -0.12758545577526093
