-73.86921784359181 35.434007657850174 -32.18107502337348 88.02849164253857 -39.65111984363499 -99.66882706885913 -81.17290525134388 -71.94924786950565 -49.563522478235434 66.94369029531899 -83.90253926599031 79.58319779229663 75.74254901280722 51.472750048005906 -64.97489097875508 30.601622463758417 -40.85318919651382 -68.13712362734117 0.08898595954150323 -75.42678647693246 -43.62710675439365 -60.68869748470611 47.501973282501666 57.10030212104621 5.077722742552652 31.15081589968429 -63.69329868723879 81.57507914045638 -20.95752229297807 -46.27073442512859 -72.86461102590212 27.58753213749803 69.53117267170546 4.085506944597924 99.64701918751558 -95.39847830670742 -85.5172555279756 9.209386286360456 -14.23637112927365 -77.75895675425626 86.36806700634125 78.39906314598261 -63.98654045156835 9.644953699804404 9.987554543738497 4.570413689199199 -77.02920237543516 -28.82851683633578 93.63273342349163 94.19774544208738 -12.844076834761609 71.4692454964177 -6.150798250349524 21.498606044288437 -97.22853869471346 11.376224804633665 -44.237447945956234 80.20773769038479 -45.47285123569252 17.874506673217255 10.89337003864344 33.461572353719106 -29.828675364615066 48.485543186776226 -64.91744161434687 87.22748098096841 29.900627022674428 -17.238288998409715 -65.01974720189878 -41.76244723375244 -8.213331085707765 47.2486439415041 34.597717369915785 86.37409841612492 54.398564633195804 95.839178686264 -77.52148611449677 -85.19668898880808 72.77818891692758 55.439797494529444 45.596998350167496 78.4458787116219 -95.68203868149479 -20.36017617940115 -59.34444189018737 -90.9523786169506 -36.727249620867 54.51060073789665 -32.31284049530157 -15.962363763675853 -6.481519995973855 41.01089574217497 47.00596002532532 -83.18897056041587 95.06015484009083 26.132176093863762 36.22994052140612 92.2308824238516 19.872234736622474 79.85532506945151 -16.121574797388362 44.467636926991105 74.115845275911 -49.31942878973403 80.05532078529635 59.614693915981576 -12.237875376506977 -36.32661228006877 -77.00814232101013 -79.87519429931918 30.03488257995778 -92.33541699875963 13.887396689517132 1.1315116070715874 21.04038030554412 4.753993420099988 1.6203777791816094 -0.7998231606249533 -47.490811976447574 23.48608599382733 19.71178582081714 -89.46052675135368 -23.93233815342998 -53.85913648550664 -96.44566885570724 65.09047757124148 49.331707961495056 19.2816920711157 4.879540057690974 -25.947559692173414 17.092257629745973 -91.73432428479023 51.84299454123436 -17.742592588537946 8.581154762894514 -51.07389332293983 58.8980992359038 -57.68772197014216 -64.30786262531183 -48.58020928615132 37.87135612816513 73.01598985935885 -22.396149157872173 -67.62448990583907 97.09436348513142 -20.6673337584147 7.175071053058545 -42.29550510462643 -16.986874365923185 19.465873802931213 60.02754718664275 82.62322687839574 55.19279613119312 88.8006238547205 -76.54997877614838 5.455242324678707 53.11532358750014 -75.09093020664841 46.16483107711318 98.25520952490078 91.70433283399765 55.48563082647598 -55.43256571277118 27.033874459471434 -60.346959466624185 93.20714044157415 79.27356818205092 -80.13520531471134 75.95907669347307 93.08666026509331 -90.75987203661134 -37.09107315384104 -81.43215240831938 35.008733937681825 94.50106010405193 -20.809958674484534 22.549371573981674 47.28408489751615 -92.37878420737783 78.69255106445172 -62.77039275954497 40.766164027075746 51.07615186559457 -32.444606946270824 45.250539058960356 -41.871563982734926 66.44522819290927 10.69412558630438 42.38679524348083 84.32450258575352 62.23603611994565 82.61333161809245 3.5909075911082056 -90.8415542207339 -65.05005694723722 27.963096590828187 28.925205779382566 -21.062404380078647 -60.76189937424379 -72.32229068612592
-32.14149658107 -59.22406739364525 83.7403583670764 79.33953996390974 91.36626274316896 -73.62506860911331 94.19389785065121 24.55912448216378 54.841862848401206 45.122913754124795 79.05172685519665 8.206102471088968 50.868472902957166 31.656433784464355 -85.57468902493073 -92.41432290499041 -61.807220811848175 3.213347772034055 -69.50479166992318 99.9359683493876 -11.09150544847543 -2.2908217224732965 -60.16970827291821 -34.84032502442548 -48.14799275304369 -65.27941080880592 -86.18286827738886 46.70667676243065 -25.94799489433069 2.787633323323874 -62.21780703157869 -89.43649651700052 -85.97413642945149 61.41377685441847 75.59999094428352 -46.991956749231136 41.83297323989089 -71.48590710049241 78.10069475374303 -38.563228203346476 -28.15216143071308 18.694052126473707 41.76757264988771 69.80649750485591 -63.481911922560855 -18.12199759087531 -79.14811092115971 50.584492649539044 36.78208493659153 95.41634533688415 -75.99225507396315 53.92101057296625 -4.293693050498334 43.5068475319124 -16.462242028717554 -56.74200788352326 8.877941910238746 -11.860824574745038 97.76238185499099 55.50259207419492 -20.54290389721207 -75.26560511557585 -98.61142024139255 -3.334985889118954 95.94031174738703 -72.10234540018583 2.779035166900286 -9.210128712033153 1.9202146204005572 52.9892153771068 -42.085590048465505 -42.28211888955122 -37.6539905928492 -81.24101804868083 -18.02522005156611 -61.242117442310075 55.888530443767735 52.81363200242578 71.58213934307736 46.549780222438244 95.42695852790158 -4.02389285668967 -54.068948349598415 -65.93502753723135 55.42961346960686 88.56587721518386 14.891337026968543 -44.19324047016251 29.525131140158038 26.717972731972523 86.41041811588556 33.927254938246364 13.370828257873171 -75.67915473437523 -63.2316318788386 -84.05691567017483 -76.39191911397059 7.776592633683222 68.3483088980841 -61.62137871246867 -80.80802046836284 39.69419588555448 65.78775010704769 -77.94372450277865 -69.64069858668307 -87.37812864933692 48.76850136038277 51.07113664787511 41.66263645811682 14.327597625645794 -33.81599354214532 -25.087572454524178 -39.60515783109469 -97.22599534073917 43.04689666544991 70.00282482811241 -27.027145500082767 -57.874868748281116 19.835482863797267 -11.815591256524428 12.24257708985435 -40.4118200317567 71.25180940828886 59.50323631780819 -4.736245634355001 59.66840609295909 -96.89749842599025 4.078632411766364 -79.68112397487282 71.77316823554955 -65.17563652751959 -68.27755763513603 64.61861019059256 83.8118720914382 30.632422083498966 -16.83139580523236 74.85142651160203 -93.52540738909536 55.10887087162138 -95.26345311960054 -64.82288573627149 -1.427279774474627 51.514024984607204 55.872633431546575 30.745879192047425 79.7192216659839 -43.403598059942496 -22.53594710552362 8.642639418990413 -20.305457817400764 0.4597384412756753 -75.87124635088429 9.006978449949017 34.907832523946155 60.88995133346319 53.93926821333588 -39.94572592024988 53.99196761204064 -68.08980230840378 -14.323909771358217 -3.010366946288599 -50.72496218738818 -30.16876918339942 55.95306630409601 -38.85012518459969 -70.10848902323914 34.16142757489715 76.83553478165311 62.137211533909664 53.03322735032984 -66.80599581716976 -14.873204825754556 90.42807842300994 -60.148593857610976 -64.37666817424596 56.09161558576034 40.1653432983814 -6.904090753440784 94.3723377897318 0.4116505613638566 -2.452471749765664 24.816619674756993 -40.263883107210205 -2.1773340193561097 98.16798296369439 -17.167301583624962 -89.55216944138668 -32.13756373190894 38.73709851209367 50.463939550063884 17.415240930706787 5.1939806724439705 19.789206126761357 75.78612801393118 -86.29967941913428 1.3336393013007495 25.638983515329585 -69.1550812533535 -64.57554467133568 -44.80264978301902
39.97669586342306 91.18394331772714 -77.53450265536088 -86.96469409561462 67.84303625768217 74.89110752613615 -22.3237566556314 -75.110605684984 -73.25655479735438 45.321310745423176 64.83027056936385 -34.317801833274956 12.206326366934462 -43.09358037607964 -33.06317374238658 37.500337998835136 -97.89672323318848 -34.13340453737203 -6.212397341713839 47.41137370312936 -30.322441555276953 34.096953356210776 -70.1965858219985 -51.39102803236568 -30.780215398542097 12.427639694391914 34.58003577215453 55.14522022444066 89.79495039546796 36.72091673629356 -6.784729013104737 22.064456466733603 75.92496029038267 33.273464752777784 95.52177647941133 -6.491571903913567 39.83418072675559 98.09012175084385 -95.62740693791854 77.96540922513663 76.53519686234847 90.08915535969317 64.84455123397495 -77.12195228637859 -36.9136783097604 30.564118033037772 12.623666862743804 56.6151896763711 2.1691437921891747 61.9214159071274 -33.21793065959071 3.296701616760515 -7.225960351724666 73.09573214423642 2.71181507314229 3.4490642534140648 -77.20646282730759 93.77807344387102 56.71590509811142 -36.3624695927921 -29.122384328876436 -90.77867125472936 -17.735060726853064 -52.75665752850891 -90.36436106292814 -63.79842910839544 -77.15123095463167 -1.9382503639679953 -37.84735973719569 -16.308538619889816 84.41512892989809 56.27848175412464 24.992517722393856 27.896425613021393 -79.93378961216197 -73.76498360657814 9.819803872583549 -25.754497962337396 86.3794399847616 59.18401320617116 88.1678216078142 34.610873725436306 31.841637759014816 -19.140374430568713 50.9788243517859 90.89157690223229 28.865216489356015 -12.670119163341042 83.70019141395127 98.57286404532218 72.45343770852315 42.247147573415134 45.588377745121136 -9.406660912829238 85.53724144875198 -34.784688386555615 -26.188076372123078 75.42589220661563 56.08360406795023 -65.01688088406819 23.367098330212556 -55.05654965230655 -70.82590473711797 60.201553121147725 -28.969190099126422 -7.079946285322251 -56.296621266871625 85.96297661058125 -46.72687520221886 -96.4187858900373 29.884035932064563 8.812659674939695 96.53692019763827 53.602442301682146 -83.74633026591478 29.544154238327877 -91.37813662908874 45.67915179929159 -53.47917587345723 -70.34585192091423 -71.60437072418921 -34.108115994497055 14.2931569610665 4.519809668745168 39.018362724775756 56.046804037903144 -51.7243919730376 -51.540534492517786 14.85221034523579 -19.699506004861078 82.59450475583813 21.724962856757173 88.95821604397995 4.160773552567363 30.184929037460762 97.06278909429372 27.01214041501045 20.611670960815218 77.13033262555601 17.673453287371885 -4.999707272298878 67.42826012683133 -43.088079271875856 42.9496158958687 -21.44457525722467 60.86121510780481 -23.441801085712896 11.562793571688275 -58.945854237923825 -40.11662433493783 42.35745767298903 8.50274775400517 -5.4441044217567764 26.526032110220072 53.14432131642343 -51.4359792215904 -35.251097731050976 28.061731723189098 88.69561613544772 -31.149915257683674 -35.64373933861573 39.89160716726653 -22.323390284500306 -35.95542332804071 -55.0463086087591 55.8826572086362 -72.62684987134975 -52.0137763692522 -85.06133733758921 -50.49564460942324 1.558790305097972 65.74776527539413 -1.2878849071551741 -21.352886286816684 -75.51298884401858 -24.9349091516317 -50.81297071814035 14.527747265420032 -3.186324948338239 -40.92450933401892 -18.391457448373316 15.76557424271681 40.697876627580854 3.278563809923 96.23827904694122 -82.03476927351892 97.11735678199744 31.151918316612353 99.45575090519617 53.15433864879407 91.31091814671527 -70.11785602026791 -7.311998646228872 -30.872177565314814 11.014538827174675 -32.23641136460233 98.85987613373618 -84.33700557718133 59.06150060290224 -87.82785108723634
-81.90546295828986 58.4438094951623 -86.51161075428617 74.91652412839369 -53.66978768002746 -69.96008760480095 96.58456614206568 75.7375074665832 -51.06289654109788 62.49386139596882 33.628354711858776 -67.95418724295119 19.614775340077784 -98.04877304600592 -20.25773597236315 -5.632887760600468 -96.25054904176235 68.78499536476792 -62.344766088697725 98.98480618768653 64.80134461126147 -53.45481128118621 92.36628105854663 -73.71923717846364 -43.49862599601146 37.916190949048996 3.3200402224766776 -70.69406452100355 -29.36029100061876 15.114920916108758 -79.19523352252685 57.13733028664626 -66.23858622007648 -76.77199369116946 80.94876896367543 -77.68137244946377 -35.27848946378889 94.00733019408872 -38.19039567811207 19.822299483463752 68.44115119792943 29.613975469220748 -57.67780662310942 -78.5103979419979 23.7408035990736 -70.39481194685598 -88.08206694432089 53.9982722798413 81.15980787371257 -2.2022517674861604 -51.34568753250195 -94.74555505680284 52.60045480063371 79.53984807988888 -78.02757147918712 -60.20478607253072 71.90873848348332 -93.90622694161573 -44.506512491311035 -1.1892819264138126 48.22897915795818 99.96795692740122 4.969307487350207 -59.7301102967132 88.38991620938387 -79.98369282644833 86.0915496139254 39.51690732619255 92.83150522546572 -10.514886199293997 -90.19801948478909 -39.54743306598212 97.4540000993371 39.03301922577259 -17.02574156211452 86.34635837845522 20.22866419685363 -52.334057185147856 56.56173994790615 -63.39127210535669 99.33725700629361 82.55947588996668 25.81471125089223 -49.06889250217312 -58.59301139169772 0.1291646662431134 42.60018602667179 34.519938783133796 -19.41821270076676 48.59568838430906 97.21640535739326 -59.00285670988721 -21.075431440670698 -90.39932530179141 -90.65287192253678 70.60376175010958 -11.002122728922714 -55.845434676695604 66.71283310029713 -51.47781281935917 73.16638894456122 22.603779107118598 42.654050564528234 -83.69405002703681 32.89155483408916 56.54130074968725 -36.40812733174506 76.59536242011237 66.08651067213776 -93.05979553619439 10.503953422907458 42.42638356423737 -92.70737231145449 -71.8614863540092 65.16713456334523 6.164134989218212 71.50567534489716 -59.19914035766185 -70.10698933744597 -83.73722478196528 -77.25230956008801 -36.67504558812262 26.184268716562983 -56.115134680524314 11.148253696926375 -90.76141945243688 30.439701872764203 60.028374506755455 58.23090761487549 34.069836286823346 50.162549606188236 30.629609260784804 -18.96506227463766 63.79467004782711 -94.38070818736574 5.653402267723834 -29.26769045151221 -61.219191724099616 97.28781432502589 -83.06817297773233 41.996982390977536 14.55203792135606 -60.19267154828063 12.418626238183123 -19.017988707483482 -51.36778308897021 -48.409003980418696 -93.9651309924683 94.73625799986502 81.00918509939035 41.123308873496825 -86.84579710468898 -6.661452017887925 51.25032980389227 -84.70720524475601 -92.8990781503932 -48.57769283752344 5.711765071996311 -85.83709210959249 -53.691512438674295 -87.00368511998853 -17.667660483757814 -25.319077348702535 -92.99996828834529 68.34630366045855 62.99607315015291 86.88518055526052 18.644403188317483 28.30894501551643 -30.77033773239532 35.5562435606912 31.5593471543246 21.30166010349457 -65.68856422688307 58.773930404542796 84.4528662613813 -4.326347996515523 59.40756668624607 88.1511604589949 83.3489974088343 -4.872217823316632 56.68286336465181 39.57557577008345 -81.3648355222883 76.3089787982857 3.6010009748766123 -59.85025087919092 53.402054015362296 70.0399824874278 31.37626918340942 -72.96690665694562 -15.453509076391299 19.247030116576354 95.07115351690982 98.19243181325913 38.4718478726015 -19.06748402646224 -87.7267064619765 52.616195563920144 -47.32172848924958
2.7969220190539517 98.01343755615102 -15.236179281097222 73.4724886598498 68.48259428236904 15.094398392453456 59.52307530569877 -61.921396602791766 95.49091221978352 -28.019755515024983 75.17950625252459 -76.86780464471835 -26.18840662673618 45.26093168809098 -84.42973155288405 -69.0683003148189 -5.385739108392357 -28.209697887527028 -3.0519168015053992 87.66300434902726 78.76945532930148 -30.265225298931313 -10.63370099269956 49.64848743068012 -23.758734756941408 -73.57590103911413 12.957135476969611 -7.663488332573976 15.170893795289885 -11.731910410588526 7.8440511222729725 -32.235365805796306 -75.14332445797056 -7.411725040283088 -89.1443207473962 62.66296358663948 13.531344603616375 -40.697922893847306 45.43616028698247 3.573911107662525 -60.94634832947256 -32.78095148190803 -83.09106944305302 53.193893325426245 -34.718944777126424 63.79715014174428 -44.4316940558624 35.77105222909586 35.96349239481597 96.89527281097676 82.8220779292117 70.49154746924336 -59.825627512761855 -6.078728463633681 -37.45434587688558 68.75075742319066 -68.76862940447322 20.16621132642669 85.86865456059675 -10.381312531920457 26.356974335344674 5.674873947529747 -38.28216997412748 13.757471092478085 -76.20430691701029 -75.87872139827986 -63.60171385069631 48.10813527913237 -79.27121018609833 9.356331632435769 -28.38050828237148 34.61918663519552 -47.314343492727716 35.94821817807505 -88.72155934365331 40.31809202093521 68.17152605333936 -91.44366180468346 -97.35372703217196 78.70737053384886 48.96261106321663 7.935966150312623 -14.113387677218753 42.290222827734055 -92.18995417956172 18.404182099856612 65.70129388813712 58.8135937744255 -62.428163912906065 13.562731619255985 -18.847664502186717 -20.008937097489834 57.70689815664298 -54.69120551905844 95.53303526443116 84.28482159581978 -33.78039703464866 72.04294470606749 -73.80487707140836 90.53654302751028 27.511983130055626 87.8338952710858 -89.88917342305012 58.28598299408699 -28.736179728179238 3.810234538832063 83.53962533073002 -54.557995810850144 25.800511073187778 -71.8552536998504 -10.942150202051806 27.626602022993623 12.33487835626974 -69.86323007687751 22.024994029091587 53.33022157184533 95.97577676214127 35.544607082940274 0.17710606735225554 -76.56969975900495 -17.532553463745842 37.499156273817476 -53.316507628565546 42.69029883914101 62.627028472533794 43.38584134574569 65.86900498972165 -25.79800478238377 76.90885524893181 14.597047045161943 58.311163112368234 -85.28950921240799 -49.78411382087842 63.978293140069525 -40.3603226602931 -34.80732468902758 -78.21235785434146 1.536730389501372 13.120820045392463 25.888564775306804 -86.05919517122378 -54.13772883695265 -52.991730449410255 -94.14629966788625 94.9536987893469 93.82881349455997 76.74968847135241 36.818793782123976 -64.39353925062252 59.25109094970969 -66.87782465525747 -56.47226951693687 52.471950956004065 50.90783731251145 -88.14975956774404 -56.12415664003032 -50.35284006784877 29.54078577823239 -34.23093823432279 -77.21448138681507 13.587271616636997 -88.4288942543919 -31.237937552829948 -41.43918706439243 -44.926547044089226 -61.27801854222772 -15.36744435904751 58.890341829714885 -81.12246216139283 -29.639629061852418 -73.30894010438298 75.31367336093945 -31.756584821870092 55.700686444894245 -23.1515401269441 -44.92555935647069 -82.6796226028396 -93.93110699323253 -77.61690175887956 -77.62037237779775 -86.83999422707399 -34.45135923220148 68.85270321440194 28.927640228721884 12.252519411293974 32.477622041621856 -99.06482241091777 -60.822825131448276 -5.995159489496672 12.647626981280439 -16.011560037958873 -5.03983312822993 -2.679241733352029 -36.735018993919134 43.561250722272376 -84.45090008004352 -85.17587975258887 -69.30878655146317 -70.93452812393275 44.52272566370377
-7.771960305554799 -15.196743953756169 -58.645273879093466 67.92057131779848 -17.281662417821593 -82.84158805402933 11.47901545813032 -5.492956460315398 87.37636708898191 46.97009390061962 -47.75445595618506 -83.70024141834016 -1.9133864355786159 60.33732258937391 -90.79814702644336 -56.76826808586177 61.390272785245884 -57.035858030812726 -22.347617282986135 -32.28180545428441 -81.3949533287906 -38.47750556282161 -2.6943417042622855 -35.05223259685239 -65.03484436298956 1.2560172630064983 -99.17645930995364 25.158896451912227 -5.5703669164526985 -27.508946566040834 -14.714348670498836 -77.14001772907018 16.214093470799725 34.13981429404359 -47.77702439777984 -33.38335606084573 -62.013268635507934 98.35786616423289 -16.264629050251727 55.1847730275675 12.780848528407503 14.152301590762619 47.84142788883673 -11.780472605423341 70.76306018111012 50.582540231296434 -46.18357700460229 -7.949220320148797 69.86347689664484 69.44272336941302 -13.864583105440786 62.516219206874354 -23.89643045272338 -15.439446058578412 -8.535620519153596 -4.253846161980832 -32.51299409613591 62.197531148439964 79.03092024723594 29.587112841872766 -63.86243319473661 21.916805830963895 98.8830967661155 -86.09139088040769 -83.64987775648169 -81.86215004428192 34.70448638595451 -80.13221702624983 -46.80314532777163 22.734792388751274 -42.27498427641019 -26.097389186953322 71.374829316585 -93.1103634066831 63.46583949973913 26.49385772036092 -39.929590576706445 -79.44949663552072 47.02293758873367 -87.08761328450248 -36.33697436402314 -56.899689245057594 51.03308038596123 -53.469303977275274 12.26879423777278 -74.85676454187775 -75.72492004037967 29.07912173245964 42.94352865501071 55.31642853339784 -76.58756885426698 88.09100868902419 3.9465557381209777 25.272682934907834 4.609021201628451 88.85323691812184 -50.65292073263421 -37.02214048889183 -86.24405860519508 -24.151048709511684 15.69942973551828 -29.911000565987763 -26.748631554999363 92.86059101351839 -41.10373323544889 71.30098057362596 45.59657649668969 63.66776986350837 43.308161325587776 23.011883854332467 69.47250366113843 -77.81343789993386 -50.34700767656217 55.93596548636563 -37.718686853027215 -30.371841076626154 37.529140242356306 -37.606665430564654 93.19532650048168 17.034928496343312 -28.959915057762785 -67.67452243863887 -24.78328369386024 -37.38275644151538 51.44844036548261 -19.1439861830564 24.50014571462438 -23.832556058990306 -95.6206593923917 80.75497504801467 97.38818981027822 -37.4732051176148 -70.18084371042077 74.36986974981386 -95.22387559517323 54.76182163721944 1.4779718019169508 14.03506446879284 -33.74528713022049 -49.235995633746924 20.080049664104394 -1.908973377164486 53.07914137382869 -94.46928824665636 -50.02014612736359 -44.06505623673625 -51.18424092085239 50.32799924861558 22.72226162583071 -91.61195585987505 -89.83543476386868 87.82567253464194 21.985669847951655 -47.569489874771406 -54.210901589480834 -83.55900771454579 28.636830262337668 -8.369722715974845 5.882620705500429 23.443853264313347 -6.625903791904136 50.244218215041315 8.123509472493097 5.31778705730828 37.44353239223511 16.244730945428472 43.042102536407015 45.57721432916392 -39.36244147930494 73.87743974645616 -1.4465265315759552 61.09258803639875 -2.47309893413194 -11.097463934564516 5.240042681195661 94.56172758260684 17.16532031697278 -44.37061904402966 -62.82990867009906 84.15364801851044 86.27850376333345 65.64722420845698 -53.079620058421796 -12.230853027836346 43.78300411345509 -92.25012183376965 -85.76489731767738 52.20195684641752 9.787910652583307 -15.265400169736438 -54.841208176502775 38.180101921813986 -5.882945609443269 41.54357103885579 -86.03651669870634 26.200937226281738 -47.242129064508646 89.50174364580016 -23.44602305494459 -50.783848378577076
-0.982045003313516 99.46865529976574 62.23374843366096 -16.203899139871353 15.347456221084883 -47.75160306604334 85.18285473753826 51.114367078286904 -7.2051037889982865 -29.01906616872911 -70.5443231685811 -3.4579257032829815 -17.888573188227966 68.4842745511811 -6.459081194876106 -97.67057590577211 69.63844631063486 85.0753641223634 -63.359297788581074 -53.21476428258196 -9.209478936484999 6.084245518735031 10.014236084168118 -35.29569177114537 -84.25501271356694 -73.28992986974143 51.60614246384756 50.848330369683794 93.30052669443512 -63.95807127738291 60.047311266582 -77.35743961346849 53.90531002445056 74.51464324813654 -0.5626624036038947 -81.17730991630962 -64.49887595286782 18.37103418795833 52.16795240837254 18.310814636166597 -70.29070576765426 81.50736320304571 -68.27653559115456 -0.6113410459606143 45.21237803508126 -1.5289305532458286 -75.94671608956436 -21.97935108863676 -71.00393198612645 -37.88613052681313 61.23750813355221 95.6119523830908 -47.472797289822765 -71.7313953180149 38.354956573414 -75.93534414747239 -77.30253273200209 -9.541325906300898 97.5850738313504 -96.25976876969784 -99.91054125404557 90.90341334089538 -64.09481010540085 -30.837740066667195 81.5157384645548 9.429352563840098 67.80727877580927 64.0153389982492 97.13634588802239 20.004207289428592 -6.087987107718078 -23.06894573654283 14.678154624027371 -77.81056984925452 -1.7500128010426579 -10.579223430666303 70.30961127790829 -70.25622673333123 -58.62587948083999 47.53775113816047 63.78881708592343 -7.440915757859969 36.29420174064043 -16.671546421601136 -22.072925362371137 62.611003243212735 92.11926575975369 74.99468018840383 78.31431615531088 42.86455857743991 -82.1327796094265 51.15418439954027 2.2936772904147347 -71.9910769689495 73.47160255197383 -64.7745930931563 94.73026506089042 -31.9851683872904 25.85267083365919 -3.3429325364341196 55.17492655733196 -55.22672173535821 -41.18552821836672 37.49423366962742 77.34792246342337 64.71206531616161 -13.801904565914768 -36.29666236403835 -80.29319240959242 -35.03738608940354 -95.48047275833741 -83.33872581642838 -51.62029910226793 -44.17937757681805 53.4471429715654 -59.83195818791782 1.3088483195196972 -78.62640660372698 34.54036642130259 98.7444825086489 -70.49928249676955 67.71699268445715 40.846525885379265 -86.36394444757852 -87.21951392582696 9.436295718947903 -90.79925232438886 30.48948617993969 0.9777773835666181 94.96772276534219 -49.01415768220991 -54.74198539239596 39.823542936119054 79.72461940046244 5.790709658304152 -68.29310201112588 94.65115912156168 -65.02329262068618 -47.41072710185159 -39.646951259587595 -15.087883546783303 -29.858178004635576 -77.25762981319484 46.94272490220811 -51.49227810795194 89.53997145739694 37.57030151976596 -23.35747147299854 80.23643186866232 0.8343102356351864 5.0052108694493 -55.534683932065334 72.5549403686748 38.966304559279564 -24.867266632766686 18.576116270206768 12.782599905728233 -54.78029034424643 19.394061070774242 77.15903658850351 38.1695642496839 -60.210903991660025 -59.19753415227606 64.0195528489956 94.74585105345483 6.137671907777815 46.52751645136027 -5.93270657512663 44.109908554336016 23.678564797786876 74.70803377579293 -69.24924430359025 52.567749771768206 55.624651028015535 68.68957537173702 -23.84533228740328 -89.28714443181134 28.785106479084106 -20.796516929539706 -37.86952069137786 76.44017805666962 86.40565160997866 -33.98530981380064 94.2125428559186 22.28070251796869 77.28736375346065 5.267741677068159 11.323076332490274 64.71167912557269 -13.783573291808125 95.20271594063536 62.896670114046685 -80.7017484479909 -24.47840238899768 24.133749259313817 -54.920492611856986 47.083686231278676 -16.955438488872147 -66.58242178004643 -45.22232937866249
-3.2258520053565007 -37.99071960838995 -4.715197226042278 -54.33642659706466 3.700849909173499 44.368303994566844 25.620024201385675 -4.82822227093547 -50.043150437052454 20.985136204243005 30.953631934550998 -81.37634742219551 22.709180939028784 71.27834645585435 64.85908336368541 32.364516761621246 -83.13907326103951 -15.353863264266664 -84.54465989377344 -5.135626534272092 32.375523452029626 -80.63701973293092 48.12050627471663 -90.92793624386834 -69.53558529340309 40.45051252196268 74.98324868361362 -46.962939399025515 23.591398381781104 -86.7353543183363 -59.82760294499256 -27.824467624622002 -85.93491747756352 22.333601374205415 24.697141324262034 -9.440789380853488 -56.95865927070039 -19.93461784854398 55.44783223223794 53.56643995408808 45.66090380794165 -44.48831781713301 -70.48863031907027 -95.27870518988901 -36.07416486137336 38.47877340900584 -71.63553426472764 -27.587660137031847 95.61629577990897 53.64163771060316 46.36778068039342 47.816901209226955 86.4099464678581 70.6024493328654 -2.245799806859054 80.28308483107756 -34.26930320398071 -19.696233479150123 -37.45859455775191 12.127086924716892 61.33162349489214 93.8032333412232 -62.205195010704 30.8135509682416 -78.75399607357845 16.45070225244183 -38.85034062278812 -18.177936579638953 76.30695937147837 -4.2014422059660035 81.66816633709084 -74.92617155256194 -42.3945184225111 77.18252679606397 15.520641852662493 -28.81409968726409 98.31877128269562 -40.387701224684314 86.27191800626696 64.47467596403607 -93.94344757460532 11.50201277019643 30.96599075591837 -1.8709290703481827 26.317397636585625 -90.87233049353316 -7.4941773614237945 -75.24464138137998 -14.01513494899325 96.52546508406766 -44.41429575962053 -46.366988346319246 63.49089172148936 44.49415597659515 -97.82952664486521 28.720077467713196 88.75203340776449 -20.994061415663353 -56.189413772380604 -85.7205534922609 46.79186264526379 -32.03808791234388 -41.31051578227489 -31.018946157606734 76.65282241729773 -15.361946887739691 -31.77492684780185 43.06737215690319 6.017639938667855 -4.5114074269421565 4.479963859853257 52.18042518638157 54.146806961525016 -15.86922123178087 -45.55234810054494 -23.36072012988086 -30.1764666013475 17.03145818846687 -95.59475029949107 -26.802004478804363 76.62439738525595 -65.06584872465348 -22.27134278348582 79.62999194109338 43.43707299726333 -41.89424608299275 1.4762010656970546 55.34300464415969 96.99275031141462 -77.95560196463423 -41.10430781068637 -59.475192940182154 88.69553185750567 66.19657601887428 -21.010040817849543 69.2125680629658 46.204589700100996 87.60700947313273 14.62373521000579 81.49531243995804 -37.62561630809367 58.16887490305939 91.01733954936003 64.71416805246372 68.14498362271462 47.21654653640806 17.228576254342954 -29.8217960623532 1.6515696130209818 76.20376290329511 22.2015858087331 -66.84276027367977 95.67602182871718 56.39143695814545 70.98949116911123 34.15242802224023 -17.173856203157328 -38.39436374634615 -14.997970936216134 -97.392885668871 -93.29918625238149 48.894426910847756 49.75514965360176 -7.161077624446619 -44.04242708752797 69.81858816656688 77.42419951978044 1.2645782227338316 -45.974839816853155 -94.55291002862378 95.43947465588641 -4.877510961658558 88.91809603949824 -11.185713935344793 81.49424523699463 28.49454642065001 -51.85051441299349 97.60974047257511 25.334967912711974 -31.015103065570088 -43.054432308419386 -39.94169450131824 94.12786469963356 37.5603981739055 -80.14763868306854 3.0317261650412775 -90.077612482069 56.93650376233359 -97.0990587633352 25.12929899112106 -78.18191598006665 -22.208793577398552 -86.16750135963112 23.599939296710744 41.14216005002325 68.27441657622794 -71.11271172515563 41.44942410196663 -5.245735338412814 -73.20789354814784
-84.12592668525991 -58.56991720113567 85.37796922540613 43.93168983883265 -5.727384471071815 -59.72122420427435 82.40670621636912 -77.60789400189054 -64.50925546019886 64.50983154260587 -88.85003396028522 79.03084364812585 96.95775076419488 14.9753897286609 63.26507976885412 -47.128207646076234 -21.188119823877443 44.645113354189135 -41.54862806714728 -41.74549235751219 -91.06712941342288 95.56315807973454 -20.720010724859577 -15.840758076990099 76.77818681424375 -85.83119579225252 -11.667630275755101 -10.193155185809218 -1.7970989704930247 84.43075056788805 63.6494335273575 90.65930961239533 11.182710290643328 13.490592903432557 99.85846101920671 -77.88607179938629 -7.879270921675399 48.733932477490015 -3.7502736846201117 37.079146957994624 74.80838599528877 89.22990047740396 48.176757223149906 80.05592024136462 31.70503074143116 -43.45035211948194 -97.8943670121271 6.365315029642332 -78.60972685142187 -33.17589456985776 -62.22188976538368 41.224170728389026 -51.60673695135116 72.4887539722061 -17.686179158662526 -76.51056429113608 -26.51252344826105 -22.819736320633183 -83.33805949917526 -86.25909314340063 -6.228277609484238 -65.57864939579711 -4.430838395571456 32.74353755443039 -77.52144197800521 -65.1765728124382 15.633452032415747 53.25732760594707 50.72820833723043 -1.1042125754724594 -46.781779398698944 33.44088073348519 84.83442767633738 53.18967350297032 -23.8803864161345 -74.00649638693662 84.48855876945635 -37.58930326027359 47.96963782360345 91.83666160247134 -51.87221954243033 53.52648640401364 -6.673185802527229 14.626891972878383 -35.719883183724946 16.171041616046082 62.57906986412371 -66.17132901527008 32.09288692857905 29.74637245429065 -92.93863294458573 86.8872612832578 5.104538240615653 -38.57419813412475 -36.69285229836421 53.05048692029811 -70.55974333321306 -73.48125367083425 19.22890553050469 90.25702919654114 -28.934576347862787 6.306600561666784 85.04743616518022 70.46518518740436 30.967535544708625 -42.073477718178374 69.73302644372595 -0.4932619023123124 -1.8510774585815568 -15.736069435467641 61.922878221222874 70.44310708943163 -54.38478060483063 1.1110876099615723 49.869830640379234 16.174051107986088 95.2687597142693 -95.09810161326351 -90.0004731674253 -56.661775364562786 -89.06856754720805 -48.69287342877033 65.77217604028681 -3.698872090731058 -79.62780725742313 55.194516200220676 -62.780083843601744 50.154977976218134 9.484108125796496 -73.15501795522565 41.29607065724758 5.4759951010666015 -56.43611225886267 -16.98905626484344 37.62537214722897 -65.44065941972585 -14.86616542425054 35.47285094267113 10.517358146562287 -19.557896053815952 49.425622880015965 4.529905283762375 -26.456678425956042 -28.54432919502628 63.27058964570037 -49.03919981275771 51.88887692818099 -1.3379952402469826 -10.846478448764074 -5.236280109204742 71.9169856277392 39.54279141748589 -11.866016488903355 -87.5563923363693 4.2525382912755845 -90.16731909515875 -43.09120110596507 -87.4344312860326 87.21105520651577 -69.50993693269105 -80.16997801103432 -26.7488430833656 -73.19566134172253 -15.397367811744317 35.762126365263896 -61.34339086415357 36.02719175895396 69.08489972496659 -90.62862981575802 -8.02373868382567 -22.770133960024623 -52.79491817074482 83.89309526081956 -34.6644531075859 56.363628466853385 93.42649660970011 -77.57180316313337 -38.90632982807291 29.109970865928602 84.80285403476051 25.518379834978006 -25.684065323733336 2.8643734710992845 47.83766544636569 5.3169814053695745 11.053141649136805 7.151160400504935 -84.78180185870754 1.3724142672994333 69.78625157978519 -43.369932826442856 39.96193759834358 17.285908471742147 -56.40828875059481 -21.124344815443408 58.22898408234997 4.9941739051000695 -5.138676214955922 98.60437914248885 -95.45369667867025
94.99192048858006 67.66255612932895 -77.66978048388135 -84.95417164625236 -69.87719429955862 -77.92265250391021 -43.495245891726796 -50.12028402694244 78.33793996886862 41.042871555619286 46.02783215552773 -16.102624054001865 1.8382726583228077 -37.241571863747566 -79.61915064626484 -96.37654999259311 -97.88182846490896 14.338098499811778 32.78525930698501 95.62118346986148 -13.54843650804105 -52.72508127270117 54.55610201320502 -59.168667875803685 -66.98310478022213 2.8168934046776144 76.81976177483719 -87.14571362535135 -86.4245113790517 86.12018865566458 -27.459940464973315 -95.75572121272143 6.633500883742499 10.649301928806508 81.6136431819815 -85.31622718900388 -62.76745146238984 62.611987908175706 93.47387093292434 33.36349234386074 9.99056298920975 -14.947368088329014 -31.754493488994527 -77.23072630940666 -87.87824884864442 -82.57415971259047 96.73044769090978 -83.70407996295954 -39.44472899108402 -86.91721133613561 70.19361604508788 -8.541119068163013 26.13961395342845 65.79197621485008 15.200620715364408 55.20075039418356 -66.72125195672176 88.00686122665729 56.186029152946304 73.67494085312777 90.17919160068075 -63.896512273917814 -13.751677167341654 95.62647396964502 20.579342325377596 81.94348406924254 -93.41955051328776 -20.486229549587833 37.526978914129046 85.18186517996452 -47.70601340320921 -42.761442047857344 19.64964821893392 -60.6605952113257 -63.32033532031216 -11.44730090509529 18.23895526080925 60.81327265322699 -78.65185291734771 -94.98531090743441 14.88525827796947 -98.87009600557543 -10.124278861511215 47.22229069675333 -91.47682033727851 43.68808665160131 -53.970148459568 -8.190679127055645 -95.04377706428333 48.312173192747935 62.134654418591396 98.42406882841965 -21.64062206177617 -21.320413624913172 6.1183966070719435 -90.53551699352842 0.3350895995387617 -44.81976173223386 83.38303257016179 27.57368275961609 70.85088430873634 12.343527537782094 -80.03538756703206 11.048549795027014 30.3168978164818 66.82236802219373 96.90101768716787 -17.92434975693213 60.64315369558989 57.49447512604547 -51.04259513544574 -38.47185482400934 -35.803564665965084 -6.276909369206791 33.6313234664666 87.46750881858682 -98.61336979583126 86.94269724568352 -60.37624898797025 77.12374879261762 -45.55267256377944 63.15871046536853 -60.10575892395822 92.01653619250374 88.28536244509988 75.8818370288144 -1.2325879017590893 9.013666109464012 -61.19974519065761 74.63796472242544 -59.24318992731277 45.587411839369764 -42.768255345850626 -62.94545165070184 -79.70590348403535 37.90376981132752 -22.920670246651255 -20.240788601802606 -16.70775467537473 -21.01897043704301 43.937462488896415 -50.15798071154842 31.541478693471475 9.214982259004614 0.5165360650944137 95.60080720345755 -85.85625665005279 45.46069159685743 -9.917091559361495 0.09235694938278982 -66.99981602766536 13.516847033800033 36.75346777781789 -82.15501216650586 -76.57124301065906 24.472209652502897 78.44289850335986 -54.84226406942157 -21.319973269633778 -24.83815894051469 49.29263738290527 23.82239436412999 -88.89867009823729 80.35064098951375 -56.22162439843805 -27.381315904119788 -87.51419633052298 -22.145387004692154 -18.251844016767265 -99.47906593359572 47.28445621420482 11.496503655013228 -40.48213940634533 -61.018892022701785 -26.993262509508128 -44.664072580613755 21.653994121224727 96.18260628996737 67.08266097814177 -8.936253355292152 -93.69816868848089 46.5856629617397 12.875537023765872 -32.915566981482485 -69.91687503601914 -30.60084938556959 92.91513732205189 62.72506748043361 -83.61307962013358 -80.54900865576455 -97.03159652448812 -89.39494015620608 8.991963279933145 -63.67619445733532 -80.68205435221438 -4.0068927217293435 30.449450654910862 30.038788064374216 46.9507930563413 79.06421298510358
-89.14275675568038 -66.01923006564705 -52.50030563548853 79.84560273723571 11.622733444557525 -52.85869065555286 19.590081925595285 4.414224894329479 95.70853259621816 56.995511668378214 14.193482720752272 -95.59366735076902 -44.016151388554434 51.19199711109235 34.6836253718395 7.707554075439376 7.729037760822408 -35.90069468976354 -86.85780104113181 -29.865172842309363 -54.65334846192869 93.90822924943103 8.020307244517383 -44.94638564732594 -93.34339126936517 -55.929012117671164 18.010944173920535 57.190092526034874 54.03625742593911 22.38553071995773 -93.71412298814951 -45.44366957202217 21.724555390079985 -89.43617819470464 -30.580283725425943 -8.590732853871373 97.16478125687973 -22.764230571332405 39.75833120251548 0.07391063785679819 -10.69839735933094 -35.035063176516815 7.169214259386919 61.131376777538804 63.14830799654487 92.85291843054557 89.0353787112667 40.93286076243635 6.093076867116537 -43.04457348347377 -3.9525475428580705 85.96831967353899 46.89679187318393 60.53008107175236 50.44688638291652 96.34680361617797 -61.67527296901518 71.08682877354096 -23.277780808780847 24.733820927871932 -4.884896104879616 8.300575792942254 55.79309484646066 80.50067795778708 -64.56120410769259 26.939690663145782 25.818719422197617 25.780899134318844 -81.54678570817164 49.09540341313331 6.146931205582689 -71.74555689091832 36.01591899630293 -65.5200835571193 73.22245163351059 -62.819918230244795 -32.631220032279074 95.94683093333111 -98.33170818081034 62.977946323770254 98.330770235078 -97.86235946677866 45.7741345587761 45.77390500623483 -12.210874367550034 -67.53203780965373 -16.049950490805756 -92.2066529305147 -4.825474008602626 -39.14588464008632 -15.273183864256268 -88.15517275603584 -78.05301621400507 55.49830422733143 3.774013557633225 -33.186404027978895 94.79901732109602 -2.4718598827347904 -16.280706278595986 32.68371985159979 90.38301663107694 -20.360365273382456 -23.847280207132712 -44.249413312777186 52.36941085879232 -67.46302562540387 -54.48141644675963 33.40965039585706 92.04459008217341 -32.6442091985556 76.37599353806411 -84.84482295423311 -44.835392887481795 96.00131252706595 34.239071730183156 -36.85780343326515 -45.240083051467316 -56.98098268565457 99.03299738716345 -16.98902314294706 -52.09730063945277 -25.101536157131775 96.36046352114334 14.211119132016762 71.55668825726792 -95.48020218820548 43.107239392744646 37.680835841945424 65.95825855291861 7.717231180774945 -84.07424230337217 -26.769291347341806 85.16006181826859 -19.663846458447836 -72.69359589009915 -99.96558761176897 -91.49321046985592 -31.772452514681575 58.57604433941924 -60.3399480936841 -83.22640016278501 -41.30081292390717 -45.010994805034656 -31.879252066684842 -9.462506884769127 -89.95685065744654 -88.4046595543938 -49.778484976124645 24.02518449801522 35.1978139689117 -38.888037206836714 -84.39082935687567 -99.98868664684433 11.329865839536723 98.72515248675916 -56.5601062576109 97.27183734645774 -48.668230106926934 -45.4817116687243 35.7391374084946 73.98878767926692 88.88368171270483 -70.41702336345222 -33.065185956934215 91.39456155880464 95.8357984039962 61.754202026071624 -50.42964425250474 -93.40202458579382 -60.409832025597154 65.51051951185946 -93.67696662876068 -24.842541894319822 60.68640867257341 33.888141972245535 40.8719236681973 -95.62473379458669 70.70013571768686 40.77901768018225 -86.98638785637249 -19.939957271946 23.45201603202733 -15.961554010216702 -85.14643108181015 -61.71058678985371 -39.20751956025188 -61.4988934868075 67.82067488590505 50.20552830056542 12.12036604208808 -29.776172680904395 -73.64593801135459 -28.129385581182248 44.166653265862095 68.94601384705871 42.19568162900313 94.55075155505156 -78.33021492718962 4.259408287742275 86.10952502482687
83.7014547061627 -27.717668796789326 54.15385279860297 75.78636722428439 -38.2078183257089 -82.27956357588258 5.7376276749361494 86.6845706760842 -92.77082025915135 8.131601691418837 63.83818384989914 -0.2387108370821096 13.930075602526458 -44.61944151878359 -43.35608863058405 -31.39627145831811 -48.969319554617385 -55.85334300195892 72.62720317182587 40.23691312742855 34.13076378009217 -81.64566729784394 99.93946694711207 16.163210471911697 25.53066631405956 -95.36037419870314 -60.40561767160075 2.5684271141831942 77.79392767996518 36.189432365703055 52.22955555194346 80.77615802028905 -63.40495515325626 35.80087485793649 99.44647051449763 91.62219084921702 65.17413707121179 -86.78231330939647 47.14646741848625 64.0196892586988 -82.17172069206262 -84.99437230703603 41.11443937960459 -28.28657993755543 96.98161445317919 -33.687846911044275 14.002906088141188 -21.94059072664332 66.83850314489018 -3.355050314000451 3.0553576757435223 83.74441290329656 23.023236154083875 -43.684816757789235 -49.3165151801638 18.00037935832806 39.11173773574254 18.01379539525692 -65.31800191990376 -23.002464591479807 -95.38113631670417 60.166334927080186 -15.605360371669974 37.25776708649735 -64.06577246695564 71.89772414579687 33.36269100059246 -53.017289811504 -60.90342322003062 35.68973039598404 -65.4433496882368 -89.70992285642615 56.962456360128186 -91.6292733994793 88.64954368186102 79.8613482972273 79.8699055932162 -27.524056768774145 49.70803524247208 67.14367419521818 94.07706395879546 1.941187706438825 -16.06143278395939 -61.42746804131525 49.232869109202966 -74.21634977077329 97.42153981619995 -73.43379645993686 -46.12221435756598 -42.87609946162711 45.19784193813996 -27.35708591809059 -8.653471594520298 -41.02553388051058 -58.07533079127227 -46.945132409576516 -82.09180080476258 53.44867320932201 -0.37132030943848804 0.27838635715681903 -2.884479731392716 -56.64425088609111 -62.33161538756286 -54.91625029879115 -36.253230044259354 -24.25267025911853 82.32631957825353 52.65448309908257 74.45114002210599 -91.05519373099793 31.785786162943765 -94.89303453116591 64.07313508817333 -47.91808886143221 11.53124508211792 -77.85367050378875 -13.73681398205899 -73.42285706377314 -66.96945367335054 94.18040625008516 -26.818455400024902 93.76535334001369 7.9470497393980395 -8.479519794859584 12.468023805985524 -1.4887904886555106 -65.76166951051523 69.78502200325562 18.444048982261478 -70.61330557917063 -83.16171790546213 -72.18620960409618 -55.20693204665139 41.01041537730811 -53.987947767398836 19.906457632063905 -9.383749732951927 49.24134500826699 -97.23370179645872 3.441044223652881 -78.51174619801134 99.78675209165814 39.17564024887568 70.71923051575021 38.85504977351218 -29.741527570431444 54.23463842393335 -38.036608268307994 4.329753693812037 -87.33125563231823 -32.91504259113442 16.250909863873204 70.52955564291639 -13.64162309148223 62.12783268726963 74.82985496061235 95.46824078909134 -66.66716962126117 55.432375979885336 16.819240875052827 29.235843493675418 55.85755562281295 -68.22646163731474 22.14697781130097 -78.11874972035855 -27.936909534805594 -82.38861770304338 57.34731816988685 61.860864131928764 55.80406151509243 -48.727667820429076 99.44398639487602 89.99893631493154 72.03784708217097 63.08275476422372 -16.801073105897473 -8.121878890502714 -77.17694744652059 -18.041561772869883 44.13602937577622 40.49850567059329 -33.32305608405508 -32.98166738285701 -42.163795234773914 91.85866717584298 -21.72533652335305 16.564111006270664 21.120647081775573 -56.582032823904946 -67.90936930936518 -13.011079798383491 -14.824993259987679 13.907803829904196 -70.18321381229725 -30.660267762093525 51.263245530025756 64.16649022932575 -19.866874805007953 -69.28236909987706 -22.772905543004526
-81.58169924066402 -24.11525565235877 -30.1258342560579 -79.59591915576125 5.316092664119083 -92.34794132714559 59.390144750795514 -61.65138434695041 -97.65748025217592 -96.7332231229442 -64.69558072918555 -55.505921287655944 33.361469969470704 44.78777572381853 -93.95998071337645 -81.91100239798617 -98.80676311678454 -72.35541266525638 -28.291626496233576 -14.6892906444035 -44.68396568055648 -73.62297581426998 -33.35046656616534 -79.79381528889103 -27.833660304353174 60.6643034985955 -65.17192691329159 75.69951049779706 -80.61993487610019 -21.986039676696606 -46.61948309300969 68.62741736667994 -65.39449637605566 73.02969204661369 -40.423150757307624 51.43198258692553 -43.32477070994265 -49.15997843745716 -58.39674057845363 26.5331108694363 93.68887457600317 16.54262653062493 60.20785229526578 21.834715363549066 91.62861271553152 -91.7007820914632 -56.58317124877827 -67.22885020407081 40.405068172154614 -17.68403876442474 69.82504498390782 21.07661802746199 -24.857601993381536 87.17986972564137 67.3244891137864 3.3025622464305258 -55.76212224385786 -25.59141645038146 -81.15865972369774 23.83070395716669 -81.88714173976163 -85.88996674061431 -3.008143255876064 52.160450043447014 -47.1184895808602 -42.12042746022553 34.97295919620478 2.9992469051184543 60.886927400879784 -93.15061374806146 89.92116806576917 -50.76157222398132 12.724828247822657 -92.49551635675799 27.310044431260465 -84.27788774034934 24.962755746355228 84.05626146816277 1.3864074297214017 24.429302987847578 -32.430237016040664 -92.43256647419594 -4.9244591438811085 -60.81858928389303 -95.03357621698522 -34.2560650069959 82.76141279345646 -26.177041516962163 85.32047594629782 48.25781377529131 56.5474467397116 54.38663490490433 -1.220519956858297 47.32267731099188 -60.1892583022456 -98.20613312733613 -93.3819229620505 38.72897413393707 -44.87560341205845 -91.946646367973 -1.8779133856279486 90.810057047545 -50.26687480932664 -52.341241472821466 80.82896372761888 -60.413492531748105 30.5681314038479 -49.453078627000345 3.563398759318744 -15.005506898232895 -39.07788978493487 -65.51887438472646 52.598094009287934 -13.586524891951115 81.25452727400582 -4.139699806399989 -26.92566636026787 86.4748083407664 92.7865987574815 27.487848380229664 61.672123493814155 26.82790956035828 -12.859881259226057 -56.61329238808443 39.4666616004624 -56.1497505995697 77.00483913604856 -34.63884780743682 -41.78824958006588 22.901109417698137 24.73381771713359 -62.88846359389304 61.075238471393675 56.09422464914044 43.658910124584594 97.48693868500229 47.57366767244716 -65.36715970232424 -0.4510251818114597 30.710377875470414 -93.3321317003597 -81.08117523883922 80.61667430586022 32.93248941855853 33.77793490155284 -82.76804332953662 -12.631789174897463 -93.39229626363917 17.513982096166345 38.60731419172811 -11.481988795288302 79.75314191132932 -50.627228098903146 -2.801599323309432 -50.4706628998826 -40.992207947589 -17.21293682822133 97.72135976702054 40.36704741337647 -37.649302259036375 -34.13395689095471 -5.9884525659725085 62.768015711432724 -12.39884507768356 -81.30924450624029 -43.870369982199065 -61.687460061514884 11.357053269535868 -8.223816781444327 19.914674781874226 -95.94861390972338 -15.14672139702175 62.97425173050476 59.10634652803316 -7.083948702786387 14.127553807128763 -65.0327710837425 37.67727620474349 -79.80985609995777 -33.56498736819364 90.15818115500412 -11.024360688303119 -53.15067315104811 -33.7068087847354 33.995710487112774 48.64010458063203 -86.91714698198342 -16.263645019120915 77.0470495430609 -72.65912500701114 72.68776639947066 92.28561569409854 59.65331974823772 -3.9805231702015504 60.648449516048544 -23.170106000033684 18.447173662320935 -92.60625461979419 -40.12715970903695 -18.444002121525372
41.94502998842097 -63.9269169480406 -17.186215936043254 -55.623894037234 -53.000821395634446 23.363832505372486 80.47556435020016 82.67335332374256 -45.43219046831386 99.62377616385544 55.463736944486044 71.89505857582066 1.2559174203119738 6.945286975055893 -89.40430096749168 -70.74546746468812 2.788332742835891 -7.002646053015965 8.47804286223382 95.81503991769483 23.37263619564027 -18.005094698170126 67.3997252073263 13.596912651581405 -97.74423799205174 -0.5931497445690042 -94.48939757751155 27.01268510016945 85.17412707112996 -84.44439850070351 51.209887130089044 -7.3495355989909825 0.4693356784001139 -81.85992134284879 -77.33176702249678 17.96590313759296 89.16460301373263 88.7617074741388 -58.591748487555684 7.317449816777199 41.21113624170431 26.430071865132845 36.49124551888198 62.25131539993163 -53.27850316464789 -5.850564983513195 55.38738308209068 -44.394826083165206 93.75622254376722 -75.13779733725224 79.60740052298297 33.573702843953384 13.064517435803523 -70.30327343515023 43.01575068837988 -19.251093979435254 6.973622789744979 61.64651829257636 21.278821028178044 -37.078103591052795 -99.71687530380362 29.696962762989983 98.05343240599788 -45.57790766754175 61.753422856518 -94.10240482534304 74.22936354499075 -28.06700901370955 -99.62820558546784 -81.01497171833209 41.763725919248145 25.226259830126537 -65.67249629692333 65.66494038180946 -28.6796958449939 -40.27611194725711 -16.615055061440742 22.17280446700505 12.780777342978666 72.76937298648141 -7.964887325591931 -21.039499903364003 86.83954600465319 -70.44733462935923 75.61768542321639 -69.2034375519478 78.25855317298559 -57.84758596537078 -22.993571619743733 -99.5977464598551 89.31966146058448 -0.3814639346426958 46.000416373766626 18.041626326104776 -28.26921924448935 67.79024139155547 -52.091471575093664 65.50029924935467 91.32010676589343 32.40497014777026 -8.112390399522013 -54.580020585141376 43.14435888032219 -44.661096434348565 -16.523015222601714 -80.25454514725914 -26.288376990385927 81.71315614656686 17.295297818929512 -22.305320766185076 58.946962768250955 -63.32775607295991 65.76224494572591 39.87520537187129 25.809447076138838 -64.27069698416278 -83.81631130211875 -19.827298970660152 22.308324900032446 47.280354088275374 -55.347930931873044 83.39693781701286 60.4577550382393 82.0322240924585 13.871691306746015 16.688419466958464 82.27270281239902 93.56161186026682 15.919032738259588 -55.37730636517912 -26.21705725702232 31.907729836508537 -85.51817333879153 79.48296148613801 21.718755713373184 -14.482095867356222 83.94775259862578 -39.79603130277645 64.54696465528582 11.36849141203055 -63.66362079641294 -37.28326521085123 13.240047820992018 98.51285614487978 21.948728833151776 -18.219974365285935 82.21464492003423 32.408404434514864 -8.430923267348717 12.006022949783784 -49.124300403998845 1.8695957622230708 7.176980631902012 73.9677999446439 31.441332150213242 -27.95004671964037 6.210682338385837 -29.247047788886448 -97.75862394079589 23.253110716209562 57.512689633806815 54.404340710370974 63.13476100260763 -28.292763273206603 83.64992459076325 -7.825289228792471 -41.810845042257114 -61.672459189215736 -53.160246885624574 63.25152386130193 -23.078121392464638 -65.86759583741919 88.35761271795238 -63.03237736004734 -83.09999091956325 34.960341295410956 33.75608866704047 -93.77135827185204 24.684378415908952 61.65472514864794 56.76656265357485 29.73867237916258 19.419478550966446 16.160311306146056 4.184016727591015 -97.47486677397232 -83.98665801526828 28.384520001487317 -61.33383644786596 -15.093231049735095 25.077891117469647 -3.2452838167014875 -46.53783876522206 79.40430253087868 0.44497934384951066 35.62692841230927 -67.78825064102114 -75.87656359453135 74.53381954260004 70.72310607219609
61.23800431047323 -92.15397419585759 58.99981944168178 43.21035892390378 -72.07858042628503 -60.95799887477098 79.23685060811772 1.8246637404417214 -79.53686193899232 -84.4871041641014 -42.72767788408438 -53.19737314379318 -69.96949239121217 -31.641122632285573 -6.795135416882275 -39.614067590054766 2.254782813462157 16.496546395985874 89.21925448851366 11.33475482995317 -30.524378137667313 -6.746636783780573 62.00242633499798 -32.22227280859033 58.262583977668356 -2.1098400910618125 -38.32629584859628 70.60933870903386 -88.1764877036517 34.77733867695517 -94.30370615532271 4.257670106559644 37.22073399052272 43.58427128604745 27.519376137171463 -98.75358102892122 -82.52791898557297 -53.08870618459955 -89.54025955193717 -85.3939514243865 -95.28176119820586 -29.071176237361016 -6.694720596590642 56.19618294024815 -12.826250682077387 -37.94121408722852 -26.656010767593827 10.509690913315197 -20.008040530423926 45.33998833303116 -9.161710863855774 -9.712040621087453 -12.334087390451899 -20.184124867837824 62.52114869257605 40.4712299742568 -95.05353060913444 -7.361867624872815 4.798754696409247 -76.92428525566193 -82.37175113217342 69.87429754584832 -45.61141497534869 -46.637286331869234 59.0107414322801 34.58570662574499 57.51365813921032 -20.414678067309083 -87.86028821148261 -46.25384508198827 -38.807306242805886 53.87264415793214 16.54400151197615 91.80849485833406 76.05917170242023 61.07199496989324 34.7569551613162 -93.18670711226598 44.19472668050963 -85.3515524252628 5.771130133008768 31.04802622224406 28.047949574497324 13.441130182195437 -66.59808003276365 -76.06795027701176 -25.771207657011644 3.1418475655763416 73.88231660726282 -18.81689000791087 33.12594704400283 -47.06516327531012 20.539341305326133 -84.06906826063116 0.7249766782831983 48.57010646627046 -99.13715451054195 73.9757306564172 -96.91421306606627 -90.00138871581215 14.18270332788805 19.89374171278358 -96.73858725482765 47.9507415403485 17.633859857250656 -90.47433471092586 15.467408642555782 57.142761643751385 43.40380069517394 -29.791306475807062 -35.89310043964748 87.5155812018626 -39.49137243588079 32.072009848998704 -40.20258260646112 -57.40284229536356 42.324398695297674 87.62180788034067 81.27888440901717 -92.76808925754278 30.03076692039008 27.896170819954122 33.05993377333786 16.554702868385988 21.660034993364803 -13.050249747435856 70.31858234864228 91.50295651558093 70.48934740269303 -36.39278120175151 -80.9439540066069 -64.57460766959088 -91.3849552077053 -45.918354706908524 -33.20018647733261 90.73434491597425 3.1845279237335404 8.169793896264949 -36.01938042194399 22.38251826590634 -97.86062205553073 -46.61239334328664 -32.04860776824485 58.122006742785544 -46.72885534060429 53.68474006844713 -82.97151210249703 -87.05390619990123 -21.210085109132066 70.79793153420977 40.108001567364994 -5.4056812024115 -64.18438658795695 -67.47720947533918 76.91437353921376 65.13423914441546 55.2667841304289 34.507769315745975 -27.450391065222846 -55.257025113338784 -81.1988471794794 -23.73204407038692 19.610847961174002 -26.482901277000565 -84.5658925708641 54.60094163827941 -17.14226223966797 -9.913656539737502 80.21286907598895 -97.75648197170315 73.97905782434327 60.129928210011514 -79.66086425132728 -93.58777251022501 -17.115350942167566 73.53660403091405 -11.239969005419567 25.28402771373304 76.30579761391476 27.775046219386226 23.29470806322918 -84.91805268428571 51.59446894338828 34.74829052068452 -31.603125904940256 8.098545159967458 38.86131470565914 -74.56522923850832 88.48815304258468 -86.68462994796175 60.27549965451706 -78.62954718222738 30.225526901183798 -10.309248572530322 83.63841614280162 -98.74566078162272 56.03114376750534 95.35781190615944 24.823152044471115 8.84208708101562
-41.73919294169166 68.4164598105072 -65.29091606167077 31.552169923562303 -17.949955252320947 45.17274566269748 26.432518884911445 -83.10396374680005 -70.96946955169416 54.62153975676301 66.41630233627853 -9.764232183310611 -76.28043971085027 33.47786981445449 -75.89445107226875 2.1166833559381075 -57.09508921585456 88.92761197029503 53.32042176356654 39.27490956995493 -37.1579592284248 -31.303090850273122 34.49558227218421 -15.08041647569604 -57.980376465275626 98.73348176451108 -18.15503965345482 28.595758085923194 -49.35019072442153 94.63254665397122 -39.34302388869746 -10.659127879423423 -82.939819039687 98.16647157684355 25.142061619393786 56.46694089261868 -3.9221092469878442 -75.87739553198855 7.546072858965985 79.36978428121526 -66.32701731963688 -11.417819748211414 55.20807853133823 92.99055885759486 -17.017513666468204 -34.22459360887855 86.33010569640672 -70.82591275772569 35.3695628634278 37.569815638595685 97.56959488879488 64.87948978285155 17.416819527497054 -38.99811284210315 -64.31196426395793 18.49905979907065 -40.590880744278834 -59.948721906748624 -95.90597042619518 -79.48894955371173 0.2934910592221627 -23.224304538571545 -4.024629329973337 78.24281197880927 98.37628209329435 38.661773525987314 70.8451802953472 -72.09554869591501 83.2222729922791 -23.374539106067687 -48.29061828937078 75.76009695430648 12.007355451155718 -10.593909065036101 88.02801690545036 71.7148280652055 56.64018924874304 -73.31603194161211 -62.74998373467964 -46.96518846022639 62.506520603975446 78.75673493477106 -39.57864563736146 89.5047632862665 -71.8199136453898 -79.28216997466836 8.814772752520625 8.796857098500581 -37.994742369156896 60.31664053285414 -57.41039858350276 -39.79770068295829 -85.57893825259907 -78.76892704659362 53.61679526016471 37.564608180070564 -64.85876346900164 60.88117105376551 72.38036969141982 26.58492528382243 29.67433311764512 -77.50569123260547 -60.77473662871904 80.30533960859572 86.10306762265725 61.33951478249958 -33.594853235878716 -15.355782683497239 -46.1002460607723 46.33050192503879 -47.46837682415106 15.150933038972923 -15.754596603233992 72.78254399882363 33.37481045418264 76.64119001455921 -1.9130267981446423 -21.579474814630586 81.6388069539764 -63.6386933074371 95.25286143432618 98.89774719990899 -84.99540927101121 -47.24564324029803 19.0854440323796 98.42141637630792 73.24084339908191 -83.20515096649122 -42.16732527300402 92.92352788870218 -42.05150152919064 -73.87614719785813 69.77347259856367 13.578630210142762 -30.699707576190846 97.53349565226662 25.755711102574423 -9.112294134281228 -10.561934668668044 -49.797502931949246 -40.85494338019389 15.963319414429094 87.7704442932405 29.047878655837053 8.017295922445271 -85.79844423271952 63.5904557402597 12.200095387460877 28.950321699136396 1.8367770251848299 -99.23813456112688 98.1162841151206 7.621768782381409 85.97571414762731 64.30529313459849 62.91177503893226 -52.674437590758046 1.8996713944906958 76.05556683859007 51.594299580357784 53.728058029169006 37.78172917939719 48.1517563717226 -18.025042231376247 83.06311302469263 1.1268695011647907 -67.00974768300819 13.294976779207659 79.75568595875046 -68.55787264636848 97.16995305981473 -66.13307752286616 36.005419296496086 -73.27158775460836 44.406875280438044 17.10817251287476 71.61756547054244 46.47732756655546 98.43265536254097 69.05676070350327 -30.00538613711852 30.794758273427078 30.166326880758362 71.68403683850892 60.43531519036614 -49.85535653331059 -11.679116426719133 90.1674471528224 -33.90803311801666 95.1305298081484 22.64921582600219 66.8549558550396 98.38892956432528 31.23734671415511 42.275711123867865 -65.65533589674567 20.339168528604176 72.77472006667205 39.392436101548554 51.40177389254069
-34.86649275171598 -28.052447890403485 82.53860150566823 -56.437835447172176 -92.9782909343434 92.56925043539223 -16.057403174986035 -57.66482772765939 -82.92429642082283 -61.89581862951585 -2.329978536930426 17.372323606119267 94.65175334633005 63.81917025139148 39.69836027435744 65.47329799529234 7.461266919253774 -67.5624377783237 30.550117989673083 -64.14777088317321 83.3543874661218 50.77968152037826 29.593545448901438 52.34736135425479 -8.973297925006875 -66.5170262467374 -25.577337939877125 15.59347340573325 34.797063517128436 -62.82361745319038 -8.064639953835567 4.159279312755075 23.829239769306227 72.26602006360693 -42.0094448684617 53.45197747366862 -44.00329719916611 -50.89626901522139 -75.76776497000866 61.588849368783826 45.90312347507154 92.38548112645023 8.495850138430143 28.45331615351668 98.62827012632604 -70.2849243920899 -47.26267385885481 -38.85330634660771 -11.755638512926708 59.98817825480728 -66.49006190632791 -57.46378430588555 -38.46939943374041 -79.05362905084188 77.06140200418551 8.531904755166167 77.34191490434367 -96.3945474358548 -70.32939687081232 -8.376909688004062 91.40991999927638 -11.156998361533098 -38.93478985227588 -64.22316280503475 -40.53842841195596 16.74234153948835 27.81785569025665 63.76112268007154 -0.7339600275367104 -32.20086483653668 -62.627008222987435 68.70993695144989 31.255663755165074 44.19100856928611 43.8970501838339 -25.190166430275212 55.9666878456739 -50.340408091284836 -2.226499228191585 88.78461725021484 -87.27240134502394 -30.07006354780455 -5.0034353192652645 -18.026421785338712 -95.41456058514444 54.23631935561153 -40.195357800814335 -45.01797402795364 71.55327333536766 -12.817490148394171 -85.59888839109297 -47.07884973804115 22.080862591384104 44.423167454637024 55.88561015399986 37.819720686050516 -55.139326700513514 97.01162948820567 50.36033454030539 -3.9685607200234756 25.867630532337543 38.87341316901069 -92.37626644142713 61.7220450177451 -66.95414661743303 81.71251633909108 -4.551323275769903 46.43364410537265 58.333923627655224 -23.447704063874994 -82.31584465867687 92.99460731482236 -40.81060999056878 41.017905307279676 -98.13540959873886 6.216580736664028 -85.82743905259893 -93.82352921755432 -33.90353068148795 -48.99568998923844 85.58739706743583 47.11795024679287 -39.58634261625622 -81.45079861738209 66.35226665502819 41.030093935107885 43.49605368328625 39.37698518667014 -76.12950360683985 -68.15428332240654 -0.27859175025164973 53.234109407543144 -24.36933127983518 -43.13545926355098 -22.21352582830687 69.74117769010908 -15.453434960613336 -76.19667189162888 -1.0539862830951847 -10.010194688403985 -44.32374395126635 -20.856100166716217 -20.49466509659264 -59.74170735479027 -36.328244007908374 90.07757209542783 -85.6250767685286 22.509683765639778 21.575360922878033 -68.57556777035141 56.57192572814435 -15.887860363629684 81.46060232530306 -78.73772723352866 36.11838319174254 84.10242600704632 30.372201076197797 -72.60209920130687 -39.677475553233776 -31.435089928229075 63.68333014723248 -53.43264164788906 64.98807740581614 6.301258632934463 -30.94096328686888 -13.330601453447471 74.54397977072301 7.098423214978183 -14.257518663169094 89.2631861590437 -36.16063189111818 -57.71280755782841 -80.51646214484967 -19.820810537843187 86.6920593452511 -49.583453230859305 50.065118438170344 -2.067488870851548 2.5502000569395307 68.73476628214243 53.39826563249193 -95.94987532348081 -88.40047711358599 31.51240057204427 -0.5909355572966177 24.617799295902685 56.80757489028721 -39.02132136730714 80.38228728430005 64.41447650097052 -66.92018318696043 -26.71439615511146 -61.74316518791561 -31.49232148310645 31.58046032441203 -74.3708489974498 6.493090969570673 12.784064271105649 11.928770345683333 -34.520018277439206
-53.608428547691034 -2.2476787739885964 15.45743271826639 -72.59507184552191 58.52082207668536 -45.01085691914586 90.31316850579563 -58.06417233630496 7.898112045031908 53.123894433113094 -39.48026561227061 97.39599604635933 25.27166560868814 85.56639767808232 14.505586456644664 -7.174678802623518 -72.74352541508482 -48.002653324413444 65.34838649441991 -73.93510804443724 72.10060783136854 -17.55968212377195 -11.71580318006886 -81.13846439665281 72.48422774726887 -76.0163686022445 -50.960067383319796 -51.119432852517185 -36.84614468236595 98.79052160415125 -51.9863875919627 -78.74295264350394 20.908559657988164 -92.89411116874922 70.85042860344376 -59.554144589512404 51.57685460939993 -19.025100744024954 9.69497324835298 83.92117661545711 79.36146616938805 55.702313238443395 80.10351247393575 83.34281825445038 -57.50365736998096 64.720498941508 -50.05567587102513 74.11898065288952 41.82589236829432 -51.082333156875315 44.420522351920056 -34.16381688235181 55.244843506810554 -44.86707924533342 96.9746811411016 -24.01230089653062 -37.66010919646667 91.56918823897655 -98.26802171092315 57.32880547962543 24.962839947762646 20.20616645737799 -25.998335252439645 -10.33564310672233 -96.16354156127203 -57.01316359016209 -34.132802283704805 11.698243625268745 87.49632722783883 -42.398625560026936 3.4519643077158833 0.055655558816994244 -52.59898029912649 11.852934576830393 -66.81521665608454 31.910270914356687 71.63925044614186 -86.27015756816824 64.9843455434065 -86.44340521176666 98.81343002649581 -43.28743864545608 72.38758245738225 -3.5993773847589523 86.241327323268 -55.528313329406046 -51.21784423022331 10.229834953673802 85.3056278841353 -29.071656842971308 55.78801086059937 99.29150273876644 -76.66503671242857 68.95192424832081 93.73664496423123 -70.74356385498315 9.677775035336083 -54.66087234278667 -52.12421840289303 -10.994084902850261 -56.159602232653505 66.38050470089019 69.08980885302151 95.17517004431826 -97.30059006621323 -19.110067575102605 -91.05598753233292 -38.52823090425077 -63.72838724179677 64.06713722555565 93.7731267997849 89.03757055704185 -66.67627291360265 -84.04258123867241 16.80698164867276 11.865515080921924 26.68099138498809 -87.4792591596215 84.52251891278138 -56.119552372196104 -95.67144673411705 -48.10028600822387 20.97705163983963 -21.416670812449695 -0.46376806343405974 -17.06157531162455 -83.29360319277346 76.04075781408804 67.51947643580925 78.02521066064145 -7.342488267411994 85.63759907589721 -13.606238420777245 -96.50893525917574 15.562088101286648 74.52269345947306 0.1285010032194549 85.6430901485486 -0.6399452118658502 -34.42672904893011 -20.532541475477444 -84.2913202757093 -91.58009090156045 -80.0350294902446 -33.13330978133966 -44.30168540881285 14.582389999522889 -34.129799369662635 -48.532514887128976 -52.09738901090688 -64.68547520799967 93.36386398405432 27.15488983192671 -34.33236143160539 42.63031029881026 75.58053953201431 79.54121427782329 -40.00149317817092 -41.17254115575051 74.88696980348018 -37.030552657896166 20.83704389027568 -19.06922029525215 -9.827601469190569 25.80927567389817 36.0810763113075 63.296438735708904 66.14289149240909 9.563153695806818 10.798821876365764 88.10557006454488 47.33886670758275 65.46592472825884 -72.07962535946425 72.63295619839221 83.3345062404853 -4.933303854210152 -5.795266186958088 -49.06213467501457 78.87256392622098 50.06834092213515 -85.11604561618036 95.70083243801562 -2.7592716267756714 58.05763580968426 19.91000207778974 13.425149479825322 32.08927370062506 54.20147462131993 -27.92205529045549 -11.946327575334294 51.76073948803821 50.774939771340115 -84.71629469346243 85.52431063998824 -90.49872788445796 45.5795729929815 61.405914811835316 43.19026033880684 -92.5455852727256
76.73539965750035 -60.78184230053767 -60.26629669000192 62.04181210926467 17.609993497075166 -69.39968888228465 46.54116936147673 -24.91779541317986 -29.12136420484505 95.32786729708548 -46.03541589559792 50.958281768957846 -23.86356669266401 -75.31345963848713 27.979918143331005 -39.73587406951611 9.463970228349169 99.71700794952486 18.260397117598288 -3.9033511762126807 -21.082520729881963 -81.14709245486756 -29.33288425421523 -47.670792272135465 81.78678727894021 -8.295720939021336 -68.10478664659135 -56.99437800743561 -99.02760278400315 -20.556223015455984 -19.173814907459814 40.26624965188711 35.91285886207402 56.01884263209644 72.7972254284507 17.878942052491993 63.40628740045889 -72.44961734155267 7.763248167063111 -75.49550612345828 67.77445473677756 -12.058066364737584 8.178935015593083 72.45361073311176 -29.910038979673374 9.713732769293586 86.89527484314931 40.84873986447613 -20.981805577127673 -83.99119697195312 67.49085354879958 21.50665791694189 41.855695449473274 -12.590316882453422 19.85120617076484 -30.654567670216352 -75.2674752235749 15.193360207004176 20.558896965581567 -78.46519117918795 52.65125329913289 -22.345729562017752 27.516273870236702 1.4200745715361194 -20.605661679037482 -61.74692338477883 -28.549261202177803 91.72246268944104 62.804726998548745 -79.26446652387902 -91.33727675218977 -15.036515038203163 95.47321119392149 13.30566830957251 34.95759926676959 -34.95581494186071 27.660209010672105 -94.53343917312027 41.63115092697208 -49.070563099744135 -73.31705789264251 4.36278954485158 -0.137665050613748 78.4040420390507 -30.07919041087321 -67.48544312721111 97.93290023205378 86.3598946949476 -72.37891351017356 20.37990429856616 45.3457365778562 -44.67640147082512 -84.6884740230446 -51.19539749258457 38.934330602536676 14.674004928373336 52.61545700943776 26.621824188759675 11.86467536237626 -0.7752233919440954 8.478781744931368 -83.22012699153248 -32.09407437134854 -95.10164503553978 -44.2087706402843 4.890299974097417 71.8266386808113 56.261080829719845 96.37462274177534 -84.394576720045 37.057066840536095 -96.81617544718408 -96.03468830136667 -6.113395872340988 94.12705004616035 33.35158962298115 37.21342990298419 -99.70049801087882 -18.250560131436643 86.7563654830484 -75.55869907106829 -28.788656499631855 61.593897381656575 90.93436463209653 -16.88306444934507 -1.5773249470639712 -7.725781860818984 -12.315166826285079 14.03034205509175 -52.516135758034864 50.479825390135744 -98.17442030890653 -70.26231008768482 -44.78715756896781 -79.6821797119457 74.49332778926922 11.476232100340368 6.794953688936218 24.756379138941583 82.09957791820605 25.57422386912431 -83.5190574540092 -14.249895112059562 -40.693901208779 12.313123033480693 -59.94844719562058 -79.08318644219459 58.177891116941595 40.913163963914485 63.22538269686552 45.43713209979629 58.73131402003989 38.31310798754009 49.98493308116184 23.49281014640023 -47.02232434625013 37.02557816569251 -83.03902254292699 3.898221173265682 88.92554836664559 -10.835478248719312 20.332213096317787 -12.339118387771308 -86.67353178049981 -24.77337123579892 -41.51183603658293 -43.75989281739463 50.08636905551529 71.7115749743206 9.986836213050083 -29.687070432789525 -1.6945034438273154 -91.03222930877806 45.67704533180185 72.63946832770043 -58.25808799508594 -64.72283099829927 73.7200745290115 -70.18898344682462 -19.63799687547045 85.21912801888251 -25.606206617214283 1.152591690862991 65.6147030209815 -25.884847748591184 -49.603900150189695 -17.185398196911223 -50.040335428774526 -55.734151410955455 -88.61635305887884 -80.00440534706024 51.359974955425315 74.79301406612521 52.30743448735521 20.22020738485915 68.04246384312046 10.077054608886556 -64.7376134690841 65.08524095497975 25.435311555626356
-39.35590345161746 -36.159672101948544 43.13852249025041 91.69052278483585 42.24885278598464 0.6206490103856481 11.766452972736019 66.97979095260843 -54.01620059907841 54.684818093484125 -93.77806567529797 1.8640927155594227 -16.169343345866622 -61.10324329202563 -3.3447784905415716 -39.31713890065262 -13.40814025929447 -38.894433313675506 88.33140637339508 36.85923200758589 77.79304847748855 41.45584446764198 61.66616931778373 -36.513474517914915 45.6964351822993 45.9129437379041 33.55192764849559 65.39192140777672 -71.56195261373517 -21.083837733783483 79.59155327690817 74.88900765568866 22.368909595750708 17.055355182770754 87.33359189722123 90.38304935014739 30.06542149734051 72.82993899751673 -1.534585683818392 52.10383404892815 30.2649903138053 27.873554400940876 72.52789501883566 36.13605649095527 -38.27219846202674 -26.213399920878217 61.065993313884974 77.20859568525518 28.22839033842331 19.71191452884476 38.07520341657016 18.195003768100392 -90.68109714737464 -72.11335188362817 21.673615361373237 85.59285756686538 72.07448168728294 46.79634910924787 35.4107411640918 -48.13269194619896 -42.79559728964961 81.39403904914425 65.45883243946503 82.93920896945434 -27.130056568890936 61.56664733586885 58.22490816427447 -12.322928333917261 -87.83260180590216 87.5304350510967 58.841649014043696 42.23653782250324 32.16492720808941 -38.2535515198674 -66.18807317149484 -74.99349593793141 51.45289826604858 78.8755341032988 48.357342936093374 0.2351108417756933 -30.657481884045154 9.561455295253296 75.2248374356569 33.48832634277164 81.70939265487485 -8.280310085738662 86.5421541794002 -80.66508581874221 62.19464061923122 -4.825642827147703 -34.08674033067318 34.34332353998221 -43.786496056202154 12.304970776238548 -95.08864166358725 51.32051990926897 35.5302698011528 18.044751852221182 32.51960833772583 -97.91476231839864 88.84846404777923 -54.55212265560743 -64.64360835454889 53.2710214579113 41.20199219199705 -82.6559472713893 -48.40824670841186 16.042754795680622 -60.35873290562803 33.9452576018941 -5.030179592954312 93.83465543751839 -29.46485599794954 79.206918375161 22.50410945779045 39.63476649536068 61.36298941784855 -73.65220756418161 -17.876322443241577 28.16104601217063 -59.026468417931795 -28.21290213451941 46.4908517230067 43.27394280250931 -64.29961470118033 -74.62175810944828 33.72359053369368 38.72633717658792 3.524761584177938 26.342566860750054 -85.09273999388263 94.48514074942193 -11.82559359511346 72.83666381038765 55.399282804953174 -26.099008992650965 -48.900085956669685 41.94918172642042 86.53388809594196 -96.13412915250979 -90.79842589737193 84.46278723732195 61.61164202524975 -29.610561251549044 69.66375003529132 -7.651662997550403 26.90611999409343 -48.47656973513894 98.50317453087695 63.163453455444085 62.312507189221776 -63.46893535940479 32.95170204260452 -42.019634405094685 35.06270058308755 50.61049533265418 19.14888481208088 47.24934867099847 68.51101326848683 85.35087523626049 1.499744891282262 84.83266326785343 76.3552039068351 -90.55904204023379 -46.19270989566928 96.89991588134654 -60.19692334761315 63.85195303963866 -3.0310590725336226 -65.91326971285012 -49.55596174975865 -70.24585713271141 -99.1260724532854 -12.95007128569705 73.76331664273306 -62.81854147165819 11.481919298490723 -85.70437072388711 36.97427469698525 41.16274996924386 39.220255571314624 -49.50212513426353 61.40604961810172 9.799789547217898 37.925342766198526 -15.32597907679694 1.9223974409787274 66.53462104505479 -8.583384976307087 -30.559212942436176 55.87990072368933 -95.62437354546363 38.336660037495335 -87.95584338601228 34.47081024473195 -53.56973601197621 74.6924889181322 90.14215549588667 52.292210631246064 88.58625814972652
33.92505088897232 -39.265067621739135 -80.61009031442785 55.94339679813535 24.78790751934193 76.38929416334875 82.88444496246854 -48.94109305580934 85.83781183453974 -47.86394099215929 3.1104098708066203 -1.3603851923192707 63.40170849392547 17.607713307930652 -78.94098515762911 -73.02719370160008 9.932430520172304 -62.868825793218974 -1.1099476268341135 19.580898938120043 -97.96399761956789 48.08114557250747 81.11569464101919 26.990431608588295 63.52504969189678 90.2816378907444 95.43822983337276 -37.46841609787441 -19.258864463691452 55.60162523744319 32.671477503535016 47.190172151283946 76.8581820318945 -7.255971917722803 -0.11786720950743756 -37.7724567557743 -73.03102756502513 39.03699115196048 43.78769020960155 -49.20075556540417 -28.929145984444744 -82.87211251594407 19.97852734643557 -24.804635968842078 -83.05201683591204 57.67292281557076 -98.35569800487009 -40.70976044233146 28.990119943895536 55.76258900496819 96.03782578391719 -74.21218482438232 78.23073272788298 -98.19136563417439 -8.638456624962657 51.891052400462 -86.31315572453666 -1.2996271443609402 80.0488095122104 35.975552718086846 19.095627499867305 -33.89614826640451 -28.32091921421427 77.46675428083017 -48.60571054247173 -84.52533430396478 8.001269615224032 56.07583158494987 6.184928419159675 -50.38763808019213 15.324697811608942 60.92580986214756 86.47113690627202 28.25216653687818 96.70067224603483 70.77208355438032 -49.08157597414733 -57.02086519071592 65.22098798047188 55.94259668915481 35.93009092225142 81.89086101171875 -62.032255972313834 -45.52833205006319 -19.565431921697197 -1.6109364103453032 0.5785804311364586 9.152446261394616 -69.70005942878883 -36.18268837100551 -34.48052988519383 -6.3006729958564165 80.13327571342208 -16.38160593320876 1.4348993095246527 -52.42124692611956 -29.327396779661456 -76.93739821640571 50.62566997998837 -18.524869225652395 -20.411690101129196 35.495298704188144 -35.81635590261105 22.319391802079664 -7.938565485907461 -85.15937774858249 84.0216438048306 36.90988237808881 -12.96693458237273 -91.75500391761452 -9.655596759768926 -77.82434325126626 -87.5133872010946 -79.86410152942689 99.44806376853165 -59.27168699081575 57.88597173404156 -2.5494349518668855 -83.79635022480731 -11.954464393344068 -79.53403899222475 97.89664318591497 12.546444982849664 -24.0262000627896 -27.13194754610555 -4.777551968843625 -15.803581178488685 -62.65010108563143 96.17514203408243 -27.00690143444575 19.589262452578055 24.200033277646995 57.14905108668654 15.203443538518371 62.10953018634936 -77.07113023489131 -81.92146419252042 25.17473558831273 55.314369066783456 64.20642459106435 7.481147773368306 -19.70348476682247 -54.20142795732596 -96.20502383837474 -85.57131638457085 -24.190672138930807 -58.9937204256465 -99.89029706936803 -45.28144988100029 47.87149084343943 83.92732499246102 22.73669323033627 -3.457728564551104 -18.29914418446934 19.878219553476328 -22.502366153573504 -64.7239717160447 40.970533103676445 -76.8791905912066 -54.38169988538553 96.69406687158332 27.728713903138114 35.434113169878344 67.6427058371772 74.9029457742069 -35.00033193289818 -19.8462967219438 96.3363386292506 -30.86890970369778 59.168664185269705 -48.11338089260708 2.816814410390748 -82.70228655796558 96.38132094088184 73.11487030163877 -10.776667745612428 -81.25722735840168 -66.1432551372379 91.45063062416818 -16.020354104207385 -65.14267703031256 48.174789534266694 4.632449027029395 87.95178809147768 -58.20027201572526 -22.04574482299917 -7.957232315043953 -25.64443246179684 -20.72503924683437 -98.58397524044578 33.36823393480762 82.83565693480676 82.2609432847438 -0.23441145886778259 32.99557769948049 83.67569237066613 -1.5015645570216805 -25.05863116413218 8.255732454544201 -63.09634765611383
-50.03110964742561 -40.6986113926247 -67.36699886866185 -91.8273412924725 -85.40594142772397 -66.47720073438082 -5.097436318532587 -92.2675080547533 -6.988034707657846 45.376827969355816 -12.070411187953354 69.19740851839649 -65.03876152483237 -27.467292313742803 -90.33865045446134 94.12610778103513 77.88206135743013 -52.40437126935913 67.75431511426794 -83.3681647089667 -26.9472895430725 -98.35977641345583 -53.19066848207974 3.468501689469221 32.71748776094708 -50.55976620420473 80.49799797155794 64.81510574542094 -95.1366834617017 81.01934907768853 -83.47625532952597 36.207423863654554 -77.53339129718134 94.01492326328773 96.71355124065039 -90.22248971006668 71.20976761192915 -23.898793227578523 -89.90259752059816 -37.48748800331598 68.04410285424615 14.981424384708603 83.72018019972109 -64.42129720052844 -88.94705535505611 25.92051160669702 -1.2734768990791565 84.3724511920853 18.19622919842574 35.12946705921286 -5.53732345562014 -83.64958618402142 79.97355331767639 -10.712360625981958 27.24579521550055 49.864533783015816 57.00316839029597 6.930061525684408 -85.3657890370787 15.831001592803133 39.855493204376245 -88.11474251700668 32.72140038983187 47.51663581836985 61.77150775361747 -13.057052837284886 -11.289192477436089 -50.80596476186163 -89.56354392086385 -58.22217137466175 69.33734639927891 49.70344098001297 24.68868041719871 -6.679451985691287 0.2642137707777863 83.4698950313942 -1.3422369443712512 55.44379084482222 -38.81304301676971 -19.53111942929806 4.544733008213541 16.68707230385435 -45.1814505432135 -48.61803601863286 39.115126143625986 -12.510765851304043 -36.54631157434256 12.229063181115365 23.916455100454797 -76.1721919674778 15.892599745439156 67.29936961364538 -88.31773756794979 62.52133930198539 1.9175780515893592 81.77068195610829 -21.777508241102893 65.04021929811165 -63.31660076981993 -96.33850851928261 77.00093333852297 -73.70759805049359 -37.799691740805194 -58.3338637140741 62.89961201776441 72.16172913774375 73.22716841785672 -81.89358115759958 -27.514284069683683 88.09224552491136 27.735623103269873 87.356118606612 63.8138636368856 -89.77650947855878 3.525728997183265 48.70858584815599 -70.72983371019035 95.46773008618027 34.1762039554599 91.98793970963482 -10.542147353233375 73.77809806707162 -18.28803117744569 42.5995009340034 -29.08195798313959 -93.58306057435274 -21.72545329043234 -17.56277081396948 -97.48486139066775 2.2506954245535127 54.889454316073426 94.91918126184834 -89.3440153221767 -48.697255375649284 -41.32606879531695 -72.88686677564166 58.7475804315055 -71.8850465904666 23.437075938633072 24.438409902247287 91.5887270687573 25.902639438421573 -22.212832055936687 53.92134899258494 35.49914817014863 -9.504397561476182 -98.99893854044575 -31.556284221068978 10.01605810520283 -14.407835626745793 69.77950296028033 -5.355936545517864 70.39774481070654 4.181713517442361 0.27375522654079987 92.24999627591185 -42.28083438863794 77.54490459298532 -24.40253796765073 13.05510119793503 82.37040469666806 -3.960771813246609 -70.14203207618749 70.02500831976738 -40.87022393169959 48.730776368936915 8.461540885440996 -44.02193285752356 9.882055981588778 26.783611738088183 -37.22611962342799 82.01229128181686 46.1514615936388 91.14354036175231 -19.392775301333984 -8.116528974624629 -37.936738272000014 36.54261585059092 -58.96978491455438 -77.993665574731 77.45197703188796 -17.308744340625665 95.28610894653579 44.00870118201047 22.758214199115656 -8.610952729108192 -79.44477784005421 -2.662382764770669 34.087300373066 -91.02235443282231 87.94982857656478 -88.16878740317824 13.927971548618885 43.77051377871365 -14.961563650331982 -44.60514400148527 71.90826525812452 -63.01161661388217 -90.5729194890488 67.72545544094635
-90.82433191778894 -72.39243787823526 46.95927902501816 79.69270396674753 74.99238909422448 -86.1324695052472 95.20171713109889 -75.79019707193083 97.60235985404506 -26.625108357072975 6.906584326383964 -30.564188819699154 -57.39271671890738 78.28061789384083 -78.21590968622004 16.20687454401768 50.380580757972524 -27.859127090845632 -72.79292998663314 -64.05718295475643 46.33174723108044 -45.271741189424475 -37.98117722094545 -30.305459479961044 7.917428031363698 41.7879317415202 71.59950779080816 -4.473034566689321 -87.1424833645791 45.31921348806313 -81.53764078366356 59.892860034743535 -29.18622515392279 -85.34844000787095 -17.767564716810938 -57.15100983387045 -3.4926381554566177 -80.85786023637908 58.965224847641764 84.65937236087427 -58.84089431891357 -5.267873784796095 -63.75243970459199 -44.11820411019676 -27.880207901276293 -96.38765009984 32.88353789688904 84.84467539459914 -95.49076231614168 -50.5295300329891 -2.145994030626767 32.41539592997091 -87.63642229396422 14.897132634164947 -69.55863818723486 16.95517675893265 -61.27433497392811 71.9229681575485 -28.68583050077295 31.604084663934685 -42.70232139258441 49.90093134696804 4.8631063313772245 60.80816655248307 -39.037612933956 65.38691810397407 -16.075119170288943 47.07588962557537 -25.19711299415009 -9.890478309785777 -35.83590539435859 31.630707432768588 -63.0095327946387 -73.25522465561951 19.720094363550885 8.856190278913886 -40.59240487213715 -90.4951767599905 -95.32491359116347 33.81423564139311 81.95921854505042 -10.314140805453448 -12.626395704580304 -19.124291822741398 -21.620533595492788 -37.050193376991515 94.94212250736246 -78.45496235437574 -61.88317138917752 32.656754126861614 54.68690559084456 31.901598340788183 56.602860968439785 -92.02324419244326 38.84595788538897 -11.34650481094927 -79.74921519530392 -41.91342069665496 -86.57104608892328 9.815063645620683 -51.50093326222893 38.99753144836387 84.1785729764479 -9.089734414666921 6.1151106161146345 1.8423329311020353 -50.48346846748757 58.38049361042624 -63.889166161851186 76.84270022121427 -53.354838592356856 -43.23302862828091 -76.75093937413942 10.571971303674914 -91.03254998136556 -6.906884766126311 -71.67923659625903 -39.433868651725604 58.766460891841035 71.4220820707684 16.54609755361527 -76.87237482382324 66.28523479058163 13.984302746620301 37.763002614475425 -79.83550091780505 53.26114887904288 15.80393464534508 6.617197992063012 -3.5485064196479073 -47.1922582145037 46.70718355548459 69.37691329857776 78.76480722535666 -84.09056680480221 -10.087015710503493 22.195431939716897 -16.24587194563651 3.1135377416589165 -2.0632233904922117 17.641828855327077 56.95886977069057 87.57002057064699 20.46747028869919 55.10432881070628 68.34827543846063 73.30246536570908 63.23666409555591 70.2870339675674 -69.83485378491775 -92.07725974559176 36.261707919635114 -87.78075565289024 2.117376063803462 -47.814228913990455 -3.954787865722537 26.707497764065977 79.50414558709537 -13.591546595396949 -54.488317607491155 -78.66965696186219 -93.96716894557436 -13.639789365223791 3.1423882777558845 -95.79069689030348 60.24245495667128 -68.89107766242066 -86.52752716624246 40.9023831152079 91.04698202333807 2.8662115696035215 93.43397894188604 -58.53770542825218 50.026950606269224 -99.36996474205154 -9.08879717464481 -32.63832865463736 -67.74302075188726 40.97081283543014 12.35525260202482 17.679444283149806 -88.1745361383901 63.496690854590724 89.60752614232325 17.953069044487037 -72.20526812784307 -52.025880957166734 87.2309907072297 -13.031112179020269 81.80496287256099 3.498158025645168 39.947367845968216 3.0529136943664383 83.69071853027853 -21.818514424910163 -12.778335152890932 -68.62969508672565 -43.13025977073109 -8.632454513342495 5.668418679622732
-15.723857285686421 5.1693648777523435 -22.926666954140074 -59.693640510336365 -81.037173513641 66.82903271840684 -30.82635319046952 -50.95891655006388 97.19788228814159 62.811045133806914 -87.51920946002751 24.10777767623962 83.02746728137905 -11.368123354181975 10.995515456154095 25.134979308708182 47.71905639906453 56.1681322057845 -92.28953127343848 60.85658079039456 65.93589700993542 -75.80873834729584 -24.06877605125844 3.7333096576994222 -71.35706850176064 4.823450112166384 -77.41698191969007 -42.892931225973065 52.65982514542819 17.956358500894012 -11.423760456975913 39.82240328388042 -10.722640463207853 -34.17804298788619 26.737126139866803 -99.24656554551963 46.594796504145364 14.193948368350306 -96.09239269020277 62.59794390226102 84.34734323134961 97.44887639959188 -52.02070763126567 -54.3929955100932 99.05595996757879 -61.22327639783853 69.60240423489944 -22.98054438763191 -33.81345015847276 -87.61648352125535 -5.199877788068278 -33.761576043181336 -67.8669543686041 74.9687581980757 -71.58183231225772 0.6178420715441177 -3.7326854127126268 -20.24386789878801 86.0696961271808 54.43008971529238 62.307822684402794 -49.6752095794107 44.162885315876 58.24505459476893 95.8100967510467 -87.74111282995813 2.3246618941908537 28.913276190144472 -25.268412494478824 34.10221491834022 98.11093347606464 -46.40528418738003 -59.28227904736243 22.01908762179592 -64.93371301734282 95.53561025158712 27.18728624539466 -57.11107266219202 -99.30200822292998 18.464029373229465 65.64013424018356 28.35525773373601 22.058159083709228 -18.020006931581676 42.460062427452726 9.604544362089442 -27.099646933184005 -54.529159665453996 -61.77813376306405 8.989479391123552 87.20225930459313 -91.56171921103903 40.260600523493764 -43.22237360562684 83.3315756750631 61.139592585553345 19.983699476207732 -89.83563073956411 -72.05773539373652 -77.48591423173835 1.9029872392658689 -12.503164198406978 -29.14013895568148 -31.003965991764176 -14.962361801582887 -38.696421274742356 42.17508821734921 12.638385281785048 59.08655491886404 -99.57464364691644 -89.17357947904421 85.34213119457863 53.27441990424228 2.491415868791023 93.60588627263661 52.60974482011119 -33.553220664217235 -0.24722494921466875 -87.42216104555615 37.91920711016468 72.2432762859591 15.50400906775539 -48.099480358643085 -0.02359317105253922 -89.92517718167343 6.235980757060574 -1.5941489498184183 -8.832362411548857 -33.39693641315715 -6.854878862984066 -28.66127538350902 88.12619241690285 -59.582527981292884 -27.937788956707394 64.74752053719209 -13.52088541279906 -3.5120936615641796 -11.334302169407295 -64.9724763070364 -8.608036325777022 18.915901563912144 88.89522457202446 -74.73410471545861 -20.078537408428375 98.32930009301396 88.127213991112 -20.478906496463495 91.02022954727576 26.640341382532952 30.569816530470717 44.188884339879166 34.42712835271101 -96.60693635317308 21.87209861415478 55.751859284393845 60.14143864566222 -22.247930485591354 -35.368861606401424 -67.35385421478126 -39.12441517154848 -10.615516749491107 -77.89186372938126 75.77748023103965 -40.014641731889775 96.4892284096671 49.591487323429476 -51.39075189925168 -23.35804702700554 25.79348170407509 93.18340481532076 -31.072922367988156 -30.790896788070526 -40.5447735759368 27.32316991265745 -50.28443971959573 48.54440938819772 82.7837714391662 -8.4466462062192 -11.408742128466542 89.16776725781358 -0.12287679456296985 -26.57014279774441 8.305353990884228 80.6365794096672 -71.23767662672299 -14.311709575262483 -11.443896749652296 79.16406592483489 -31.7686093378843 -33.85934023306501 72.46132174806507 10.92857678968457 -62.27999460700111 94.63404552317704 -56.363182471557536 -47.95902521409297 6.135813831231744 41.053662154468014 -7.785913901234494 75.77987387895305
35.95745823188295 62.14562313907709 68.80762575462137 48.72039014079891 -82.69184767186466 16.589898298034697 68.54818418624023 -70.72472951331427 40.952524306898056 71.71700007960095 47.30951593832043 97.21745466398849 58.33105018277266 -14.464854854866104 -3.731223551187796 5.142550945361705 23.24693294731965 -57.08375026436514 86.04814174309064 -15.977051548815169 -13.006230980872388 57.34994307053242 -69.789427642993 88.96622840445184 -91.76283799960919 87.64625178232666 97.82484512860009 -42.29710645094833 -85.72692880211122 22.10890742166822 45.152359233521366 85.7256486804933 17.173268356297157 67.30674272912546 -25.76455861479654 90.92717652306678 90.8401925932896 86.51877846656512 -33.34313976642119 71.5450777257627 -23.51917590069168 26.968341113880285 55.31253256671644 2.778334017200706 -36.5133550954031 -76.7338052396227 -9.477569590182156 8.835388301051367 21.52849150956125 -98.9766530789632 73.21288866915586 -71.93278553033116 81.9689831425311 94.34083132920406 -22.49732435494012 79.20816953176157 73.09733014076409 -64.74263104983231 -16.074800668222622 34.533744808413786 90.5170121417107 71.50228847380927 -81.64240454467695 33.60066982633202 92.91110583796979 16.378210762841093 -5.074327704075188 0.9186090732930268 -98.94691749950843 -41.033237100608154 65.57460455958483 71.4028670881741 -79.18165392183593 39.11275308835016 71.61557759102837 57.70893811412802 2.2326907789909143 -49.25869942311931 -32.27316648704681 -61.7463110782771 91.51498910558828 -90.54867414693 46.05975316607794 45.7284131447318 -59.89672988494148 22.429156535874 24.916813813497868 76.3481690764645 -50.152854827667156 72.71926739914204 -24.966023299899277 -19.456104034388716 -15.015993009408547 -56.786098049880664 44.66457184714608 -84.00380064189736 40.37736221938232 0.7197429505532114 -17.31196788728792 -91.13803381519905 51.15687664838819 -99.64601790821395 -39.8517019976206 38.32314705341119 95.11389849038042 -81.4353158001033 56.88975663536121 78.4726184295601 -10.972509553201746 -13.000107174142997 68.88982190336719 89.63306645278416 -52.913738049384975 -11.08365145850037 28.044061347303398 -49.88384929530718 37.85666079072584 -39.84523850167323 43.60311666290309 9.804949648577391 -57.367000702715146 61.38415968962704 -73.84371543845083 -40.57901163199817 72.9118413106682 -63.392026206386554 -79.86385764501782 58.855186655536585 73.97816366160521 9.166702038689635 -96.65207009515846 96.86389355494379 45.94681582346885 -57.41566014779682 97.30796893948857 92.72693882409021 93.9227894277208 -12.609713626392221 48.64072235665071 -13.210092001420918 -50.13822371662036 65.9667721972991 66.313984823465 -42.55021934368817 -27.244506087434246 83.0060508491161 -28.312766235500362 67.52292517672663 -3.279626068282397 48.64260928862498 -16.08180707290316 6.350609316841755 -69.3553038578465 -85.23206047352085 -21.244007203098604 88.1146526019447 27.11897132698924 52.359675305843865 -56.03381537939656 -66.09211188031443 98.06233435668346 -66.13170977303353 -65.24853584948588 -62.460713522374434 -26.466751307569325 94.14793163564482 -68.3587509636154 -60.07004216463088 -70.44306908726801 54.85702579394339 -77.35516055983042 84.8247171225591 13.626009462274766 8.381829208846426 -88.93347274071095 45.25345991595671 73.6864744742897 -45.25506394129826 23.260557428509372 27.04964266596916 82.72218979513843 -79.43870826844552 28.817013291442805 -8.543882597275939 44.1123097065331 39.76190676888382 12.952141442941056 23.39568165739989 70.69475784867512 13.8473434213291 -59.864921054263064 -66.98008436259973 35.35991249108477 19.792246994366607 91.94267551298435 -1.1404553781382987 -73.76374605187344 26.83077061609123 27.415666869075068 -99.20759762735405
-74.99730441397347 79.01308448111232 -97.49477718659855 38.276019565723516 70.37048869003314 62.59460359801733 -85.18786104980309 -47.9295148020507 47.957634648058615 43.15115665925785 50.909465450061845 -97.45338651007904 -59.41803060813786 -50.69707082913793 88.65774892250678 9.314057598143009 -1.6120765949564344 -30.10780761525689 2.4572444541242078 -81.170192680056 29.533937705405236 60.96518232572424 87.95692995977305 47.4723595691826 1.4333999008232894 5.072458330370111 22.527053520500147 -9.516705147259302 -78.87178352149058 50.09466342283619 92.0026961525628 -64.05320916611852 -88.75417298270716 -34.30346048171296 -75.96190781630001 -27.910393602967616 -49.00675126299798 14.543624516482751 -29.418193682300895 66.00748574036928 34.04861654334209 21.609422297124482 -78.44081930102448 13.416836319280321 41.718914248682495 9.316591113467283 -67.36675749535392 28.91766753097417 97.13816525914797 22.43932221493364 -55.954670204088394 42.538713960462076 -5.237984213152558 -59.82154357854801 45.48207702953283 20.399825744004048 92.14779848939892 15.43932566947413 63.83712397084457 78.06376379147036 91.50398233393611 -47.498260139297635 -27.049502180446268 2.491859241927756 -71.22430043899925 93.92094677295182 36.69712835916698 -96.14424209530222 68.28767693831625 90.51469219742515 -21.40506343544915 17.68050861483772 95.10158573033542 84.95541807717947 54.31065122109948 28.305777353713353 13.209343425756657 -29.4898498213699 76.38785095783288 -95.20328975732232 31.45485197689078 11.147087109657463 17.857262120522563 -94.10708616011311 -32.28071381758424 82.56630529787344 -39.85884364936514 73.73073982430941 -48.678365158859705 -31.811414385200365 65.76276577654966 -19.030009632222985 -52.07918538470449 74.23263878419476 57.92155873759191 84.54027179152007 -47.10662715878795 -42.22260093760188 50.5735098532987 85.83996434893376 -15.8067820583137 -67.63034205917471 79.6845878567463 55.76576729633601 22.028447694574055 -9.154416192695166 -70.76582325038325 81.66948037299699 -98.13989409372464 70.71675451747961 -53.57576035476044 -93.20584953476639 -41.18406197259963 66.06694256545217 49.85872575727785 85.67407116760836 43.57153679351768 36.25822570341617 -79.3321720272017 -34.09838108378645 69.35975755697231 4.058600867751721 -78.77835947130826 -40.697590253202655 50.17612013268561 62.982911333378354 40.79691625309948 -3.9959703558633493 -60.29178854982289 -78.30248818870452 16.909701738239406 -2.4135076559420128 -91.84973543527715 -83.42620964993628 -57.82367588437454 -82.06082575351674 -26.873597721593384 -26.75259068104718 83.28863301536765 90.94957268106029 39.42181130775634 -84.36676728437489 55.47415655494305 -26.03656821457409 -16.412810762408455 24.570481811207287 34.213896251041035 86.49368313130188 -32.30792667669678 45.06058355056837 -66.50110924939503 2.361671749382978 83.2322433061072 -34.88774595461301 77.12521610646343 23.979586035587985 1.2530558355262116 48.00103956853948 96.2096832978269 90.18996647553911 -22.784027429224963 -38.7526127182646 47.83849966805781 3.651245276313972 49.8593751649384 92.79015384251906 -65.94427199250654 81.82263823863326 -26.414108796633812 5.419573852690007 71.42587470592798 -27.617692960213986 -98.84437791601744 89.8117481193847 -73.55402088798624 -80.652474643069 88.7660110620819 -10.884018181474573 26.089937368042953 97.71871094077653 -72.50269344452795 -91.96362376952058 34.781287434123044 22.08623551910935 9.140390859919975 -22.1514923678904 -30.43336802848428 -5.463503274748433 24.08477430068659 -91.49507606902331 -63.49740207172745 88.85812013358574 74.56130353850233 54.16279109609994 -45.56300410344607 88.50785943961705 62.34795434841814 -37.90095304755494 25.27213231483995 59.87847421340294
-99.07207016190473 63.413036269078646 -91.57120684743325 27.478306043236273 62.79155707226374 16.9439812600596 88.08676242214855 -39.33057602402818 10.089307372849504 79.54883132041303 87.17588271502419 33.01640144311261 65.20791112659182 27.199256088999462 -32.73355239546274 44.11628543374613 17.12677046196589 -42.7900787731339 -91.72891515867836 -76.1160401907185 12.735124629137573 -32.146016035244116 26.55937829952093 67.89496599521942 -3.8765643859516103 -23.702491870413624 72.79885653037337 16.616723249508738 72.90767259772343 33.50215746639219 -61.193608862456486 19.362529049260885 5.8366116707898215 -38.729795001275114 71.758113464275 88.57752237837289 -44.110730089389996 -38.2151825146968 28.01538541743733 -60.831260430322786 -38.21309813353642 -59.313095121807294 60.94303353663321 -2.926697736121554 31.334266417279338 -40.67457804601526 -97.0262324922377 89.2451348547859 2.6944524114427253 -35.28116442572991 -27.04641655775984 -49.8324330104377 -95.24795301667226 -54.0713873492674 69.53108783725722 -26.402952324279966 54.478387294810545 51.3494224020487 81.48989312315632 -15.753085052251322 -63.76276710311666 -60.39884684649775 -34.59448576367443 98.66707637931796 -58.27772567289558 12.055047679904192 -2.290886719873228 46.01557101767304 40.26031063090852 -70.30545400391173 51.63053124952171 -72.43557277924928 59.910451932308604 -37.50276705022859 46.662733625173075 54.768004933175206 6.812500507257454 50.90760970515919 34.12739565842753 -71.27338733864772 71.42669531062796 59.69635049775633 68.20891079549816 -11.141593319131474 -96.17762249535524 -3.857172897584377 35.89639202626759 -97.996648848339 2.6108933939475065 31.96916529128177 -66.61612837191112 -5.6597935250205325 62.32147173972291 -99.44078130237367 -12.633319820166065 -90.79166547084574 7.262460461253696 -55.028480347282425 41.18285730539378 -5.728184306127531 85.00858244434937 -91.43807755164606 55.1518677682331 30.278803329197018 46.53990479498063 13.022827698531955 -75.93755585402985 9.827805422135867 -85.77698402421771 -24.452457323940635 -3.772433092218023 -96.72631090085082 -47.67654151508665 99.72525251441624 68.35175438092037 -95.10228326590769 10.919988319433685 68.87733432368918 90.05449659585122 -64.38306936529865 7.42932615805924 -44.01826816757759 76.41202494449001 -42.73257304916718 42.845052660389 -33.05204368922642 -18.438596435746746 -73.62141291895938 -88.73816973475299 -25.1050015506397 87.3902266589217 -73.416270810122 65.7431558180989 28.169004723192273 -72.60896976052123 -86.78384654246732 70.51594463438434 -5.093691155889886 9.336604628604277 42.94477247177494 -51.884096640097546 -37.105780836779935 7.488735963407038 53.45291584783206 -12.0408968178007 -40.8269372797309 25.97674063743935 18.76790380409348 0.4697950500413697 -9.06057137762231 80.69962906688005 66.473966852149 60.83225946978976 5.157773527625011 -31.819020404481876 71.44096795760521 95.5108372780542 59.52982966277921 86.8745380017397 -34.942710490930835 -63.67316273161099 20.082210146885586 77.7501685875742 86.02879307283388 -24.585265270012144 -76.26601962196528 -18.031939904380437 -66.25080634370283 -39.53226102418987 -95.73522599593444 -42.69283981981336 -70.62613066929941 -63.864229406439364 75.42603955237337 -3.80731126954646 -58.38733376492262 -20.712112352978806 63.36642715369686 79.6982229764167 50.60768495377036 -33.70988517482263 75.4909603229732 -13.011536772612956 41.79976844109922 7.902314981855511 -61.221500898409346 51.0296001043568 23.98874154767728 -48.40219094945078 44.25253172476832 -76.43411087634742 18.33557794178789 68.0212157583241 0.22611904019886708 60.12016721026316 70.18094328474248 -48.666149170962704 55.50982863903832 -13.207541521380705 36.417331321336206
-96.08252178089893 -37.90620586284257 59.562498011512275 -19.501180827760038 19.53634540902793 97.54849437837731 -80.92448276632416 72.84272968602534 -28.03009882163569 79.21140367533329 41.92469009837606 -86.97816425848683 -37.094545148915635 -22.30443188439149 -20.71942364400188 83.60853413056151 16.043074834187564 -60.3634417220035 1.0295937274540563 23.218073368482806 46.664713786734836 -61.17011273202338 88.35287151169749 17.81883135894755 -85.12829438599718 -93.78386224960961 84.74825345747243 2.726332820718298 71.57808945803865 -79.26556987682133 -5.131968466213692 -64.08174136966278 -31.651708372250482 -30.36067859722047 -51.87552055985603 -55.858250001676744 48.91767526987417 71.02227618919318 -75.06592030562305 -65.10818645008527 31.196868893590334 4.430926710313628 81.67936753262904 -96.88964066854003 -11.003572978956583 -38.04445664707012 -25.093703759047486 -45.583704106109145 23.817104392059747 -98.90116128172563 2.3738474440482094 -65.5994459094676 -17.580043482639624 -3.8539775376969203 -34.308095001944565 -14.688820596726515 13.630483943895626 -78.23067029418063 -72.0237443862851 86.90946030412934 84.07894064257843 23.316124675680427 67.60835365083727 -61.15471144215723 8.630310837511175 -46.71546221553544 9.930351248752856 12.54085575702419 6.877971533152348 -30.284297602992098 -79.16602527796066 -70.7962471977972 16.981294465675447 -10.814269847239416 -56.16797802455946 70.18372834306854 17.784464496730664 89.26015014019438 -3.0576651825879395 -23.07115002303742 75.82891882442448 -58.538064567561634 30.622621278478732 37.19425718117719 -59.97720510548543 -9.998340570274976 92.36359832356405 -68.57852863627181 -61.15453156340909 -16.059787596856808 -90.22365899448197 -90.05114710318931 35.358389936153486 -91.24124661824295 -26.026781901837353 32.789730713277095 97.39131073141073 -27.7889442780249 -1.702544893263223 -90.09505890074405 1.7061713089601653 54.79680386686533 26.306234557102755 -59.59752120864332 -27.875982614645082 94.12225111960629 -48.055323715682505 37.365933254294305 -30.82343764223117 94.98449340049572 -5.416310030309674 3.101696321396318 -83.17139733644353 -38.37434661905566 32.3742860469188 -34.05532049614959 29.010765231903832 81.97377777239456 -67.85250898208074 47.513010488479836 -90.2027797984991 -55.12997570178313 4.86492942633005 -38.74702261556715 -76.78252883992336 0.5661881902971686 -84.81964002709783 11.395992841729765 -77.94407868267615 -90.03778628764387 -16.863872692968656 -30.159895344005605 75.86313952694141 42.4562303503387 -40.188811663128085 -5.220622351922842 -79.00565188645649 48.30458089739284 -98.57333436751384 73.2261738868635 -97.49793399167368 79.73614998548709 73.10836288941343 -57.844449849917346 -17.665682705705493 50.264684986412504 35.62349947507093 47.29234732928137 -32.92088369462576 -74.39114121251775 -21.52464724943313 -41.663206045726795 16.196702943540146 -51.72724101753297 90.20009085979495 -25.33836316109435 -12.155038640514817 -50.150919200490506 87.77510176815545 32.83707699912489 58.9316584532049 11.179139355165034 -48.45746207890025 -42.130614565073124 -2.763215865979518 -23.39806375433875 -94.92473125080821 -99.80125130502987 26.45834121125749 0.7308919899831494 43.657182226003556 36.00708203212881 -93.63141086613844 96.8187703206491 -57.080053971388445 57.67598331900513 9.561111112081463 -73.84807165487717 69.21202882128438 25.95463607216817 44.55872844670367 32.13304725388389 -72.87580579213835 14.794864641139455 42.071145649244926 -4.3831255308074475 -6.29420254782336 24.384179887295332 -28.467753315910343 -6.006249667315217 16.96922817675741 18.023932681599206 85.76484665384484 -93.02901870845555 69.24857785811093 -24.447695768583827 -0.9373589171030972 36.20911553460033 -39.49415448426237 65.72151852151106
-24.990777185127584 -69.28105388199785 -85.36658904035659 96.960195040429 -48.48197484481338 64.15622653643706 -29.35849985694341 -67.89846189711008 -94.28226483884569 1.9625649918954053 97.4468694854798 70.56197951275095 40.3362271058416 -8.397316065682787 -87.96486792650104 70.51731964964105 -48.76938966145114 -4.30853161283855 54.93058926604709 89.8572023576927 -54.35782053923977 40.1993661668873 83.55959326478705 -1.8913269538652457 -81.75635225418443 -53.81082413054552 14.698708086521322 -22.261186822985167 -91.63959108614968 11.678420294317561 -52.18733940907781 52.478381519579216 84.21659455340165 -80.62315430847121 59.93303045781644 -42.95291359127342 11.444281811360256 -90.00519765770115 25.804380046003246 -5.045443369704245 76.55994175149726 -48.44517558745511 -5.818514962993575 28.893485779925953 80.03063598418453 -3.927168714826564 -92.15362475064815 -63.494869121459715 17.08898802673768 -59.696513591333414 -54.296080629090035 17.781989062920516 97.10950358446266 24.266965033759575 -50.300930301584714 64.88766565932974 -18.41272438627277 -74.6224985401719 27.181282890410486 81.75886968045614 -37.88970998764447 19.008887588765646 -72.18826530213767 -70.15096552022652 6.378067503809845 80.62888822359068 -12.049531343717518 35.85982632343999 -48.03962354512778 7.479643427653372 -68.29900346015962 -84.77526081103157 -93.32389257176253 -15.067394798760247 79.87784012433812 47.47173807183239 40.31934850482921 30.060204590191034 -76.1575653775063 56.85446388076525 -95.19760158933646 -92.47464220019137 -28.390673658337178 48.40298686782347 -46.82770898739903 52.567887705905605 -41.81316086536873 23.64160045462836 -4.392199775742611 -58.597925754769676 76.71651746386175 55.849052055954274 -57.69077715707416 34.9724372926604 -3.6209219826212546 -0.5077859353685596 60.3784183627414 -80.42419811420598 -82.42352169789217 -9.49603582657663 16.255826020098112 6.120008064108589 24.50678068201148 37.57723554210736 50.999954808166905 55.41059612875179 59.28277028377107 6.733803486547174 73.43685785413717 -72.69043601709015 29.027851810325245 -22.858703781633352 -26.622336206318153 -29.575045057528456 -17.729463711958957 49.69064700439026 -26.316354685941818 67.15011983985946 0.7620617388766249 -25.150269959180704 45.86149757825339 44.671237696017215 -76.1567879943944 -45.310910051333074 -65.0819232490859 7.330742354712498 -83.90356154802978 32.12529884129512 -46.12521564723262 66.85065567350185 58.18842657140357 -25.42057341769744 -98.12062447038166 -72.6504666759925 -60.81954313469691 70.534719270703 89.57184054396197 -42.067621041367346 66.44048462815971 97.39891318642267 11.71443264148418 29.813205548587632 -42.13741708051211 -98.52527214559676 -7.853953618242741 65.0346148598507 -93.58558115308253 -91.17468815350523 -69.64076477357932 -90.0814495152702 -93.27457363675964 7.172980974338628 14.90542612140122 11.386158951406884 -56.04700444904607 15.250432265565593 -41.01224110964286 35.015755528611635 -13.823953231447248 53.88978908415646 -47.18676641299688 73.80544438602371 32.06674768692827 -83.63243696830338 86.51233484909741 28.565811589311863 -2.48808690987363 1.6111750553845496 -27.85634242790482 -50.27890638462378 -4.529969418982361 -4.97817983883526 5.417593841027909 -8.921488744197333 92.05302079079942 32.90078495748287 -74.57222555776184 19.41892988007396 -2.690334097707691 12.12356794634286 64.29175167291709 -75.4246405717096 82.27014398810047 -16.324290816456426 -94.24309401937556 -51.691596741075905 94.0834388355353 -61.689841911321295 10.25223157755913 -39.74861261375824 -81.96467138272068 26.67405947726202 -25.008157016306612 81.67126969284598 62.89083654354036 -6.280209143237798 35.979029748039665 82.17674275669856 54.42808066021914 -75.6004694467999
72.92704700222413 -24.18895810459847 47.471754064915785 23.739505384056272 -96.98359974836794 91.75453814909548 2.707002195079596 56.04865073129889 -7.707542303958263 -29.453580128341457 -5.525374997003524 25.05202623604164 -36.94126473932404 11.285239300500933 -1.1563707907812812 91.39111772150818 39.11970241411831 -36.56026054018844 -43.48771423794888 11.932089374595023 70.64820778330017 98.81763382642171 -30.749314033949787 71.89317989296399 87.83602932069908 36.21082418614719 73.90022649695166 64.08393943312913 96.79725207024111 -30.898918769869184 91.90038098495342 -84.30719080806833 -67.9942338671172 -66.7451209759736 -68.0466497348385 -63.17347243155596 -26.16634427252427 12.695379763701425 -3.2726446291411406 52.08079079100955 -87.39248230610934 -21.692158595625827 -58.51066258853776 9.3179196298708 -51.2880593203205 73.96621836817329 -49.60421344357262 79.82126611797409 82.4983782097238 -86.71395614755653 90.47773558057355 7.524700072104636 -52.89702871276394 -66.14442459787631 -70.39334809316915 -35.30537588436067 -52.45090931343779 0.9959018925403456 -20.13630049800601 98.65689427127887 -0.5797469395971717 46.11218122251134 44.99048448365593 -86.54951718232056 -24.09963983570691 -24.21784552458857 -5.299811571939188 91.34858212306256 -48.29001559069115 -86.0621604651335 9.07631616053881 4.686756832821516 42.96876692673115 96.21646561645494 -28.148014693109772 52.43041855533875 32.49092562582098 97.18035088998741 -5.311022327033868 11.541784889101564 -74.9072287885137 -96.52173837669231 -16.946292125350126 69.31135492869475 -50.428525544059944 -6.809309889097605 -29.822173954830248 7.888369252762487 48.024146466069396 15.826256778083135 -26.08511330760399 49.192740396154335 -29.82167020672361 -23.16505853545665 80.02472832500885 23.19648600977567 71.64524496545582 -1.1478489924034108 64.9169584467094 -70.64831372650218 -74.39298198708346 -65.9206416034093 -42.00846898052275 13.936928760795041 24.623078584349287 16.867063004236257 -10.641510154262733 -24.465060686611764 -57.89904086634166 -34.64046149255451 42.31697887387 -16.80290665347374 56.00973555553989 25.24742918131824 -97.25781643873088 -16.674007097579292 15.696844197629005 -73.784347131271 99.94666376416424 -77.66026427267934 11.586989246648855 53.594705118049234 -66.18840351431577 -48.19375110435931 97.29545161941564 9.118950792103206 38.221855306546445 -96.51767466803321 64.04948156259542 -84.9490367572908 -87.9623842787208 12.28445228139796 -97.97200941270941 94.77886689965814 -52.54100131532085 -2.4554316362733744 -35.503496329908984 96.35000941481064 95.25063434543873 26.424428746307015 -4.062674507350934 -30.38882344950906 -65.78758485153321 53.03293543273227 56.94280248785191 -20.99325109660346 -79.85439896378013 59.58621118575812 5.33730047978527 -56.93300590958636 52.98931658967106 -57.672208529138544 63.083904802908336 -65.75938089336464 91.40056231544543 35.860188722168175 -22.35740665938377 -66.38400799997535 73.39155160318228 74.40054933404414 -51.8133159598668 40.07749536171866 -26.690832581060093 52.817050489644345 -10.783939744334177 -30.395812959488367 18.652191458576908 -28.57221279350786 -26.022346650406305 72.88460005459501 -17.038414370025777 19.43562172216062 7.101709925380817 42.73957913801419 -54.35569776575817 -64.52561123899368 14.951089250561012 57.39095562921125 -49.44261504695753 48.522196902481795 -0.8030677757417948 2.194042966690901 -96.47728571117389 -99.4006685419009 -86.89743811211028 2.847473783222725 33.56976155031549 70.5575701002478 99.49757849051818 96.35993156315226 19.220088444650102 51.95646987928964 -62.153279367478035 -13.318703707994331 -73.68137727162522 -14.797346431867183 83.85427911105924 -83.32945084183407 85.23041802932406 -79.37305981106158
98.1559986314881 72.83412918265671 -19.519512605850323 39.103541615876566 -84.3843070059144 29.603176440678226 78.81248215015418 -98.70778845596304 -84.79843743552438 81.20585543242777 77.66222583863473 39.9036409649473 19.34944136077314 -77.69421535827445 49.18603270290302 7.006545705337302 73.71921755122116 0.3834617218877696 -46.44520258922837 76.02460199638114 -22.684688629828557 78.86439929952496 -94.52559670114368 -59.376256801105384 87.33299809489915 -99.0818412393464 -86.638626536672 71.57859649849632 6.740598121497072 77.59996348533099 -34.129023932258406 -83.73113269635402 -49.39607672449531 26.760548147619943 7.942039894152401 -23.327510921215833 -14.866648964369887 19.195411623576476 -94.22292918745883 -85.87647846932751 -85.28407795799764 51.728807117193725 -50.072545052054274 51.28091170518147 66.60891328183487 64.4409844316391 -80.4664886107308 -94.75863678203469 20.18184305879585 -87.91784618564051 83.92025609316883 44.58146554493564 -37.364965526737556 -52.826588186868406 71.49633826997947 47.59938509296572 92.79754592302393 -50.63829623243177 -62.900151059576004 67.52943662910027 -20.171037870696495 -63.08373152807394 62.52178664679781 39.09073532617887 -12.25647213550296 -22.847982927695526 -10.833833399890082 76.04691802805951 -90.7019277248788 53.773580259379656 -47.4625720594056 14.663192873821146 2.2257263850379445 63.02846392030713 -50.96215335731213 43.71522539935137 -9.574681693721871 -4.442693745717335 -86.00163836062401 -92.06642115417974 52.764870656100896 -44.258042641654185 39.05419967481063 54.66363486081951 -59.472046309105785 39.331530739286734 -96.96126296766536 -81.74314545970927 -33.928717597204965 43.30170098094777 70.4300058951323 -61.225129261096 -68.81542857670289 -39.56763303930193 -76.55349690400853 -70.61919943184316 -87.27910068766805 -26.063660898803207 48.554980849839865 -92.31845605212278 -57.41767278858294 -43.61191990443214 70.50766642809091 85.562910923418 7.4938269819595575 -93.25037501935344 -99.09197872855813 -52.956035781996434 -94.38797077553116 80.30585014422894 -86.65208993555378 16.89382345279165 -62.44477642307322 5.419268538771064 88.5218231097339 69.28440846059766 15.166866183263267 28.247599036461708 -47.773121640914916 56.291172620584376 34.87230459422915 43.41979642618179 -44.03073443982488 -60.04075848031967 34.409670442274006 68.82929615138644 -36.20915643090954 6.827209544894359 72.11338979121987 -14.383091829411796 -99.76757247611339 -1.5452548785403621 -24.277709106920327 -2.146471514295996 48.1420447964758 93.68748052881685 45.369601552806245 -62.97908169190678 -70.96427415789061 -61.49001629299127 41.1594185515348 27.707542296674802 -90.73613393248523 65.3192068394354 44.24566421998543 77.39503243777256 -45.97301667268845 82.5057871233318 -65.60527273278038 80.35203508562401 79.44303993908005 99.12980697190676 12.133268414544716 85.35171573582218 6.58703694706675 -8.577765360427648 -76.5598122364363 59.96526644915846 -76.5413540405427 -86.27518765166451 -46.81698564605499 39.6862219888788 87.1999048359688 28.526825817373577 -1.1430490611019906 -87.5959780118577 62.632605538042526 2.5802909846514694 -26.97134920867215 3.5279617888752455 28.90299118638623 -65.5061689323453 92.66098233252066 -67.60034457122539 74.93320966918404 47.20350817178519 -94.76877804424527 92.42457429026877 -58.281027430324926 68.47252649853763 -67.25056273393332 -92.52531904987265 -32.087619350078555 -79.7018829643906 -47.6650544083256 54.899371153469446 -12.481657502527057 -75.03447655506392 90.60024046184014 -63.57675705208179 83.90069448228496 -1.9792796816505671 -97.73349665145483 -18.287758222191727 -64.7727240103917 83.59043178581976 -84.63578720465253 48.73880894062506 82.9139512763621 -89.58783450270775
-73.23598685643596 -29.857981686731108 20.462591394451437 -10.766486144378987 39.613722907823814 -85.69886777564959 -65.96134292039433 -22.27793527571103 -48.66510843827776 -90.67928632544002 -39.85310978938441 -31.892978643464275 -38.735638558383975 -82.76722513971984 36.48246928204398 -74.4529868537079 -54.632287993349316 72.42992857153837 -36.86259677039552 10.053399771072975 -54.66844942105378 -69.35960773677851 7.737427460152674 -82.84937671420742 78.02839410471876 70.11357652254358 -33.44960277194909 94.05843358177387 67.79766324309955 17.222170073017054 -73.4626539429726 33.607376205148114 25.687505401138992 51.15157903769017 -44.97667083400585 49.08994213200535 55.00574859208214 -21.07149082042909 94.44699141062847 57.94127673062334 49.803193452630126 -59.62646806846252 52.10329833801214 -15.588686125591167 -92.12972718225316 -63.16176005109635 28.958118338460054 60.98050463257957 93.66247322139657 -45.66385944131848 89.84570882366953 29.083667223103703 77.73839652742876 -74.17034090125901 45.97652177204873 -96.24816740692465 -26.06939205013086 -81.21887924379409 26.711651639506798 -85.63316738670834 95.39788005612724 -31.50653793469054 79.39027991063875 98.92890713183695 6.731325899119739 -83.3271486896665 -17.015632709763253 -29.9849833697085 -29.59491003960575 84.50177213206524 99.05389567916762 90.93117675343677 -29.130248775676293 51.5953371720407 72.60588942668304 40.08822536161446 85.80261554446511 12.804293371310976 -97.64399950541491 28.668026983746557 75.41463243994804 -21.925645452588412 -7.026426266461129 -24.767040775107446 81.66591663226913 -32.17548663908951 87.81777829630323 -53.75081414662293 -19.703112048514157 -33.51454132399323 -95.74549922588447 29.690284325512494 49.30167042998826 50.96266460666686 -8.533279297555453 43.73275156202004 23.022395911206644 -56.304198340313924 76.32485000344914 49.89765286255238 20.16429312654799 0.974694200232662 -22.567907337959838 -29.07664589774903 63.482351764473435 92.33009276757531 -42.58709462953063 -14.38291619420417 31.785526880241235 -7.344627915460819 -35.255781060858766 -49.25457963269915 51.98705547186805 -39.25253426742239 98.93457947796966 -23.10174429854095 14.819047290151602 39.46946311236064 -12.122828990749056 -34.36606681898702 -38.325139641566544 83.71590498729833 -73.10541427316261 90.65442773084862 -60.684386525295 18.141626558924003 83.5958300271258 -75.04560610716399 -12.435867131225109 -54.78606064198712 6.841767870369566 -73.98418914402365 73.12436851592796 51.464426414404784 19.92978283474558 -11.874640473356251 -44.037412320004485 -41.51651127477112 -2.762252774121791 50.6403013817484 64.17980155058657 25.51779604490123 -75.24537029848415 30.736137420895346 63.14317842908929 96.79930947696536 -3.8056309762958875 -30.488803632873513 14.150369394512381 -62.61270468646336 4.663942796069762 97.6583239630867 -16.800997346745845 59.13104122270917 86.199902279659 72.18761655034564 -60.37348623866461 -71.97612033337074 -32.738186517449435 51.63159820115217 -97.29637065245471 46.05630009377043 -10.552741872288692 7.308530662722077 9.740356415833702 6.833689199424171 44.91308693016674 36.13395470099158 20.8061522932162 -75.13140197739656 -9.974564497068954 29.924534066080128 -80.26768230447108 22.137564200757026 -99.48034519812585 -99.21972871680768 -86.54897964735657 -53.676118299434904 33.3460733893987 -2.3431385401687805 -69.89739071619371 37.48603926847031 16.9310692618931 91.85926401142265 7.61741211479179 -77.3900121426265 -85.19347255325587 30.990388010888722 -73.93174731863614 -57.944104580428444 -6.402625619247004 -0.18715462347249456 -53.45931629852891 69.46954981990183 97.17454947874111 -61.77288561554561 -21.423757107439783 -10.228185950294105 -76.37937603155096 -63.51898210372555
7.474003731418222 -25.431179948842157 82.83628629151991 72.98966412692079 3.131228439098237 -78.89349643342717 76.74547661161193 -50.36001014686613 41.49960313798704 -89.35139809116737 27.795203443369758 -40.97887090206673 16.7995841224855 -33.26821774024012 -86.75519250416457 -46.04473095772654 -89.14282568222691 89.42443530063275 99.03807852254528 6.140613988064089 -66.27881760325286 -60.40880046091552 -29.227237969125028 12.641968987539485 -44.314089214654985 -39.164276533404355 57.984532072452396 -6.310169839838522 -64.16255027293943 98.49608990654824 -61.443073276804114 85.62625690620982 77.75640341536999 88.56959549912361 15.551935177819502 -5.523082598001295 -88.6356856001401 -85.3717627963273 10.066757997410363 -79.99971441305647 -3.9482507696414473 47.12212791051874 72.96112950957655 72.82143400082663 -56.24818759879071 75.17287325960692 88.78621838757442 -57.963913579695614 83.48915654634604 -24.3309859350298 82.3692427737584 77.11707131186668 92.99937483613132 -38.94265326170587 -11.826570796880006 -18.44949608982627 94.742383336019 47.517273392122945 -82.78729324986685 34.75012140121299 -13.9306395662867 -41.773535270868464 -39.56602857792391 35.2335220722988 -27.501800130493308 3.5359341527669415 3.1852041203808312 -65.7042769597721 -31.521379542595156 29.568615279694313 9.459684585239032 79.377958920541 -0.5398974277624546 36.7753083962651 -37.02529962773327 -10.400251093460895 95.34173052113803 -71.09528510003757 -75.27592777601978 21.691013045231642 -32.810081308891114 -20.931037102942597 96.62083798110072 0.3951990288358047 -25.535853787386742 -82.9645921282512 -88.68732731903104 29.56082087875447 40.483449067859 -95.36156870150188 -66.64923415160055 38.80063636970604 19.837881355006374 54.422637487977056 4.42435627972759 0.06253593303301841 24.19611213440878 -66.3648059274864 -83.64512799599629 65.49257610209429 -68.06574736082587 -24.759235420008793 -48.44538544410788 51.91812035566991 94.68939401800301 -73.67222136760304 -40.5032717522976 -78.58876790526337 47.00218586010786 52.159224129772866 -96.9307082395687 -19.81109189407026 84.77994954699105 10.410985355419399 -81.85221778303344 93.93952274815243 90.62888421966 11.911382402161834 -52.46875424994417 -87.16440990089029 -60.05404363950249 32.831074135802766 -8.477525652436825 47.015585718591666 28.67606341582166 -42.7551549987502 36.78514075480098 63.46432404912693 -91.78860143804859 71.63969232606851 83.54819280672942 -3.80798281321826 -67.1286305998696 42.673277717209714 -61.163218387779715 -4.764469752085176 -64.77865209129992 -66.46185376931197 66.93191040632561 -42.48858231103634 -65.868722819017 -10.897899492159851 12.731621037270571 -6.48352590999724 -17.997719152531303 -49.6801617667606 24.09887880396522 -49.523524375383744 -24.82404422218403 -4.295459075083954 73.22129710458469 -36.16170255811213 -69.25677887458795 -44.183183242970195 29.52700847380342 -70.93539293029359 -84.27740267522164 37.064278055841726 54.174727069592905 69.40908031262995 -99.49762722960722 62.28707023146825 -83.71699004371138 -80.32622031135281 -10.510717769323847 19.872659962176 4.664556732370656 53.05539935440905 -4.743269796002281 -1.7492053453941168 91.86727801529838 -57.13632244091136 28.169725308413803 64.22323076404467 84.2153648855759 53.31963095392928 -89.52577068610894 25.715985128536275 -5.668253158129261 -37.14722362676572 -13.948432731137856 25.994349294526486 -28.283059132147542 89.65455666765561 27.873452928268875 40.47929139721009 80.34793256677625 -89.17012088300919 -73.78398205570218 -36.85926137675095 11.704555090140062 -58.356700552558685 -19.710230776980595 -69.75365391146062 25.66575619572447 -65.30324570128793 12.874227509075055 62.45278949150156 -75.95635007657506 82.84095087462669
-62.37076063105129 21.080273585624695 -57.37432131387965 45.9775726483206 -31.228409265629665 45.025863580938136 69.94099086857466 -81.9882490218047 -80.29242559281515 -13.041586693964376 51.90797936713585 27.37673873901238 -60.76334878693057 53.76737648039901 55.95928578284594 -72.91271923679683 30.495112015614268 43.24884147461597 -70.19198804015724 88.62853402060605 -19.837619336811272 -43.20264292295821 -95.01937935734492 -67.20507735976982 67.00161012719994 -2.2362197991826207 43.88625719161092 78.46371875147767 78.50286362310405 99.30582151200264 79.18563703179703 -64.09109390268341 -79.91787146421412 -97.42252099214275 -57.77770339704469 -47.670799712165326 52.52141883460425 24.563984203195673 23.959506111549572 -61.08997512391747 21.852791114252184 35.95006591112562 -52.185933203495736 -60.70387858030715 87.9924665880481 -93.64842181692856 -79.10185738161768 4.996411463037219 -91.44583104941641 10.220908187646643 11.913869829251311 21.15300114504477 -38.638885895169906 67.97474436793274 41.8442435939013 45.30704989104396 6.273087582912936 -35.48322211224473 -66.69625319235013 -22.693460794939128 -31.37917191949488 51.11489782680712 -13.571718825188299 -43.12041870545029 -79.2511422662938 28.049987034182124 53.46601674127055 -74.89333430439562 60.305762271086365 -84.57066172639385 -55.51048875815019 26.730067581636405 94.05790870919733 16.40264954371493 47.08506172928068 -51.99563069440396 -16.32448559029514 -41.99184977896222 94.71325383959041 -21.59091955201407 8.655721841373776 91.91267230702215 -64.62199272311918 -61.671171186295396 22.968632624463964 51.47243447506679 -28.182958019649135 54.98870196306356 -44.41623229608067 -15.410859862577311 77.43698259265716 -17.75506571642626 -22.454229569016263 93.21791861054072 -32.13963259390269 -91.134493537088 -90.48847960617519 23.582607075077092 -43.58030712267984 55.68330568496373 83.32997962726739 -46.2945953650689 -25.274970000148272 79.74664732752913 -93.03504777048386 83.18553816300266 96.79153281433332 -74.62134139317061 64.18271769701067 -78.07628941733304 62.635001344768284 0.23523566134757345 -66.49629905041971 -41.43258645379389 33.194793311911155 78.94027617932869 7.225899593488251 60.988363194845164 -66.06922909248544 -37.03752721499083 -55.40202256216331 22.563206515134652 -63.9423518836999 -39.450286522325115 88.4701874875098 -49.48788466465868 -72.9363903879671 -59.325824617910314 49.66245521523106 16.974317443447617 -22.25272073809539 -3.3421468332098527 -75.60455556735408 -19.353875154646687 -71.23109240320389 67.29109942405637 69.32672006314314 -87.35323645122665 -36.11821992189355 83.88699552336166 91.49165480042055 75.27280430253376 59.662737246468055 -5.629655432076788 91.19148608920926 74.17978301383073 99.15452513199648 -6.261753013368818 89.63674929599983 -27.8488161798154 62.983076134349176 -85.26556115373774 17.412236929019116 10.011451717096364 -86.41752745787534 -3.85555008499567 -3.18854256444736 -89.8979467668904 52.975955784286754 -24.151874429479065 88.50221476735715 -5.984176159163596 61.29946678202242 -78.97643165212361 66.1468311385255 53.44855601772011 15.361869952102978 -29.651251863255283 42.34582183653606 -80.31730404764166 -36.32365510112982 -45.717317693726336 76.25682448898357 22.399906313751416 -97.06562623224342 -49.53370617467843 -33.7877822717046 46.66188537494898 -8.453238776817471 71.91913269546555 -35.86708030576122 -17.99033146576228 -78.30233985638233 -75.64119389013548 33.11207265651129 -0.6859167595585092 -55.35822443104414 -35.2841978728557 11.019946409266396 77.01384897184326 18.620050018625662 -11.218828198177306 13.345487741831747 78.1497765600837 57.15513131451843 -44.21182593869892 9.527111073848445 93.3535801125141 -49.51118244199395 51.86822896632023
-79.10797203365658 11.016721647043639 25.37790884555939 -30.40880500496786 39.45729783589775 -15.461684114239688 -19.76532994183519 76.92962186601216 -91.51262705779995 37.1850930335016 -46.55428469258525 -67.94119055523319 -47.81355427141625 82.49209322320496 -83.93021651747925 49.29715326356711 -54.339199924609005 68.65165082421245 42.14134387969017 64.5905988004343 -36.77782105105849 81.43425988067449 2.729021109898568 -47.94081753070001 35.80420082650494 -21.50545958474291 -79.2300429927246 -41.49805256531715 -55.60563622178301 -63.352551489431264 -71.8179443483897 32.360057488411 34.10265796209646 -69.65838352482211 -61.87584518967426 9.139183176089148 -53.76449060146733 80.01414599096097 -61.04918218995221 -84.35809089042453 6.549335950664798 67.39127232294467 58.748881725923354 78.78796495200768 1.1958652566252113 -93.82415621845507 52.517329141826366 61.12492072108947 18.587806665921818 -75.70722932955691 -34.107497660835406 37.618999239413824 76.45453009795736 81.18850518220466 57.741335463431085 83.97022250650329 8.69096609766811 -37.01964258160781 47.08857906722969 -88.12533061680467 51.41825922457696 -56.67345075486252 -88.37054792613606 25.03377313657961 -67.1465484327622 54.155262862546124 -91.77864951605588 94.80999705848825 23.914605566542505 31.222230353065385 42.493951787870884 -61.54570057036932 -33.99897705404145 -24.23388143839435 41.4862569212448 95.44744691181887 44.27438435254129 -53.10321350247622 -99.41070265113285 -82.3624719412556 79.82549807400127 24.44890937211774 80.28718025999194 35.6016522061511 48.73919429642845 7.8763861664178165 -63.69595209306544 -3.469063254963473 3.4401791948292555 -15.661324836063883 39.242123600943046 9.78399630385023 94.4368592539895 74.23803413122386 -44.74670135122605 42.70656898234205 85.07984472783892 84.91330081122058 -64.36046949324566 67.60594681409435 -63.15979685396804 9.77707382042756 27.10222053462566 62.77946097906147 -50.78546218238187 -4.553361047160578 -88.91273881251931 77.02597846733025 95.68510605417885 -6.346333267344136 43.419966305060655 45.589309013606396 -45.88190086570911 58.345666268023535 -25.96131122566534 -62.03087841292392 -3.611038402031369 -87.84003296918326 59.653447229749986 -79.98719130803708 19.723954734295674 48.29591617864679 -79.854486240692 -37.57357288023471 57.36936912715598 28.106218908261894 29.32052990730918 -99.72435185302939 -67.23455684809194 1.5602267321951757 72.26455233353875 73.01303303720732 -75.38956566383598 66.98056958330417 -8.338886335235827 -21.058507158797184 -78.58698715431565 35.39457328279059 84.99471293494693 -61.56134705766077 89.42390715021776 -21.9184530278078 -4.017891209623528 10.047653650311815 -17.64355754162719 55.396195838238384 53.615041641967565 -16.485051734475988 -37.25015762494461 -57.09941696384302 85.54723927999765 90.14642660510793 -48.862805984960666 78.07456350521386 4.50448248225554 -18.801063989252825 97.4869993814842 -65.83850806188467 -52.29986689390049 64.29105594360936 28.485248825978033 -98.89946060025474 -67.70879427497647 -95.0841918945832 -70.4051961433073 -51.58801439650678 23.80507957420781 -39.72431818148472 -30.992553688234807 -30.153329591948406 34.99818201842848 -23.44149984322688 -41.95323829739193 68.72227213841066 67.01338039162471 -79.21402117854235 -53.13979390879893 37.20293221378884 -2.323191560266153 52.91920091006875 60.103280246843184 -26.76503482751633 63.68964482136644 -1.028902599285459 -28.3413636205251 -48.642598524007205 48.483085580291544 97.36255992706236 27.294556689613955 -52.1362632388515 77.96839781613062 -56.82939910756921 45.38784781935428 94.37556048335617 83.28466315715812 -74.43193625069497 62.81540259278603 -30.00062461986974 18.73815415951941 22.965775724958547
-79.63037173614052 -41.46601331576956 95.99585772444951 85.76086562741537 -51.04443005668231 34.167828890954354 54.34322168089625 96.49195607106728 4.4082068456123835 46.13252046769597 83.10147075471878 -90.84301020424736 -68.545297760922 -26.662197153015256 21.96063558093529 2.8954006159642063 55.34829131341564 38.9935180603928 -42.65645671769222 -67.79244310761396 -62.0293718955814 -42.244860114462824 96.51568597764248 86.19156588137628 72.79040310652093 67.74354217783068 -0.8901337135624345 -66.55232051562209 -93.94203952582458 -81.99060904041325 -0.0733476310460901 18.51563939295235 -49.07978294094413 57.60749174792463 -1.736566657553709 38.612155462969696 -13.23219490544858 7.217906066375534 86.13719418619704 -46.08346041778131 -6.76625636174073 79.23796436872018 -97.51945550974482 -58.329648962553904 -63.61327023894576 -66.46078337399351 -81.50006560689278 -52.45004544097323 51.19208244468703 -13.647878170176682 43.1553922569353 -5.2500350796325534 -39.285679452289024 17.957393669454618 -76.58389335525537 70.633819227576 -45.28078682612482 69.34087583975563 -88.1985088417518 -93.2590758226928 -57.056054337678994 94.7047337094603 56.32801278044781 -28.152526117680438 -33.80014545019286 -71.7991503466248 -27.872390850567186 84.95941058428943 49.611546214070955 -95.63024718207964 43.66301439225839 -69.27335641466652 -92.67356640151434 -14.197765193639071 -37.220112753703404 -24.526521965661004 -75.2143541318222 -93.4996477437118 -1.6364708075492445 -73.03494883799193 -75.18019715732562 -38.07362954299123 -74.1353753748142 48.055348240786316 -17.645040204611576 -96.92120833120201 -68.02494888704604 -23.17957054939947 46.62978656577229 57.3636438147623 69.27263073016974 22.506155282744174 40.15224344344361 81.87457189014555 91.16796206279074 -36.52650187781761 22.127782811062005 -42.8048978567056 61.57328528670507 81.83134869282668 -32.22654680312856 82.45566591211525 -70.14391075653883 57.53145070475074 52.148685770514675 30.551341772948348 50.55696012104022 -18.56895285666735 -91.5935806824292 99.27746825426976 0.06677912188668245 -84.95011873331453 15.930529990134175 -86.34454953952985 -43.697772115879104 -8.07882461584282 44.895865417669256 -20.50931108432468 68.31597790667067 21.490971354783113 -96.3851578927634 91.5849337696686 33.28007368392184 36.595734421970604 20.651483961566313 86.32555208148509 -42.51388027685503 -76.98833939981444 -10.349365115800865 -0.1899235469272611 -56.38987418183341 50.94329249125397 22.973500439620054 -43.928660966614984 30.876206615439656 -9.50453384159448 29.989020141561298 76.93538728044021 52.41433536031539 83.30397213700408 -70.25676772584114 -22.74195996583728 52.229845038149904 51.59784463873294 -85.07061436880285 -93.99183310128237 -67.83980000773872 -36.16124825287743 12.388376089122332 -35.02895369067586 94.2717778205799 6.03690189535773 -35.749676964698 -39.42964858822053 69.43096866726148 -10.075301537195543 28.734643047087843 10.169941413657526 -79.36271827230328 -87.93618853606225 44.206406255488105 -2.8106285070557817 -33.2616666875919 -26.3180225300067 -16.406929763722573 -82.12952650123245 95.0797026163643 -25.329655420767196 65.60822092268785 62.641623558052174 57.1906325389385 -44.61762676311027 32.728225376326805 -60.04029364547259 36.536978158456265 50.69822932656561 89.9476470038368 1.4895427920113065 0.9340721868416324 10.844047842130465 14.706342044484998 -11.99688456041659 23.32953018308916 77.50851209714617 -92.58550246258605 -50.17236946024093 -1.3123575544216664 -71.82660589308688 -44.7885120161444 59.468996437457434 40.57122200686709 65.99115277988719 25.858990410698652 -22.47139308888373 13.605951562474687 68.03064381563374 76.61992741650886 49.31431090897783 -54.054227758270976 -13.643544719569789
20.0698927088457 -6.382805735948722 -96.37952672555514 37.33696454420411 -99.73923769371005 36.3312072087154 -71.4587172827172 -73.91219952919181 -40.029291693599056 -46.13963906516834 -97.48105012015105 33.40830699947321 66.29181372718196 -86.15389926262407 43.41111254027908 -73.96844557672591 36.69669521459545 17.475589235821914 7.264144434960755 -75.20305630633678 28.479048989741926 -48.51310020199047 -76.38195838232376 -43.73194293645244 -0.14556870966318058 31.988179569394333 -17.100720266521805 94.22760824055507 -26.20785651929738 -78.25127308640496 -71.69969162743297 -48.65194550427885 -16.39671651455849 96.86470554493283 -96.83777961033329 12.55473062835459 -54.67734898394801 -82.670024478204 82.0354041402291 31.06773730922734 -16.87961043201895 19.64744242727818 96.14778183027579 79.901811563932 60.15076090211113 -83.63922844709579 -50.83586001469884 -43.61072862745201 56.09060329816552 50.71704052835105 69.18081408926525 71.64789356183269 54.99579995182512 -21.225787898765788 67.0424747578511 -42.99793758783568 88.12517144510193 -48.000404005772104 51.45771661242955 5.788826871127341 -48.33099965788479 -97.79469638629112 15.702792509845096 -97.23522164127434 -25.931340913597253 61.41141383005376 -70.61692853872896 -85.98936218029654 -62.19756225293833 0.43065337813952453 9.023050815657115 27.931368030328343 5.428535371948826 27.47358370711943 62.28585212644879 -25.79327961901194 46.11541445140094 -42.2952217049561 -23.922213928409434 -93.46097792130638 63.36897138970008 -40.42887948546825 90.45937616888645 95.40838736924908 50.248259421268415 -16.285322124666067 -17.338207475830302 -97.58917252184041 8.724500344672094 -55.203060400439384 99.15683977737174 43.97063363639492 5.825247601413423 -24.32624619941825 -14.712597776735748 -65.26747932252992 -47.20203805625693 -46.4183256667376 68.37348949280272 -76.30760024794085 78.84295442204322 74.79015263590335 19.11112401332211 23.593853685387003 55.041577773885365 75.81819184066276 65.80504949451313 60.77959990322273 86.06397068655477 70.12022362650018 -3.474888238330081 -63.72529884342515 62.73493616107871 5.888481748806711 48.49312217272674 91.82114100471895 -41.063792328552175 -66.94340376923617 -16.37763024881849 88.20249549092608 -55.029641185224996 -4.774662222133003 86.93573385296182 -74.75474469544335 -44.00360317515326 47.15490042081623 64.62475647774832 98.80274592076853 29.796020127783095 -69.50055010956093 13.976701112056219 -39.98813816092151 -45.71972658820782 -94.56588281620387 -90.35406768030143 -87.5455058836441 -32.283413288252575 -2.7393601133578898 20.43065931277961 51.51339406521916 -50.74877031624616 -42.53526063644084 -15.241764710650088 -43.862178378293514 -82.56160267062202 -64.37845630812764 -27.613089769065695 1.032547179742636 -37.219028014832254 3.7075880385865503 -24.544463059734923 56.43192492562346 -50.22419307718711 31.47628380786807 10.763212981536327 28.149842569185836 84.85985238279582 -34.64276811315277 37.659330092801184 -29.675671073485603 -86.28620693741948 -78.16891677609668 -93.84290096807896 -21.98637754226762 -37.27632051635241 26.332587722132118 -15.178227665566553 -60.03430658356439 -5.762848953886561 57.20526081479014 55.62314855676141 43.105888024058316 65.41648589444276 46.52446050929686 79.96840199836845 57.9036395753032 99.39781717759874 -25.660188350256718 84.66339567074158 28.359935830081355 -20.422419483068495 -34.65328186160707 28.940006267010546 84.90753523486666 -90.93989654289953 -9.786630632563089 9.233817981841213 -26.671533296088782 60.277200226044556 67.22753616005218 -19.202508947371854 -98.94801802039656 5.931447739318571 66.15417360715873 -4.596929634512833 84.95471596733464 -89.40246083594612 -79.90734273391624 60.110167486228704 49.717606474820315
42.05717937943177 -65.83467338534301 19.885265862528016 -19.388650868626243 -18.139510936565344 29.065506032100473 -12.314756927443511 -96.86195938675041 -3.579383240620899 -89.044397567563 68.15029492056553 16.73880807685744 11.218453243213531 43.362459900215754 69.9251754278614 43.06806984257631 -71.02386200842653 10.602641759163902 -37.95273204534932 75.18937757535593 91.54736172524659 6.099630900985147 -76.73900748339734 88.34985273493919 -11.279755442256544 -29.807577760564712 69.96848991968332 18.233705941696158 -82.29745608885892 38.27273376187307 -91.02122770014833 -15.713709333168424 -94.7850876292782 8.951846663478634 67.27702825373942 65.11996862112898 90.27207945667385 54.34929236495947 -27.44990874978535 -24.57811335890419 11.043701338415772 -20.48356761333416 84.96239499090916 -74.21000646514975 -22.337834900933046 31.1481086103947 -58.84239445353665 3.4632634934880713 -39.32965735941192 34.43585529772807 66.56919662715865 99.52439223708564 45.810116964775204 25.07066876589623 12.350124218941104 -26.756125756145394 -76.46296193417118 95.19345876623532 39.53236018926708 12.105329069766128 -27.789208754085237 -68.77322865438845 -59.320356348676114 -83.81254872245259 51.30675006563513 -62.887268167733666 81.47303388307822 -62.34094706602122 31.11570337142257 -72.53730175027312 -81.5038312238781 31.05576133300241 98.09012297597363 97.70059220948514 -13.577039731899717 -94.73176708180368 -54.93790151059672 47.874781009255344 -42.08542123701206 11.108916533472524 -14.912590102539696 67.23193440402159 -75.30009744474387 -36.70541338534363 2.146245975256761 4.853300664928838 98.64399560856211 -40.802188613353316 87.58229891578412 -89.1321779024993 -99.36405181377393 -95.53652461825921 -22.59742951640449 -64.46543933151997 17.060134134238254 38.198808803606454 62.15601794499486 -54.60028932198375 -91.35757632245615 46.18203381277678 28.376029236014887 58.46661229904075 -70.67312601263976 98.49025310239321 58.17032238387668 29.073994576240636 48.669351429570355 -69.10710212492981 73.67506834195623 -34.21704620085724 23.53573128434303 -64.70037190205211 -37.82909268830754 77.63827876340878 -83.91210447313748 16.635375677207364 -33.47926459108719 6.654236380258439 -11.310760899134806 -31.622781772444753 95.60080261718369 -59.544501661765324 43.684762881977946 78.2443043640869 -14.530140214078727 -29.281130102250174 22.529880135934206 -33.10677327946475 72.77259139227701 93.2918500742546 -97.87320373008328 28.631632170884416 -62.32935646838793 16.50961244990836 -36.47685265021612 10.387077518151017 -43.05889980610862 14.408267697364934 10.444264832809381 20.51774161172213 -54.887133845755876 62.0655794094622 36.96292446910806 29.11073815187504 16.643272458775968 -86.07353025209483 -9.549932091248252 -27.692275480843136 98.63032834948672 -81.88744093133622 46.0004668124688 -37.69069131187892 -15.477567822568659 -34.189034223531834 32.29218540495671 -53.92406239371943 73.6930556673581 -73.96928853397597 -91.00247533778358 -42.08163508639675 -83.64499261885695 66.6852944515245 -93.32834139993089 -47.47770376582729 11.62595642425461 -3.9540901163562125 35.033326998125546 40.33803363723075 49.72194968565654 -36.12991700719492 -37.29791901690933 52.827450461194445 -42.84557769097395 -57.99826730619162 93.90565988676948 -18.156737812691603 73.20704313750755 30.55250510671459 89.03765778771154 -72.38791448952118 53.153190041801736 -27.74199329399734 -43.08265531456967 -19.2442528569224 -60.92227323767094 -44.10908148911299 72.18547859938087 -70.44524148673085 -7.25808556002076 98.79756236193418 -10.2027244984628 9.944807730449995 -59.02317880997781 -33.49617706049803 24.81194937029781 -61.896374409496225 -86.41105251428365 35.75490958770672 36.52004689137266 -20.171236997136475
-8.255786862739953 63.49400391776322 82.88480952472193 70.19686279622528 -53.59948962859767 88.96527683748369 82.15575608505188 40.618149946474375 -33.098132044470475 1.3274324609795656 -41.81058967188258 18.34723935114239 29.406906697039574 -46.99961885255619 0.5561061805783254 -13.314877585467741 20.166015372964694 84.09491276777479 -60.4242033070854 30.162202502645272 -71.83676202274636 27.76414609830013 -3.260506991356607 -12.521723597614539 -82.29769157997278 -37.14077675913454 71.26827286657439 -12.395885811682007 91.48097870015292 -88.70707597714053 -79.93711244426234 44.43563500319851 -92.99100881679392 66.71595116875329 16.257508333632842 -51.28627875572771 53.77505197422906 78.19202507686015 -2.183730315782782 51.56593606672533 -64.32988319317033 -90.01236067063192 57.26063726336531 -17.1082303398493 -55.5055926093458 -24.019769183690045 98.99140680217519 79.00398187039079 94.5958112373423 49.37855091745038 -1.4683054055769844 5.00856367944877 -8.065865542493157 -69.58585570868738 -72.60296576809901 22.93413887919668 -64.72949714264138 85.56274388181072 88.60642739965405 65.2035444996541 -64.17178408634229 -53.81864531836848 -47.86085912562636 94.54012318599626 38.87645113212116 -16.156001068292582 30.26099334829138 86.81214324280322 -61.548952535889235 -39.53007430411761 -8.503683731858274 77.16607867890971 14.891622654975407 -13.727333217903379 -17.93424830482894 43.549138801377495 53.82886093672107 23.179848480743146 89.91830865377835 65.32680016478517 -3.6043267132308046 -49.82573975235995 -78.01928019535778 58.168926383336355 -43.783883844839025 -40.310802414944845 -9.732334244441446 -63.05504086254749 53.17361780207048 -14.31726418680752 16.818681594760207 59.685557025526805 68.23054510219325 -16.548261418195167 2.161541117366866 -3.311417381857453 85.68634214016649 -32.87292734887524 -40.398641727999895 81.55631731683746 -25.390228609385673 -99.16792814207744 -5.218087497305589 -67.36110747567419 45.945040683462224 -26.777238945559986 -55.759434136129805 32.195537978229964 7.793302675010125 -50.750619720517975 -15.42546939027163 -76.17920103958701 94.74639682017846 -90.10607706409645 -26.16418314527664 -81.10043819017673 59.82790394664255 -80.77965509420726 -38.148517882818254 -30.044616112420016 -71.64881035813748 -2.5101556843065254 85.37255187465752 -88.17901967033228 -45.142227593830974 -19.970976294953772 -41.31878592494331 -65.09806132831375 2.883222877552555 23.01591091478248 -60.88132648180864 87.25729816331062 55.29321848704413 -61.668675827023314 87.46019697400905 -70.51195139783535 83.83351147305962 -70.99739895081825 8.662953727353724 -13.943578042572355 -67.65044374803628 -4.48052019029295 20.39517500622479 6.315778472642577 -47.141422746323755 39.83623837564852 68.95084962727702 77.66996887857141 -76.02955983717881 -77.96254038967336 77.76831622797789 -36.59213117042279 -41.73178028590807 -78.19471797395695 -34.794597812635715 28.49618873533447 61.191674376071205 63.22367044849156 -27.531285626280507 -60.61243484589962 15.793749156829605 -21.632796076662046 -7.080607407867134 88.20989562329615 15.8225613596274 -43.37499808097085 75.65301413051878 -57.90605530080599 40.26908064455807 38.136447363862715 98.81586794578968 90.86143660014798 78.07747888718691 -33.3203689161615 60.383520229759625 -59.82613015576421 96.142620767968 -41.17025366490532 -14.949240519312383 62.02413584882197 -33.717543274772126 5.96933559425527 7.615819462140294 -31.771971832738785 67.7132337652285 -46.901798290809026 37.94892711798397 -50.950570040037135 76.0399607127313 -67.88755016066554 59.20899845112814 44.047340376349524 -16.727924107951992 -3.722856147317515 -18.666103205282482 -21.060098948737235 -64.01663334499335 47.47794064636474 -98.24395471769543 71.7548521717836
-87.5208102278024 -19.59702945226765 -62.2461533793284 -11.578514893322023 -21.769244814511012 0.2577654703836316 -33.87800602354672 42.31043134071996 38.933719391752106 73.8670107497926 -39.5752601771366 -12.3747366663071 29.4205571641383 6.531474332853122 88.43327950996607 -92.18785472616062 -87.04227219578942 -5.631973663304549 -5.1811141317190845 1.877687836377163 -75.61956687949399 97.1507172248032 33.40038402171939 -2.19429886738898 -5.026900100827916 -76.11738208818781 23.671898209972326 29.6328841436775 -74.64270112653824 19.245096847940914 -60.77374439046934 -22.78110687893013 -15.265851180705042 -87.7831692659677 -58.47323591635656 71.07822731805905 -4.852014256193257 -19.368243391307644 -0.12691275518244538 78.95936420296462 -44.24223367540772 27.432143875927892 -69.98540526988162 81.90151919019644 18.98766014728062 5.028041651606813 68.06144987793604 -66.89035525554337 -41.19481730164431 -18.347742084592184 95.72269144229756 -83.16510162145923 -23.446298965321574 1.625588118913285 68.59166299415179 -48.70570592199095 -67.95103307491084 6.453290875593808 -53.47553656032036 -81.3568277671581 24.661398877908567 -83.69380615136342 -0.36992149175611644 32.47196425598105 -58.44496821676077 61.04792965610582 -90.62036543470509 84.5728280952556 -7.857672591274678 -59.34671144509187 -74.09509081272454 9.237403031938513 -25.98262137626321 -10.900305907584482 -91.41307608377527 4.8862533608786265 76.41869857501416 50.33562184739432 -57.77017688208854 12.551503660763942 -7.971814634102088 -27.507595683962236 -3.3583509424213105 44.556157607603666 9.285772915163164 50.908189439120235 -76.34751965448663 -75.22946949049181 -13.294985207000082 -99.4020137947658 86.92437598668099 12.654207569169799 -95.20694792555209 59.79714588445003 42.16444045434585 83.21514683731652 84.63452518277487 -71.09462033199262 -4.241507076382689 95.80297400202159 84.01336811207881 42.71921755701135 -45.15919261887697 37.30123441829082 -33.24999991289816 -12.614715459828062 -23.982566447566512 -80.14013858549822 -77.94743578124763 -60.11021671742234 22.516252720683582 1.9164573703253467 -37.384179656306046 -15.701727333034768 9.66317308411844 93.50060600558533 65.0485744821942 -35.76444396012364 10.515616988302341 -90.42638040600461 -49.577198632379464 -87.84088843330255 9.511496564269777 -1.5798285907844871 4.431520125528337 -86.43955935371916 -14.991809943525624 98.35976541223147 58.05982619447704 -67.30095386453226 90.01899517266096 32.68751988384372 41.64885393485855 62.15916567846688 39.41371560106825 19.20471220850628 -24.440847250737335 -21.74381534493051 -91.65977301061714 5.033853559743079 31.315739796018136 -74.20311303110878 -78.6649924591484 39.432686848540214 50.571435566813875 -98.3172288399313 -27.051898950350335 32.08696523693851 -25.98190071968527 56.544173673435324 6.069131450886829 57.57156062327863 97.67535683629487 91.25099263474038 -20.141292873440904 -14.148421770632538 -76.77453715104059 -8.051247111509909 19.130488299632404 88.49087153458598 -68.00872652805856 -81.71039908933983 88.25880984761525 -24.876099761547124 25.87244167526923 -99.16846458954547 -78.76905297618785 93.22954482690773 36.982358665852075 51.79258247591915 -28.048864798100496 96.08710324845347 -13.754251569355105 -2.682844099090204 -40.935066689198464 -25.883282817245572 -23.76729345082107 75.72765162466877 -66.4819173215813 20.157658909944615 -58.410870315503956 95.78164586869602 87.86704002472928 -11.132440296384544 -17.599641094648533 96.3189595054346 51.148578110238844 58.14323104704829 -15.481730518096384 39.92076308436188 -7.9189807653324635 -5.142473390173706 -6.987226100446847 -4.8435168286211905 82.76324910074143 -23.98588865078264 62.99851749768325 15.383057125261445 -42.589667427352865 -73.02511076913572
70.63094620221358 -95.07168139251121 -17.060677866810337 9.770677733858108 57.2419380733954 -60.59522960167356 0.43855069023288706 -36.05193535990039 -46.23067070635247 28.22384652374123 -10.380064120505367 75.13636755752358 37.97699605800912 48.69965598733842 -17.647088928916602 -30.64933766929883 47.02656391167841 84.85613530748907 11.112592393664158 -24.675913950292454 79.01334712961389 -71.35008235558438 -39.82222480878641 91.15508025189345 51.69460710293353 -29.2725918194122 17.08627472099913 -34.18884548678088 -43.13464323234264 -83.55404007181181 29.712992999543673 72.40787025970224 2.8100662341316536 -86.6101723675383 81.73675066800556 70.52639218872193 31.626868130260135 18.91261128596848 82.6328036172234 5.618842145829078 -31.429288127148226 46.993950915501216 18.217669270747578 -7.789015312084828 -68.51669297243083 -55.119925934533875 -91.19191636947097 24.246736005976615 12.50743463348239 -60.75413281712885 -24.888432803976386 -87.10408699051729 -36.04405596909908 29.647133750920915 59.48165333314941 -42.06717729843239 -42.37660968244374 -52.39732613720391 17.24799766119041 79.05748502851802 -67.8291854342792 -75.68690945728036 -35.49801933055565 54.18563827601764 -1.0778740741238693 32.37026766874965 7.400629437694178 -85.03215155470347 86.38798344261079 -98.45332050207209 44.39190381400306 98.73469453034781 -31.010909624200607 97.78334139535107 -37.53865395623184 -81.40913561609719 -79.79550232122897 -57.91489526186984 38.59535835468927 90.32522562681055 64.29693464030154 94.85313281202968 -14.264878132798174 -96.9238236653054 -35.04352451101214 -9.847675656821337 -32.45189513800098 -99.09212054159921 66.71542970255419 -94.12525614407174 -98.09382694510379 58.97769930951634 73.98632978540962 -1.3202267678147308 95.38990429485185 10.30815948610369 64.4082243315977 48.77841371971016 86.71635546006439 21.97739067441971 -60.88482491685765 -22.753740005098976 58.952058115466656 -18.8125387905187 34.719236361636575 32.97826254405342 10.765727968606157 84.23146156409288 -4.838286038666851 -49.617355855488476 -91.30051718062255 -95.08660006868527 19.092678919273936 58.24290869712124 -95.01836548107757 78.01242344021503 42.33835647782092 -98.36790121005619 88.00948897906551 82.90983323832 25.7191821462321 -95.71698169237696 69.67957148225062 80.17446079652649 -14.142902638421305 27.116870876848665 15.729502219094442 -73.76362441176785 56.97042391647648 -27.064344801182855 -0.8618549276070837 63.44507073973523 80.87817939029833 21.072765226043515 5.476923338660484 3.048085868047565 14.54641148253259 17.128333623752383 -50.07288349650707 55.28913459358179 -26.456972340483787 55.036467795421004 85.63582876409498 30.135574374518995 3.4493743025982155 60.86853406806151 44.82167092754398 30.84597696791198 56.42749848485889 -53.96512501975859 -31.33045637598883 -10.30825466755229 -37.72729075135857 63.964464153907784 24.10966289629029 98.15593165468962 51.38268739401991 57.469122210409154 -17.287203210247995 19.805069597341756 -4.831236640928793 61.06035862315454 -34.94281065352152 -23.41208562034869 87.3785801688642 23.826889459264038 87.82394096912049 10.516285507034851 85.91225147353046 -3.9096599657680002 67.6343569021461 72.03492547216825 -98.02878427934445 9.098415346568771 -14.582016053289479 -8.799625400344297 -56.24265427987369 79.06299677162096 56.381309288342436 -7.831567639820264 -5.755676102561978 -35.36353241089567 -16.96268456782694 -48.79829946275274 19.66523246584137 95.57388439259688 -98.19505096319807 6.097324678044046 9.48898390783748 45.47917049217284 44.08189899354866 -47.428312804411085 66.39163414229722 -49.644025533789105 -46.72831333054452 94.70060968043677 -86.4621312408468 31.22803180740476 -72.6678025132305 72.49804754853238
-82.66243766376297 30.0442744335935 4.873872594153994 82.05428910083356 11.10924322379941 79.08752546468517 54.78525722022809 86.98714428193142 -77.75538900895633 -97.76915103613348 -61.32998703374846 -81.65051817557342 18.997843196747866 -41.70586149004683 -81.66487573964775 32.01223936542161 63.85761311848759 -54.881767978724724 -50.70841121455629 -39.77248622539429 36.78759392957687 -1.1089541033238532 -52.01315854025359 54.35398859192583 41.69346744931798 8.203628722828 7.704430403737561 -85.93286043008905 -55.42164897550208 45.96647830072743 39.08475579479162 89.91570837729293 -28.70783768019929 4.900423403894479 -24.1353722197382 18.01007034571407 -72.36004348724683 30.951949492303413 -69.64206033639653 -55.05343916215366 -41.36022981600496 -94.62665068491047 44.491829538524996 15.09876112845356 -27.233164339013598 70.44346823719064 -41.98511746975513 89.68252298272296 82.4885127799447 91.18614570276853 61.92297503243199 -25.482327028906667 96.70106717610253 -38.47211545137159 5.206048810275462 -57.639258916035004 -78.6205702017296 47.43293022463794 -79.03899660866567 56.10846384072997 83.89696199185553 37.95384903490984 55.17211413860244 -70.15297412560979 23.887318347324893 -85.30045867126934 -0.1978837288171036 -52.71780952209719 58.29660513172888 77.26435376968874 -51.358935789581906 9.95870399044098 -47.30195765469707 72.36073853057817 -55.55712388483243 28.096271567036126 -34.26963864327381 -76.54315415580368 -5.711632954580665 58.87124727443722 -91.89695293699525 82.89951150444784 91.69745492731752 -53.741971006706855 -20.38027821555559 -68.70845902525733 58.45005787694936 -39.877493935612705 77.59648932496611 -0.8866488456985735 -62.16095916465933 -19.64582237988266 -5.232669459137895 -2.4219565228229953 35.55429006679668 -11.09601108452405 4.809890053101867 27.41432147091625 -83.59068936283907 -63.47360874384464 -29.971506126945457 2.7195751797362675 17.30702185386201 -19.45602748756683 69.45073336000561 -65.05224211552607 94.4486472317522 57.0286786213627 -37.67263607012128 -8.319610551863207 -28.920669662172088 -5.395472137218533 -15.994426287977376 80.06524688118611 -61.52315029646176 -9.330507085560441 71.019436851156 52.223757665333096 13.557370215898644 1.4403713217898684 65.79761201505553 -16.13088602087302 -81.24945812497167 97.20027013756871 70.24649402319079 83.81264313862954 -93.9401067759741 -81.09107082249534 -72.32084186721866 22.559591354582494 -63.92613334932393 97.6422027873108 7.079322772084211 67.80060703679109 0.6264547640985967 -92.78547550785554 78.00084201035 -65.81841216399991 -97.84816223654067 9.468100168395921 -87.30481798254523 -67.88280444820671 18.981593755381155 30.479233166591968 97.46068760079203 59.2851978724818 35.31316586158454 -11.191854552913625 84.76308747906768 -49.56645329684619 -62.19150902423527 69.5469815974208 4.834205816723738 -81.48720710257066 -1.7016604459049915 43.645592004884435 -49.708483489326085 55.11942903568291 -48.04543201495473 -23.968096248127125 -31.009444600007072 -8.557148667469264 65.50648658982544 -73.91987566243733 -90.57731766218649 -81.21237565935763 11.618389880170568 -91.75365111295298 67.13695369946458 -5.483444951070311 -48.885204663965574 24.08903058107606 68.78344891133591 -39.1307985523933 38.13949825973722 85.02703749122037 -15.771504158761232 81.73193215772287 -92.57252259519528 68.19534097867577 75.08912039329562 -86.09232756556433 -21.284833336943862 61.86694147760744 12.822690238575007 30.163590324157184 34.40942316978203 -55.19243752097833 -40.331795192919785 65.60493160483131 -80.64700667145857 -9.305534199225733 -15.597279112787234 -8.235376635956769 33.13651691465523 76.44921407682406 67.97836321922682 83.3050551523057 -86.07474557300179 -58.04452336982129
63.338010995415374 -88.4611743666759 83.50493715209853 -7.326817390755977 -43.42502475601027 -54.85129826703334 -74.90729455729597 45.2432439547768 -9.715974239971018 26.66503147321653 -25.754898220638097 -29.328416808668408 95.41553019036212 4.705576184934884 60.39699257630855 77.85317073783193 83.11397860909122 -81.18236442780847 22.690093360248568 -53.65890076274944 68.48591747631295 -10.369018581709582 52.44751956293311 62.41908093052672 -25.403072410408186 -50.58832478983193 -65.36884552691919 23.702171574447675 -49.61695332294247 16.26410235966307 -69.79538961048894 96.91126535956369 64.92321813879394 -84.76067072285558 91.5946516747041 91.97716981503223 40.51953477632992 -35.98911950611571 -3.7003406455771 -17.388220206794244 49.02530652604062 17.021060058836127 -88.01199377752809 -8.907938063193967 15.770388094951656 -75.74728464565707 30.5399749837768 97.8522550155335 -68.46949000594329 64.4197141248481 -46.09269121752493 -9.917607045709275 46.33319436526432 85.05918265742224 -30.9561145166424 12.820153676982855 16.14168213619189 -21.191622383496238 -98.65090026840208 -99.9562907536552 55.26236591455043 76.01687129625557 0.9288077628499423 91.62464622198024 -28.62375976976743 -92.21040915588475 -90.26249265580381 83.81424367055178 15.758921357856252 65.35952567588063 97.91442879879759 -40.98225041168582 -1.59478064195946 -47.63696421996158 38.96546136412846 -85.86062618003962 11.246083236498933 -44.07167077466689 8.214183587657416 -21.63146399328815 -54.65989846848047 27.13237328737854 90.23244742047487 59.55036875122869 26.470430329954482 35.972008500307055 -93.93539716138244 42.4993862313265 2.8312374398302467 -85.35662650351897 -50.12751861872082 78.20409378912328 24.470798770866224 -14.515648825587803 -98.63955069966053 -86.9933435452545 -60.39421647173122 -86.25030340376749 8.194198392504305 -50.62287843938702 -66.34317276740597 -23.135392974588015 -88.34121124873423 -89.91118931432618 76.8537553336948 -23.259646014899275 63.642614767534525 -80.97980964257445 -63.512884664663005 -98.45958861143933 -13.582105304437775 -28.961062951070232 -17.466226781702858 83.24043950357392 -77.56805357915223 88.15457688141865 -60.439445523620215 -91.46237694048473 8.486653694736006 -63.52139901642293 -2.6545757647551653 23.63197815033527 20.941406721621235 15.780472127362884 71.63093406739534 -54.51277407082238 71.38509606460454 76.12756515071678 89.17893434683214 -41.29073939844956 75.47052167546579 -43.94869304941507 13.567693973093142 -62.85830198603599 24.985698415982597 57.07820708905828 65.46723520628493 76.08850448849097 -2.203771434444519 -51.75103208573353 -49.919523167972635 46.481567569866115 -73.7020283471046 46.59531751087434 -38.082519045953276 18.444153656778695 -36.21588212517863 -44.48040672094986 -96.4770790670135 -93.39143316107747 -88.70128414655323 -55.65047456834229 -72.44749344080327 -68.75918039591915 -88.44361993942977 -94.33919797757942 10.86976761731367 71.64100632614637 -82.69267261723854 60.045135430596844 -27.24101725918166 30.002461037694076 -75.50498639880045 42.59860823541641 28.716077584530183 -0.024138023658949237 50.83348304519987 79.8731177239986 -58.479546563513374 96.00095959087759 -17.93809462852016 -24.49385180580481 28.477550158969024 21.25337757151118 52.46145103868648 -59.1145981334406 -33.40659489593247 83.34926009509783 -98.82145060230958 -73.05220594209541 51.56884185471091 26.97292514351335 -9.530311057185756 82.11151002628 0.683953147243372 43.710870857237495 -13.497654855360167 -25.130037533474663 93.46647917733023 53.505813844287644 -50.26892350922756 -49.29879290611816 -53.88251121718992 -17.194247496715988 31.737317350104775 -47.46142422009092 -80.71658382280864 -41.51273395503616 93.2015164907142 62.38878451961625
-58.885681467198346 69.51394168463614 0.40357928243946617 63.387822050551904 83.14141454065808 -97.128948637511 47.78108870564509 -66.1538491173753 94.72988867593926 2.5752380801313848 -49.56448672010345 -62.96480590158 -96.46619539654888 44.48792363088404 29.558629379262868 -70.87835298092959 20.968902821743796 -47.547493130356 -48.03286254882722 50.66419692674836 -95.62223213856223 10.941088008274534 6.90205198513479 41.33500219520053 0.4593921818738096 -96.7424246432918 74.53118302345987 -6.29302531403053 -5.495112539483827 -87.32019419573747 -34.49776225788797 15.094075333755598 73.31917582562465 78.04459137431778 -53.91687255455222 -94.51116037429108 26.137240718862188 -73.72394511838522 8.949201619617426 -7.00119600436922 -70.24923234036285 31.269030211760224 6.372575643162648 29.12452204938694 -74.02908986340506 5.752706874535221 56.97869531149263 60.118016790051115 72.5602645439862 91.93937847029855 46.41967781316933 80.614902731249 -76.00814646920242 11.448835784425967 -5.985507862175666 51.46122903980256 49.05711155661484 -82.72268619026082 -80.83410864944594 -84.37280364416225 98.98602248710446 61.49637246547036 -72.67719450116485 94.17032986313708 54.579398283687595 -16.663784216706418 52.10473758748162 -60.71418299327485 95.64946036724356 -65.86711484684722 14.241641062009663 -34.95920357733138 -75.92343509675344 45.292573102821564 -24.528023455070482 -93.4602841952997 52.57690278717075 -75.49851117192144 -97.34499881925369 -36.03874560729938 31.911965944864022 96.00252523749711 -4.964702661078604 18.053342296277066 88.63957922629874 88.76264649838512 42.520279418686556 -7.600336649707472 -9.186442547703749 66.18812969486117 35.13324794196217 -87.76712945281706 -88.38260455472353 -12.109928915064685 -71.47859346707753 -38.51082244903807 72.57841615149928 -21.946334686011355 -85.19726743947366 -83.15715117068758 71.82586942208681 -63.55614773724092 37.726575988186 32.428682965099654 -96.18908494307607 14.94574654449859 68.38295765655269 57.458792325280996 66.04210157186805 17.826911693988222 92.67935130754864 -12.696955781159303 -18.412161676690886 -49.706895392537206 59.94750760161202 24.84208837724566 7.614781764175376 75.75558973775927 36.52362686735523 97.45267752035306 46.653127265069884 68.07606377048691 -77.46207057939003 44.121326785270355 25.017299167739694 -91.35590295809615 32.829268395839904 70.05378425115242 -93.52665330377394 -53.08703344362873 -98.53184402323825 75.30988775054641 -62.66365083122489 32.46015096093032 -58.88565790948568 -21.66665616199475 -70.84941144476215 29.721860625213992 63.58299461143059 -42.98201223192714 12.236383721317708 12.67568884363088 -52.352233448792674 -52.40061712022239 82.54975743422042 84.33609899305483 -22.77153173528596 -88.35432141895656 98.75733175155301 84.30497931892361 95.10487823406172 -17.32792872687095 -76.98751975747007 57.819717905451 -18.95097671431931 56.58229868477727 47.703542564294025 40.879371331475 76.0512664691889 33.81879858939379 96.81043508693367 86.0583783784925 -9.119964128779571 40.54453629187162 -53.15016590279515 -47.51663010416818 75.51923312801645 -76.65230927522215 -56.716375220523396 78.20323238543065 -59.15510829285127 -79.85380782653291 -81.89386400964575 94.52086673213009 19.58419113183163 -93.83909946674692 -14.858155735971451 -23.530349562723927 -31.314745142647425 -36.30706037890281 61.253684415545536 -8.375342945081243 46.90447934027094 -77.54955695979169 66.5499571396391 -28.621927872591286 -4.168735051686156 -43.673049976476584 97.33584207579113 86.16865176120504 -30.0981709465445 -25.19230745801771 99.52403065127461 -12.773487659900297 -50.733457429756236 96.37510368784734 51.12624061313451 0.8266006979315677 -89.13982969426984 -59.133266988269554
95.13880814008385 -0.325780102154539 -57.10486253701905 -19.41787961241097 69.08092216145533 -80.66087878944172 -58.31863815448168 -78.52599112210441 -68.97210283720894 -59.55486415248996 -63.789275678792066 -13.105347757285884 39.94323896537182 -25.65632324607259 -60.3368303005186 -16.244782674097436 -20.64558708817256 -86.763151685397 36.151069126947846 68.98414109717535 -97.48018141199037 96.6216013123462 -67.47187633198041 -3.0111404647087596 3.4915290153209213 56.998052458687056 -6.2718242368125345 71.73272104246851 -89.72506685754907 9.943208260107951 -51.25361414976843 30.517799001958537 0.0394311049133762 79.786386444232 -67.71736951399595 -47.49324335059344 -35.52135487956703 -41.625406851252045 -79.31866559862243 -74.85710061216139 90.41379765900956 75.9952898763243 -45.885125605619834 -65.7727801845997 5.728635005496159 -66.56393800734423 -39.51202253173178 -90.95138910161009 -37.56703140077238 48.51997037184245 31.005342175577 25.632626949187866 -46.595375423887006 -89.65376242509453 66.50921719834898 88.48090258452729 -46.114766816766874 -89.26238032506207 -50.54391415951627 10.369681351842303 29.968224292097972 10.08565375237525 58.739332100679775 -3.993868059214421 -96.06009654208638 -84.18159631083242 -80.98856194661697 92.64386963758295 -1.7535176488353983 -16.962396826126962 -47.857860040341 -75.0439035656306 56.31620210739683 -47.462230084148295 -16.44684404166965 -19.122527236904617 64.08991366589203 -31.256779782229742 -10.85464537404745 -26.5987601907226 -74.66184560895005 -70.28635109128463 6.382425332062795 36.18470147393015 -54.22717702254809 92.96752580969397 68.88751428653833 -2.857936937766837 75.61499493790396 -56.39750314566647 88.28569021314931 -49.8441978335094 87.38802467476225 -14.573919464085776 46.175568926255465 -68.45209769843778 68.27101093001545 -65.07686524190026 -3.0763629330876228 -58.17552526434766 62.18856258626141 33.886148987309554 14.463554735900715 36.12961450679063 38.147542845257334 -21.629597700543272 -31.5149245455176 -81.76958318227236 -60.1193047385312 -84.49378862833609 -92.17302565647574 -9.344785260473017 71.15899336629698 3.5860932021728615 -75.85969670315612 99.66163681118883 -51.080536181989956 -44.92837712313098 75.39452525701807 -4.248035339838822 -34.273527727675486 -23.01136964124126 -56.58509682693354 -35.5746983905066 35.238099546613654 -87.65388363617001 -71.88279763934102 -77.79951963125733 -82.21112788204887 -62.44688968513443 -28.68856903195345 56.53982868101849 -24.63337639277829 -64.37905179940026 80.67857028503064 -2.6925843952387822 -87.80039606403498 57.25916839741319 -59.782103284971335 95.44814060299117 -85.81885485811343 87.80313137934655 -74.2466634326088 -22.352203838640477 85.21078151705015 71.89561646997481 89.3553849406272 21.74248988545095 -27.427826375197185 -0.5932418888766904 -24.77838471161016 -81.23963122944804 -2.9586836934641667 -48.00191222777259 -61.303543315833565 34.48079092012887 -7.734389141767224 -41.92638287757187 -98.87864432084106 -92.88239129549156 -65.44569303102861 65.84443502195793 -27.659218574685568 94.87178739282933 40.603790575581 -21.157318392686264 -10.085531261033793 34.63725113760199 -87.67743010152289 -42.18479835891322 -58.57415321193573 97.9283043871242 -77.46912081425492 -5.803048801220839 -25.74213885453935 56.936166978703596 -95.03344273567826 31.764190728659514 11.35780939178808 18.66041455977519 -40.683514938298075 71.12207740336993 98.90967443336177 -45.16541347807124 -67.97295768037648 -55.725801405835476 -41.32156956956648 71.40338924787807 -31.280687880014966 -49.250690727505656 -90.96438523923642 99.21082435016083 -43.21822880689674 -4.014280501939197 72.60642748801706 90.25947131726849 -96.88728875198491 -22.017924866275493 -88.57748900783275 90.38715999061313
91.57244014653298 -80.86058178802816 -28.542775433682493 -13.82411644542185 -98.42122339981132 38.745043942453066 98.03992348669021 2.1398426345836725 79.7795230208057 -26.020711680121167 -4.571885088410866 6.166846892207943 -16.835803116984465 -22.775810473717968 -5.141431229608415 96.91027572822028 -70.88527242564251 -45.94576856733221 0.9055702099321223 -59.500445078462924 -1.3918973328728868 87.69254806379058 3.205238683807977 -82.73821644257826 8.775706354855004 89.00285399838 31.24194154570722 39.03982327442691 66.20132740814256 39.030754580271974 38.63310236448669 -11.486465461720002 -49.69042251632718 -80.22672170085075 23.5262769408549 -89.37592505279297 79.49407436740933 47.048441795291666 -63.27707585122604 -78.97109120968788 -47.30688683742361 -15.1587239725079 32.618202195476385 59.7812828455626 33.36651620962505 74.31929060736829 -58.141755889541514 -12.403784469521213 -32.67121433371807 -63.97326877335689 48.08073170004272 -13.171785764578743 50.39750600249059 64.66960791160653 99.83683679597718 -89.22918069071423 79.925069834439 25.81226154447009 94.88846592645356 40.012105400942545 -89.4719826721746 26.253238457568173 -37.51990676330881 -25.149080173597667 97.1306061569469 30.114739551158152 -43.75288297558817 -39.41255441407794 -83.19442442290452 46.016377011724984 -85.71528435342005 26.11023607417944 93.71227774397195 -50.95624275525079 0.764986862345836 53.43244149750558 97.4786634391086 -61.706549355659156 70.28877827067836 54.64357286222511 82.32826157183388 33.166469427416445 55.869679526123974 38.35886031955147 14.153038308484824 80.53123781907914 31.000525833796132 -65.97676129589766 12.957071477867956 89.12297827394596 -28.558222156046952 -78.42209165980074 -43.95960794858309 61.44248890568059 -40.68196263833399 42.49061445022713 -62.24430353282462 -36.325415980761086 -72.16620972808414 -26.888775267928693 89.70737572885369 94.7239273205133 -47.668238938635184 28.785412080166935 -37.90538447192653 7.188453107264252 38.098688091556454 59.58580661070988 22.171743103021768 -8.109885191395477 99.8208362492521 -51.0073954947474 -72.46495900502967 77.54139410363214 -15.874729856624796 61.708601612152535 84.00330644158376 -46.84603426774705 21.13939150664355 -53.38910639016572 -38.4101631714616 87.89453151907799 -19.878737748530128 89.90224856156937 -17.64690690855221 -71.60347719831981 80.20408779260131 58.830786680862815 -57.370958593910174 -5.508337308592928 94.89682001700854 -0.8885582568566548 -1.525501785884103 69.92673974238127 43.455571858558784 24.154032496312 41.807961530356096 49.266656651460096 -63.65469344296202 32.733608297694104 79.64627812332358 -3.2802141757805714 -7.243895144261003 -79.85613484355736 83.12628233377876 -25.878943590190147 -96.631892058364 1.8025969362902998 81.46523763757739 -46.13437430437364 86.71198500546552 -14.310016404337006 -55.23858045556196 14.27172776980052 -31.45817541116233 28.91853554118572 68.59245529379047 -51.070965708667806 62.98950231911357 -22.491702277837618 -10.193725032703881 -98.17623726951818 -42.788723292515705 37.8149803042937 -51.49742478893289 60.325596419297995 -54.201374041973224 -53.03894698962664 -65.56218265273847 81.66434036947788 -15.170798910665127 14.28695614575608 52.40504912866052 88.94465269199571 -85.9712577815543 -10.510370462775626 47.88691862758364 80.5848679888528 -68.3254536574397 55.971371493704396 98.92298347668006 -13.673827119110697 37.419402559257406 52.897833841742994 -99.05766123650457 15.475853307858628 -44.67033048810771 -60.15643941740863 27.986787669139375 40.26205774567836 -55.99353732560102 83.44987668911642 49.61145868600906 16.33399603765153 -19.770412580082677 -81.98959013284457 -88.86136403455866 -56.606119107315834 91.88965256302913 69.10053307108748
80.81358525564869 40.32021948706978 62.695484823692595 5.229495850446057 -35.996855542392694 -3.8143481338780134 1.7204154925614148 -10.766502954542048 -7.49225934871815 -69.56159258098108 83.23325364914774 -11.376644277338727 8.542799404750426 -81.78705591513393 -28.587402778465517 -58.177142896588194 85.89492959071501 -90.01572877531932 -45.98929867447992 -33.902355916976816 66.84492398409944 -60.504060976736085 20.67580238406164 -99.19518906257088 16.781173240161877 -89.30515615505534 59.10549964314512 63.689601198546995 70.58969319622867 -62.040897978275524 -28.32827298660581 75.4574607679817 9.984812287133977 -61.59626819035742 -80.2856597613967 97.98909647604091 80.17462016664939 33.1649205591587 86.24006990477528 -33.48556363338537 -99.93149387711529 86.45652578905435 -88.43355543180289 -58.838254236999575 59.498708143469855 -82.17861930334989 85.62009859785013 83.28396666736168 -62.56561950353754 10.982599963943457 38.03560914076266 80.03566750351624 -90.37886553902024 65.1012551498495 29.292397673642597 17.85693574936107 -48.983437378979964 -41.032087225634115 42.31802476377575 -29.54382655472243 16.117067025939093 32.88827126135027 43.439829823924924 68.44555528568651 17.382363367232927 67.93571587512449 30.886136834905898 -88.71940309505455 75.97797475157404 79.87863261478466 -19.476821512694897 1.302888052920963 -9.423897192280279 44.61693480389533 -95.77343746905744 -47.433758063689815 -15.053968230279779 10.251254362784138 54.854625261139006 52.793322503026076 -68.19666289421282 69.86629706173636 -32.65594222742452 42.46424819453776 25.49805988174508 -35.08934732567059 57.87205607433182 0.5098980690571437 85.71576273682916 16.41524835501427 -80.85956403496638 -46.98265682552065 25.284604150802153 -64.1344821604916 97.76465946290409 -77.67762434731878 -38.67401023648127 57.32583999666568 -93.20670727424012 97.30065228824577 22.702748833536333 10.662326073132263 -59.55675487917871 -20.392565492650434 -94.2734407434723 96.09421946652105 38.18337568979996 -64.09536440119012 -38.4409875335852 94.48074524936038 11.886032247629942 -77.67440662848249 40.41002668543592 -52.6916917957422 -20.139620038159592 19.634879336714278 -10.318477420197908 82.84794732469805 -57.58256794943337 -33.3050133092095 35.05127743520379 94.27367068680829 -46.8727517994278 88.0745032964017 -0.6476007028526851 38.6341900727879 31.54565931324737 79.73907935135858 88.71673281798107 38.356317126941235 -63.474767116170106 49.08812894716081 -54.89786320812768 -33.89336941811469 76.66878805453328 -30.403305972466413 47.07150333432622 -87.44794473368336 85.21204969012243 -93.13297547660635 49.62143752376642 44.690864980245834 -51.924122109454544 30.37182214208366 -85.90935543162037 -49.25965830228329 96.17992907685164 -80.651463429086 85.40654637391947 92.25423543195396 -4.263255140468075 -79.37579481922475 -34.86105401624175 -27.738550227152174 -95.66147180052036 21.26089591370419 -99.83599776015797 26.853230237069624 -58.93319240860646 -28.828844593655887 -56.69948147726165 -49.821426449206555 -82.7178329145832 86.9705208809367 -86.04062368290626 -87.15910493470633 14.464254728814211 22.906519398318224 70.69338098278959 56.42153955652711 -0.06411095152702728 -96.65589240761756 -88.1739375585534 59.51129418029083 33.8020941534991 -17.94183644291377 83.12332262286901 -13.855262240805956 -92.56861263152838 -57.29528715274863 4.3734345558154075 43.46833319165799 -95.42000166004027 -34.310238093692874 -68.55928204320551 -95.81178027687614 8.458441248785164 7.115109548806302 11.930296409726765 -0.47003606153117516 -84.25392773031604 -28.98481015954806 24.047363014935527 -40.03523787529062 -77.26950022482337 5.223667367012936 58.270761621096455 -55.08874063105842 -95.7830526975765 -15.929697995279085
-61.50540804272524 31.025667638561742 -90.242459686067 -78.19952623981334 22.0730449393171 67.10603897187534 38.49976310402704 38.500245587369164 65.04821141080393 64.6923803335934 -52.40498512352323 -22.821666929589114 68.63641169723223 71.69055348376367 12.4502277894222 99.0180265900305 -24.61202849769333 60.96810663461471 63.158736656452646 -27.82361265235909 4.2111720276975575 64.8167790272386 -78.0047517684666 -11.972845505639881 70.61887004398142 20.3637550905742 -56.24482644014326 -26.535597732851883 30.52038994670582 -79.85694055543375 -82.25598421869331 -78.37895210506495 -24.919629511997314 -40.080620404910626 -45.46585236359331 51.14023318412404 -71.30066142641482 49.11037190577568 68.99669149769085 -9.554875887113639 52.23887550342113 -0.30191400384178735 -62.49561727516901 61.693327386761524 36.67039152871979 -53.115788634480076 -36.189636246461454 -95.27096313641776 -38.697589320468275 4.084423144050106 -6.6112017527939315 -86.92523347197505 -0.1276571543435523 53.34240585050944 -90.68081917726944 15.360918171098376 -70.48678743773081 16.29587155652885 56.23450257971646 84.61457600699717 46.066586302211704 -17.399358319964975 83.25258954289444 -49.87464976053593 6.776813343804847 58.5407956887573 -86.84823290223424 -49.81252562992691 8.293257545668382 -24.74699995087539 14.0915743937923 43.02990071294113 -77.81922120661167 -37.11568742463793 93.04313809120751 -27.04681558768256 -16.943588528811944 26.586770908804922 82.59829514338628 -50.40310830893784 -41.661841237793126 -54.49287892512251 50.94065351261381 -69.16983917601125 -84.56375633541744 47.625730537305 -38.483232625604956 -62.99887034309726 50.51759702670495 -96.31780282773012 -95.36515985848499 -49.798772299495965 -34.74972950668027 4.5331398491160115 63.987448453687705 -41.520177576585816 41.06842171976402 -82.31618767091766 98.84902686891544 -71.96725468489267 -11.024154737805887 -15.229138037216217 -73.8184656277985 55.263744543724016 15.719615132526755 -84.68188293373072 81.98581129474931 51.34363033869434 -56.05528445040731 -27.60619094509731 16.844435430970933 -14.138941936969147 47.22723075202029 -82.74994982702448 -16.021969395970828 68.9492149046331 -45.81040206517248 69.86125606297557 -82.49808467172184 -65.88445383911139 -55.002457785976986 53.647528963380296 73.74619422927859 -87.51920407496334 -8.473190008446124 -30.29399520899065 3.7317449275661403 6.399424613507378 65.44576635747131 -4.829739594639577 -97.62059199133999 65.15745333321101 21.97866864863684 37.978646578251045 -52.92556938475601 -2.1220290492179856 -13.741774366190725 1.95413277161596 89.15659633703487 26.60201323049442 55.04582104793437 -95.65898822343809 -12.522095186848148 -65.06087571413542 -23.987500245586318 62.94074441992427 15.114043063935483 -0.35899333359061814 21.52553332081 27.814494605416428 -41.299353613722836 31.545077161993277 -66.82556964564763 1.4272349576520753 -77.50854795372211 8.330457025545584 -50.210591299938656 -29.705884587013003 -40.119190710612514 89.55473803065357 92.04734079139888 -24.55957174487122 63.64760857907271 81.95598185749938 -89.48113918909772 33.59742326783925 -66.04224518018901 55.30267933527924 46.26296029226219 -48.60875227854202 -76.76103199388763 -20.310362995462867 -0.2243746886789495 -49.444616422698154 44.07916789656588 -2.4948939868794042 35.25520103201154 55.024464204514544 38.229985031250095 54.54909785265767 70.07212440769678 -39.16414405271871 -51.08903457359466 -5.882798117986937 -27.336849889673488 26.9279893318231 53.005570730283466 -29.186393802614234 -78.4627310581769 -79.10730660636467 -71.6801682030209 -77.10478041606008 -59.762246778230434 34.49093235737101 -23.969646662530337 17.489592215710587 7.371962001716639 65.30285390138738 -55.59636294542558 -92.95591468168247
-97.2302701758198 36.34471516674188 68.35719646241193 -35.7755350481243 8.60366972378634 29.020080292808444 -58.65888109643607 13.22304771753518 88.66298310902513 60.983393490521564 -80.07139761037898 -7.101224642288415 14.931950700078005 95.29286448657257 23.858607926434388 -60.06422337090282 29.105012568710748 -10.210299503759828 91.43339196448349 -35.18735075289041 -41.34731749883773 70.30215346216553 -81.65187637977328 -41.365636949450945 68.0009564629174 -88.28276067832854 -16.793862893590088 -10.120476167983952 -66.41878786505964 63.63085967657187 35.98533394997904 15.854547223499551 30.02004669077013 60.37739011372068 18.070957827623488 37.78495916447412 96.39826467326668 54.39549622243632 32.06269639975642 55.51623356631663 45.34103316469182 32.34723887457284 -45.06613636193568 -29.01678460038157 -33.09884586439121 -37.686941245981664 57.75269931268846 79.40327974257829 -78.46360485150177 -32.60751060662304 -16.583860877907085 29.151163212037346 67.86567311227606 52.863456798629926 -45.67689125531879 -57.93301704892646 -24.51484700620024 73.75409729536969 21.716225746890515 23.8924609334138 -41.94850523006539 57.3654905701234 -13.434673365804642 -23.65055571589376 6.768928464162926 75.36556339100466 -83.26023754885348 98.4292404828987 23.32872821541075 51.525437996094894 17.17483194295444 53.7586788381669 69.01143667174426 -28.96891182767014 19.962440727961123 95.57412136068129 34.981600648717944 -58.910082828549925 20.0514829717479 33.61706740957314 -19.74943927957233 8.260380158915353 1.6300746915820667 -18.678215264932035 -88.19406663865277 -56.84253851120589 -53.80027645187142 -68.41491589181285 -10.396742453033482 -77.48081741666405 76.89647091268094 -46.401519491766386 -12.370566803379603 35.84845669651895 -95.59167124308993 -43.95274464188865 -43.48121182487261 96.07527895803173 -90.79628576395075 82.37912832384035 -22.55468215747362 -1.138740337249473 -2.8061600736363204 -64.08923002846254 -16.57271199209383 62.7314223601077 36.65335993331712 -76.72183488292008 -74.33919199395451 82.4918762180339 98.58617925332223 -31.724240770156626 37.66732031388577 6.8350275979753405 -30.77547757328685 -7.765521273586501 -47.87724981022732 -46.650202944403894 68.15680424668889 -91.68207930998791 75.8860522176534 56.28761627102051 -78.74452820541502 53.83614816117688 -2.410298077110596 -73.34857709751262 -7.834329157599626 -7.018999551953982 43.638605974909865 67.5700338932784 11.840869826741326 80.65265671850102 -1.4915090939236393 76.26216613339122 -10.813833695167176 80.90906566877874 -14.29776442159023 -95.23850643272311 -4.551625509188952 -25.565871692635483 -12.1119036675192 68.99844777153547 -49.987945053721795 3.1107246155646493 84.91415635005791 88.07723640068667 -34.8374747020644 -11.06243215657507 38.1380054617228 -81.19165845109599 10.234667831267856 60.67896371656343 -15.218217990655774 45.534317278100644 -50.637096182147225 -65.11874402782745 -41.23807207279535 15.095403821801057 15.93925087722991 29.04677663572889 24.89007055798409 71.55621340228734 9.179221561523548 -44.502087510073515 -88.27982864036612 21.25340048002016 -83.09884685268756 83.45202844186517 -31.719800402149545 56.89722445736754 -62.199425614832336 34.48349144337328 3.3844741337646127 42.404134987467415 -70.00741506088858 1.7659759555473045 95.2183957748544 10.68298864813282 -97.0588135233294 -98.6273410653306 -10.994702050046996 -27.01196250451403 69.9114246247932 -74.2337734325535 62.27459410900684 -57.84072659189068 84.3959749582967 -89.07126012330401 68.99250176793248 59.06085717089414 -4.732836773910563 -27.632484660584083 -53.1601578843752 10.565324154278727 50.819975538113084 0.4354328477464122 -2.9984927567374484 18.263895811631954 -64.51847889873827 -46.12651360655116
-85.71639929653986 -4.512977361199717 2.882893293984793 81.7273922922216 -66.1671522936857 -69.47792496623617 93.76233689410799 3.347129733113107 -88.19746190676649 -47.73117968430394 -17.252372702258256 -91.13711088479606 59.82774477745093 -26.194094883025173 90.06569412845087 -78.88370599967705 -4.340827471361692 -21.09025352760554 30.635916957878123 97.23066705130415 0.9907665820810365 6.708831692853636 -56.308213299951326 24.99784703132046 90.84006536746458 23.596247894814937 36.85352614323864 32.47629213102766 -13.29538242826878 -96.02094335305115 -25.33689288660625 -62.38213930772154 81.14860379604534 -35.082879356054676 -49.46187317880899 20.939125720839442 -45.23805134426695 -43.89579523020781 -31.671511603902587 -87.54397829996923 -60.33150697488192 -23.747186036552478 -37.13117129888397 60.62015851547517 46.30168284905787 65.74598686565784 2.044168106504941 -59.65736816214366 16.717765444203607 -4.673321452059625 -65.38162302321504 1.3066903798868026 91.19712389424922 -79.97834224663742 78.38564551922155 47.14964489073492 -12.89063609156733 -85.8516161873361 47.69815921181484 -34.98878363387227 -83.58891125781037 -82.3522749333456 24.03713021270204 61.570262541381794 97.50368403994727 35.788803589650456 -67.15832617608669 -69.82489482538614 95.44571266018303 38.69088061374649 61.051685917994746 63.54524910088065 12.662995277960377 -21.83306674628595 -38.475823585799176 81.0787199038154 12.712381854343818 67.2893157019825 95.23811273040678 4.172422277595885 42.80452991877871 -38.54240467695962 -38.33352315685483 -95.03572855009968 87.82691252698558 10.410254471522833 -65.64046442143095 -95.31739259079201 67.54950802669683 -81.91293287405298 -79.28192267940591 73.01730085680046 -76.96450205643217 3.682182441597888 76.86521933235056 -21.128764872014386 8.089659699849719 46.13763423203122 -6.060909822499866 20.045135451022887 -68.53870200084626 -31.287012317047342 -97.15857979527982 -49.307528977371874 27.138848023871986 -22.96045148696983 91.21498224500871 -75.13730119895376 79.53488615727272 -92.66542735790625 85.2445889410433 54.97655948445819 -75.66697264335191 -73.25561623991345 -91.10663632064373 15.82889815936106 -2.5954836182725955 47.699165005503005 -52.23608925019572 45.27831125709875 -68.88113863463705 80.77297578332806 52.060474281970016 -68.67490713855271 -3.934851263122823 -29.807268783962755 -86.82730186312332 -94.50043880256152 95.30333475543506 -22.420316384854914 -22.408525240223895 -64.32559308456692 48.07915241494746 86.75458498527854 24.41497298179911 -87.50857063224448 -24.51358874474039 67.85826184188684 82.96608937014375 -27.377006926534506 -18.7028910671861 0.16180633599935845 -3.5466961342021506 -90.2415700175577 82.04343033969934 -59.185779050892286 42.50756868221583 -1.6516353693438361 -92.99673335690703 -58.73942342493548 53.377233735426984 92.42904031489616 6.9106615030061675 -43.912770669395364 -14.52840356871414 -96.57283005171485 7.82596907513377 -38.97069037279201 -86.32904040026033 -13.75699465856816 -86.93086386036153 -32.443857681010726 24.717909939315973 81.0493250072733 -54.505434089108086 92.8773359724463 -55.97835376296256 11.555661646992817 55.87642784013056 -21.606800865180702 -38.334190505886426 82.22851868355721 -77.94509363448263 -33.69321404839607 -9.203127271513623 -77.52210690731125 70.31129637900656 -94.87317126546837 -20.44263284065069 2.614936292737042 66.44045689069182 98.2159153072557 25.737991207084576 40.89545746129963 10.26178699934681 -46.17535012298837 -47.59506894223322 -37.91562634945536 77.38019107540566 50.82166572152738 26.00537707754485 -81.01392147768114 57.004687436927384 -30.23425755670648 70.29797500411382 -10.825059403380948 -8.177844447911014 36.82662068947798 73.6037645411493 -60.696194394433874
-35.859131775695246 -92.28678421460373 -36.26469994409835 46.62303184380937 27.955253840440037 19.69538987045567 -15.94437219455574 -83.52778610602107 -10.355620687475081 -68.55975258334936 17.951650132374255 -48.91577551981052 -47.5535526299643 -68.24457536437743 81.8332049789797 75.74094618026817 -48.023355410857405 -3.563712862254235 -60.751875479517395 -16.626989310614192 -67.19283566058694 -52.750440580005574 53.311770497770055 35.638361562766676 15.12133970408965 -18.41187897204553 72.87691596253038 -81.7365741330049 -8.58391094225179 -82.37571266717032 -58.34511953763519 -74.71877939840017 5.367638638595878 70.48456195497138 73.45475528277515 -65.82842575171794 -93.39953355125789 -57.346199029203945 -29.072902964206065 39.01982828681554 -1.0781925519337534 29.219220139346476 -25.079152263302035 29.32531029793074 95.78664542107165 48.83439255305518 -34.57404479574764 -17.201941178004972 90.18376233466111 12.018491771520061 -17.877899800457172 37.560441045171416 -0.5876960652187364 18.759759078688347 -88.40078808639939 -90.20131177154403 92.36201502480887 -65.95630762610281 -5.00900421536879 -80.7977796418774 -92.77717774127119 86.63420288545174 -48.69411227667661 38.05282028645786 -17.039766181783463 51.700194061497626 98.52015313570811 -36.276946348182484 -93.16615365310494 54.57878962633737 20.393821551998585 -30.843562759195933 -20.075662671436632 -80.99343300542901 89.49827809359849 2.201263001636562 98.36295674665394 7.071564675101001 39.06292059230921 94.42523277554557 90.67802591445886 -53.50284366435674 50.1510724878803 -70.25943101270008 -8.295341838435348 90.27785729721089 -6.670644803008102 57.20851580534455 81.11801851410993 86.5404279011833 81.02212387454648 -95.04163838371973 0.5950623413310865 70.6309650256375 81.5032952373642 85.78318513272981 46.655347961325845 -67.81047686531258 -14.833280202377992 40.075295449635206 59.90515392416552 -77.65243416321383 -27.72715680441071 61.50840520702843 -78.27293007020918 57.52979041981038 -84.13906062852965 -75.21656920485167 -97.04720456413494 -94.86619470573952 -39.19500166832266 88.70838790606078 -61.983057247306014 99.86095184401205 9.786963127489486 -88.35610409296845 -8.450776476346363 -90.03867387256182 -46.92436903830384 -98.75166842663594 51.3418594420543 62.20796728296452 -79.92953663695081 60.78403978367862 45.700927825882474 -25.87773232185073 -1.2576703033885224 -35.86758085154793 29.251844244671872 56.133114063134315 75.33426329808435 -2.3573810044349415 30.07559482575499 -5.970390041299865 -99.13896071113496 24.52436685997212 -72.39252933622373 -1.9243929447407595 40.60506230107325 -40.52184733671857 88.96468283665604 -82.83722467702111 -30.151918641997426 -46.7697441786074 -50.35205190638894 38.43896999366078 -22.122187057053537 -12.194433131737028 72.53615136643765 85.99654503495981 -58.25745277182715 -35.53869544603417 29.773607063817423 -2.015623246608598 65.16441693630566 96.658448330749 -62.408737759808396 -99.29159944563301 -16.93824455494139 -35.129797583837586 25.755771059734812 -85.15213005524717 10.460512109549796 -55.14776634330312 -34.96189198377513 -14.041596287513485 49.72842892838497 25.81388773473536 93.86750334759074 36.097040454934415 62.76422296425713 -21.593864040404625 -11.71763840038669 52.36654072533608 45.31031928078883 29.876134894944073 -60.981937187849944 6.025133655880822 93.58688388681819 52.62459215723575 -19.116928355221248 90.81828017616326 -30.267210715608314 83.67135545882508 -22.673793947547807 -33.833371214034074 31.83574690956914 78.50480169864659 66.4518305904154 71.3426911346638 36.73791219996656 -24.645543552274034 83.74161061660595 -58.2733440856594 8.583811632372147 -93.52978957859924 -71.20251124751522 -65.75292770163468 -63.29177226395748 36.24521657337664
-97.39409792127141 5.084223915938907 58.6380753324751 -28.153354015756406 -24.109439810497534 -61.400223233980626 -68.83268720645776 -20.666473285565743 56.267119102516745 66.67702808931568 -94.17456540774167 29.4740930538444 48.008362956921445 36.02539655397007 12.262372115163885 97.87137736663402 -71.7135568137401 72.56802449255525 -56.27236609888342 -25.809977291316358 93.43859930899427 5.349512806595698 -44.585253684252145 70.49045924337409 84.05331896761709 -14.552956241962704 3.8276447323720504 94.15061355617146 69.65714423012332 96.15284139262164 13.156418597609786 89.02204843256268 -37.3955561435984 -22.028040389240246 -42.69080867507873 -46.49097168635288 88.72318449310609 -52.616182743752326 73.76385598465183 -45.121807733131256 51.703328577941875 1.9400659789038315 -23.284092659354272 -44.89322202746373 -43.94041642821831 78.56809547314282 -79.91797699887823 -56.710056669180496 52.63736766046199 -24.10605978283344 -79.27036005008725 -75.90428533549908 -60.57307486221857 15.137938204057349 89.07531296129952 71.91009157220967 -91.70692544181071 -66.79490949536171 -45.27905881962517 -96.07285589519066 -98.19922401597346 7.18814667274097 -93.90810998036127 81.39009293433418 9.268538173836333 82.5313953521248 -44.05182893283695 6.894100726102465 -54.99479566082919 -84.58325818577642 -16.665461096020678 -28.750715534631027 -19.571789429418573 75.52142770166378 9.974525349317503 61.578207596163935 23.367860367915853 25.522777507071723 -95.1156327885095 -44.64315452249335 87.35290765975711 -73.03423721137278 -59.390976997424396 -75.4789016161348 -26.109885913730707 -86.1691184809925 -16.97007946034401 9.955262967169645 61.12798083344765 -57.68151639224899 13.215479562858647 -25.207872144365354 -56.902807230494034 8.956083425717054 -66.17831602900065 85.0580046112677 50.04947477299774 -45.48403672211603 -58.383751449809516 -71.22523010402946 -43.43685286353309 -50.201498823544455 83.47924295968417 -89.77423869347312 17.644569179303076 -88.41751637283724 60.274349471192295 32.27256405673177 -28.049096675975633 -58.36096779888378 77.38319478447991 -7.526850898687272 73.09769354474116 -90.55656904837095 -1.4817457491095922 -69.01114149833818 -61.00996643797403 77.10244502589023 54.16271391509912 -78.2338582833546 11.492883028851494 57.21158538930581 60.21212277795209 -38.33248888967693 -39.50507049708554 65.7395979014112 87.4118712441078 -98.21155731992638 21.08933741554509 33.873917659568576 83.84396445175511 11.031502309691248 58.1874889319223 -45.811494627326674 -57.78283567989375 96.19911895648337 21.696925319188054 66.61587911805776 19.766815851650236 49.59408273228644 82.41828870451792 -72.88437120801842 -19.85988128586662 77.6220721290374 87.97390769171011 3.9224689893188724 60.75421657424528 -58.85000095278991 28.061797430040542 6.6861253500353826 82.9695347512071 67.83837830071133 60.39463974081582 -71.7257559652657 -26.314118044953872 63.68396965996905 48.11868389666668 -43.756007371821106 63.333728592682206 20.00909441803269 92.89751817688335 -79.00735222468806 -80.07433099494409 68.68465164547311 -37.41009755469706 94.08811300141426 50.36134672245626 -29.314694067905663 -99.40975225851145 -28.887109459078843 -70.84360601458452 -88.22884616591367 -91.19088091281549 47.26112587858012 44.62766859257147 57.4703274384803 76.22415126034949 -19.169116220102026 -84.09721065772784 -27.69127336678916 -49.15139143646834 59.06058039080128 44.35586410929159 -23.859337098311244 -30.08771383152144 59.33647174257172 13.787677036904839 -16.27338807888428 -98.90274968668106 -70.26283260305617 -72.9216322335545 -9.978533956433665 -17.928219905946435 -78.26635110354849 -71.98720287118348 -97.86161507407726 -61.63709358853375 -5.797565337212788 -44.66666547275251 10.977134510832869
-88.99080008222337 -37.15972540509431 96.8830861770688 15.076005041129491 79.74613003791359 34.1604549804718 -35.21514689888943 -2.782185114448737 -93.80460789502759 -25.423704371182893 92.89313568962646 -83.79568888625272 -95.4188915617937 73.75248056354692 55.732632413223115 79.65696494944336 -24.279124163817684 69.83632375188321 -67.4696101175123 51.36223106013301 -52.74348268077145 -11.357424239786624 -87.1285711382975 9.122432492326809 -53.28288270976951 -32.19942199741428 87.79709611108751 28.36027843283921 96.62677712296824 -73.21883015268583 -12.63473389392351 33.07554867725443 12.499960950006809 -36.73695915346094 -12.273969038398278 -87.02789176171295 70.80620402251893 58.45997174291176 -45.63446131409701 -79.74490907133283 92.54634966683597 -78.70813765502086 -16.32880204298617 98.58393944124833 40.9975380276436 1.9027565893445626 58.16166477521821 95.50674968344148 -39.81368474955409 -35.19250018056732 50.08894075559192 42.34792515321604 -0.5944053379629537 -70.00918578684502 -82.51010974686548 81.43432286690458 -57.68005160632508 43.95397056777725 15.399576718397242 36.29103865890738 -57.603347596511625 63.80803751351672 27.114939272396782 -19.099824027021043 -50.818284199306184 85.57830481607101 -77.39286090348952 49.62299442027364 55.91217253567808 73.05016535912944 -69.08878928073733 97.42493931493692 -56.823917221793984 56.207219290891004 -6.824624042509896 9.419792741738831 4.885816494742755 -91.35678541571492 -67.33700131176663 -26.184620229788848 52.387127645690015 49.26463424615241 -92.76770756115276 -56.71362898987684 -36.631668889885646 -17.79192766850298 -38.98675033650771 -14.157087970217063 91.20523772736803 21.131549966347123 -41.318077726226136 98.87515002174027 -32.987098280945574 -24.222187303714122 -48.98340022958474 36.3807030954772 60.02970436615206 24.51234626805801 -61.06229182294298 -73.05131414382919 -46.159590529225 -94.8818089844589 -38.878315022132504 -91.1597813504009 35.250435433446654 87.8168104301088 -61.246058958326685 -38.71775436856231 -63.980915700978194 -10.111489020632717 -18.522380225684685 -22.80460850985297 17.53425390439196 98.55717243396825 -9.369360041104471 36.70083492954893 5.282549535792654 -36.645946934992125 -41.87443832477378 -48.62018079392247 45.25218270488182 -94.39695713551637 52.849004663550886 -16.902056077159514 17.19527391488751 41.5334013141468 59.09339443632021 15.059046904404113 -20.814846563195943 -37.155893260873206 -90.14778312701235 91.0544671543314 60.3155542216235 62.006644801998846 21.332251882121554 -2.061850003194749 -74.54700113370056 33.851547083732896 -3.501901822782429 46.902619434919444 17.164785022474575 33.24012327086436 -52.49702993644452 -8.10588466634799 -54.49452772159267 23.174579255418763 90.31624498051283 -29.572301541983578 1.3798796253122276 43.66392818597018 1.3543714488438212 90.37533852388472 -7.937867265807881 -18.84693404196102 -20.16384098770388 -4.84893052423196 -30.242717437075612 -48.29911825986108 -78.15631100786857 87.41218174690141 -28.51019614859767 -19.846439520043702 -80.04405062779142 -76.69493149702902 -30.11675911597426 -59.46230524614351 -84.46964129239055 -29.157864163219287 -39.56604298123671 -49.103080674944664 42.810894292935245 -12.042162075974616 -44.05077230521239 23.541272856499788 -20.934251763109216 -98.52685100491121 -83.59791310531743 -98.38549123873858 -60.28015863046821 -3.3977175381714204 -66.11041498221171 -16.13133908073148 44.348068779889644 69.71231784199557 -65.30335693104334 -80.06245667615616 -17.080109760961747 -13.846122055922507 95.72584146621074 -7.485480507646656 88.60987795174003 -29.978582687043172 -12.061017486552188 42.281584437298335 4.869627556151386 -4.981103191915935 21.42482474385288 -18.20150277697374 12.083434613551233 22.212347243073594
-72.06094349809331 43.030656322278844 -90.11344068853421 -58.83231090220811 78.46243699230075 51.67481830514319 -27.289888365603048 60.85684654117577 -95.59619810450752 77.30425486947487 -79.84782410899484 40.77920924260894 3.6193833175859567 -29.167164591867717 -94.17780282545326 -65.92848694236446 49.31983481388565 -93.30341706488943 60.23762201470282 -1.6774594160631153 -28.77371442280372 49.91480478279752 -38.00007988992817 -46.291681060218394 -12.461001705147638 8.913272963061814 -67.72194422715347 -99.92938342380879 16.448416341742615 85.90069944484796 -95.66951239328804 -60.9009300105029 65.19893567724407 7.314557515254805 11.291984780189608 26.968729196998837 -83.80243918251422 14.257540386804294 -60.52941624139323 37.87379865956254 -22.348570688804912 96.45335343275667 -76.29324806922952 -61.85624604594888 56.00150473745603 96.33018762520607 20.000463684690843 31.694112940613707 61.386093409563244 -39.406087811193146 75.24653533998728 70.17895964253537 75.14598487250254 84.08204009954744 97.59151636125833 -39.422975718813106 96.93767550725394 1.2856153098906447 -83.6170373427257 22.156839876191043 -69.40644765629443 59.45194038911251 -27.376578876221487 92.8967179947881 85.6560312914458 35.08540224424246 53.465562348583035 -39.07634258429664 -49.60196658013307 -80.97207174997652 -35.02727822628924 -64.94253551801607 41.735614579846015 -57.72024220874279 51.36273418733208 -43.557366512069805 -2.526646542905013 -8.716604145960275 72.95579843173354 67.44387326030034 -86.92023000487788 65.90991872014575 -61.380748357753376 69.10696369725252 -3.942957477419398 -25.251118609131254 -35.871293121524616 -13.843495309051619 75.22082240861522 -42.583558326133655 99.02042408893982 -47.752107919397545 -98.94193897020551 81.13442791525739 81.22677523336529 86.39906396085846 -12.676502558133535 -11.211102787627652 99.21483821584852 -30.857560341399974 71.98480936589408 19.658948878285145 46.87405952546797 34.894524689608176 -54.76543382606758 -30.651889465006604 -16.601335962256485 -92.27905794563517 -19.615501473891214 71.07544762670881 30.406922966781593 -90.07897048735441 14.513364701460091 44.92851636732894 6.8375183049899135 -81.29434503888578 23.652456958875163 39.33163424400726 52.75924884354234 -76.25800119968832 -11.215332318145755 -58.32814460194642 81.02053382812468 -72.44938210956087 -6.642498885406553 -74.44428147156772 14.146193967304342 -83.56371930416327 7.763710788616976 92.7817702452333 16.813380335673344 40.28219595370558 -85.32519939349999 38.55179514366779 -53.32028492537284 43.50773400025622 -93.51371858667574 -80.84121647428776 60.810269124082595 -21.45580162250245 94.54696373125574 60.035795832276165 -74.40946288727656 -49.98486051593947 -5.432593612248795 -15.966946027777198 80.01911770086738 7.77944855288284 88.32239473801212 -87.2310910136254 9.037784555954872 34.70111763745052 -4.324700753630921 -13.583393829036197 96.4079094656089 -52.25376874124243 -3.7567473716629536 -45.48173724535254 -42.30345606840107 78.00132784319538 13.833995766116658 -44.589029679230705 -46.55243343708748 -24.018037474872628 -89.8897101013643 -35.45204629103928 39.25433002441366 53.715953061781335 -22.443343970583513 76.58424648471788 18.209837468545786 94.72010539992166 15.235385605525664 -62.51553198854176 81.12941120216536 31.048540624196647 -38.537232719931836 -75.38855073263838 -89.62764899744353 -56.9233669161703 90.47262337532166 45.954005423589734 -22.094731848539894 9.639173670844443 -31.710702723748724 -50.78776472344026 -6.629905477566609 -34.79873867686433 56.89220346164973 85.02370106156613 -19.53749389056236 -54.257264771691574 17.4715021231939 33.186124271405816 92.41229350378651 1.0506305098110431 -4.403036629648355 -92.28164635190312 38.41509223461446 12.839524163867225
77.89714863370469 -74.28514206187452 -49.1961393844776 64.58495514390555 -66.72796870367398 85.07247577112639 12.498689172816668 -76.4809074600963 17.879455689270344 -87.26610929536203 26.550565784541362 53.66948707374124 90.90933539568334 -42.795915101335844 78.22888916157905 1.175542196998066 -11.858041367085576 33.293257700615726 -24.649649006085212 -17.479632093878237 6.1977114894122565 -91.81683620456309 27.132741114757337 28.592786195797004 -90.04641786475894 -23.624603840782285 29.76112786918233 42.437051540573464 66.34467061271201 56.82507708585749 -74.08954395927302 47.55089879261422 65.82538775599113 -14.280650798167073 44.89010408613453 26.060295359098617 65.26455831184433 33.33309988515518 -60.633443125294775 -28.002206594608154 -87.88433074812923 95.88940256428543 33.48403630017225 -74.31551970613582 -30.092178030443534 24.492322590808712 -50.21036832218946 -96.8555469484923 -80.98605503992073 -55.887725697881606 85.70822967676278 17.10573152330481 84.56874213456783 -60.64284367768724 99.00815126822204 11.509084605962983 58.52011170253277 -43.01362854516731 49.85957619879497 -31.32870634773414 54.6574292684881 -36.979033074233826 -85.22800481241144 15.682894742989802 65.60841636825566 -32.6218243719979 -66.37255803986463 -41.23954761019171 93.95387795316535 -36.60010301367369 -12.163741087468296 -43.60076594576492 44.29172440232233 82.28755396067683 39.58173925947952 -21.39638289892025 35.08410393582611 19.909093854592427 97.26242801324375 -45.95113463406846 48.8195656718961 -41.88753033744514 -45.31374702890416 97.71366043124644 -11.972313491859651 -97.88055135030906 -88.76857395069486 -55.59621705646192 -55.16687308737767 88.88629069617446 -24.396907046886568 -40.6397647869063 27.401368943652955 -25.95906795522079 86.900850970932 49.941160956667346 -42.64682524617069 -46.57045851699231 34.759367014651644 -75.88724306838934 35.81326038236418 -75.26450679103792 35.735258531346176 -44.589323721426496 -95.46828794538958 -11.606091837258077 82.55101974431278 -65.20387373649628 -26.64129521911019 -94.15705460152328 25.428455065931942 -75.03377003565295 -2.5441803555016094 -46.92264780517294 98.06317529345233 -76.64296106018828 -63.89292778699669 -48.846431293489644 13.157003287939744 -65.20412876052876 63.6636398991358 45.687163957483506 66.38435631579534 10.186621795104074 62.771852870398305 64.5177597160467 67.34776565914999 -95.71036767307682 14.60065939943253 -99.60632772818083 3.0590406197637208 -48.09398756679266 79.73126472760944 5.613025213697526 63.096590793671425 -66.45334676361762 15.628428970367736 -48.081909300124146 -12.55758942173506 -81.70826848429718 43.28158093232298 23.54075865018021 22.482599965631238 86.07033596893257 26.025907613451963 -37.51419931160767 58.70874632381043 61.21102709274692 17.176217522051758 93.49923804946067 6.638987189002094 91.29609445699109 44.237603964106995 52.87421436540919 82.40443866554315 -85.23628202014527 84.76329407584862 -58.05522084829828 -94.84863596442949 84.1627551961241 -24.83000953707466 -97.01761717892185 13.48323590197947 -1.70114787451962 -17.391324994017083 -75.28701766266812 62.58591747233842 -17.890788430290286 -8.785345021389944 -4.049230041490716 92.63933025377361 70.86762015563511 -75.74367049889901 -44.168630380499785 22.319008159826126 -72.4448393798433 33.37653270798279 56.523133442853975 58.51937280639592 -70.53516658176157 -43.91661786346888 17.852737394054287 69.77673085732073 98.86666479272216 7.105537200435279 -3.3352428574692254 97.1168873675413 73.86493639309884 -56.46240508211524 -96.936272863701 -53.85263874842787 -6.816441225800631 -36.55160675421914 34.75256062008586 53.442915041139855 -59.24099753673069 83.34440372063125 61.17896954998315 63.98708471693621 -57.750066670267856
10.865577744858811 -8.036757461325465 -35.28567073922264 -22.08553457772375 41.297828489041166 39.58454927771919 -14.40848372868939 55.491532347841485 78.95088650126777 -51.933096459991845 48.86160034278711 33.780821244225024 84.80675110000828 -98.28561412775237 44.911357090310645 -37.31820359618108 -49.6726025304832 26.50780468135521 26.8302447922393 -84.17122412406157 -41.59846923919333 -47.04850294583278 -22.473797875721388 -37.08127637762222 -28.66284016955933 -8.729245437805758 26.96399541865459 -53.91475446107101 -43.44631829990866 23.9223587980961 97.30496610590748 -25.5284499855277 72.3069669683565 -30.44155738840297 -93.58578116597236 -56.43367656687632 -64.5614821720362 80.63372077212324 83.65652523305508 46.177358045629745 -59.52200438889024 -55.6348755441302 4.699665604367226 -80.50536597376103 22.796645953171307 96.92014978096927 -52.11028194184995 79.35655894164168 55.39389605726686 -68.16885574953677 -19.397821458925563 -72.40940317011493 -7.045553980438342 85.3242714554913 78.55685964604737 -42.30265893016947 40.955785210170035 1.93227650574741 -86.98365879084484 68.9227371954243 15.852061091939973 82.19326689130426 -50.55358206541525 56.746187165557615 -11.156156123568664 83.73355952974308 33.84067403520075 34.37233634600207 15.536082721708183 -50.60457930717457 -35.168499400049384 -87.18851360913146 7.6778829734599725 78.36801986479216 39.31158170534238 -74.53268493434601 45.04193051761516 -94.88165641764688 32.033396668554616 -84.12014951580473 -70.51938243291505 29.247106239917144 -38.234345485831426 16.046135356101303 27.545312251081484 16.07102250163173 16.77660052934222 42.81541800209956 30.64371256233568 -85.31244621525465 64.94569742974659 -50.955561215208874 95.73154102971583 23.42912438982995 -14.436652362719869 92.03246453843903 -29.817582119159795 -69.45564869521361 70.87367374007707 -24.700908875907686 33.360184792609914 -17.835008745286387 97.5993268023442 94.64508309599549 -98.7778878901961 -11.718006299615553 53.30845867210314 -83.76878853137796 -83.38794235882354 52.03423063300886 54.25196828569423 -14.70597585958437 0.858045841562415 69.06753791861823 -72.55876420442195 39.4132973352942 0.5405463474741623 38.477161038853865 -94.6579049735861 69.63613914096777 73.76033094257656 54.05422484533426 43.839588700166104 -18.85481597658864 26.269938062073763 -67.49572704577689 74.89889115013628 68.52644768130506 81.16704787301953 5.05848971855805 -1.8935796531226856 29.780997559077292 97.30071163780997 87.46323514241965 31.832431564994607 28.09569775375681 -6.42685835961035 40.231392618158026 -2.222507203958685 34.74678722621175 -8.037978651777294 19.970359889687856 67.72472888023992 22.656951742415913 64.54974563089303 -58.418871136413905 -81.63664599882537 22.959692128648882 -17.955428222059666 98.44278323802195 27.135820973882744 -68.66183626290999 76.13782191849191 -41.166824846227115 -15.280581412807365 -80.55519045749017 54.02631295820794 67.78098478412971 -57.607733157697915 20.256299411859075 64.80213274863357 73.34947746011935 -2.1062277056068694 80.98737424824296 85.01580051156486 -28.654287213561275 60.55767314497638 -61.62449825778209 -73.75787569350223 -68.01372451125694 51.9071955197235 -41.95446954088516 87.21325733162536 48.949046273711815 -77.22776275938975 -71.96723851202825 5.0773808067879 -75.58219738518868 -6.43610262940237 42.00157531735414 -99.27064320814993 -47.522717201955935 -2.3322475319582026 1.7961816808260522 41.211434274187184 -86.91891597194987 -21.66142867563785 -60.25929964509007 -21.3385446521079 -26.899776083741145 -9.824513384035612 18.07677795149918 -40.984318709140325 44.52815600780056 30.347113577229067 -76.09417086186085 33.66408791963099 -25.513746770853515 26.02311820306953 -89.82087352539125
79.17167691917058 -51.05498039959046 -77.92133892015002 -36.74140702125133 28.67613911686925 -65.6695969623958 51.530177254279266 -29.45566837649298 50.45967931467666 -31.224583903729197 -41.35695987954347 -17.93917651020756 -42.939498335574314 -59.44104931911951 39.64579735190685 -77.06278477239809 -70.93200662479886 -60.82948401139656 -27.925741974634462 25.665683846644242 96.60886716212639 67.71450639646076 -67.62150059384456 84.27217325087804 10.933110466986662 -42.11494234424955 17.411478732113878 19.888634109354314 -76.02795620723815 -44.92677686344055 9.779557185192317 -34.607523371587305 86.55403402984544 98.35907192297097 35.86664197579091 7.127556386986015 58.43833218121986 92.274685157444 85.87923744840796 76.59203542366902 -35.58008892306816 36.211816386531694 89.98027422575348 72.51735150027062 -28.991754981137333 -5.465577356138212 -77.56083286914827 -68.01231767282644 43.385892191724395 -88.40670321308959 61.89271183175674 -58.02780050972285 95.17309101104459 21.843253270335268 17.357258820270815 -59.11296576229405 -49.59136156740276 84.39628033373447 -97.98796091914592 -35.47807141991444 90.61404566209876 74.72001317112785 55.73860824004652 75.47070567290135 10.615195917350917 21.744076573269197 49.9491623064244 -35.51666790394685 0.6278376020976992 -70.09910289919699 18.776937395773302 97.21273700423981 67.63721064007566 -93.5046247819861 11.538707141419351 -86.57083469354674 -29.770832640400812 94.86457308704459 84.10457537161201 -92.5904377653125 -85.8210604364154 -30.39188448766255 66.90284704721753 99.22715599840714 5.923317713806256 -60.03112891380857 -19.34757899894508 65.19099927512124 -92.82989186646766 -2.9282938747855525 -69.8649938676765 26.328118168831253 -72.87982024152583 -20.492993772157448 83.41984252820549 -27.808924920274578 6.0243820137992685 -96.51375153703607 16.82025898295285 -97.17071929507357 -80.6168479729233 1.5268143016040625 -72.58236556500194 34.71216540292511 -20.379751867492473 78.56234208804878 -47.20779213990465 38.52215102231909 -26.584900675562608 73.08982936737655 96.20917549312719 83.1429117912244 -42.53891874088445 -83.29325451244324 8.295344631423959 -91.48933958781058 -80.43274396503016 36.56304282878102 -5.504916270430726 69.19499996753507 98.08970030692376 30.99634721328715 48.43319975207308 -20.486685334286946 32.92178333086281 72.17723472497897 30.720285895593378 -19.15105815937062 -73.07089738425239 -73.13712805898987 11.855197898923933 -48.00514105831199 -44.59180340393154 46.54744841044507 -53.951700903878354 57.86737247378841 64.97146542621053 -94.93014368722292 39.0281996859963 8.126473715780364 54.59550793470959 97.4885496197627 78.59521634732818 -70.67975169202035 87.03535874415027 -93.16907031555637 16.23580962384885 45.012938509476584 -34.25966142226309 -50.99362570778987 42.257682351086316 39.98179116388178 41.889529084749825 64.8798556842271 88.11645883661609 64.59187088160735 80.50658249660677 -51.748316839554654 20.482151577302375 50.85112031583466 51.95488615184098 75.69827037047895 -35.0476948011009 -42.84891372690467 -5.521886478264548 75.22656436737336 -61.102880221778186 -62.99702134071712 -28.946177773335563 16.72119500278238 -67.06463055941913 -23.68512523693245 -77.3954469422079 23.62629099114993 68.17402830273943 -5.687282426603616 -79.33614565115339 59.33373731642675 -65.80759559794049 -62.80431377636659 -68.54467752960602 -40.47681684656808 -13.476634299521066 -83.97070936810721 -60.351524902086375 -77.94965625840999 62.20134838832675 -44.639983170911336 -53.89774118707105 -32.60582577895525 72.31844321500782 -19.835720159410243 12.447013369256268 -37.15283879625544 44.70967422087227 34.31681551728022 -49.4560808783989 97.16633598114836 94.19362747546384 -2.6872023203645057
74.26414616541393 -41.07545365023451 -12.017596778901506 -35.92253834793833 -68.37238986167236 69.94950900593875 55.27551365530513 -91.92603686633687 19.147661477058776 -93.29683628240744 -63.31899862898287 -99.57404188777636 -2.353345694896774 -37.151018765401254 27.550285363091234 -16.447890845030216 -10.554606679048277 78.86497170288672 -59.913608461112446 -26.21212803655679 -97.33475747098166 -94.50851831521724 -80.50495221522335 -81.39061325226334 -23.162854428734065 44.399307912073084 56.88416844814907 -98.48967718395694 61.03079943425567 43.65223972165714 -48.18287531852488 -53.50327038425413 42.61157903111217 21.155366133349347 -0.7721358878373081 -46.05702255531845 -47.99370838228221 -84.11731312446673 98.57034173266072 51.49815784065888 71.00308807821577 -59.625337747158234 81.27351947901258 -34.712351230218715 58.75327144760075 16.350670108731165 5.808845070400096 -6.206180426633452 83.91283997416883 78.47124059884632 30.077975257120414 51.01897746883634 -80.11297469584606 -43.25017640800664 63.16945102118032 49.911479307326374 -15.640910327038398 -14.008968646978019 -88.42132539881308 12.854679389929615 59.351147436905734 13.013386311838346 -30.86886218101384 53.86523129630311 89.69456822622402 55.20293095564978 -57.617852626118314 96.23233648539292 72.74792468501025 97.50201363833293 -63.597856202175066 69.86174479878781 62.37876130253517 73.73155249063231 -39.184135824527665 3.297064465872097 13.938678194903602 -92.73044276059346 -3.67978453772875 22.724628152801657 -53.04584491259874 34.245633779455034 68.87108289358454 9.076037451818337 28.40046131814657 -28.284113933591854 -47.01017008442665 -60.262594923111564 20.732968095856435 21.269786540254714 -17.44792883695962 54.94326241695643 92.59182246591905 46.55945941074532 -3.139382713376577 77.04625980077086 -80.94626199896433 -79.04667093601316 27.55908405968148 -42.49498484892038 -15.178609305464647 29.701934405482376 61.43627210923873 51.68720959130263 21.117293014012844 -88.43166412329813 -42.35837642036267 42.92281651628656 6.909799732744119 97.81619049636475 26.26981002152202 24.95833460550378 -56.877222697825694 -77.85942426967006 2.883271341184198 -8.358091220457425 -19.179511374785307 88.12633280581875 70.57514752042388 35.790614709706745 -13.326615003109652 -49.79608362040588 87.12990410743467 -5.77657003618215 32.14097893269579 -73.67512192465114 -1.7206698260120419 69.14806125143087 60.20650958967738 76.76936406893626 99.07552685745435 74.76067927374189 -53.63123407576411 -86.77755104001297 33.277145291536215 43.62276260661844 -13.642496459105601 12.359941329915245 61.234796520334356 -53.52500549902648 66.3301997139009 -98.69370004982349 23.813046504227515 15.591148374097429 -98.30575361924568 -79.91931102637209 -94.69059631206278 -88.7397810790988 -61.96942930406881 19.984880911449594 -37.54552120385595 -9.217080944966384 -26.168506536554318 -98.55317055044085 -43.86234908851505 31.83001918448042 -9.646217295972349 51.048703415311394 -75.26388609879305 88.71802452905263 -64.89132267948972 -15.878810947685736 65.24372788490035 -28.30254520855111 59.19058224308438 -16.691637516870813 -39.37000232729593 -56.785887909472656 49.54941552629123 26.92987930255812 -4.137246880272215 -19.872067407405368 -24.0642286963715 -62.080340427088565 -83.91609800865885 -56.65390003471611 -88.57797474949068 93.16606777007797 -59.531558826744856 -63.97421065416506 -40.593857015127035 -82.78040474101988 -82.95407427187357 16.885600432275496 -63.961570864644024 -62.5308751992542 -33.774626210142756 -17.93217505648701 -38.32594566446799 -63.28268767607768 -5.498699705063032 -33.975067578343456 86.74466690810249 44.4432840644032 46.051507316953945 -23.594849126749182 61.320655324154416 61.16922428292034 10.844944879714461 52.7681574250299
39.89249575248385 -92.31547229752812 77.29874452993835 75.1002057328927 95.00965441746729 65.31454772726605 -48.8321332981976 -86.05100692840324 61.74841329547462 24.9139622508318 81.79202279504798 -59.028581204729406 -96.94635567607048 86.05221596683424 -1.3852514560400238 61.735779329480124 57.17076933277025 -94.23396264570924 52.29092486033832 -47.1226546187101 13.532064975851313 -92.31790135868665 -59.94157038882211 80.62973693095782 -11.536696752538234 -99.21627990261274 -66.51155250137325 -83.0913892272747 82.32057110522447 60.012117766147725 -41.540772585774576 41.75230035076689 -26.988144461509762 -38.64843052489202 5.941154632074543 -20.691801799555748 30.291437760058955 -47.5050908287727 30.47029170506886 49.39178789047537 23.339818337221857 28.119994775662548 4.049735473767129 79.46030083997869 72.60402327292707 -28.580082119975643 -84.25035351751737 42.97358774138601 -56.2336418147505 24.834399097885125 -73.33617000907535 -78.76640755613184 -40.56075705281774 19.51637886567488 -58.56141723382926 -85.81431820589613 28.70042775619774 12.311321068192726 79.69233500623503 -5.454774856076128 -33.900173109465115 22.221302063342435 -72.6063863417398 58.77652566938045 -32.47949405769151 -46.810710746517906 22.03415116733747 97.09110658363994 47.57813196426656 -77.55435300079223 -36.18817761231108 -32.12002190242815 61.524335538344786 -78.89970939330198 43.093320753893124 -65.75476999456308 -50.20873327979851 -78.52188907635096 86.70338541006632 -10.16520572992728 -28.480279509155793 26.654826412250188 -95.73919176642578 -47.1494442462449 -49.75195319177299 -49.73463304591033 84.39335105398249 -80.33127914835241 32.13580460184093 -11.542459167667602 33.28049887916572 -22.939691592945152 -45.0572431255992 -4.6770372854129505 -72.18290355349701 92.79096322318856 35.992546373698275 88.72986457138023 93.6838506227256 94.47267019557529 88.96054855213319 -85.79083763703525 11.934223738247212 -62.26798489887167 19.296523938704468 26.920663535518145 -2.9321569012353166 -63.6362819993451 -94.2065352968517 -34.86766244951039 -86.16988499978284 78.53348635097936 62.44378266025274 81.03885663431132 9.236888909432366 0.8171798077341066 -69.4945999351688 -12.51004191738538 -25.50827673701373 69.90342047198214 1.448490562937991 -83.56272742838591 36.1108878608695 55.31754469645523 -99.81822103737679 -30.33624992051871 -30.624573409331674 25.434576811590162 73.85002887878397 -58.4281346221931 -89.37365480201711 2.2176374230218414 89.11960050597588 -36.36447027850955 -85.03617589139962 63.49618734699612 59.52651233388113 -38.56866603571345 -87.20914177040623 -73.56674946216965 31.22293815161993 16.185103019298424 37.60638977967622 -26.34995620397231 -18.821481177346584 79.86407270542435 -35.21014693112173 -64.15939954565415 -80.17236561640613 -16.750716677435506 -23.002281068421254 66.14770997185332 82.92994923796655 26.512529024645033 57.86223138503021 -19.255058604550257 -14.13396106609845 -91.75776990906435 19.343710036480715 -69.72955648957858 -30.930432651035787 -97.28146833409575 -11.22103601648412 25.022233797256092 -5.998069514448318 38.541841294655 53.84003362738085 -51.1739679192138 55.22752327095179 61.38328121795803 74.5147525818029 54.163475594371846 -4.655603372404798 -48.260674204855604 33.08616676172562 54.85236363704979 37.355619520248325 -18.758615242319905 -85.4932217060223 79.85742377876844 -29.44392291641418 -41.8055394050425 26.50659910984065 -47.555601563108695 -45.55337182820747 49.79108769002946 21.53130446902503 14.51455290116759 -83.14926117567727 -93.07164092037536 3.5518179344768726 22.848126230374447 83.2795349659026 54.05190335694019 0.9750452831945609 -40.05076263990857 -92.61353261256082 41.04584757810673 87.49419630256 1.3585764905747624
-79.01653921620178 95.5061527577399 41.42540685502948 -11.487840224331492 77.93075223163598 48.93620977994877 -67.42233038992802 -87.70159545050416 93.30732106226262 55.37190219047602 -35.53106917676121 -39.49534862316491 58.38776119378463 -44.4633047271821 -83.44677509801389 -54.61492833345605 -87.21493247005468 -34.90753450940541 26.955837273015362 -36.909199031520124 -13.272458613777019 -58.89706350056143 72.32910870509374 25.93048219117229 -15.631057885385744 -52.79190728942622 93.09980512215935 46.78223058427048 69.92950403863554 73.77334564282248 -93.37230969402111 -52.94721885198934 20.43925591474685 38.83246101519168 -60.72246007919744 59.022688786423316 81.51713789665129 42.94444329803616 -69.18079240828843 -29.8757381559069 98.91606024403237 55.790638204310085 53.14586296242197 66.02098957817364 19.103163499686417 -94.05847939344663 67.06071806178775 -8.691724891968079 -90.53675446763283 -13.117920610258565 -32.050696915419934 -57.22765447436986 8.955237791051516 -13.118557091195441 -47.615338932767855 -71.80586622326317 -39.44952837011275 -74.55271193543106 -64.2130758765633 -32.68413984180731 23.711108390326103 14.857991410319855 -55.323428880548065 17.623126009795115 78.33793993125587 -51.807278808473114 -29.813116092572585 25.407497522631246 -97.43303943162529 -15.060228717025865 92.09361097921297 -59.85743746140355 57.9291861754987 61.979467736842395 39.23576698361666 53.35227113792621 15.122423510323642 32.772727122361744 -6.323394058399231 -84.52937989211145 60.76823285223631 41.129733505382944 33.88397714149042 79.22169256059055 -20.32307996260161 -90.66709888995081 -61.781192148606664 26.147403292512706 72.1333413268618 -22.264686715222524 84.1668361865423 -10.052641008998492 47.843438887311834 92.89428767603911 -3.6328710420725656 -5.256347236367361 39.07807894307791 -21.770243028269547 91.93073081413107 -18.546175440549078 -52.36675149703609 50.758381173820055 -72.35453707888303 86.59483998045297 68.08643297691981 39.65836983461756 -38.38674292938733 -80.72145411127998 62.10675749754034 -40.43993870410492 37.489329680374624 -35.74710280282814 -62.37292254570836 -69.49382107999145 87.62933378123628 -39.19263660569152 96.44195914285714 94.92829828067599 -27.65986836020656 -58.92125254241809 -45.03360413078632 -66.39717661268843 30.712552920582937 27.152257537508177 58.711488739908475 -32.52749863931635 79.00557446241564 54.724658354247936 -80.98974337571781 -54.16258552809219 4.4709013937452795 -55.49220971294244 -98.76332247417012 -65.59969519350537 77.9688152493137 5.471443516455125 95.32058887768423 -82.91312897885126 -51.280628859000444 77.80220283262733 53.06694791302604 8.4317679616843 -25.600861061664077 47.59656875368782 -29.357790149307817 -54.25304172739855 -29.87303230227907 22.937941813837085 41.14562240869304 8.73952492695436 -88.83002993548612 -48.40752032758233 -79.23596889980564 -15.424830197163914 34.360570011348386 -83.1275376334409 -95.19606129866698 76.53719206586172 99.44386360975676 -22.663265683313057 -27.999640804988914 -94.7314150938676 -4.731060991745267 64.00634245589961 -22.064946258659973 5.793685764898555 -83.87297541617369 64.88890321910995 -19.67258755550712 98.01119746834433 -50.04165192722687 52.26693793161783 -62.9205525350156 -48.67964254023551 -8.474200138728037 -10.642718735727797 -35.98402112584735 94.16342765470284 -11.706039861296375 -92.79395412528635 -58.93223473404381 -52.551750097465 90.81367389800647 15.306266814743225 -86.10919485838097 -40.884231478627676 1.6217846939024412 80.78195219813148 40.76211198465856 77.0181267578017 88.64841196340484 20.47385815274201 63.83435116621695 -32.467242440250416 25.656265717113214 98.25555609905078 11.705481850708495 94.05487243735377 -68.10771594264098 69.96084321775737
