12.176494575104485 84.89211467772739 -76.84042191809858 -84.49383053733852 10.661021074150568 3.507148647206833 -14.694673347398094 29.785226163667716 49.17697479300648 -82.84970933477157 -8.489354894616923 27.07578926149769 -88.87012032768664 19.32218184875461 -99.42275906776312 66.77670256435331 39.389525653551345 62.172526255540674 65.16381898060374 -46.95379457528208 -86.98880164385814 -33.50890344566426 -67.55642217918862 -80.53735029645206 -78.11498212596993 96.28437099137389 -39.54826059695191 17.57744578427922 98.20031015838202 83.3238271714236 -72.54496590515247 38.04308114944962 32.06374783388699 -84.73536374656146 -92.01838593708949 43.30400480477391 78.90397386591735 27.756941087551795 -8.467962240756293 -84.20193744530941 32.927142669758894 -70.57846315415482 -99.44867769201433 26.43625280140074 -60.01277249358714 24.438217632112114 -27.94832282067341 -88.07339101822367 38.50873123588249 -34.41769599892159 -65.6845137541188 -89.28362902872675 45.28355754688852 46.79847850221708 -92.33796554069436 67.13785654630567 -28.354821366680397 68.80234241216533 85.16753897555463 -97.05551153464597 -31.040766063117033 48.24778219261722 23.3137202591017 -56.745972494404114 -52.34072896664151 62.02148059206348 98.15793932123236 -17.666811603939124 36.51005496162958 10.010603335161278 -16.637751825693428 10.798480482970405 -14.757541978442362 78.62603902645239 54.28943806983577 -22.912750190871662 -99.51834213689885 -71.66676023840743 18.219895512843422 21.61930896739979 -39.62739284619814 75.88851824110498 93.32859755195773 -15.236981837994762 -83.58813000994218 -66.2278320280605 -44.879625464102446 40.52518150425985 54.35782954918636 -11.030492808487807 -40.47244384311384 79.8879821766941 7.031896302474337 67.15557870565326 -45.779991853934845 -52.965264350666175 -86.7865804824315 17.160385071899228 -30.169672977058653 99.41649613079397 56.38544384620724 -4.158357635266 24.82770601215924 75.97166694684049 19.364978563614983 91.66505088494401 15.84062573037653 91.8247036496968 25.405413807221294 98.44688105315885 -5.841503837268604 -54.48305767955621 38.289638302527095 70.32480455554523 39.223648098853744 31.918886352538124 -38.34177677003916 6.693616906410483 -26.173417463814147 -73.66099037443459 0.6144094258059454 15.53496935332393 27.274777219319617 66.55525987998868 -90.71891926065976 99.73847699776678 -96.65668110335004 -18.19175126853611 71.34305494120352 88.27627907035728 -59.588727345538906 45.55686398033373 14.378293703059512 46.00787328126873 80.41103529755503 92.06854160373942 -43.60876174910104 61.475783571151766 59.733952939646514 39.88249465879471 -38.58762968294318 67.67773891700287 -3.6904541032751155 -79.77561363084197 44.35650253768975 57.4335334578997 -25.30864343250245 -35.05579330865683 40.425395639347784 87.22662563131948 -52.202229177141525 17.73409040907687 8.135009555575223 60.48377223637223 -2.8714494215970063 65.42478995760987 43.277023146305964 -52.842105962715394 -69.71368474392241 91.01443423435293 -69.66016600810825 -35.12121296058406 -30.48613722395119 48.09986294226033 -33.77492351736322 -43.55378727308419 70.1036454207042 93.61517497303262 -53.1696463617525 -36.23916426527592 60.98142693407496 -97.90919396559896 92.7757404850579 -96.62670992137939 52.838320755144935 -76.56967691661873 -34.3860632353645 -28.446557264044884 -81.01964986328841 -29.297367549941697 -83.5148125297602 -27.024702445695908 -83.15393485854499 -37.185537715120454 -28.27569592350538 69.76041913975953 -80.99639645540876 53.32291687044531 37.506677554288785 18.80501956762835 23.524789496359617 73.62311532348156 56.439882212993865 89.59355326705725 -4.4915295640764725 -12.137872843493014 61.53968838067604 3.4387110372207133 22.027278448349506 12.702680082356338
39.55766230371495 70.73014189941918 39.15674226407157 54.704602825036204 82.34702233962807 85.94867709272339 -62.28247996535714 42.90150078325095 10.213175228037159 94.22300895240954 19.68015010927185 -19.04738887735435 -44.55179647771712 -3.926660452342176 -25.52579008171338 20.830150957406502 48.71852325602367 32.90054456883274 -17.58191875693575 -14.414414640914202 42.24277286883117 -18.997298301844268 -45.50851545237216 90.0881160561778 -15.969399543958616 -63.044227103662905 -9.718081785254043 88.56175862882128 52.195224885477614 -92.32512405778061 -27.167730377017335 -23.855661756602046 -50.656349841879766 23.132530332271145 -44.07414869247219 9.863338800919124 -42.530645017820866 -55.88341232015252 93.5090795824238 79.87759910621628 65.76481574789227 -66.97263569559212 37.07332199933953 87.98005615980185 3.587137904129861 3.6646505603258532 52.95746626009094 90.57464811929972 0.6500100580753951 11.253327440672138 -49.32015106065349 47.880446109793496 94.68456913525097 13.263794530074875 58.155352661410745 75.78929427754625 47.79273908173505 33.894284521467 -16.660790342773765 -3.865662393457029 -95.56939537424138 47.36070838643451 9.790452783478216 -81.66880457143917 87.35200415288881 10.704755982337446 -94.56797812864464 -83.59184744447911 -14.175070505021466 35.72774226225695 -5.660286019726371 67.64959928078036 -78.59571113220021 -5.794607299801058 66.41058572897347 -60.72958783927849 52.598509914214674 87.29801267125691 -66.59863733132549 -59.082610533447166 -64.00896009833855 -66.93720036543797 -15.51356766090602 16.350729676777334 15.41372224715272 76.3786596178187 -20.97319448181662 30.910046832935905 93.1064855378761 51.02668468575564 -20.043088240332295 15.235602082433928 -7.24618766166536 -43.88191984022705 86.73630747499251 -76.86710285666338 46.87508008595705 -53.04929189847205 -16.981055171768872 83.62528962617105 28.847048799079545 -53.880594813621975 -10.330661251870083 -17.772405566847354 -83.70875105672778 26.431317046747438 88.93482963316907 42.29942167995745 -50.50669749476664 42.97061155165193 99.48142614847836 15.118350491563518 -75.79100208387459 16.262870937331343 58.21440912047939 -44.20603312713591 -22.19347369197635 24.81586141670884 87.93771229278767 41.610465408290395 5.603818605832899 83.70783143833387 38.925376927833014 -23.611008278534356 66.5062002373829 -88.06306421377388 -45.28657940580039 -50.05244039525301 91.11107916723796 9.412294816257557 -21.84485900202317 -74.64794357065401 24.984997396716906 20.585427099882907 -72.20819989519691 94.7315468711447 65.96058500090771 -26.695714826213134 -47.779889735427616 -83.65758378311628 -5.372650908185776 64.82258879230133 39.8687770170948 61.31772100663986 17.685444422931212 -28.3616658383514 -31.719043963670558 -96.54568060071311 -43.6261516577509 56.15664247122612 45.99508469644974 78.73789502084344 87.71834134011019 -1.2737846582768952 70.5935465676821 -73.76819351216118 41.215281263631 51.570067469494006 85.63302814413157 70.63702627325483 -21.709351813849608 -25.01554595279501 30.652085044312315 9.67619499869474 -21.2616229365493 69.30607011707991 91.77712940016823 79.18718768422482 96.42980645096131 44.37412694526114 62.87969241799246 -67.577388399276 -17.07556979778613 35.14601768629376 -35.024813982042204 57.30724628071451 7.585848471102594 -88.27387174108242 -88.9498538774385 86.72006093052124 -36.42178321235543 0.6831183883365384 84.333627687535 79.47142292780046 6.789512564321896 67.16680718189971 3.971718467226907 -98.38279998378971 50.12643387443333 5.935580732543116 29.856948401730932 36.10034513291117 73.82876090613769 26.322469014261912 82.29449882591308 82.514302107205 7.0520640931806895 60.66458585093088 -85.50242219826734 48.21837751550538
1.6345692728674948 69.99763845151591 -64.27983398835471 -87.55841841849039 -18.017221698432692 85.37807913737507 -47.892141143390155 -56.82523600999736 -55.91916969200923 -15.622046632693838 -66.29996104468015 50.489581233111295 -32.070076574324105 77.75502753299833 -6.930633674683207 80.92310518327173 31.460448676939393 -77.43216989541054 46.149148849216516 39.66361183146384 -63.82292536307701 92.34417334181359 -87.29828068877386 91.7185841235765 36.16407158349901 74.94554771966219 68.08689855323342 74.2903897013772 -70.94534220708502 28.857484616690783 8.683521866260733 -58.6423828374524 74.75482435343866 34.223874622902514 43.49289505990154 29.79997414099452 -93.85718925297708 21.09958140244477 -62.80730856125254 92.40232816953392 27.52322242662835 -73.83006586440374 30.89266859262284 -6.979713832339598 92.68769121589756 -94.80236370424761 94.88679161704462 57.683689618680376 94.47322456794922 44.36039538970883 -50.782537998477984 27.19338953346005 -95.28369782494369 89.01372299992835 28.356744755490467 85.43876390217596 -96.44897129371479 -89.6537746512038 89.85062255239379 -52.79276282079284 25.762426969006924 -56.08002637157716 37.963469185460696 68.82556527228803 -72.18206147592818 -44.62975439598553 8.433953999993719 15.156935671385142 -87.75305656773695 83.50133369871838 16.412714516762094 -60.3321671060693 -43.62308916290014 -22.936779057722973 73.48605976474602 -16.87682039542193 -58.49721379659212 -57.72314189544385 94.29016720263655 -24.6057106980563 30.76030407802176 -91.4207967260473 36.616252145915695 92.61470092619783 5.291936998831147 -13.373906416377679 -71.15779955744213 28.267289920782105 16.11120819135064 76.95478771812944 32.70382232059441 78.65025548021336 -11.106298187384937 83.44166500608355 -18.980082673765764 -69.63296181215702 -15.932467029060618 94.69747143441131 19.745104520875174 28.451766962969515 -19.271586558223476 27.094083270558997 -23.170773954305844 85.10706937223577 -89.95749979822294 39.20081226841401 31.599293746368232 -82.79031467934668 -92.39788388984253 -68.0064991805372 5.0806533682065265 72.3950924729431 17.860505122810693 -78.87129736226663 -45.98286461306154 24.957421875623382 -83.94491636415482 -71.19512917316942 -39.60707474456886 73.49758154950871 49.99253193882117 6.873858034438314 11.81573834654796 -5.337622680304648 -59.31398618051069 18.202311817358563 13.143865024298876 64.47410022960679 -53.85615820462342 10.887375221550727 13.742510035869927 -7.01817044993129 -82.2958204672277 -53.8321411810019 36.896667125132836 70.42372559572044 -18.608304323042987 -45.45739735424637 -98.29333619818534 -6.255014192538638 20.966040428004675 -51.4491381533966 22.046856072136308 -30.21382712431604 -30.817684851608647 -74.80345201822543 56.03963747676289 -65.63257242546601 -94.75640901260849 85.8723196430181 3.2841225303780135 -12.506399422342483 37.034493297719166 98.23811885485267 -59.97729822909707 -52.34137334696576 6.716883416755621 -28.06831953120357 -43.359614499399314 13.50188085650781 -27.508712877254965 96.96170223205414 99.6670727683491 -71.95219452471653 -56.75440442382638 74.60936631774277 -40.73891168705654 -24.567162776257675 -87.652903507735 42.152527818111 64.09400505164854 25.783764890640384 -9.039093941810322 -28.298399091874018 -28.732280517228602 -43.80570877406556 86.76113889231183 67.37865474361794 80.53735406454572 -80.82515692878 40.53759844964014 38.654246626503806 -40.709996845427376 64.43528268495658 -29.38026242307734 -91.74476201564998 -91.627534378135 -69.59769131244116 -69.95533931212192 67.1929457290532 43.81518570497872 -95.61832427593441 44.55668313408094 66.17203240648902 86.97804213201053 93.24030028339541 -73.41162443269678 -69.74982136586141 -57.32933417283004 4.759251536116807
93.6510665412124 0.06051336175735855 86.44842240220433 -62.998609715113176 35.238508904407894 42.24338536113851 -52.995862404318615 -86.75083590478896 42.497854805326256 -59.959900477665926 -90.6683911090986 62.50376396161789 53.189123445595186 -1.763123486470235 27.037203624487162 40.23680079697576 28.299921580170576 54.86656119830357 -15.707015328516277 -14.910188469786817 1.084396650745532 36.338258088509264 31.736818169972167 -16.751669725286547 -71.5615408665037 79.2352632616396 -82.41317674608325 -91.89337392896131 -87.80323577770596 -24.319616735807116 73.01390476631673 22.865208830259107 25.777489174054537 70.9885118156825 4.560842451648611 29.739694441191546 68.79821555234832 -72.27845295575763 -9.763855349994628 -32.01439712082403 -64.48591924437235 -2.658538887200251 72.79347674036995 32.52580885224572 24.540815796326214 93.71639500688283 -89.85910957063523 97.07610012708406 -93.84390231233537 54.33284624707747 55.00627585854636 27.272417771676842 -19.024187378246893 29.949851797926073 52.01987651848151 -23.619462855541045 68.64753564150064 -43.84303654868469 -34.62914727416208 44.794324762227745 -90.24028907255195 20.03344139097254 -2.837058673548327 -69.01908315624637 9.957284001789617 39.985911457098325 -93.22089966554203 -1.4054224269400777 2.699351300818549 -25.0352646409481 -48.63763718019205 57.85018505575883 -74.37700734083523 -96.6097324133249 -72.05927452815612 -1.6778262131694248 75.50945597078444 -41.4468848121349 60.817991157329885 33.27926285772688 -39.141194992974995 82.16033618824008 -87.1014384649023 85.24183358303202 -87.65825448079553 -34.64052259966854 -12.618079486601943 -53.42456666636095 32.2940211605748 80.106734003166 -20.705121057570096 -72.81859987728262 -86.1572990768806 61.777953365077224 0.9158284648738118 -23.82725453948855 -40.05492291324075 33.09166414023451 60.25705686615362 91.77506005901205 42.45272667185429 86.92984505031026 -50.974830051308984 1.0388010020571556 -16.518215189318113 -5.734227355703567 -41.475294319867004 -89.61228318870428 -55.943341537904836 6.083026015562766 -79.35768100810188 -58.095443828283955 -16.21744510105991 76.27735255136216 79.58090610844718 -85.00694959409701 -57.19568533767194 -17.713453719410822 96.12275170567409 99.87924533971781 -58.80650905769733 -44.04645699123142 27.577921965509233 4.4260098878989425 -77.68926644467722 -81.20855230472392 -91.1691958159808 -90.13444596108707 -18.311631543995105 32.333295420154826 -33.45761271795651 18.456800656718215 -45.22730623316051 30.328453249450007 8.518344494158498 56.543753478216246 68.19318321107068 59.11924081570186 -14.754926525971428 42.250346676961726 -96.81735345610277 64.67332368692985 9.308528531358107 85.31445886758229 60.30179072944554 -58.47443913700048 -84.34685395283992 73.13111763620901 -80.67776260098363 -20.893658325423004 -37.804279775287554 51.34117003925499 45.717004808684266 22.64046660747381 -89.33589722827308 -43.6716107320072 52.27965456152617 70.39091484837385 -66.19941666122027 -22.9353438864957 5.804171494825866 -28.05538992723197 83.29620442447481 83.99010921768198 -17.74701702176003 -42.84507545240255 31.375576887348927 -18.11754053755938 58.235047494397065 -25.012593381041555 -69.01733952719269 69.90099114704961 36.540363197851434 -70.37812448593277 8.87580820995504 41.50225770341109 62.98292771027059 33.27858875130838 -88.52085584675619 66.2276185530495 -8.503285033495715 24.30684775699214 -86.87456816864689 86.81887552396134 88.80455363866972 -91.04543178671112 83.90617099245412 -83.03194624763384 -3.547328708526493 84.13731191564057 18.606447944635377 -2.568076454052431 65.66976036222053 -9.938906978553817 -51.4119918839195 10.123241711146719 -41.849089989068865 98.42483133953357 -29.536330161360496 -7.995451433664755
23.462493003694405 20.576108061816797 -63.38014982480718 8.214570118977278 36.13612252715882 49.81381177860251 -36.135194543389446 89.06850869620803 -13.27737415288135 99.02673548644177 10.98490453373222 34.95716143759603 -53.75875641861438 -30.1961596549652 -64.95105072668774 60.16081721564058 86.8486846093698 35.471396340754666 -57.00701929537206 -49.13058251525968 95.32775665926488 -11.509816958337282 -21.40851759345 -44.84490344774144 28.01644576018049 -23.234638988807504 18.335587864457196 -93.56698292849819 84.34269849560056 72.61801685020001 99.15045769487259 79.70757442241157 72.82386476818326 -1.128485178818579 -5.181606980882108 -23.53044524379557 -80.42825979717607 72.70893158772682 45.276951475028 75.22134195727486 88.75766638465046 73.71516524760224 14.90059923273381 -1.2911710622449704 -43.47109971532157 30.264116180850266 -24.370590986111452 -24.45166269661796 85.44362328678261 76.85357943643461 75.89497993723796 -10.11060886280049 80.31302276176834 45.853018764171 -10.501729053523064 -97.98645740612457 -41.38725620931114 -7.411399380590012 -92.37133182796164 73.44862019912043 52.91523766387368 -14.981016517277638 -6.503598759438319 -0.5782083909820983 67.69705302512372 90.21585878900413 77.20836428696413 -27.93193792297967 -99.28305360605066 45.0474356665718 9.245748567723354 -80.35498722070413 -70.24981089943014 7.9723638742009655 27.558565475385194 36.1536413806362 -19.800918686546225 -20.995882152626066 22.884463841973286 -62.55027403294824 -24.986040526707853 -85.73040296697654 21.61394136775749 -28.089260777244206 -41.871334550083205 5.60105680259953 3.1334873693859464 -93.33820614864325 -56.549586263733744 -54.523698515266375 79.10474818400297 59.211086869749124 98.53902044636095 -77.84384253209117 22.44593552669754 6.950246277013278 -18.87371435486989 -78.09244866176161 91.33320304230509 -70.75994279861291 50.32087124197017 43.79280614744167 12.013181847265187 13.247948948115805 65.79474492015638 36.057864104596774 21.53508272107372 90.78654563128322 -2.355714046968032 -95.5379099940824 -14.797010485984046 -11.498515110202305 -99.96214646537108 44.444135356303946 -37.17867459772499 -56.658880120394194 47.06647959327452 -20.87353487881191 -69.33516569155758 4.910558284667005 -12.56488276560799 -60.20020986087924 9.30301412138752 28.697209227601718 -92.433699744682 45.9905066873462 12.528607502587747 -60.1767112759384 -95.659598018926 -80.68965135191635 -64.18089501134934 40.606009303042015 43.93164623147743 16.93897536314695 -13.941418402742258 62.22074689510811 -42.31136909695172 -67.7325580706991 -33.95185039505597 77.52922060222119 -2.4586642201618076 11.21085278033533 -45.66079106368781 38.020899599589455 -30.74585455570113 -80.66572560607754 12.858363831313113 71.69373836129066 -80.73335611276968 -62.59888639573901 68.23778411486629 -57.6666695875748 30.438979523677574 -14.689565012066026 52.36696577730905 -1.922060013659049 -50.94803736782556 47.288889197129606 63.419664334176815 14.799375674697274 -13.148785598662187 -39.43182765835049 84.1166534207967 -24.728660947553237 -78.27452474104683 -73.3794957695774 39.64810599565419 -21.42367780935153 -83.57360963066158 -7.0690186975864435 -61.098936937180916 -99.45548811463092 -92.90310362257965 82.76029852349566 17.276760380898736 74.35619342396745 34.70949251662526 -47.73403337349962 -24.116621614935838 46.36617398854173 35.441863512106806 99.39608483365032 -65.74873328054915 -87.05358907642287 -93.91589796578839 -59.534923713177434 15.141671603408028 -95.90531507423744 -42.01852554992356 29.195854056333815 28.516088935650828 39.76837820541135 -43.29486882455262 -20.416112730972486 -61.292417839082766 -5.958015981895073 93.62664225823318 -69.49160938512813 -70.6053883067311 -24.416990402963904
60.63471037388538 63.516281919281084 66.42512659783785 -44.9325441902676 28.55996829893064 93.55339867561332 88.95322655892832 -18.34151408030344 -53.12992193910879 -29.00566136018834 -77.30548940108409 -79.40898049630096 -72.91312218828739 -93.49570111948474 -46.74951831078084 11.013651849005115 27.624129381718163 -57.88937932131319 -20.605476035576828 47.92817604105343 -83.64923612881982 -51.27575894881116 14.214999608885165 -57.26690378916539 51.89505445540581 16.388288084350776 53.224978901294946 97.24774870401637 60.578333842948695 15.653346032529768 4.242571567343532 -35.32211254614354 -20.011940809338057 80.11999809088303 44.778202709018075 -62.85535775983073 -12.082618031431181 -25.221947969660818 -65.99411067545034 -33.015822939663494 28.651342946351377 97.75890076505814 39.6792708886822 56.90451346275617 5.310984195761677 -33.494627162164676 -23.520776584337327 3.651893860051132 22.23823719018749 57.71647050470986 92.64790607255523 -27.374626549982125 -34.0846489907908 -90.60183473943925 -11.565521327212807 -87.53619553266543 -87.97450338555055 62.81395496752623 -17.45833088984614 83.45795679129654 90.67962832572906 14.795514475769679 22.769546922375298 46.16943732175051 38.661964716912536 74.61470003647429 -69.76449158889302 -46.07156346668473 -47.733939804941514 25.693669567055437 -11.312078104025119 -74.74817121366229 84.76003311004516 -29.681381193538158 74.08356247350437 36.998571113217196 -74.40252325903657 -98.46943363655889 -42.07133450234706 83.64292322606627 40.67108780618605 83.04960822059323 -49.508919192768545 -68.93899879018946 63.273574668109575 -38.67811328581139 85.28779219803562 -59.4424104048578 2.754359201379941 51.48148157060379 6.671392012506033 -20.114042384444005 15.960108362731162 -6.661110666033878 11.4645735183164 -6.055087517931838 -78.44006813579894 96.05745360132059 34.069914577382235 59.4241359220313 -74.62233607788775 -80.55787343941883 -56.517829159190505 5.732424252163312 89.96189281426336 84.86121858328616 91.35147026205806 -23.121459845571522 65.13471127408027 -91.33824435794492 62.19630317858224 -67.5625108928521 -72.17628303352015 -0.263526212891648 -10.4996709074112 47.529062453628654 -16.943623208088354 57.35921742163907 59.6533942276597 55.894482580778174 73.0746498848485 -19.88937356937177 -90.34089719830678 59.536826069604075 -65.55261137794224 -19.849652882384518 23.268686293846415 -53.531724668225536 -20.301407665895923 -2.574842718640184 5.745973809790627 48.093475553517806 71.07429454353692 -73.21683691221259 -90.67984300750025 -32.485417858324766 -9.282045770754038 87.05118601379266 -38.313650536975686 -13.88996225895194 85.40811437092097 14.791194357834712 11.336741437687564 -73.28293287023486 8.075748634668429 6.4408199368885874 -58.54461104891215 -74.69536031313774 -99.43178690532118 8.230798574218355 -3.392480697503487 93.69087928289898 -38.0121316291864 14.08318119811554 -47.545588143618936 -68.69808416222558 84.29612407373202 42.079368615321584 -40.61751653821582 97.58869333306393 87.18997846800494 31.853846022106893 -96.57282813400295 40.73739443915204 92.11290982936012 49.1043160786559 88.37796678718496 -96.77280423185817 57.53115451041694 52.660146944344945 -89.05962099928996 60.66451826719339 -50.36387881716071 72.49651591662874 -76.70360274632692 -48.32905777311653 12.67508124320078 -55.769682883043025 -42.53086875971459 -42.364536859587076 -12.48507507611545 -18.089001218325393 -64.80413909497435 -18.050585683378387 46.668318028953365 61.23881652560655 -75.20633920959256 65.84853458011966 -17.347392157665496 -78.29805881084204 43.20107265047989 -12.432435734921896 62.53231519367938 95.21780176150702 -86.31512733309599 89.42468446909211 -92.17830809318481 16.914150025216372 -31.872185567089062 97.1744172364773
95.03426342457527 30.779915905309053 59.51847178992415 -40.85873537137981 86.34711695460223 -71.47707676873985 69.51707018106916 43.91083350620565 49.98424456087301 -21.953673563905014 -1.5631583158752846 11.667797793635984 -19.326962491935348 3.569237465021203 -15.808721415404676 -33.0089884691467 -34.38789533673953 35.364050190325855 -30.815545175579047 -28.70658604298515 36.70802360540458 -26.319894158344724 45.956314048397786 -83.78259834706077 16.233712394901218 -30.439733925800766 -88.68825227218524 -76.56088208786302 -6.048651940293851 97.59568747955336 -2.0482555748189526 17.43997296578705 -7.308504826945821 -12.983967845448305 25.581961403980884 -85.0214582208547 -80.84719923570577 -58.65253214154356 8.63072255111345 92.46120073569921 28.165707923877136 87.24356075784479 -41.566157202911505 -82.73947482021806 -59.50677331130563 -27.868650419246393 -8.144095198984203 48.179021167011854 60.55975349356726 9.809473895741917 99.7532347987169 -67.39122436511289 33.570693493065704 31.431134154136515 -12.524991790800911 -97.83747314521716 -2.464206889518266 -1.1947139422435953 74.52092589356064 32.312629689205295 -73.53827175269274 -15.31296298647824 -36.551242085692806 -90.87261540093641 -17.180724538565983 -82.16276443100739 2.7461602477787608 7.903330102418835 30.767424304642304 -93.58712837737961 -31.150848579123178 13.323344129408014 -71.15373237085738 -6.9985775744740835 -92.64757988632407 -55.81319274134988 -54.24420572246325 -83.02042958101276 4.165992105088762 13.538624757462571 63.93896201876541 1.351107327735889 41.654290224649515 -36.4491364405906 -51.117122304884255 -15.462377348071769 52.8228421491994 -76.85272263286387 -89.47687526073591 -58.69335544774703 10.35630836522516 29.47198741275662 65.38437641488562 13.55890647234152 -83.96754038745348 -93.15711021656998 -83.27456104918312 -50.85864194243184 -7.809205290450365 12.781617887485424 -25.26487469175838 -76.08117093063551 -98.37276047124448 68.59268325233685 67.52436487225435 84.79255347301739 64.94098784895453 95.40866941932146 -15.418556827790468 83.43279823408253 -36.34577123025158 77.2832016990798 -47.760894168805066 -80.22241118898785 -11.561242087679389 -72.35319062482347 -6.3404537744741845 72.77160792387721 -96.58471038745604 -82.09429449503136 -77.96000254284203 60.87541592952442 -38.2525164661014 80.42785288149904 57.144286771658926 -1.2595990497832759 86.30172773997415 66.71355204890787 -42.2018173731366 62.26743724582502 -79.47650756034116 -66.19394181278261 -27.66141937701485 27.45218159842733 18.88178608784908 -81.99063148309946 -40.13628731942958 -56.20780112802737 -65.18800356007344 -61.88254466792571 -51.97353970768752 77.99056334339616 0.9279308189836826 -98.99403657269106 -68.0566705766299 -60.36159493805482 -62.90667421315392 -59.494665810916025 80.70349713342736 -80.00525566302998 -35.42159521792716 -97.48575322948182 75.89259598948397 43.321435532259414 35.62827984842124 88.00243030263277 -98.17637551719223 97.50616378889197 -3.204628667223048 -31.09046509440006 -81.2011502378231 18.577986853580384 -82.36355005090601 -58.500563920232615 -82.17525956822067 -51.29558061405544 -40.71994904037264 -9.939543544971286 -77.69338990704264 -36.94004795669756 -40.899469548037985 -97.93747547424663 58.61730811576132 -93.75964585315018 59.5625872676662 -47.314994998315754 -36.83751380543405 -74.6244598467843 34.17082940312207 11.104465314302942 -31.099402442309398 56.00926017595171 50.29178658355394 -50.28921772086405 -62.748546168532556 55.778228344351135 29.213570676106798 -10.681283308974827 80.92015458872407 88.2750341817335 -70.74604731903631 -18.93649726343571 -48.22597853813886 -10.138654419166215 -55.56805811151164 -36.50876861509498 56.59179295341238 -97.95416405886795 37.54750157561131 -61.13659716631312
2.966568595476275 12.19394855764169 -13.502308153075873 -47.12899359356524 -86.08990842735192 -41.78285767889367 -58.78054952490612 -46.1924637487322 -15.754407098572187 -11.673066595013438 -9.510261851559804 99.72209005727913 -25.927634010696977 59.043757886603885 -7.148446231467133 10.952112887743255 76.86995937645926 -96.71613533498105 -64.44865733857642 -61.621026463403 64.18264083539893 -34.64057835726662 -88.02169851183585 -22.60494209930917 -53.71748941081762 14.987305251008735 -34.50293172041101 74.77587513419473 -14.719647100798909 65.916489526189 -12.147991256556324 47.42728540242541 92.53416458210845 -70.98661230211374 -59.18978135378792 84.396690544352 -18.48911103597868 -71.40064144298175 -98.06686199270584 -35.88787478709092 34.45692033339898 97.91794736588369 17.824689698756742 9.559180586718256 -84.27056556724062 5.569778047045617 90.38118187063068 -6.771604210166828 90.47650764882025 96.57420728028765 10.316533529805554 -47.46522655814944 -7.726006665540268 -33.15347202712327 60.59662947276527 3.4100584515913397 64.08276790874484 52.084933826257696 35.599118092654805 -44.909108061138035 49.03184998957332 -18.688137560750803 -11.536194189078898 -75.21297184480431 -96.4774946127209 77.22378100835653 -55.86482772524703 24.503542854012622 -19.49115949314171 26.775947433946385 88.21478069129174 -25.208860881912926 1.4189641382539548 -64.8708739553968 -59.151283264570885 -9.938981001583258 -96.94977949946963 0.9834784746894627 78.07005620783278 54.52771022311785 63.655101066970246 -91.33849739036879 -41.149149851354764 -86.87272028745727 -78.58930894859695 -93.26244886880653 -56.84448803902031 40.30678419396824 58.27677954965071 -50.20819626462853 -71.00804582341074 -26.527999412882508 -50.00723939004226 -70.67994490548031 -20.169381712371035 6.297166175055068 29.50132012958599 -38.99107595490452 66.65863105745748 -81.96356203279478 47.01473298708336 45.43887710725474 61.216440728742356 6.249399310000484 32.15519701955745 85.18255553713945 97.17074229644524 -41.45934349226961 63.671729441213614 10.29638493079834 88.84667211882754 28.69380732790131 -86.94410648696794 85.50163969378664 -44.159147463170115 87.21871309739242 -54.97265619845313 -87.67636436222008 -14.608640744571218 93.58714285415581 20.53770943640791 73.65620791038305 -0.4178337031223549 78.92511772665131 -27.575095406695155 85.82912797717427 5.263782842335132 77.20152223431305 -95.53622996461473 6.874641317753529 69.4377639908169 -20.120829292245872 45.81010275134213 12.92839016602008 2.924470381037608 -46.974264695108744 -6.1525191648568125 -71.42641161568042 58.496642252689355 -58.4660382134873 -66.89247431550795 25.101118523371582 -46.93908452537781 42.67445349440817 6.503129023083034 28.011016824821695 -81.48745539216249 3.7199952207422484 26.21892368863969 -56.64993028101435 -26.08122945511282 -79.96916369689725 -92.04822667192852 -83.93021217934358 10.366277226330894 -93.73876278615663 21.73128899614531 55.872203895849424 55.167935847853045 -99.89491583586305 -88.8329401564012 -30.51849162418408 -85.97592691476595 -30.40341855314996 97.89523834374862 5.340559348707515 -5.532374498883087 -89.46268287052328 -84.68529974844942 39.30918174015622 0.40634540276964515 -16.89095880741654 94.6950670770272 7.222863214266511 52.18692042035593 53.39012433753419 -47.48650553109768 -59.37132973384609 -25.140158420113167 20.040800727416226 32.961063605986965 42.90845465210231 -25.98412239216205 27.66631274925382 -10.355139605093129 20.08220383745129 44.24989296928052 -69.60728044723494 67.65641005681476 37.4765196517142 55.97707970249445 72.77554122915575 56.76784577009869 4.990575909417899 35.63221585945834 74.71972201300468 -39.36458574675898 -57.13191751617177 36.507263422941804 69.0133222346914
71.91633358873864 -21.780779207954822 94.14120573293084 72.35521220065851 -44.419728688324135 75.6617927041143 -50.82512315757006 2.541494173175991 -51.68902425289019 -70.91730185650702 68.24026562307552 53.50008177634356 -47.69840499574403 79.35327263352738 49.57233819691959 -10.101756622048981 55.77238884865858 -5.78130611951137 89.91827575139476 -39.60267309417327 44.74216466444997 -5.164358995109069 -50.09525433409292 65.12997276252213 80.72002725073108 -74.49902416185641 10.073430969405521 -97.58448004648281 -63.833224130248944 -5.561560207254132 30.65291740850742 71.99779693017697 2.3174716658152192 91.12575264529957 -3.005578107448528 -31.968777813023607 -80.9687123384158 7.42957947249208 43.72275142590411 2.7162245588954903 -57.61754216336268 35.70115927660211 92.68494079905975 -91.44607068180292 -62.71143569711861 -71.10875870335009 -46.5136667618218 54.14475655812109 6.888598127256486 -82.01315587283464 72.42484653990508 -98.72044687443378 -54.12249794479074 20.23150830047331 88.58867061055417 -39.95900696905621 -98.19535424991983 -69.69479103824253 8.624526592454302 22.611144349961194 -49.87307109056272 -65.86545523656184 78.77743721701884 -84.71256383737351 -85.64071611123232 70.49808778045741 18.534495616515102 -38.488363638657795 6.69411475674093 -56.099341097183064 32.3057526380793 95.89495738898322 -45.07271846337291 67.40567851434497 54.962221079360006 72.02692945236257 65.23684505035027 -63.34612545784451 75.16160404605625 -64.44815031643314 47.27487970170395 -84.41108715564656 -38.782105693631095 -73.7527936822346 60.700098346521145 -54.41518697848924 43.9480317882273 0.9802610945673251 -38.035701460483736 52.83432508949778 -33.181292152812446 45.177676505753794 -27.847169544505675 -83.12548986377195 -29.362298098708166 7.941773159171774 -14.400140721193864 -67.7048844922294 69.56441495010995 -52.26989397437114 -65.46342068150037 30.765344279764236 33.334611683787585 76.2459498224973 37.23427775776648 -75.72786332993049 -13.649707336525282 -48.66977259818188 42.23065554020616 -60.76464048653874 18.334231349724675 93.71055599332956 -19.32593180566171 81.86888409411546 -19.092342098198984 -12.37267894224388 81.35755347461182 95.43570464396916 81.42251772519268 67.97995069595578 30.518793826678774 8.24675736892489 62.94301873985128 54.350584862540245 -69.78909300665164 -23.207001749512884 92.3586244752911 -61.9092713884541 14.002100365048719 -17.574787921295723 -73.70733451980547 -45.06639715441505 -93.53725548576186 -54.585676205766106 -43.656559334266866 -58.93756615471153 17.879523294585027 60.018369241457634 -39.072346498603096 72.15926615883222 -62.62030017730105 26.062816003593042 -43.13246317588346 34.4931229852798 82.9703592240692 84.00948440023373 -23.89444164699883 17.514036748177546 19.58407461853082 -10.019271547098498 -89.41458877162452 84.71586236843743 -6.0384854732237585 38.55819241745729 46.948755038489594 6.553301628658275 -35.038680004249656 78.40688362056903 -1.0631861350469904 89.29457017102945 80.74091300699843 -6.284500518469585 33.75773900799234 -33.612636174320514 87.65767021237397 -97.30619846916359 -97.8912659713229 30.72678079879293 3.6410661342713553 5.811242417286806 -31.328513321526614 90.72547908629812 -9.395457303767984 -16.24618298972213 -45.93285058132825 -83.26392924050343 27.10929600993795 -8.656675717855109 0.01691113268151412 -63.50716061267949 35.81909258367699 39.70189933572027 77.29015235073061 85.26067579146172 70.43687096856402 49.42841517221174 -31.45818699762009 1.888144101056426 -34.46866214155504 -61.52325516109458 26.187254922803447 23.477788667256988 -65.2217137946578 16.950849026089386 -55.78174373663265 69.49561651622722 58.891212308880284 81.5255968858506 -84.00384710930697 -82.71232413519525
-85.4816024621847 -46.74149809988204 -7.941519557679854 -92.2946065773758 -43.61176075796542 55.81702594894796 36.42495322516896 -48.6793378677838 -25.599930564345087 52.8721251905381 26.300027837915806 -63.40273797956921 48.0355163073196 -31.516336443026987 -1.525562057898867 -28.981908317154236 53.12015399316144 85.6075117455913 -6.33896779679452 -89.31781806782286 -99.58826182232752 89.84796856018917 -38.20854380946279 91.6771309175204 -25.512899926517846 -94.23568464621471 31.174562099904335 99.0066701906498 -10.527535518114945 5.163198098744189 80.04884162168244 -50.36181547546257 65.52897103715827 -18.542758712173907 80.97160827844246 59.89014391541602 -2.6046916785781065 81.98883501264751 -43.32456979688244 38.447256125847844 -40.76427883448937 -12.52909742370369 83.42959606332357 14.046968288117043 -40.82485263086375 -16.062507381466332 -26.035495358713035 -87.41765468896436 -75.57675032474918 -25.959105849577767 -0.5673613882910757 25.330309208711483 -8.739690463001338 -29.823024176102606 -18.713744467049096 71.85385943310393 37.922471403956024 85.79611881653048 54.26992854880882 41.49116908149344 32.52311993018611 -4.840933216030237 86.9849763014872 35.770030253434925 -86.51619929895809 49.55108474685599 -17.184157804755927 47.42182233188876 -99.10666581547531 -37.234096870046194 88.66373170905689 -30.213321295552433 47.39222366805811 -63.22894207075147 -47.959556432037246 84.58269342657655 7.131982175120328 35.185586221153216 73.1201200337349 82.91448505949069 -96.24264951761651 57.574949150322425 34.016556243705594 6.562883547711522 -19.56863900436406 -91.4768306781977 -24.582222606312328 14.90155555065462 -0.31872000912271403 -50.38732470535041 71.11865743838322 32.251354595499805 10.611792030944684 -12.023889714755498 57.87239075165198 -89.92870173759657 -23.66108961989393 -74.68699276505134 -98.44918295797223 14.240797114100374 69.61760362435007 15.783754761419928 42.6797842530552 -75.42614188876271 28.093507662913822 -95.08107582220515 4.458115143592778 -99.26801147018713 -52.25175985695321 0.11206908327969245 -42.44762671361983 -43.47760971562542 78.11217358224101 60.87301556058932 -50.190629504979924 15.732658720526132 -78.65575840339818 20.695132744329925 -42.79494410784308 39.38935694192139 -15.23721650350896 -53.266761821458594 -19.742734026547964 -0.4110000281510935 55.2945989863546 25.080147682561844 -94.78921403961067 -15.0644737976219 -25.07358491573261 -39.53459333629188 -9.1718931469821 51.10477753454035 -15.788543041383193 9.517512404824103 1.3949244369423326 1.5771484055963043 -66.17557340987582 -38.97396570564224 96.84096879359544 74.04777221759667 -60.690300193920876 -10.30925452256514 25.43796548414774 33.63341651446032 87.74787772854754 44.806688666263284 68.74339389493335 -61.352368142871484 -37.45891151609961 -24.705153308088185 80.17193232593561 -68.83363943297283 -3.9119203354506453 53.296923974865905 -64.15711717178075 -14.192418957674917 50.100108334567324 -10.041768685144973 38.94279392122192 49.84997958096233 -94.39711571210658 4.656017747819746 -72.99632405361645 39.92799926652961 -75.87261849294009 36.90781273834065 -21.570165505622157 8.444665999338014 27.5557222425913 69.53060379344339 79.21524807259769 57.65480911162388 -55.0677890731091 -97.0525927411164 -57.777535637621554 -21.23601205072825 -35.662643928492614 52.68321402206061 72.75114597772006 95.1553922403414 -16.71397506746284 54.738725742808356 -11.07460875592652 63.19477293607946 67.15683414396682 56.225512017830994 -90.28990025818659 14.514312449897943 27.56578164854575 -60.122936746813615 -4.240906539927522 -57.249125316909485 -3.412947430784996 -32.84400851007668 -95.84313220198372 61.79705291488841 93.75620752672492 -85.99993216408015 -53.044326060231064 -35.458117420496094
-99.33496530359996 27.843001713880412 45.012273810087606 20.14920968297382 76.21922004761998 -76.76294206589027 73.83612657380993 -74.75465288496872 0.8393560287255326 -50.649273172481934 -43.40148461786772 -66.74615944063949 54.5093399540599 4.134441410740749 23.974125534695773 3.4354612334688284 -65.80750603258325 -70.33169376970616 -50.37633925802023 -96.02727381133008 74.3568266628121 -10.200955555555865 -70.45812085564178 -98.26273014071963 95.10631108547884 -87.99991650889004 49.88889292619098 -48.87395173666489 -55.779873233205876 25.79496860189043 -85.0461136520525 94.04020575302326 -63.013395330604325 25.55032282355016 93.20634127367066 -32.87285430217712 46.270626413570994 -98.17667433373376 30.10710714847434 93.1471921460118 56.6323133886807 5.809591979253966 66.03623617553879 98.47105313009587 -85.60689003859227 -13.907272367256596 -87.99670865684446 13.825908576804352 -3.6306310452211505 59.56860684742449 82.64830065460364 -35.38793653508816 -75.88988188384336 26.90688486050243 82.46199358568472 56.2868549988857 -83.26924636851342 29.706087452770447 -15.172700187600213 16.887151678181795 -80.99244479361988 -16.634581786378973 -73.86868159311328 -7.185976938067256 66.69218081714027 -34.00863051094515 1.525652937877922 -10.213884229787197 95.87513871952609 -20.09797785734031 9.836203489883317 50.349290258150546 10.778362840178474 -77.42577754261661 29.365952671614878 -28.81977196276108 -43.781300599469745 81.78321568669219 -48.708306235397124 -19.853682568557844 -44.009823117439794 99.07235101826001 -42.114629142634996 -10.554047337390955 -25.051842523766396 92.38452819340438 40.87713421113307 -19.84984264652168 77.95988670665741 -27.13152774492258 -48.26368591806889 -21.122588038527738 60.70738914891933 16.721927294144322 70.76225259218319 -51.48206084881268 54.72429371529668 -17.811202531941774 -2.116564445354811 52.143753870837884 -96.96606208081724 -15.472658778629622 -19.050246066432862 13.240791071572502 -2.038888581206308 45.0983460914141 2.8145977435407303 28.43396721859034 -99.39668946685036 -87.29044781526343 -36.221274853500574 76.74869808066498 -91.1149397558485 59.21259345945538 -5.726571735237314 -83.04240892723647 30.377469490860193 31.40189733913121 -70.15480996429595 -43.954308938093824 -56.667760837088025 79.51215812781442 -10.759267408564966 7.29578796346874 -10.590879561725927 16.960156186634507 94.4711566541636 82.52333970091709 -77.27630014296616 65.10684499150443 18.169521634808376 88.83909318770432 62.095659909136 73.60924601644524 -98.8364468480949 15.184381434045235 88.071373115194 -96.01552951578827 -39.70958908699873 76.7727223120931 -79.35334285630952 -77.180114075945 -89.05934348259596 -38.30578973312455 -79.10327102608541 -1.7494408812766835 -15.101166705356079 -14.979993698021701 -98.74157306393722 -19.57748040268193 20.53808598086941 11.811116476620882 71.90841222459935 -66.15754849856097 -68.7061437920043 62.35459640486167 -45.348928253477915 -41.993404491443044 68.11299839871984 59.45182290245103 17.7889282019363 72.2192829772001 48.6600525812801 97.72352782360642 -30.550949964492162 26.095194596227998 21.735524947020863 -37.03468597451205 76.62457490563693 28.03524026503871 -16.17926248568773 95.40022899487309 -5.633224722968762 3.0934668067962576 -39.725761497499576 -98.81939068550001 86.13074585547253 56.5873381156693 -70.30434840978918 -82.47121395060537 -31.24110060334489 12.96322478442768 69.80289895115101 -51.21917857905602 -44.68478873961455 -43.95836577613319 33.81143959692059 -47.38100411316082 -71.19629597832493 57.79189586450778 -20.735742531467437 -99.9325114165504 70.82632844373063 55.79257314096142 -35.23918284646723 -85.68497804751918 -8.876014963210793 -84.15426088810895 6.760068119144293 -70.15499107086225
-19.940642419929716 -87.19878871055143 -18.87876364860537 -94.1910013613654 -87.77301835407509 -18.21202931481419 -43.3019062331915 21.596277626243747 -90.21752793828955 4.540291162963214 -22.685861148549662 -33.83519535316411 16.925471345357025 72.39010066344852 28.086916426074225 -11.324829640229567 -29.508467812646003 66.86105459167501 -96.79475061232733 -96.22054833812498 16.72068986818506 -29.306841490187125 30.808797526707565 79.15093123647398 -18.725851270616033 -3.5705672735248015 -57.36286960885797 92.24670402806461 3.2803810988855986 -19.55413382888264 63.818645227448116 -83.40676900756745 -16.18584217635339 10.872574786449391 -49.92898816487119 -24.030482009147704 -64.08643264814522 83.99872282183475 30.756696275825504 11.681494827310402 83.20589083254265 87.37880797522149 90.0424707037372 50.30754889741169 48.22147308243211 -37.6058888555717 -31.04116663119126 70.30180758432522 51.95538719798648 9.900861526175305 91.26081919784286 90.20305167808743 33.15404865512173 30.72085215001016 65.9761666125296 10.803963705004733 -22.781162703011006 -75.83896222991868 -98.9130929962875 69.3859748315837 76.84074383861397 2.5096779707844235 27.15621604971699 94.33908029657795 74.20867730002104 43.41178903702655 -34.10831732714587 15.013738137069922 -60.00125217774735 -85.21978120766764 -98.16963532063644 -23.88651213669823 -73.53447465986471 -76.0780502507137 -6.747837757840898 -40.224152072487776 -35.99302838317273 89.26392174126175 82.62753728522821 -85.81940588255179 -96.53580007727179 -49.03232142461349 -46.71872481162052 65.04755618683942 51.74790336422055 11.369062719458299 -28.686817548949193 52.58040717943973 29.798562634587483 16.4592548167698 7.973910875741822 96.77741706504492 -44.53034582740529 72.7342267267799 -29.743557167906843 -41.322886448118744 -45.167405737683474 -51.19062868753084 5.070646406340742 -21.502616645109242 74.07228010055417 63.30978796514387 13.238796895498936 -7.100029755569892 67.35884213666668 21.54806038468567 55.97026841625231 44.10226985217406 -2.405091966342127 -56.205573631512664 25.260963858734527 50.84204287251566 -15.830724925567026 84.10121739649264 -55.89830116767773 87.63325793434674 -43.53752209559889 22.471302702541735 60.94093607973491 51.73271112437905 -94.9611971760517 22.245558725371083 -90.41273213934852 86.65152950318878 91.0838232270865 35.51291287235529 91.74316565598127 42.5543818402661 41.02202443730252 85.64045578967395 74.16468390118746 17.38367380802896 80.94394345047024 18.03935820354485 -32.841901456592495 44.93275106833491 25.148671530741808 -14.058180004785712 -36.20366993828197 -16.759834510640133 14.10686912228472 65.14834468764056 -63.16052374724781 93.34418600076228 67.782617249091 -59.086887621297166 -80.72909497817484 83.56351739932668 -63.541975545388766 28.055824352815506 -61.54434250473013 -78.8069662884933 44.99164983076588 -72.41496721192233 34.69637575843845 52.93226629406243 -81.52353239605961 82.29180681796007 11.9921367021377 -16.21690853372813 -12.486237387554922 -10.262669130864552 19.22470535775038 57.81043572113231 17.30687116819969 63.56992015048053 25.480070378265566 96.63692174810345 0.936762263428264 32.111744513848635 -9.92253669598064 33.187960936760106 -62.103822881841644 43.70413217193715 47.26946442455326 -22.945261355257514 68.27888384982998 93.01512047357102 -7.093843218902379 -65.97902786548389 68.14592068534583 -50.62442462031376 19.842036255935085 -27.939510768185087 52.61313914137389 80.820336245168 20.97106495297163 -77.72276846574931 84.06652896193114 50.0558494670465 1.7231644318312647 86.25408831930142 43.5649739267175 -34.65520300756076 0.926118303523964 -9.041138892791679 -51.942457653883565 92.36719539190105 -18.211165583395527 51.86897123751922
5.5891981160397535 -13.367398647730795 -74.2540276844374 48.58020199158486 -16.800564927936506 89.51276593442194 0.26903534775877347 21.723627974872926 94.01590189946822 81.9951628682773 -95.4932902074104 -35.038357457209685 -60.420233047233694 32.66992924172749 -26.358038102121427 -12.386452059741472 -66.62193415623348 56.187981918554385 78.56566312513908 20.74061413404864 -25.766006117415174 88.78513683419109 -13.53055949940844 -0.23879720695173035 6.613967200321341 -53.27072533062665 -95.94503451569594 -58.049772475816155 59.15391553026976 75.11252667573766 -99.36884092522192 -52.80973582029298 -87.46468251118733 71.29844328038325 75.11348031684355 -10.214052517441274 -65.45758901272953 34.54557902105299 -97.58990965531582 -27.171858516685646 2.7372723962979535 -5.766886534889608 89.67935938531494 61.41945539441849 80.58492572264058 -39.404482878950866 -44.71475499076269 -89.28504794084795 -27.38158600961198 -60.39710446578228 40.6511118744441 -17.18986761316347 -54.1944188487282 -23.718080270382515 -77.57414414020761 -97.5739978681954 92.33270032502557 -97.81551062256813 -94.63501866732915 -45.29878544980197 -91.03615718398783 74.62201825828521 -68.1025712890451 -59.914683852389715 -27.383230943605312 -88.02292138478036 33.350811294796216 -48.16390878679222 56.38952598756711 48.29832974972456 -13.10642974561651 -5.700454837478404 -14.183938914944179 18.279631848764225 18.85577831539888 -85.65736665559854 71.48575235077158 -62.370738709534294 23.851655879775066 23.292452482538664 -80.89440257866713 -73.2690669602943 -45.332648411080775 89.46449605933765 97.64592686781305 -74.15700559334952 -27.313657067213654 21.095271115210906 -92.50929371145426 58.639072648675466 -72.3361448460999 9.24171446343098 92.1589962914872 -8.969923263606745 84.97412413868096 24.772302694885667 -53.59812888352913 11.34504768711551 11.74672555429315 19.02246605896039 72.96747427353881 -97.99327991612776 12.380958831676622 -14.865689328691431 95.4082140580569 81.61396470094721 26.090116487668524 64.13231809669207 10.548773078428937 23.992655722813566 43.847630222771414 -20.89155257918536 96.54308819107729 -16.089702553695687 -77.79096826486729 25.23788276487511 88.51648545330389 72.02484237428862 -60.547038548510265 -71.22048218161281 71.7854270626195 -46.400790089414556 -57.08518284885105 8.17869631762818 30.411191674354 25.414491496185505 -5.058808513995714 -92.13941225005915 -79.03113735486384 -26.327950680039635 -69.41358784799172 -22.938249601197725 -95.77089771127551 30.17718367974743 72.25155209353596 -18.913943033981084 -99.94528560049866 -15.335472284804212 95.80202782945415 69.71639098647688 -93.23512289108007 96.56640721252978 -62.788775887006864 13.794446245385188 40.96629851025665 -80.96420989194834 48.20135452401752 85.59270232814524 77.14826030202983 1.4554323894892178 52.266742612018845 -31.112654042812153 3.1313723643811073 51.925219932919276 -4.374331519499393 88.74819473744353 2.086898357258704 41.89091250923909 -27.38403873153726 38.48530546961001 18.506582834895084 80.97798341113912 -36.56818352983191 69.97447372552307 -77.19171585680951 56.4614249897198 -31.887634280098908 67.0748998896976 -69.7335820586891 -35.97132253870987 -62.195697820235594 -86.5061999580463 -39.79248537973885 38.29097299119317 83.73462898780102 22.458628978062308 28.732456731245122 63.986066369053134 -89.57177190363468 -99.79144480631095 -59.86649145984442 -86.78179068050882 -18.341585590405813 19.40866104021009 -52.93585821184577 78.60777732856184 57.370939898839936 73.21547675558097 -12.601360430704503 2.199490587803382 5.6762767388098325 48.272129326840655 86.73909554581695 -85.05114280903759 -14.576416752942038 -16.341916028844224 57.213819525699364 81.85768252783384 -30.543526666723594 13.500007213260105
55.842575182129394 72.28951310737298 80.62222740622599 85.57072605110764 -76.80532283462864 -65.80078598438459 -86.85727264101773 70.93105789104814 21.659637485071315 39.34925682839574 88.60979112286589 -8.197408410459573 -49.4097368606051 9.705540269484246 49.86601032793203 -64.52039694761291 2.5236413988624093 9.501308871768671 -26.05984748409182 -53.80786919479963 -89.29654932536566 39.50386138910619 52.271490785313205 6.239826265563082 67.60974008172883 -62.45064896457884 -97.26298354731462 68.77775875204401 -57.358493113780895 -0.170751846372724 67.71945100318004 10.053925620366797 -87.91069783863901 78.27369214150698 21.479043562038186 70.19226576733712 -24.665286949961768 88.22727148584295 92.02797326143849 -34.494799648331906 -5.7171040408504155 -10.642787600281295 42.41081757990227 -92.79220601026536 66.19380633067166 -30.700428107822873 -98.26379189549948 36.67159471697889 -55.577128817374266 11.028331973201361 89.27401059584909 -29.098567982956396 24.557063427942396 -78.60663599569044 74.10627622390908 82.27276142402994 -95.3377764096161 -63.437028776694795 36.33640613356795 37.97698469771842 1.0714598599853389 16.493217732898756 -19.44104063019634 97.03344788472458 -33.56177836463621 -8.920180981937094 20.228168019260508 -26.18691871103134 31.017359608948112 14.160779538135884 90.4674906582448 31.37214841416872 -54.19863593898548 52.2183646259989 32.99676723251255 10.618488730370146 -54.7219295869146 83.40386070854586 55.01480116180289 93.43695773875498 25.577376134266288 97.78340082449702 -97.4027630740642 -63.67679267902959 -95.06649484130148 -34.815761567227895 60.068117798161666 -60.32333800421357 -73.53554834759302 82.77343557173808 42.16496460923571 -25.57440111573402 82.22766321244026 94.89894462560821 34.011393099603 -23.737416643973745 47.3517371444662 -22.480781596008754 -76.38837310600778 -37.06783166227614 -27.996651795729292 -81.4679990774321 45.67641692676116 10.484634059849512 69.85158531204488 0.9524438127097312 -14.726275643323135 95.4673177076439 -52.001011072351375 -65.65845656765111 -80.27198099223752 -62.43941267932425 -96.59880174914012 23.858160580546567 -16.140167076379043 71.48243404250914 -95.51179832036618 -42.505063900339564 -52.49635425349939 -98.2464856382097 45.05962972483749 -17.21451923659872 -73.923908135472 -96.41955860392105 31.06503573759582 91.8291980274685 68.07479056371292 84.82471526912764 -73.52240023924972 14.9511192624731 -27.92782088709869 2.73883123474117 -19.424085873747018 -36.70868436695434 83.4806950734195 -20.70931613444189 -39.475340155745876 31.029585282884625 -12.80762228103552 0.5786978365884607 57.51341825600463 -69.89192196887963 -66.74322406479678 -90.3957060748416 39.13641984782197 58.28484122993248 81.68470227223352 69.97076994503345 -6.148395912158449 -50.068335118768935 90.78361810187297 -15.051724558988866 -64.45772208790729 3.882041228896952 -53.13874692416274 54.51055017635849 56.10619884566157 -83.75080294188686 -92.81726127586423 -13.818998833122748 97.54649573719007 -88.98556902428555 -22.89530709105769 -82.07035090960382 -96.35017145425653 60.78185374693942 56.91317156375055 2.5302673550052504 2.8956494639673593 21.153386583449503 91.94375487797211 83.75107198199967 -86.34563826588506 -35.73210458584781 -33.42607327785592 23.367386709917895 -0.42538291015927143 50.749417185315366 -0.5748932705009366 -50.89040653539478 34.709060389463275 -85.65059956334036 -91.58268799722902 92.69950413740898 -71.33009691086471 -98.36978295029542 78.30768680222741 66.86845159650255 84.31924149403514 22.11728951848025 11.420260596002294 4.250728080085594 -70.38400821051063 47.184580704960155 21.646844477983947 -6.502034149458609 23.84530630949395 54.11349289202067 -2.656323632236777 -25.05916172115083
-43.80800847493127 90.15431839790432 10.83315815306689 -62.627186491652175 85.71344206088227 9.943115277479393 95.71650283093669 92.65501987767462 -88.60739776916067 -14.861988791108033 76.17202720900525 -5.151396563496746 16.94850030011837 18.406085084006634 -11.419301433443096 -12.472262712210139 51.6165986550173 72.64375778322122 3.7700858724865327 28.159464049192195 -27.061835412895135 77.73783983666374 75.866895887451 66.75694785157552 1.262050850103492 99.9999486638344 -20.763126655230394 49.442545140422055 -87.38187227241141 -74.93709916556415 -40.09831575316565 75.79649294304062 -78.09212071290148 54.14872345309527 52.72607003250701 -34.24052126881378 -64.41890714925007 63.54863763871154 -72.9595399915253 -89.58105380539799 -26.65288358295477 83.46495101124754 14.436702726829466 13.279545945402106 -16.010576854218144 32.41296857207419 42.69122845329164 -71.52348169421414 -64.40357282723434 93.86454801986679 99.10410250421563 33.645595577444084 -28.22313960502119 55.79577536019457 -78.68001926081311 94.98030225131731 77.9945651257699 82.28939347763787 -43.422130026665414 -63.05628904310932 -17.09251325136347 84.69497192177565 26.006766434638593 -32.271419409798696 42.08911797831604 -8.418173945004554 33.833759300825676 -36.30043638788909 -18.285979134494696 -89.55345266838086 -12.797177798108834 87.22105076440673 -29.02885816780008 86.10877431109154 -70.36032099685261 59.69233864868036 -95.23055100005502 -71.28857932237469 65.40079097574468 67.58076846231941 -86.95084756708545 -14.089056198877785 -88.17439674651501 -60.10895722358287 87.11954811065871 41.22187528373482 -58.651072089368974 -67.07451139934 -29.49278360057781 3.7877476111824535 -75.04667470818032 73.15110883864534 -7.657440096882965 12.148769191260357 25.160317321437958 -51.8687741719817 -80.77708397346804 64.81951263478282 -47.76320136091778 -49.62210058370948 -49.3764500665494 -7.4406893873819655 -13.701849333946143 46.16870965512902 -91.87648197220138 12.904735052652924 0.6831362754196704 22.313097778950052 92.65740712903369 37.021779513081384 86.10044345348635 -23.503844144761544 -96.0731197952042 -37.58057469159451 -22.66482212620531 41.361095936041494 -93.40289818209095 89.64226701711357 35.8761587634188 -49.3216362070872 44.08293084150117 -75.25307251130701 -71.07782005959882 -26.660600567478724 33.23836978325363 -90.560831003675 -92.26892701310125 72.87414641406545 -21.3318283734383 80.39764666394166 -3.440450828045897 -79.2290675081319 -92.29709519956491 11.411173525363822 24.473133152579834 -75.76997413742646 22.2942672327582 9.336947621764708 22.74112035812128 18.651646777590543 -21.313829146197023 51.37058313749634 12.300015177743418 -5.749065449744052 27.77727643829884 39.2277309233109 5.772636438090231 -63.703559473741024 -44.47749279944495 34.80731943411723 29.136249104299594 47.88504457401848 -44.957503288545844 92.98446216825556 -76.98140148100609 47.85609891329918 -30.196012808910538 -71.70402098712094 64.63701296197746 57.62806915549595 -18.542349293372013 50.2152125087467 -32.79303472737112 -92.71923300071077 -90.33121831444846 -47.491279922321624 32.80993065284321 45.197154391666515 -47.57961980554044 -50.794502815263385 -19.31566799024398 -32.791323261856206 72.99587941237476 44.604887153353985 -63.49257071342318 -3.6164198441830138 -64.39728265194219 66.34139783919704 26.66814256487295 96.08851680061562 4.431220555515765 37.7239925135581 -53.863690421284716 61.80807991391475 93.04881713752798 77.67560683643052 -36.14708107985831 -77.2746243950078 11.965016314933123 43.2115735284018 -91.7228617633146 77.19026949831667 73.50538260058113 16.01481046460202 -82.70507803828586 9.46802399566738 76.13825265815197 54.33235254364422 89.9188852591052 -20.14168247029731
-62.448586000636716 80.1881924306087 -54.92288789050468 -12.722479762594958 -45.40039204234281 90.21250094157219 64.55592573414955 19.650003175973836 -59.61954877144131 33.88717696850182 29.69720415656326 -42.98739976814909 30.26363913549673 -19.86430858706558 -20.691782445319703 -86.81464080987287 -30.04988784235448 86.47764735750692 0.013431007921866467 94.26946503897236 -6.813279281496193 38.74054663984097 11.193412440903927 29.157920562348437 -25.84571308506176 46.973896227047504 41.01902980000105 66.29070708230498 -8.519637366859655 -69.60224928845555 -50.52697329283191 -81.49345286651359 74.45810927837513 52.218994996953086 -69.0736563107886 13.263114612321303 -80.23804326847798 63.80906526903718 40.922625525329835 -13.79755022345978 40.95130240459122 -34.42274506478209 -95.31240227396927 12.024764731453814 75.67271387419208 -92.39088015512287 -75.75952215482755 85.23431865650494 55.941471675013105 18.514939425827166 -26.2969640756952 -80.33107888199189 98.1531079157383 27.574524608123397 -10.499917470907576 -7.190368096221533 54.5597468391928 46.63538025493571 52.62067753115963 -51.47880494245325 80.45304070520274 32.54149625346153 -21.75045148904944 13.040055861284245 77.83760898418916 92.90910598503982 -8.569356895478933 -25.505363399291653 90.04509013475305 60.38874559921703 -21.700153737823527 19.66380915117611 -72.0866160268559 -0.9656063742797301 37.918897539085805 -19.775157157723 -21.473851681768636 -53.7384107915647 90.53349149392949 13.456729021309968 80.02347432871258 23.383765732293753 38.01400136388108 -95.51116671297495 -21.74532846581556 51.996842714312606 -30.77950061431727 -60.90340418979729 -92.33692616117963 -72.66158266327163 -90.67924887932956 68.4246168401142 57.79398814803358 77.24678607134456 68.55389830083718 90.90694329846934 -48.78787924468486 -93.11143142921617 68.60553436382972 81.53437488207263 43.5341710129193 19.872397385797086 -90.58608637896286 6.134034776233349 81.35481241936847 66.39665503238191 -74.63124922378057 -41.54506512181337 65.38837908253973 -72.6625519745766 -99.89120306281971 15.119655634752618 -48.13438837374689 -64.11808511754361 15.996939425903406 15.692149100932241 -9.530895712133926 15.214092697736419 24.153748841831884 -72.04530011266301 60.5516573535713 39.714305260321595 87.47130094779013 67.59696328474308 -96.1296032003069 85.09109027917009 30.384333403429224 -51.33743239092905 -51.28326177268541 -42.74849192847672 -52.94001044591319 67.8585687727232 -84.34887862973699 -50.03036252102664 26.27047019901576 79.78971306372483 -27.95681047124303 94.00298658077651 96.69455807149632 68.98465178066479 68.25473765266815 4.906106882438735 -48.80341796408829 0.2286728508417326 95.23740096101781 -77.2487648116242 -97.48390964007999 64.20315597077072 68.37472720050653 38.671442694842426 -75.29454307681027 -71.91342523521979 -86.2918038440406 85.31515971452143 -31.833819321410033 -45.32844880410545 -25.974925703802285 1.6107752601760126 67.56933621862186 -80.67275546531256 -83.83504529189145 -64.01848323474974 7.243049627255147 91.57365563115894 58.25188821527709 44.151393700182126 -56.105106404804125 -24.687592831719215 54.330314733273156 73.8299580687933 -6.190515780449871 49.518392713388664 9.214964135227916 9.854058842928737 6.933340023222414 95.80915947442259 -45.53682499680824 -64.02630494820008 -7.103357811665887 67.24103709939345 -31.357883453434084 15.634807415606701 -48.044757985240125 29.233279435365432 -55.99217578720981 -76.04923609112721 -82.05287202119786 88.15157914085427 -22.234490329709416 -62.10193277392053 57.81154252370692 11.773139421807471 37.574958398379806 88.82686148989669 -22.344513434941376 7.142056444720453 62.84416270554877 -9.884917116893362 84.64535586933812 39.960656640424816
76.1086356979487 96.93801147251989 95.68432029196521 -70.8049115178418 -13.505456126891843 76.8522715010142 -89.57358800835584 34.86770038297365 90.99723887735084 -35.95982682931525 16.999892484041396 -61.78000431254791 57.308426386503385 -18.643798886699543 81.85795223538875 -12.948688386651355 -87.72617697943402 44.04559036383441 95.3488510367271 -87.39480774505364 17.904622342867654 -65.44954488535294 -1.6017134434196407 -88.65409219892311 -74.18375648983155 -94.49480156138644 46.2767724273163 -44.92396590711438 -29.781351381966374 -41.22042244674897 -51.76862612834048 5.210955548778486 21.076850600886175 85.74623137687294 -17.29812903704466 34.543465749161214 39.15546822768121 -33.01369458473896 -2.296856192506411 -48.18026760672329 84.42370254036297 -68.27621261586535 4.281373889236335 8.62781864128263 43.42685909136469 71.28905773923003 -44.04332417428141 86.68910855984223 -45.18442585174511 -20.85035338782191 26.325707560021456 21.249284206564937 81.1835531625699 30.085864252327752 -44.94743998790882 -3.6849254318213696 89.32847511771647 31.535261266355008 -90.97340418692197 -27.9680628989867 98.51012290971553 -21.187426625455856 53.12168847650008 58.08284376283319 18.798428568820086 -22.967845316509766 55.983254738154926 9.338272101396683 -44.1524726638435 28.419820664653827 -81.91592048549623 -22.452955569146965 -43.83699601963238 -36.30795249246938 34.04767694901355 -93.9578137027899 74.61838928259624 -3.170505102470173 -20.869345631747095 -71.10823577029359 -4.774326657575173 60.84503476968234 6.54900681173558 -22.984703579519717 94.89820255684319 -3.740279522796058 -45.93635470619988 3.390016889998975 -0.8274572198179015 51.98708018904924 61.14099534219403 -5.4502935770303935 50.72527446914904 85.69056994930321 -97.08796012670255 89.32867994157905 98.25593254241792 -41.83846945312402 -64.82300630073298 -73.99585053337591 42.48761722889333 92.00610624871248 -61.71090435582292 -26.849595267862597 49.80837888105685 -33.37118421814374 -22.545790934597676 46.47420657635968 97.40075278537316 -97.71783929849498 3.6424738172680264 7.7537264341562775 64.30680662617155 -57.04925189897847 -20.293383405674305 -45.4069365405394 -89.27367305756142 -82.70705133406449 72.34060353821815 1.8438162149740691 -53.861686924993336 -52.71213156183665 -7.234417188622061 32.99347842283379 70.37101868594291 27.378655666958124 -83.36741582669873 48.941747388389956 -17.476858757209882 1.8729277567200313 -9.75412464458141 43.460975432394264 -30.965509056459382 59.21147090773135 -16.69642310356933 92.43568201225679 -1.3334760412211324 -62.03269750603913 14.213287334677503 15.264510940508558 15.884460163050178 -57.99749163125374 74.05298275089561 62.870049548017136 80.68781242938735 -51.49003250938624 -36.409814399247665 -49.4770033104311 -37.17174257123423 19.49675937444451 19.45934686602193 13.306233270043435 -92.38244420433834 57.98456537999368 -28.407118948145623 30.22962935551007 -22.66188793667409 21.315229815170184 -60.69427330279211 7.280294712923791 14.894242169976394 55.93350466120276 89.28326139383535 -52.271391033009905 -46.29672418588528 56.52201688516885 -91.58368346874724 70.30612349513882 39.37019192902122 -50.372052665636424 79.71324176036666 -90.45988019095648 49.65076955607236 99.48845732211893 28.09976323057282 5.43307035126162 37.94177462548399 -40.79451721046083 46.42869176381791 5.473096391688898 -75.62710835420789 50.40640068731571 50.42914966956246 71.2772911573324 -37.47436945174354 4.236291808828582 54.71801959964242 47.07146286087672 -65.96962780620694 81.86382512179836 -26.442281249709197 -10.391236022663946 39.73124503545344 -81.72550610725207 13.049500944370848 -2.180407274727301 -92.72560798024354 64.28886007727172 -36.26900840554317 93.17754697744289
83.85640517947445 92.576011154767 73.39771560850807 -1.786317294929603 79.36073570458032 -37.27335793209239 -60.81905425775971 -86.00820766592902 92.70090864706705 87.21368339413456 68.46770054557163 13.436117675584399 35.35398711033736 -18.429099838984953 -7.556039365001666 -22.301972163869735 70.80802133227019 -76.70892633584629 -44.828820434099946 -53.213247088208185 -99.16275084965753 -24.843383386962344 -95.45029475937565 43.32781110904068 49.41297779121879 79.5019083825407 -84.81078662833986 -54.18530308352834 -33.84752503594963 -23.252354101835707 42.29817050605499 91.32968109018947 -57.095773148818395 -17.638172549539476 7.2054437259375845 6.588200280548676 97.56248454294936 47.47342114249639 74.72109156640573 45.08659793003844 78.5968201580067 78.27886615318758 -3.049644751996709 91.1401312940697 -40.62509662518692 0.5950548042435173 -93.80470801443914 -66.24317686783309 -94.36854677892228 -10.980444383043746 -3.939730903415466 -24.796859349384363 87.951403049812 14.499756575404149 -81.07029460752312 96.12012853719466 -94.31231128244804 -3.4519154586448906 -11.395375914212423 -88.64886356351289 26.752200851252027 -62.037628150438785 -52.0993907585807 32.73761179423852 -58.195591029591576 11.641932583583056 42.72602985366416 86.00161489462255 -71.62451319595615 -26.785003472287357 -34.76303926147068 -43.65392203279457 -47.483903139615144 35.34855245214385 59.3252080316704 18.8168168238156 -42.9921452353756 0.6645036110036102 97.30452869573213 -42.93719632873305 -83.54003920358961 -96.23479480594513 -50.43659985874483 -52.657806474968424 66.19968930676998 -69.03013897123415 -60.318820263369275 -71.91147279126858 -49.45078121141262 -92.68117748426444 -20.27973461166532 -4.796679992703034 70.1332233607124 -91.09564249035007 14.73337419239762 -99.15025150236929 -73.07314185038612 -36.362286100267504 69.43285029661291 14.671811636714892 43.77955426611169 56.339359882682004 68.33632643823955 -97.86318063016894 -61.76113601196074 94.49380977616852 8.494508419053261 -26.100077119820696 -51.077507124463864 44.90347333365304 -29.52644815076937 93.59368047724945 0.994173301018364 46.90047781382253 61.44259629698291 -20.132456170430203 86.89294252327116 -37.815268747291086 -27.63996741270209 -83.6673589532841 97.30696125313398 65.91178550269922 36.66624471851725 -53.59977769616617 17.73477094366183 -52.0934266981296 37.583193577904126 28.92430318005873 -18.661439335731856 27.292771337372272 86.83682352425768 -61.13131966661622 -34.70253483576637 -87.87108757377256 67.27186174249883 58.32888623017894 -90.24225305894058 47.9729053169427 16.251098582802072 4.450909740995627 -51.406120775688336 -66.4590270763789 -70.57700051218517 -63.26053724354732 -32.98387490868751 51.15511853715182 -78.11672854145964 -12.631383491925604 -0.5400055736054554 94.6586701164101 96.46179534365999 -47.66725570051502 -25.74625907016906 76.33428983667963 22.39590880861803 13.832237878890894 -80.09005063150529 14.17889342193061 96.73122222662221 -18.654894811058725 -89.11924848502453 -25.646149764371444 80.25170031010438 -38.524073893830035 42.16329653893865 -71.30348775867557 -14.712638625227342 -59.726966671000234 75.94408165854566 -43.86448524747064 -72.14336549279653 90.529538148064 56.23146837358979 -5.909087733961414 63.45898155787225 -29.6994371299472 -23.382503190669453 -7.7585881838098345 37.58591755389551 69.16851253426913 -44.659155721605345 -85.18192185207971 -58.11325634772339 -96.28530817552088 93.98013603291048 -43.597700739653035 -46.354643088193235 -43.116898925009586 -58.432284664545506 72.87306644240951 42.33560497418014 -71.0321393952748 -86.95145026552538 -35.51950082361097 25.437344431077193 98.10647236210704 -23.02901135551403 -30.260483974311796 14.602863903055962 6.441507148678568
-37.17120051677052 66.41195164470193 3.422640292384216 -64.89888824093133 -89.78226865524854 60.61900109104391 15.534856035706213 -83.12374692717184 -93.62524661429303 -81.91155784860824 -60.01609507214782 32.87108423535852 -87.14075822512974 32.207062341122906 41.611810360428336 -97.80041696885453 -0.18547915301326157 -64.53712721855452 64.52286362385854 -85.51951517434635 9.953707484257322 74.11857405409992 76.23995938952416 -79.62226904286067 -7.552081296234974 -95.20213994242242 81.58074487434251 55.597036708488076 -56.4077037031369 72.71442949114254 -18.005157784629233 1.5855690162593277 -49.03319179392553 5.4454930806546 62.196483096860334 -25.963884159949103 26.68077819571333 12.589380369835965 -77.59434397793063 -4.737385217530161 20.49023614418168 26.43654688433385 -90.74475540883816 -25.211675055149982 3.98489652358181 -18.338692524456818 37.47007389651853 73.07897910302597 -70.49555759904939 88.89365106372469 8.03669162159153 29.3584398703465 -81.11681120112661 88.3904822380708 -31.64951196187866 79.03099518753584 65.13522128252393 44.046748392815346 69.60752453865575 -51.70548354931845 -26.939595680019494 20.35131341685981 -84.94478956933169 -97.94533105606229 -60.75621709335828 -72.17820821068675 -16.825703671316944 17.801120890356998 71.53060325534597 65.65411560506104 98.8637284385592 81.82654256045276 -52.57430502269062 -83.84392044630775 -50.51965173639659 -55.414186664588925 -24.770279547031905 61.373002232760086 -31.26686343341663 -21.028051100076993 -84.97332905632204 -0.5172448392521574 22.3394595745833 -82.3254924384337 42.95762464223094 66.96902701367267 -77.03131788566535 33.28802062302864 -53.14065689389253 3.2931930841868535 97.40674004034918 -78.28416385594323 61.260466530032375 -14.564271787709757 66.13624399138843 51.7940171324972 2.31251494422375 -15.409821807903228 -55.638378482935444 6.728420586978359 85.56116965734063 -73.89357068470643 -62.724650392629535 -68.96571533320635 -41.66022319738727 -6.184208351142658 43.13902188545143 0.04241198056726603 -26.62472631431143 70.69553664352466 -44.18611933340644 -79.37171756644923 -34.00610626552279 86.70596780202052 -37.554780517141936 84.77911488514385 75.44815914163306 -37.840264561373324 87.59567640606338 22.857201612843767 55.234161225432075 0.6391083229028851 -3.246348793595601 -14.293810246832365 -7.567887560414462 46.17063233118361 -86.10838174321873 19.005346257199605 81.42678524326305 63.421220758984674 -20.15290062282395 14.406555899569412 48.16853324729843 -32.6938066991828 -86.71869946143474 -20.11047020869836 -4.37555125877023 23.337152669993074 -6.7246337933712255 42.08426520015581 64.73699627806852 -43.33261093509688 71.47450725833679 -97.55533212147422 -87.338889989758 51.945300475319556 -81.92839734460979 40.30924056100335 -7.110828719215959 87.09264049776394 -16.535104567542902 -3.5559075270052034 -62.3664149845935 27.65033376202281 -31.906985018748315 4.992910086108964 -50.767751385752426 3.738838732432413 16.462800716024034 -23.459845509430565 -88.01019425305046 1.8952041330732072 -1.065915854085688 -21.457309162394793 22.56672842947725 48.22428961281369 2.317396614506336 -69.44235122232168 -72.39549261354101 29.811582734681195 -68.96434426620561 -13.98908824118341 8.842336454906416 -64.13880282412374 -55.913104873425404 -89.54729359742379 -13.29837140161439 -68.39121182562624 -90.09932599623131 93.63543278521345 -51.24466820069986 31.563202876018465 90.20626380323972 29.814179344228847 -21.519121101492928 -79.01119708683561 48.24814485522435 29.271457294202833 -3.9240774045958347 99.29252517119562 89.70271376298689 -54.354669523748925 90.29877887544427 81.59882997596395 88.6551106598991 -56.57189269339593 60.75667003017432 -72.91184059195183 -17.8515504786576 -8.705859457156023
46.66501199363432 -22.347837157664216 -43.500028174973046 -79.55254248206951 86.17871583158572 -32.83484356058099 1.684984188080719 -28.41921368210174 48.8697054374494 -72.27603112627669 -43.04947856127288 53.55964860744305 33.53210418030042 70.75374360861338 39.52905918906555 9.843365733818587 -10.718924028625665 -63.11820519070173 -64.4183445723869 -46.310396824790125 81.96385709506748 -3.77237208518018 -66.96018869621321 55.84706017379469 -22.158526860621947 57.688647722843456 -89.53134094662249 -37.147206788226896 80.9195746915997 -98.50426711355482 -8.853515905246724 -26.82620111838105 -97.05506340630843 16.22946876107764 39.364676425921886 -91.38011944046399 87.57151460862738 71.9843840793977 25.0596439052662 -73.5717374927346 22.8629117999227 72.48499759193606 -2.5044618927875177 -5.936398592138531 -37.35662201277048 -88.3243400340533 83.85516564727013 8.121234320441204 -17.097779361058826 -46.2613957152197 -41.14591399699965 64.73229439642012 -62.1870401794558 68.28047669286912 14.761114153944561 97.51504302924823 25.564879962774384 -78.50053279420348 5.045438742042066 -61.205826910877505 -98.36178461688078 -80.4368396091171 14.326744603854834 -60.46370001337537 -65.27502865852904 -12.239771001781378 -91.96659894775642 13.56253369840978 91.00959986946489 74.17791934705394 57.15663432501185 21.119568540894605 -20.659131192489284 37.22205227625747 -66.76175482381555 76.6567391850557 41.89234041233618 -18.25580994135379 -90.66017593371221 -54.04831053779784 -78.2847188876238 0.5441355055108659 42.52240681096288 -29.82165391390336 8.54706473852238 -16.434023955188408 29.807733678493975 -86.94279410338343 23.241561276574345 -44.97996179327015 89.57776713908692 88.44772315780588 -34.73863981497156 11.221665850076505 55.05875465706717 -38.86105295318969 -79.5293858527925 -46.180862845099746 27.18460783939385 -34.748072169831175 -87.89047672502896 58.23631791175242 -14.412201169482358 -89.12211581292895 -12.670413664196616 26.542415279522928 -82.12793082328346 -5.886123825378434 2.3983405849900237 29.234433572668138 64.4160172168607 54.908628884415634 -97.47146612064263 63.1404973820311 -88.37755254597988 81.19677972490638 75.79683640514116 -99.13253002825664 -89.8502393082 30.687594007943062 -58.09849842566393 95.72904180826654 -22.953256120468325 -27.055654750913007 11.604606460417656 0.9845769434713105 70.01233029854652 -3.9342340960229762 -19.490920876691533 -95.14473500873618 66.22193500152821 71.65661899381612 -1.278800700079131 65.7208876246234 17.712777197703304 -15.410513925663125 -34.595755810916515 -1.2144289233658583 71.91955789165931 52.59975449214579 -75.10441030052044 -42.552341149647496 19.637238568965174 -68.0958735932065 55.727820379125745 39.26952401137771 -29.138199830801014 -90.22979464593664 -3.9205344514233076 -30.70702752533569 48.938805078445 33.46949735467089 94.5291751591352 -92.37384459748095 91.18551137574525 30.50274685509808 -17.70190221908166 -94.79096443349475 34.45561545130019 12.533658348413397 -31.456080561679528 -43.65596947031427 -92.51830661491216 -62.34749164272333 -4.554173900573048 -87.92555199178689 -66.2724609160019 42.09420650197413 -80.57737438215295 -32.19768688953846 70.10172006270591 2.342271437214876 30.61761905417194 64.26927185481256 37.34612557700524 3.7295328187288135 37.80910620427531 58.87106555297527 -26.845117482012142 -8.606537451822533 76.46734811527162 73.95925100772143 83.86227453994806 -72.98184240428574 -4.399015081476449 -79.04690626923532 61.993405230220304 -35.89313118166393 -51.39169860926667 95.52301576085372 68.09027208419192 -86.31832684435537 -95.24904697185217 7.421474168555633 -55.65045043478165 -87.0939828040735 -44.266434151763015 28.81321949617447 98.7953119276491 -67.37824521874404
59.884740968010135 8.259438402046996 -72.3962428392224 68.9289180464275 -69.02815392989496 -45.64091210217354 27.309398984116086 -34.22098174255237 68.15619360727553 -24.152489964063363 -40.70541151896043 -46.34925001208576 -34.715176895989444 -25.356043666639792 -66.35083707985483 99.52883895465038 -35.51467219792332 -82.8494801693473 -80.89152084476372 -68.01979693443596 30.506404792610226 -69.9356406566373 62.48994798672149 50.49958758109872 54.00089330695309 -68.04496735261982 -37.71690039199817 24.65241712531987 3.651297338607563 50.834292155626855 -45.60835837895385 -54.989011661258644 -80.7999712577575 -61.70634867845584 26.877884015563495 7.799674910878423 -99.85634615931052 35.63226541548471 -34.583850045534945 16.99021458113961 23.987914552786748 38.249128404290815 -47.88268697218761 -39.94943583714472 17.257291907101674 28.393232070468798 12.092039509291325 -22.455612769820135 -0.7110470679341176 38.740030638450804 -37.18280216986911 -48.600883953776815 75.18342072241578 28.748974743221225 -69.80621869241617 -62.286518300510465 51.072521011238194 34.072271778862614 45.14960759573762 -11.251376471491724 -2.7087090785351364 31.828143825498557 3.8522554294889204 62.69836468972915 98.10876417215437 -10.321771160275105 -7.102497533721788 -8.526949248264046 -97.30389229880669 -38.642768217887216 71.87391755303193 52.947450707850635 -20.31521534219982 15.600411014322347 -80.96654972068835 16.789911665676186 -99.68765800839587 -81.34011746484038 -51.66659240776319 -14.092477922603464 -4.881598376314585 25.934849967810592 -53.039843823962585 90.1514874559181 22.814664829072612 81.62261571255365 -25.951038590464705 -56.92409812687744 -88.56481228530131 24.972819797628134 35.326065271743374 79.47564182319474 -35.974632033963786 -70.55191853017308 47.205748206911295 -35.38383806691607 67.92007698964909 15.884241091649514 -53.69361631485275 -70.08900407683583 32.354868992383615 62.36218030018492 47.078415978030165 -86.37140491549533 60.46743494711501 -60.35978444770402 -19.870374907407992 -32.44877567250089 -50.516123820413306 -84.60348701482224 72.9957352783646 -95.48058716033003 -65.24060608245294 -53.79501392043 -46.536920966217 77.16917111047786 6.441363637097865 -96.8663396635268 57.13970733042984 86.0602088906517 -75.9144486247519 69.95175275373825 -55.82837601982644 92.05340058532764 12.913891985341294 -18.265108823932067 -27.637326721421786 -51.97899488758968 7.890438541997696 15.310068834083452 59.96210633997771 -51.07797200876798 41.134644178334554 74.18926745482747 -93.97724475623268 16.300305126237348 -61.142278828246745 -37.338243144783554 98.55056613865207 -79.90846783022754 31.78278560059198 -74.56032697305635 41.15512539239106 -35.77266404970729 -62.76479868094107 -91.97192005656434 3.3012313170508065 75.52467784395205 94.99951657048936 -54.32446570740428 -40.79507509905549 22.970836842278004 -71.10038040129876 -5.92807320859967 53.76790637282801 29.79200088913683 -76.15993304860854 -81.05542146707575 -42.52523734526981 42.906538070317566 -26.307863485534313 -15.140665573387466 73.57541136175459 -44.326078119031024 23.352849405919258 -61.007823413193705 -80.22110234471305 -90.25598100225088 -22.09228206849008 1.6137287068261514 -31.361665423362368 -52.26206169605388 -88.4474457187878 -14.0522672985323 -73.25870181765723 -49.96560796712195 -59.58114807106523 -74.51747538744516 -89.88176226406597 -15.0690870289083 -29.874451731820216 -5.591111835321129 -1.4523082407114032 -71.67912809286459 81.05475675117214 -80.95627522047707 34.833015802387365 7.022401225052732 -50.65430484829072 -64.52869256665603 55.783505289438125 -37.501683756557625 -27.951806570137293 54.92238146216005 -89.53863212762998 -57.989324244435856 -14.919139613576803 29.42503216844193 -69.37274425763763 21.83778091244379
99.31844848525688 -63.09543149327801 92.91475042046957 -72.44505583072825 -7.5797759005769905 3.2592932904214678 41.66852190550725 -5.838224991113435 72.85695721085827 -73.30491259001164 82.55157363050475 -79.78392251425129 -89.84641500507145 -17.170221305740213 -68.04320620056023 3.1638112237748715 94.4796151061633 -71.04374053701723 -40.00229102202388 -29.114668042136287 -78.71111748109814 64.5312639807224 64.89205500456757 85.85293534423008 36.0266063896201 -86.99221632834538 32.51468893679319 -40.1886655315133 36.12858701952018 34.87496245990121 -81.60082887311975 53.5296533462581 41.49345856758305 -2.647434029078255 91.5161520774758 -45.13944284528979 -30.699649680023455 30.90746672414818 23.29433734333702 -21.3592190024261 1.7012079138167167 86.00363961727652 -93.98461864422613 -54.04827852797993 65.42616140187818 76.63590845342728 -30.56012730906022 -16.20644038132619 -80.91831618458127 41.16285449375786 54.89640827189075 98.51778834761322 -10.262790402279975 90.60135922586363 -57.16676569311059 70.69412561689407 68.23403894093468 27.88712252995758 -93.69279695300152 39.03470173440138 -8.493522690121466 6.004011424559863 -63.725837431743514 -87.71181032781541 -91.0081868356034 -57.15720524869607 -34.79145367610022 39.681914571016364 -73.23556024604272 42.794674903951005 -79.24427159466927 -32.69512531114307 35.538012127827386 73.99405268528804 -59.87322703317845 -71.64949700447994 64.95204842205987 74.79500044691918 97.98178675697616 6.20486715098771 -9.616515133736499 -47.54317197365585 42.5310216239798 -3.8718773292957707 -14.855626017509067 84.02428737245242 -14.212206987882396 86.88140883422608 -21.02921446440024 11.648243061775858 61.49630668250984 33.25973074238388 -27.555359663673258 26.613252802962606 60.98689290759077 -64.26944879094832 16.859196997053914 -17.568459032554486 -17.163842742955836 58.0053186461312 13.52705834498991 -53.454832645780705 -0.8898305167607248 14.206224656987217 -88.33768704677622 28.62939567496025 -56.16052476189277 -24.00540990024767 23.25014676793124 -88.40435836516514 61.934352558636164 -1.641881228737347 11.400756763247372 -73.01925277685714 -63.8993018764437 96.87895225534419 -16.360237916813716 82.09489536318503 13.9409369702 -12.41164311213008 -34.71691836025663 -19.880489769227466 -74.06759960503493 90.43947513420494 -45.76267599628632 93.20687578790722 -46.50972156737061 -54.755234324278135 -14.737431203040714 11.805847549796098 -98.05161179921444 -2.011187850133325 -69.15011089651753 94.94436464130962 64.92957399256417 -61.98951680397835 20.1978699878524 73.0948268742757 69.75181627899119 -60.172811182079535 -45.73403316977076 -52.621910998867236 52.87829431595483 44.70646066094548 -76.10928028521755 14.586207707289603 -68.57192884580547 -31.844197812816304 32.27788923717068 -13.94214383540951 37.02611426917696 49.93875402248452 -87.0963099187984 -24.747930832521007 -92.71397646270323 28.702974405881463 -68.76716626759301 89.94057975657793 20.039116997234856 86.15883295033936 -7.317623447734391 52.264329360020724 -34.93051357011261 76.52750716293662 -39.53430738454453 23.873733818666125 -31.31688511999748 65.3156756298925 36.54755517720679 -29.42668993985464 88.97201218001823 -79.82371288495686 -18.184601089694198 8.587261966988294 -79.48176047739513 -77.13094601926332 -9.47823826991339 89.61869632175583 -62.111049814133246 56.81532139143562 -29.845557126102847 53.99579201113545 -85.57460305519122 55.52801031283309 82.51014624018228 61.1377322602041 0.5797297712323797 3.320785870597362 67.74776638925394 -22.07775736776223 -28.77004785341353 83.45827681328021 52.03243509038211 -28.97150893063379 -89.22444985267863 91.88204318445148 -50.127890748853844 4.712884396618406 -15.865301547048787 62.38933761031328
-62.35381733522176 7.0486724097002025 61.16769745879412 -88.42017286123507 -98.33003966676135 51.26059208340769 3.9775858563138513 4.2423938622256685 -47.14811718963927 -12.28879941254391 49.73270584778328 -45.03026164819648 8.841826380944198 18.945801224258616 -3.2920854802946735 90.6653572561971 21.064787749689984 -94.26755221248338 29.456910419643293 29.319968672159064 83.40971040868772 -72.90967187033164 -75.24480531032864 84.05651017679895 23.761413243921908 49.94861600780354 -98.97569917868263 -97.80934151411253 51.77958716655212 59.645241824435146 -20.093922910043702 3.4770751038794003 61.74229760495328 64.40903477641203 45.65362192145389 71.85637185994244 -50.90449984968417 17.509667988107935 -90.18576978569604 -88.24443908351746 87.495631365501 -20.75872780675701 35.23012077698351 -69.21286238799817 -52.648605106068125 95.26885718339088 21.28259494412103 96.50059993327582 84.50565223430465 3.847023780856688 72.79178035453742 -16.558961308866202 2.559832354762065 88.92702087363176 -73.7347902011666 29.33558409907593 64.61820383733351 98.73342688773619 4.801690821521248 -3.9293481650140905 35.13306921070824 -95.54592377042883 -25.420668370183435 -92.23039876493672 85.59796837848967 -77.72701734280622 -87.86253033943512 -9.937404730667623 61.58865325179232 -24.390632570275784 86.22912738029834 -94.19503248412381 -92.6684973246533 -49.95003296521605 68.72720852203332 -25.586603814338815 6.959422448498003 -72.62604261157023 85.77086928939138 66.22060122828756 -30.44024191575518 78.87244944267829 -34.77579754195261 22.379458868950692 -42.859144849817895 28.8145608916046 31.801601292068455 18.55184898854189 65.58594676901589 -50.753739579208435 22.044061851365228 -75.80432612193434 -75.8529591764831 94.4348505034722 -20.38161316877016 79.67617881697342 -74.74551201791814 -77.80600794781469 25.5810273611972 5.172850907827268 4.869759065691298 15.13379093123784 -60.35563697925248 -42.71487024869527 56.07838132698754 91.15994605874317 7.929745859156554 -34.006023636180814 0.17944567727371918 96.36099041966949 23.761963677132897 -32.76480621761601 63.93876641047811 46.457522062481274 -57.26621212813463 -95.70897067701185 -47.176829633523184 35.82420933288816 -1.009627238557485 -72.31575009809748 -0.4629222685118748 19.47646076320862 59.04598150063006 54.469139200284786 -10.00031341636722 -27.87921422353689 34.25291547202113 -26.58467710945682 55.447605299035814 76.86266399944614 94.84869969097653 78.50127002067185 46.79561526121219 -11.492390970883037 -98.40406225785934 36.75751886459756 68.90393127225377 -36.820929623412034 10.31712652780044 -98.17535596388971 -43.57414902719399 36.40890050585671 -35.13779886849255 -91.42453396131809 16.286016095099015 -9.550495850121948 -6.467024850141485 -90.8520727299038 20.668130977365024 -32.34280893631343 -76.9456794265898 -13.741476436213844 -93.59170952363326 -71.04489422071265 3.097505303483004 -90.96027571182998 13.713080362686696 28.2817254410879 21.046597465405597 45.62877375442312 -87.10793936946284 -97.40573660582162 -27.07626367577012 -69.4186742502502 -14.320108508970478 -29.876468338003576 30.10066888842323 85.28231191400059 46.84081033033297 -85.34626409010524 -87.37813581027316 65.71481494606434 25.415759987382586 78.09126057526822 2.2915453036666236 15.686402693729889 24.91148041736011 -12.511570148283909 82.11802297242156 59.779974172023316 -50.66563473610026 55.44067725586581 33.44539197812736 -12.55719908021345 88.83085422347105 -74.34348739358745 -49.858738721190576 -16.95154287221696 -27.35381166002054 13.529191624101529 2.3721516955380224 43.43585617932476 -58.54398740168713 -69.78410518148425 68.14916726930676 -65.36440839571594 -16.924212523172272 17.082128569643643 14.47219038914102 -7.92082594407664
-94.87953862961693 35.37447966864596 11.383558051723682 72.4416344921031 -3.175735763840109 35.41183450928352 58.618708275441776 81.30765955441845 57.72998585067043 -54.17546108673636 -90.52455491964963 12.22873072311532 -91.70282531041141 -19.67399648654977 -67.60021866392765 16.660173078627793 99.5325034202038 36.89602541346392 36.76781572808659 -16.887801121512155 11.004648539406631 11.882310059667617 -18.111826848841673 -67.5922398525739 47.02614741348975 64.12797784400149 44.722846817178265 40.22645890029813 -56.38497955270254 76.31456893327658 32.90210546599127 -61.70372901509435 11.794125187219535 -70.61708723767399 26.216822440055054 -20.502605453235063 -46.93707234724953 -0.8199407451257628 -48.223048735202376 19.681982028171547 -25.780867557461804 20.05031997998647 28.80308637941627 -27.890081073203348 60.889495739026586 15.017827106058746 -13.699956528639959 -77.04160396599818 8.246826195295725 -44.1437426716089 -32.32250716941991 -92.15142965002858 28.01884835928456 -61.32668454981716 16.00544808726019 -27.194032016928986 -54.09657599319129 83.03824051510864 31.66950072454742 -72.58738269859266 -73.50901636649007 -46.1270118618383 -55.12055416823885 59.92033366919827 -66.56114505785513 -29.961107217882528 68.336971818807 9.940140068734408 33.80618954805067 -79.01971767861696 2.8147319038831995 -40.023474475206825 -43.22177659400885 -93.27645366435536 -40.402462244773155 -42.775052944281875 34.5995009662235 34.2659008027924 98.99118778210266 -75.1253566065885 96.06836711251972 45.98042753658356 42.1483041273336 81.15857253133464 -55.97512574709407 1.6087776178141695 -95.09509323260994 9.416037357697519 -81.32327607205623 -47.09523136593445 -11.817112343272356 -92.41992316721823 -37.589221167692834 8.112947388380192 97.7522908570192 -27.709572508617654 89.26436235851887 -36.200544697264725 41.2563642080589 62.67271973533332 -50.06844165572908 -73.322017182811 -78.90597936046703 -34.81791540808064 3.7828472531347614 -13.321963306718416 63.63461749628493 -90.71733179403503 -54.23345889040454 58.336113261657914 25.321250364327284 -15.2932670281821 -27.06795920841823 8.029221187867932 52.38992220897819 -77.0060425514125 -3.63773779104082 49.52390977818237 43.82513077211294 22.1800552890477 -4.545129736030205 33.59404609014254 27.36312165995689 60.01086441359999 -41.59348352016039 96.16174964117167 -84.87990563245108 93.98744683179328 25.817387098037898 -11.60425360364286 -74.59362034833055 42.079667492850746 -79.02458511093823 20.731016877437895 -61.73669583412864 63.31452316056206 17.27938044970911 94.72935458203165 76.22804082399958 -85.77518954972274 -4.517564781003799 -91.09594573076356 24.56802791445834 44.676956687606236 -75.29998088595183 -54.672531270196735 -55.81815244430555 30.54456341750776 72.45069210697042 -98.29890216495653 44.59777098053317 89.43425770753453 88.1029021653932 -11.989525759432553 -72.98121933175463 -15.821317628463703 78.25952936380267 82.07985330499989 22.36404651698136 -57.584629411584245 -82.4075222974054 -82.0565868322942 -14.528027738936245 19.655148609925433 -59.03913640157592 37.58734440725712 59.88789038033508 -46.19331642209643 -97.1649696555054 0.24263191862669942 -71.91039432005128 -90.38020252817986 -35.55208542816142 -21.11300701038627 -79.04649427871973 16.17887374511801 36.22697648657936 99.52073354248193 -74.7896136495294 -83.67704652012631 -87.66339489715129 65.77509209142445 52.32436251035031 61.02632077192766 45.888138282551836 -5.212636285727726 8.835281522072052 -67.22446847219939 -63.41942383826278 -41.439855405939355 35.934215595566116 8.092513879289243 67.53863974113588 -52.48107795987607 -35.24819265427239 -82.42006645871236 67.07340408351442 -92.0599160685033 66.49009248856845 -96.90836013948652
65.4699975208087 -11.575514728602187 47.90498943119874 65.97296343870488 -44.259642221430575 60.576455813635704 -33.25465744073921 26.40414781670745 72.50907237257238 -84.66335339860598 -88.72664374305728 -23.684517435899807 -54.03851060546347 -48.21516606789269 7.152228112440653 29.53177053875558 -65.68929778696162 -98.43104770013579 53.85320307986524 21.847286573859506 -6.483117056447995 66.54629155314439 62.4578520844849 9.605714596026061 -35.71349073189518 -88.37701795796397 94.32963990412085 84.30312808696848 -90.6238299824391 20.9306485201801 44.96497732238109 -90.11994870801885 -14.145452239728584 70.18882408858707 22.25470749911753 -45.429613216762085 -67.19622660253364 92.0986761952096 -18.350821096490264 74.72573730396016 -60.60418392906883 -51.10139439580974 -75.17191196684223 -13.93188716862727 -47.51945671061251 80.87043843207726 29.99589038997405 85.86449343336525 -1.9938297250882187 -68.53680435809693 8.764065207762187 76.44085934866786 16.63393213204894 88.97860430088375 -26.41688837955776 -48.687972002092074 59.571276776149375 -17.94062120806217 -53.935644218487 -76.97884746164642 16.505879220167614 53.81144664295644 12.75586514500256 -93.67407207378503 88.73625953231846 24.023103129039768 72.30961319323495 -28.380414077547186 -43.67378000320215 -76.93760613343218 -89.76095218751806 37.73698171220764 -13.00889340058103 38.88929599550454 -81.8029186263669 64.19306777832034 24.10208420662245 84.60166775483941 -58.3411275223003 -88.17142251950688 35.07566817703304 -35.09603587908397 29.567220268784723 -50.21199659255635 -33.633986000017856 30.804383556397113 -71.28911487077477 -55.07858008370601 -96.04976463782036 33.95340532905183 -96.78660751716366 -4.045172499999069 -5.0880695298897365 -22.982589416099742 28.242185877008694 -60.334883211693025 64.95506732448055 24.40008863666681 48.80317364227352 -72.79725692399927 -15.822988975772873 -48.68439290400926 64.25861481674261 -50.506227470003395 63.90090775432549 -30.172898579055868 -97.18578566282933 82.727524947902 -45.05313585478734 86.81038860477102 -12.43973733776582 -62.225142685208446 -76.31776137160563 49.67576545428338 15.348938589948546 21.534467288473635 -24.488379763807828 68.1538534164776 -47.37212554739565 -62.883395297112465 -90.17631765673093 -56.76073378079627 -43.122167618969854 -58.448821495700386 17.846893823785905 61.44092523154282 -19.952501201742677 41.74979484949347 92.55747624862533 67.11881674413658 -89.52641910318515 56.2139509559035 -17.589400918365456 72.09389162997775 45.094782773163644 -62.732791348709924 -88.5048467091375 -11.742615438447885 79.60586765114854 7.165204001690739 62.068765689495734 83.7661381730197 83.85904457516546 -54.33016441886536 -30.20195786958277 -31.65934640391235 48.80280086330848 1.1293290164151415 -17.485991885278736 28.257572588296966 -86.47141208979694 26.759748842835165 15.171758419200415 -2.6151425100507026 95.76936222294526 60.9388258045218 -34.891343297720766 90.92867382321103 -90.04424240963593 77.45992663973249 54.85538944370148 13.734881833696775 35.1067723062537 22.56824116013354 97.6084054136401 -75.14787411427494 47.51769843956461 37.9034441040032 0.653713096204072 83.40903707600955 -30.169296296028975 -14.52325684652034 72.64441482040795 83.66491898713016 -5.809665465713934 -58.09388123737706 88.16213233535385 65.15585653865503 97.84269505906991 -97.27356002189353 -48.65905078096184 30.33290067689552 -2.588343991229223 25.083282550021664 54.29179031911394 54.88090605436844 56.45486483746029 -21.1679356703022 34.30524905700406 -56.94898004690276 -74.0248704548699 -29.100070743217515 -96.13900291651338 21.947548451308734 -51.51487318680705 -29.46709346733023 -30.481623750325753 -9.69089653379622 -56.520557585510375 96.54506336148637
17.69431140172692 0.6788509196345132 27.241486070553407 -61.90045652014307 6.848732424398278 -56.92342524902292 86.57264405022454 79.49666873544155 -13.837609464979295 91.96785090528735 -35.997962423521486 -30.202672437468834 20.9363287170454 -87.44138528565493 84.76630338514411 -28.55528083992263 -49.60245571075595 54.43529385454892 4.476820982880355 52.453854431153644 -33.27217500285646 35.57501090528149 -25.721742431726227 75.81619817723382 -65.13323861047175 -93.23477073797292 44.531810083771546 -79.02202038529391 90.34431290934111 58.686995854167236 -86.5556098476103 -91.26835349471396 16.736368755265516 41.55571720141961 1.2065142182764248 -20.02262012634695 -34.17573539291725 52.37924796067196 -19.859002235738288 -28.4354853599486 -54.91754959236066 58.27706142338437 -14.34097852644723 17.7213342782985 14.815138014048657 -49.963061971417 -50.167402198925124 -6.122226046669525 56.0497826136278 -26.27260413217178 34.109347927416195 86.00945751514166 -11.538752850491505 -80.52009610379633 -37.6661816690691 96.99831517621305 17.242327124886174 -93.57140025958512 40.09918693115483 54.33966052454778 10.507241984520732 48.50622208121143 44.184767593268674 73.34802942940948 69.84637421245765 2.486108057810128 28.04092939824281 -35.67354645867245 -30.845753889545207 10.39023227996097 -72.04567961559798 -48.83903753743988 -31.184591960465482 -57.89566075857402 37.51880221224221 93.55771384315102 -12.268277870764592 88.83809823980664 64.17422532453867 52.9709597024667 87.6853741637515 -60.35799332768856 57.43660769072113 -76.870926805603 18.34538922179017 72.05197666593321 75.24208446002987 -27.626136745878455 -68.00155162052432 31.840847591396596 46.77869646426484 -39.43416494173546 28.792814740525216 66.31629218290499 65.42861217897826 7.681647376132531 31.559707089433488 -36.89329636752914 35.60132975443133 98.30426746160734 -30.72159999207524 -0.5803702764056453 5.7892266337492515 69.41304941446589 44.891118935779815 -70.6467582679904 -54.87535944001958 91.58705023684735 -61.0114622209069 66.12917063003565 89.66134456856369 -84.20395139993433 -14.433176454693154 -57.5508955615575 -45.01859392781717 -46.869501734603915 -95.0464821004608 -87.50245940467822 -34.78278780920792 44.76731468148367 95.92696791292389 -29.582748219023443 19.61535193558052 -63.199066540572744 55.567869920984435 45.02679460553236 -57.64608512651635 -39.4813989814689 -8.21586570785557 64.26884733426428 2.738502693107094 -88.20951939843818 7.777192211693219 -85.75824247882464 80.6308684677106 89.24347984929034 -10.302292874615077 34.13948113963491 64.33008948690883 -79.70912231620879 17.07209623674484 2.4253981045932136 6.562896697923719 1.0651124259957214 -83.63915455925317 32.33770689121934 13.735617811428469 -6.377372502960796 83.24637962209374 -82.38738107560056 -70.7945619462945 -71.78136794841232 37.71635666045347 7.493600572137808 12.179609459326542 41.822103934199305 -28.66709922845037 -23.25274736313243 29.60751426767348 36.90331413535128 11.94632957124125 68.17046016603373 44.311507336941446 75.81307034207387 93.11243638230584 -78.14878482578234 94.74022209727116 -37.620734240022834 30.326714380439114 -53.99808229983098 16.25458899488339 -31.594654374926904 41.58020887424581 62.38096390504137 -74.56903077448573 5.870646379044004 -4.3934069047217434 8.250040145125624 40.7635110406444 74.66842806972167 89.97867473785902 -14.554731999505194 -77.95570281420987 79.78330043113615 79.04153751972021 -38.51499794036803 74.92797441582485 -6.336974622259419 -95.70515542612392 80.17767601391625 78.9334169604264 31.739807042645424 53.27334535026728 -75.43606213172731 81.40789367703744 -77.94239166546342 40.448885152080294 33.21309582508269 89.90993021171823 36.02654959782868
-76.93658187301074 -87.44852124565637 -33.66477676019268 -74.2860042706649 -54.30435349650493 58.901294255435005 0.4121060654910309 42.116922063930645 -13.03535637970674 84.28923907708293 70.18223742738107 -63.931143041322905 79.46763887195459 65.20132306858406 3.7866449274216194 -12.921003154008332 3.719702676871961 16.952399866124352 36.009512405191856 -68.82129425382695 -71.86905120159147 -43.54070296666157 -87.49371959900441 -62.89913603920028 92.12699822071565 54.61805281114897 14.085468336825755 99.5409958407632 94.9204491491976 -29.37296641858842 -11.668186660625054 31.257687059374405 -3.1084367187390427 -8.586085537956322 -63.51304299667198 -15.322757897036567 34.4629971330024 6.552022223382849 61.48769111087631 97.43754799899557 -89.86054959624413 78.56130435443652 39.45283756002752 -88.68625982448278 85.25357718459287 -30.802126511727494 3.9055819822822144 17.6546125715616 95.54717628114713 48.154287952616585 -35.45666310833188 -27.86099472298727 58.07208757592318 9.245136990405285 -77.0190351232905 -60.52299345569332 67.08942965699714 72.24799557820623 -47.459926673292955 -82.61589994992688 39.94262672132521 -70.7797296381258 -23.282081174576604 -53.32300975616964 76.80485284940767 49.11724017506381 25.24375851052025 17.037709434477335 7.201808374184253 66.43569837373693 -58.86192699840833 33.31480443280918 -81.54004066247282 -88.64184135892195 20.63087453101558 18.085419418423342 -13.242475200025822 70.42541914380598 -28.918503095981293 -78.52692824846838 -82.01334967992582 13.088718930106324 78.82239398455044 -51.27369295233943 15.82236944747389 26.510596425569943 -44.108456272999284 56.2959871180978 94.33374228312778 -80.76039643520772 93.6200208008359 13.397046319797482 -99.75587763266185 41.0313658454439 -65.8708704925426 56.65216154035505 -73.92631230035474 -21.04798671294658 83.11867020856698 56.55569488953421 -64.13121617437946 -9.668730727756298 -28.051070437136545 71.09975795939627 79.52221501457782 66.78091593183635 31.659761659048968 90.66659809753625 -99.06266547984275 32.07587225394815 63.7970871957416 39.33340639432868 74.58370578795325 -21.23239146581375 -41.369511810548445 6.4135068233792225 -0.4822679477723142 9.948649020444208 -59.6850605159623 15.048414466600406 95.75564137875321 83.9427368189638 -80.50957160973124 -3.3677293530608665 63.55238547873162 -37.60706807185299 20.660904964867527 48.242617369414546 -0.3258014802993898 -3.757303068209012 -34.83711833812451 -96.21680773816257 97.30197173575397 -68.92814387807202 -49.86594233670352 -89.28646321042788 -33.77284993196854 -76.09247081388526 -31.97947032777097 -29.621270983346477 66.90041577223275 53.493004631208095 10.34964955133401 -64.06531155566444 0.18115969361079465 79.73044238681896 70.9466575050478 86.52540433186905 59.232151605929886 24.88618914997565 85.10248400818944 42.141113606659275 44.59159755968864 6.818920986033277 71.5972362151588 -12.965881899162753 -65.76713212247635 19.05702355506304 -50.99341160680688 -97.36250472650285 -34.332272384630485 -32.894454064899904 50.06736597245984 80.57775376069782 19.58146754188752 4.661969791569604 -91.07567933924956 -8.301639426019335 -67.78010287408449 -78.32304940624033 25.62379276050723 72.57170585003485 -21.292573324343223 35.64240244771344 -84.42785758330085 82.98952151625434 22.864431692983374 78.98881490626161 9.946919923946098 10.494147265690017 -89.72291076700618 -82.3060793993641 82.54127742417086 78.61121424088336 29.748553052314236 41.00495178675723 92.21522367157456 45.949644737503064 49.265985243967236 -15.955025482843624 -77.55874098029648 -30.860624339983715 39.47655168484485 -11.004397873539801 72.73958695253663 55.059708349436335 88.20471227988074 -87.700190983981 90.86521269235618 35.109650516438904
-61.748664420308465 -91.08807752654992 35.711967308500846 14.504046736709284 78.48463095462489 95.79188791243013 49.787342626355326 84.50275215632524 60.59485466976 -41.02422519145381 12.49731637987604 -57.63625668799717 18.070815741427324 61.866198067173116 31.32782653325245 -96.50392650711017 -70.22421353262197 -20.363759092591664 68.34803881797163 68.87177271225434 67.58512725624021 71.56796258814572 18.569026247972516 -94.13910075201616 -57.70990119343633 -9.256916713983742 8.16388998610995 -20.530709213617413 -53.10397723474394 -18.203937214437786 -87.25216054754847 10.309192911342308 -65.31505303470169 87.70446913858444 86.25673407448889 84.9885507815562 27.411230391026436 63.00932499840272 -51.19560490540971 -63.413282249761124 7.9158848635082535 35.584060402461716 26.379475897939983 -11.374399240538153 -2.811795534998353 76.11092877185891 -13.301632764006797 -28.463288497589986 -53.480736897122625 -65.67874865179408 32.75943335802938 23.324498497669083 -2.472908800662026 41.87316929492013 88.53694227884702 -37.560110050122454 55.12815845164829 40.4209695044606 -20.833583549465658 -37.257504909171146 -81.22196340389354 93.25340936383952 94.15587248642007 81.37369844030894 -57.585783030954204 -90.66200328164223 55.9125890196803 -88.09355421286678 -25.484715821225222 -7.318065187181361 53.98694900675011 6.977945226719612 -34.116455314485734 89.8344549715604 -87.00267397822668 -94.37962715172812 -89.94918248191345 0.35410698676321317 -24.476116056054693 -34.66677523835642 93.33928353445887 -46.15632750408643 45.47518342347112 -7.075212983604445 96.64320661384576 21.16711619292579 59.719730028693505 39.01422960464899 -79.3272207449269 59.78339303890877 41.22976451975717 -99.77219200451297 99.79598506200395 -14.946763515326296 57.836256601151405 31.28121610253777 -32.63991190703965 -93.06870395079063 33.629569599252505 -34.73044906659899 -15.46760101526236 -54.41582026830132 58.661229030629215 77.08261544811674 50.25393820912302 -82.55674519179917 86.1566491834212 -62.353552645831996 41.3583568011897 72.78101463471697 -82.03651932346017 -52.06874718758336 47.77179737175433 -42.77658518370404 -29.22399438585434 -1.5530133213183035 9.63826743982419 -38.0064069248873 -52.10564744026476 50.8133843110931 -63.57627769656025 -66.255718459163 14.28060950005505 58.19701825763829 38.607139884884475 83.90297979696376 -21.954243046015634 56.27162517375427 -23.55989663275804 -39.66606719066825 49.88475780034142 69.88960893546641 -73.58955600088288 -56.30319674843647 79.67429632559691 -58.32245164317362 -42.79472442443502 -19.127498106975537 -86.03609776765646 -24.733730538220428 44.35678994695783 -29.742241608208616 92.14188518902913 -0.18622805183585456 -36.72663008835202 89.94113533532428 -99.84439641376109 45.98511168674159 -78.3531185597018 -87.65266652397305 84.19775952245197 94.30169982510174 -84.55366538932563 59.6458896872779 31.87611505435595 -59.21186783305916 -30.580462104861027 56.841307983803574 12.627872952768456 38.63322290417565 75.7381362567935 -36.91962775949824 17.424880308621255 -12.287192055048777 -94.96447324596764 -90.15042662844186 72.28698771261145 39.2593088313549 41.18490039155833 -2.3184829962404905 91.81714247496137 -74.49676246070746 60.20463272830284 -10.966799339708459 -6.830191571233769 -71.18812075324293 -52.99292463627025 26.968722285147237 -36.45804783418407 -22.72485562022797 -69.27981225551183 -12.596534430849275 -72.41575039537199 1.697155245325206 -86.37219262026197 -15.791762103271225 -20.21160558238853 82.74131713899556 15.056375044554727 -74.40304348002232 67.05532284589293 -43.07228594547301 -95.37241169613375 34.48908397003555 49.088432536143046 3.3666798283609864 -62.01746622873754 16.788935578716078 -74.66470780930712 62.998424745819165
-60.83335057012138 -75.06898371589335 -56.89580640740879 -57.17616127731644 66.12476489687302 -75.83314136026513 72.24878830487452 -35.84499876256943 -98.21568312718396 -80.53800067313705 -57.31933110056504 -9.347635000608705 -27.485522849007694 91.66703945978776 -39.86520640084144 92.74270535489936 -68.08778382405198 -82.9292396194052 71.07130885571746 57.878942395313715 95.45427671844601 71.31594019454639 54.13683051228426 55.116716079326835 -36.711444701418515 -46.12652847589087 -60.48947947337005 24.63920579983629 40.46594771475728 -39.80660502290281 -75.31319438104187 -8.182493257099054 -79.27106246134241 60.23046780570755 -66.5605315688338 -85.5549073989333 -21.863039475174162 -46.98521339762418 68.35554756691764 18.37813618875282 -63.713238517010254 64.56967879694966 -72.86296946567255 -17.434762281292365 -41.88647334035429 79.8584898268785 -19.032129191879903 45.51407347818076 -12.635912624759428 36.93134478265395 -7.769038675841628 92.75352797295298 -27.1573078392408 -97.64760542765127 82.74462676093214 -0.9353645899942649 45.23967505068532 22.269676614943393 -70.8302263135225 98.38842198894497 -1.2075979420911551 42.59531766125983 93.63423722381523 -11.395735170439508 -20.105378335397205 35.40025633889701 69.30509413644026 -16.590166784364357 -9.089368166213134 99.73832404555324 76.31776996044448 -62.96346285436023 36.61721353912117 -52.82992138264595 61.05710324820413 -29.602031511896982 56.117620310439946 18.71403368086071 6.866905065815175 27.44577184687688 -28.49866422370826 18.277544402686956 41.106916932374986 83.81727427706193 25.024019791346234 32.22409744691558 -9.921699882029216 16.068619440806813 59.90904688021769 -29.804961818573233 0.2556394885008473 20.08889328934002 55.96037660901777 46.085228989637415 -22.220495401197 94.93496158868518 96.58758682550715 97.13026606000872 44.88580208894078 13.9150539374629 50.72682160519199 1.9758762699534742 40.57826474615746 76.72024148991636 -87.83327662722927 40.733941678073535 -60.837954052329614 -17.86768615200674 -43.39268504093972 -14.91636102032885 -52.22067968819524 -38.35766310662165 48.85218025859814 -30.856211268871064 47.4111623222216 -92.93846834625954 -29.768812545544222 39.97512911948772 -90.03934185806432 -94.14898189491308 65.05642510703836 -91.40666688189192 53.43086187348882 -74.53425092307864 55.05597540497337 94.45634845182045 -59.92351432816194 79.45255741733362 -12.985198122352486 -39.81358101534962 3.5848245793904 44.68796806819887 59.12924346778695 -33.08498155532304 16.055309743481928 35.98765472820196 -54.635829257272036 -26.169547466973157 94.11423903787329 28.382936721744386 -33.76495863092519 -14.790494485386745 -61.868124182163896 82.63792321690852 3.7421214198672033 -50.6653362381019 -50.6657826995772 -83.75394714383509 -54.164656645626465 82.3367711360352 -18.384702070597612 14.741371945149112 89.42102231685806 1.2725352483896444 -57.934377158320125 94.95707049602794 44.206957334939574 -15.584272440710663 -60.45589274657881 70.8390099124235 77.59174242104464 57.236624700299984 5.643152671027025 10.703985588730248 -42.62620465497693 -35.15993728975249 61.332632345900805 -77.12956039835863 -91.44419976623331 -22.880989187545268 36.0056459482951 56.51432292890445 -79.94901811991512 -92.68523091417646 -16.855854763053443 70.74890260897206 -21.990073749123425 -95.31985622158207 -61.26263060507773 13.603283040980799 92.18490999860342 55.78951928265698 29.129856964250138 14.951258190106415 -50.38689827473246 -63.64305158155934 18.801983209612885 -37.36073323860776 -65.01007573961408 -3.122015905349059 -76.29108797482588 -19.094748258162156 38.640919351866785 65.59235591143911 -38.809668579490285 18.84604789110473 -12.448995562086978 -56.963946112496245 21.466734951333336 14.762194750479111
-89.8118715274272 74.62846368184856 -4.133499795700374 -85.30421408453405 0.8314587534591169 -94.14690538217178 -45.94313615607242 -52.06844368279941 -57.92890756905991 -58.88511216162078 90.71104738799721 -68.3433370230845 2.5849711834823808 32.63434153464047 -61.28918641810761 96.86673018951441 33.19997402304173 -40.34437471354886 -81.99114551586459 -27.396261367035464 24.110946829294065 21.13866625466339 12.670696045068013 66.77841017599457 28.02512908040012 -38.32587611720353 58.9156729622637 -69.45793312457144 90.71723414165473 -23.622378575754126 18.48400887327469 77.80037063989101 -55.09916679510671 -19.138307523945713 -11.217409651856897 -23.863923789308245 98.74783307514454 24.086050200812096 -75.34259456647278 -12.183421572368204 -77.97861660094725 71.2928376719577 -45.57527529878038 11.237322647082905 91.86605514052698 -56.90194061208107 64.51204893656998 93.82093446236658 -22.49792242140998 62.898163104833 -4.6823503509660895 59.286434140101136 0.45518529397681107 -28.24869033919255 81.91588051837795 -67.64573387762812 79.83153491871522 -19.557189171213324 -86.53783229603886 -58.47914773472604 2.3816929096592645 47.8806403793684 7.696427498009228 1.1049811233264677 -81.42814799798236 86.09568030106038 -39.0980892767151 10.287395911966797 48.334618290447594 78.7767525784069 -27.497298686527145 -49.080416763727854 10.53242440179605 -79.40174832594829 -72.48060609740428 95.2111401246973 1.0372554044849664 -47.539839209725464 20.17825443830239 76.9549710965994 -75.21806518823173 -85.96138561096124 -60.950813028447385 -22.54157948298085 -75.31399349262911 -10.409697777756605 84.06218385675228 -6.2315561940014135 27.394147746251377 26.279317029790235 23.6865749081894 -27.971103530991684 -80.43823931536929 -89.99224665913985 32.289842790702494 -11.726669054319117 -61.66882015528501 -32.47254052925028 -96.22124869392754 83.01563064592773 -69.54381412396432 -20.5422494161774 47.83702255436336 -15.317253684329884 38.650051887791335 -36.882311590466735 44.17676751718085 -25.672356512573515 81.28304071165445 12.561128540309554 54.58217801484594 15.885404572691414 -57.196617918383375 -75.09303733637027 -22.991920094954693 -91.20590428011221 -13.469652855355108 -21.57087284657304 93.65851415467333 78.77575628443245 -34.02869973004823 -39.82999901473568 -3.773710141079391 75.78757115613314 14.055712269930538 -0.43485754840573065 69.3123313921003 92.64462145591537 68.19086729343846 -5.188392182941001 -46.940901225486506 -94.79200648655794 -21.11998432961562 -40.82919398738844 -97.44877681775976 66.3233820975635 -90.5628973966941 99.64873481754216 52.3429067160169 23.696975748929276 56.24415370778283 -38.98822557544725 -9.60717341502901 -32.57889410555288 78.19926806046772 -30.990562641589662 -44.62028145935 97.25984880113643 -62.15825420380743 -53.84507346902285 79.82316562760064 -57.99021641398407 -8.449153466356819 -0.03461773088390885 -59.3122433643531 -17.22969961609229 65.62564476116702 -5.925888827022135 -75.98799276913167 65.09986100969599 83.38409406894945 42.817543598198 -50.71981766786522 -27.27787755734977 -20.73548754278316 61.882852395322146 -25.12301227991071 96.46551765846044 -14.609106773595883 -65.7456533551973 -11.010691994043412 9.354060951764637 5.555483529836508 -90.62953965450625 61.92720118614517 -71.93540468378359 -66.78418020682321 77.94562842056399 63.09722820964788 78.95107853283122 42.031263851662374 52.165675083853955 -64.52125137930747 -94.38777341526274 -50.350691355636236 58.33190307762857 82.30359282963639 33.338537072106135 -81.96333944971848 -46.41538985589082 -70.41941194448378 -22.883462590635077 58.136507778204816 2.4730731516176405 24.45769124632018 -13.826954959140366 -3.7329980949021575 84.82125797856523 45.6492685896072 -54.57606776665729
-77.62714125128798 90.78853805084825 -47.662848145828065 -10.361793459029215 -70.44151813953057 -23.72616282252463 72.67410397319068 0.8041163021354834 67.56513765694109 -27.609422515780494 55.545973532849416 -90.13709989871506 38.03238234150376 72.94611076492308 56.51928452549353 29.71860166650916 54.72978653796008 -85.33265616562235 -28.657610074484325 -56.194029665130344 -82.14801111782408 93.05510924145358 75.3535352074735 -91.51230494191465 -62.583657076076385 -75.75895622129822 74.00248081832385 -4.4316345623888935 94.00651178190753 66.87519328179135 -76.33535307059822 8.893032523833796 -4.375508688426947 -35.27979150293801 73.65871648967817 -57.81768485185101 61.21891629762845 -49.17776544647536 -74.53640237019457 79.08831003297325 47.356523941659134 27.95404108384932 39.76662273548064 -44.32122320804079 22.429918665094334 -91.43028948250655 -18.222768128609104 -6.262462373313113 96.33797297272812 -5.53878163163715 -29.63398356072335 84.05524829064754 72.77887509181645 -99.92217161705219 -61.32960384085271 -9.437099053315606 -87.43931076079967 -76.63232524771581 -87.89518449843746 6.873179290136193 52.086695295138895 -97.39272638138755 -79.78690956546679 -6.785712517749204 24.741569255178717 97.24151183217887 -6.556449531772969 -78.53057624628686 -0.9877084048131195 -19.45065884917814 -77.30759817437918 -9.0572749751922 -69.07257256576717 62.07184096520214 56.81647417117816 -43.675869080156524 70.6182789529108 18.17473829329799 -25.46148672858861 41.27332126559514 -76.26527733991064 8.929114200253025 32.26539074288189 -55.690594264937786 -20.60357203761596 -24.076266530349756 64.82577286145039 70.42665813424901 3.2767914236209776 -33.944672129276455 -68.83141736585021 -75.61639960575484 75.55015887118492 -89.06859450606387 -47.682249700801705 -81.17362195963423 -24.795362351129484 -89.02344877593862 -74.68286339301113 94.71665564092925 -27.181594226080136 -35.52050341516173 86.96476738240702 -79.78583848722329 31.438561763783753 -87.22187244228596 -64.12647402973346 -5.565541210971787 -52.04491273323528 -35.75203235880559 55.71649883005523 3.7305802700549577 -11.116650519699405 -25.36610971108597 23.35691717269448 -62.452070595359444 44.466350082334 -80.21058597345774 -70.70882508394419 -23.662460918213043 -54.08982729535361 -57.436406311692025 78.9840412001461 -91.72673061931835 25.83939259150516 32.85156448853735 62.26903460953059 50.7502913291336 22.6606879800878 0.8357189722339058 27.960384976233527 85.80656115701512 26.99038324900455 6.022753320209318 69.51302564561018 -16.822574115176735 -82.45988690170722 20.638282169372474 58.64518064461163 -87.19776887323509 -5.074078377260591 1.0108303867942396 -90.49877602807412 -45.37406006538547 -77.10119508617366 67.32942047370622 -6.244932201944778 -77.3604112264151 10.920696171696505 -74.95370421079875 65.46191208982117 91.22218286684509 33.48129415025926 -94.85094315854157 -29.349719551245215 -62.14086756638033 -95.03504914969365 51.22184956984742 -95.81617004602612 33.736028474125504 36.1518218805744 -2.2687053279336453 48.176900419078066 -0.47339969329188136 89.34774162644902 -14.9497360250693 67.16294517328782 -71.43353090097384 55.9367178435198 82.33474983718438 23.26702050607321 53.1120533428593 24.477546653388416 20.807225749937984 51.630867668934115 -96.2884500428417 -70.67290461983326 -11.451598604862156 72.27082822075047 63.985694964287205 -6.5345476782672876 -67.54763946977661 -56.58116322106699 34.80717277047219 86.07978319923521 56.71846209164133 -86.58226895080689 -34.04242495628782 -55.77927022284344 -64.77294215751039 85.78858727064338 89.6859970272898 -72.47010933700757 -68.41268681027731 73.74872071892986 39.823795236482596 -7.364076185984288 43.53901373605504 81.28492232019272 -84.63578247001871
-1.4310681856591856 74.24545567160828 67.85340901256274 37.380580870403804 2.5975016854484068 75.94858650198196 -12.39059127289704 -21.075268521222597 -28.77392536526355 -87.37717636671682 -72.60290044021204 40.713816971409955 38.98352489403021 1.6612967106794088 90.8035776921173 -74.02852272060309 -50.10349366660512 15.272670102343369 52.39755304204732 -92.2169194358469 -74.46746264588108 -88.70439244371372 81.1106450817083 82.56071483085623 1.1190961270685307 -82.19316030386112 5.9054756812469975 65.31334695954607 -39.339311073057544 15.517903617492877 -66.65294549085945 -20.325422501156893 -39.2978133241793 -64.38108046044357 29.29256325969442 -16.467407363786663 -15.158462250561456 92.04460146409846 -13.925761402914176 19.442338143729728 35.02460674492505 28.910845756467893 67.67970053822 -54.36740043877588 47.93670318189044 23.435706587041068 -54.51462405286311 13.273779122797208 34.68492483140869 16.845358330537934 -37.27481060370823 -75.88984590993115 -24.546445862610653 -1.7782967223167105 -50.87152082616988 -56.310353463484184 39.61683601730803 52.752784127327374 17.824817105485963 -10.01934166720335 -32.62495272367613 74.03585402949261 76.17077740345493 -56.368838858954696 19.330632576874393 5.668073310109719 -46.3814897230332 69.13957770229956 30.72626836975465 78.11062739754254 22.37604041823633 -18.245203255703245 -97.10482211188025 -66.43509031598644 -69.71393492356812 44.622349661992104 -83.4374349532002 89.63491901549253 34.891229866218 49.588648700716675 24.430018331198383 26.29133146196503 -74.92103861578269 -57.710447870793004 -35.817299156909314 78.79391266647679 89.4617817004881 7.729183014444359 31.397594665026105 -73.70357927101702 87.70492471172909 -98.78448863646838 -54.65025893214835 -79.89885031458425 -77.22985982767416 -86.25285449063942 -10.350628889214832 -79.87415048575065 -16.049763979665954 58.328357171466905 54.12425802931074 -87.73902091269122 -67.86651282129631 39.995118275387654 75.70024386908361 78.61404732544125 -19.32183220011825 -8.668334425937857 67.21780411519768 -8.742088533430376 83.84318658836108 -42.20990337587036 -83.84080949961671 48.93937499857435 -39.545760321601975 -33.71961850785003 26.938410217370006 -11.255651818124363 82.35899208928586 -39.66368859409406 40.10198907516116 -0.2123044970603587 -25.34109678041945 -64.11103423863923 -28.897755784845174 85.08201628000435 71.50242886689605 -64.77100611984135 -17.764753314145224 32.13392372883678 -75.06294996094715 40.26260570070147 36.67943128245943 83.1601944290787 28.196063759773835 -85.33385047104565 48.735705328349326 -62.366621777745365 -64.58071961191007 -58.66966715062989 -65.55076824411623 51.2671449160257 65.93956851980488 -54.86381488427292 -39.10223565678652 38.07305983660342 -10.140397373871451 -41.00968312390976 -31.098317171943577 80.12505963802795 34.99022738211434 -72.72279012063218 -92.16138192784766 -38.88006872184042 -35.82020099044318 -56.65792650905988 35.562822359286486 -41.70563416300928 -85.68150176033878 -93.63810629077724 5.83481315173735 28.51059363278651 -2.923948954115943 -1.9046664010685674 55.789424799567 -44.37874385948915 -60.55684073420436 68.61937982451826 -49.23587167013821 -86.38620253640887 25.02540844689203 -4.626673185043529 -31.47888507745469 -64.57114108529684 -7.121226615728361 48.158154808743234 -18.928196520024358 -33.02628735751274 -16.86251497181965 69.76253575738869 56.42480293336078 -80.12147024055665 -69.09096429764787 -85.05707563461506 45.642499310216834 19.338595083489835 24.350810137378588 -49.25452857776504 -44.29560941393014 55.75892432205487 -47.39710266002752 -53.89745083744448 -82.6451951142461 -75.92758717178344 -69.18462012585394 13.734550217744328 24.542546963855912 35.31817376569475 -85.39524786518975 48.15923427329369
-84.90965057984926 -47.416500737369006 -22.52247933519547 95.31267812394927 83.91620049533003 -63.80809191533787 -72.91830931810033 97.18843133634647 -60.3358730108545 49.60952361473241 -21.239911879192746 90.83976702836881 68.32426528207009 93.39967933178457 3.510486816738222 49.349134167622424 -35.630973784979545 40.52665248759973 30.60177521837511 0.4238845289384443 -72.84738289810704 96.23402178356736 91.36860842177802 -73.68019689255307 -4.867742086663384 -63.771245003141594 -88.59579192217694 70.3475099409676 84.51673768619767 -41.9797063154151 79.15282321317576 -71.48366582251256 -36.901813911449935 -1.4472671601897247 37.309918856476855 -86.04877199621062 51.558509207318934 -66.99894967649078 48.38902968923654 86.17145996467903 89.87545760893451 64.53717113363999 70.33725554107204 23.142377954129827 11.670592258740498 73.93906453282128 44.040925605921984 24.852549889636947 45.679319370937264 -52.89334456502131 0.8862606655437162 78.27749866016936 47.996720628923214 61.791780709234985 -50.49007045235743 -3.550535992258787 -56.43171216323937 -42.21894986914365 0.4981514073905515 -96.30431247838868 -97.74260243327801 -32.858818297274155 -97.54222411528919 -56.344475121887314 -17.174310022594526 -97.49086206142326 -73.16371902595063 -18.528665748626707 75.07406877807 -61.68074261505039 -45.16786160202217 16.26820965133568 -44.60291975649688 71.40472815836591 91.85544676357804 -52.78885165492011 7.989321937126448 -41.11222252985569 -99.24133439579863 -42.49316086982318 -14.801816687642244 77.59504962167091 19.6685316213824 57.46048622085772 32.83754254441658 13.931050617423125 39.79381246102571 21.22993848030326 -74.4926099769734 -36.55208929895068 -76.42899399716177 -95.55084860500492 31.546615382814167 73.50660367530375 60.056270575063564 -55.85382633194593 -53.48562623835824 -61.589299036619984 39.10272954267276 64.94056361429844 -51.78744018189545 9.948214169202885 -24.55486287687731 94.17382405353473 43.61072745520593 78.25046876148696 33.05216084764788 64.80388620448718 54.450312561453785 -11.294541262436027 18.762565429441437 77.11916424218353 -66.63044361489865 -61.39569161149338 -88.93860813162479 -13.771687958925156 -98.72736002734635 46.326535152484894 49.83793424662048 9.171330882656832 -74.87805914638628 51.15736493440275 -47.14409280338274 90.02381161377443 19.823688315891857 60.156857927283966 78.44527373420743 54.874616522146255 -60.206641872509906 -71.17934522734895 -98.44177403285934 -81.97040334610364 -96.25505402357118 12.643261429043577 -33.25483570919528 -32.56762399636861 43.101268766622354 62.85913237944496 -28.151347717003404 89.89988269028268 38.0082835034535 65.46891768928873 64.10030005151617 -13.084200423557093 -53.798442074553265 79.10898478648895 -59.11770403682919 -33.527761143786165 -71.62003843690461 -19.484986929715802 11.917303345767948 -27.225099733481045 -17.51785663156143 -31.104744484230864 -13.418752587329763 -87.17016887343046 67.86639140090651 -62.69019423421116 -6.600088815616132 19.586306602943736 -83.33617641195164 5.640802313768134 55.8072213205287 91.94552091020819 7.862424983375064 77.02070933510896 99.86837345830367 -5.257223038032549 -68.35848169422876 28.952003632064134 59.735359383106925 20.54515155407144 -32.7005055295285 -43.24960621529315 -53.623118600048294 68.1450542849075 -91.57346715259686 47.441628511771796 -55.65131527600553 -12.03195908440091 -94.24266558719778 58.55564738194943 -35.95005527739772 -54.52940211413624 99.73409236889458 -93.16673080971808 95.99677221980366 15.939922185366711 99.61441585345028 -8.830158126510497 36.413195988035085 50.86498844451381 -85.04815250211203 9.955134106416196 -99.42455077090746 70.02489625769499 -74.49467067830398 -77.0753869711223 63.76806413575832 -92.23565517088737
-66.86703097552085 -79.22898792443986 54.30537089829767 -13.17860093332375 -69.28520560198467 -76.69819647092906 80.42166968478409 81.76688355065855 23.881244938400116 -87.48971718806644 11.430587005711828 -40.009919968285026 82.56432818206207 -33.29066199763422 81.50486951200321 18.383896678883872 -63.86493596599756 -18.640472076759636 97.51394688003282 -2.73987741529227 83.8361785414962 -40.0510701670026 -98.88121474975115 -64.63503526882492 -76.13427651208917 -81.2697307981427 57.11803091192749 65.84267269075454 -4.06714235321077 -6.613199217038385 21.60494567921009 -12.307214077084268 91.53998013899107 -13.90033578240282 -67.46099106989077 -25.650949687146337 40.092459929873655 81.28932943277343 -81.84142019665046 0.8766976616405202 -70.4915005364741 75.1474765387475 72.73297013342807 36.30055219311669 61.01160926778124 42.83673762016193 49.680043093070424 -70.0395747781663 -74.35441490615912 82.26900472029467 -17.133067244304613 12.073757687053785 -13.0903857119999 22.747149099452585 74.85345368519594 -62.394677084297136 9.18527747030653 -41.583479319622455 -43.34335559214439 -77.07127678069577 62.778116571911426 -32.883643107144024 16.31395034239651 -57.08197204807386 -88.55451091269148 -91.88964599563998 -21.82477665623719 -74.66080126186037 -35.47463270621198 16.043763106185423 24.52149439712113 -70.5297984309575 -90.17817735129799 -48.51657310903767 -87.71425275279859 -36.67888940315209 22.473670035324716 -92.1853752460768 58.00028818007718 -80.33583481131942 60.69769479536768 -80.88669707638225 -50.52166541021885 -22.629967036154213 10.22647491597408 -83.56057694273531 21.636920507091588 -2.289776732457611 71.65735892977995 13.457018605219815 -91.33267463182703 66.51298259464886 71.34262018210225 92.84634514529984 -0.7893997142181917 -16.026520390434612 -33.64776312779003 -97.34949086848408 89.70069510924532 94.00010868478242 -10.646492437093542 -49.34390287339872 -87.73912069447975 -38.509948415210275 -2.9215855650382565 -97.90147840063443 -40.702696235276136 -13.777717835178677 -33.482138018317386 -19.843817675954625 -9.475623282662141 27.828567149976593 -35.201878719449795 -78.8891043953401 -83.60272665529472 -54.858239135466015 -33.52958358510085 -16.178249142456266 17.18522985126289 30.87884067181713 35.40433900659326 6.371451155530039 69.60551292903915 -15.413361423834843 67.32159193673749 71.01143544273424 -10.100156581191726 2.8855525467220673 89.94905559944019 39.18516771304451 -81.83264208279842 -11.327081812531219 -42.11699006843883 -45.64299522599116 -44.829994565376154 -79.91947565187225 11.794226984017158 -2.786653881541042 -67.29008126862628 -64.05218140643241 81.788813084102 46.47269075388911 39.51307109393605 88.43261123176782 86.19330581959113 -90.54639574518369 -54.79654523766213 -48.8549902267851 -49.566164753593455 -33.37905801190281 4.549399392879465 -63.498849612542266 66.47756997268607 -35.103318494709285 15.269623749054716 -43.248171033281714 36.67135778966315 47.690999054023166 23.628842768627308 60.49997133237977 -86.98048068486399 4.833502915532733 -60.354917101729 -90.13200802491252 -86.86187819407857 6.426237129770641 -97.8586096084886 52.44540300599837 -49.764163059895104 93.65025825186592 -31.584931930683055 -15.009716488455098 86.82681848662153 65.8709559730629 25.30936860429304 58.170315006513476 -59.960213406886886 22.876713214023752 13.702962230311982 -13.902228181064984 0.9337087882575617 -58.46020653409894 -17.55464936695435 74.18485562040297 -80.39143533303906 30.54923855672726 43.96955313781146 64.17807403092496 72.9131496563727 40.17195684478264 -26.283374971745573 -56.69586223097536 3.4193786692075605 1.4648793108152915 -90.02305579639382 -4.956854380503529 -10.898975650601585 -23.398083763828325 -93.7642219544235 23.669060343261634
82.98699698557431 94.7831794444422 54.673539314256885 86.59049450104177 79.95155203854591 -71.18795713331289 99.79869809895709 -89.66558592229046 -63.231407453982435 43.42491580832879 -69.32541522722218 73.90978113804621 -57.46861447645026 -42.90362775192178 58.025169322093916 98.9190611673834 0.4272780768717723 10.53270981631131 99.368878856641 -51.71355128014425 -84.00024733390829 60.98835072017849 6.939586765554907 -43.60885531629843 44.87510279445851 55.55347355759369 62.67151089852817 -82.54288399160754 96.41621726535706 -59.320753715092934 -72.71751494238626 18.78271105681523 85.73067258899144 66.24481701258995 -78.63170214601587 -75.93911982275952 -74.30785562080469 -88.8936520929933 -15.048128168447334 -51.49359789861847 -47.73806892148149 -6.3994683136442205 -86.22384906658831 -97.55831129661692 -54.75118813323407 -22.109289240844475 -48.8724413476239 -20.7504835227176 -70.37984006362944 5.588185042111576 20.33461991766525 78.09053697284239 -58.72058726916192 31.114639175309776 12.975731589411808 -4.065793106230501 89.89938009892384 19.296895154204364 -60.89698857961257 -72.77882683160124 91.4962997208228 78.93583530314433 56.8609668591329 91.05537014455015 69.30625684150539 -19.174412702498373 80.89062602806663 -0.3702789156857449 87.03259392242663 -41.18919079768371 -34.24613367496103 7.638372729384017 65.58014079766764 60.69592622981335 -4.834863183883442 -10.914916880891184 -68.65904813565126 97.87046922278984 -65.51822009908199 97.10406644331414 -16.729862748813744 -84.76797934762095 -97.5618198262601 89.5188288948437 70.63702559084263 39.10721173999448 6.126936103654046 -89.91302033498911 54.10866186444804 -43.8994401791049 -53.93871769858081 -83.66856946832017 76.18909324501422 77.42412901891629 -4.368716010395033 -14.228671361243144 -66.97239976985378 93.84291249850068 -50.12973052730017 -39.684370340904174 65.81219751364881 -0.15943364806534532 47.279876885070706 11.940571165281781 -4.219290639300155 -7.132355503156404 24.480412137947354 -50.530155230673635 -13.049082694837495 -88.45707699621248 25.02160037522991 62.88311934042213 -24.231234433799756 41.59314347600528 32.009254250378945 -52.24349505356478 77.43833623518682 -53.362786258951985 64.59362380939649 90.40854211109149 84.11644476358993 -32.740912525279526 11.108675291964403 98.98909982940444 59.04472507977846 -59.847709728676165 -15.286440647117104 -0.9931138666752162 27.969545364759554 -93.89156810643942 70.72779016321167 29.588784460194006 -57.17328092028093 -31.07260965322662 -3.752987147121999 95.4717466868077 25.69101199183548 2.806392017261544 30.530261932933968 -99.87228339814358 -12.001997420786765 -66.13286114765349 -61.18144657226239 55.280458672942586 -32.20170585162178 -78.67995788825932 62.14289735109722 -61.97866827087688 -55.01307419823536 -55.86065852916526 -50.39301360363906 -66.86044241905604 -39.98183242336246 -25.091697976870435 15.452745631807858 27.79087940224538 56.86738271729851 -47.58197201422387 56.91396356180752 16.777158828357045 16.734112536951315 -26.490672058551155 -45.433950098588795 -2.820252199668687 -47.686669970526594 -26.970800403640908 -23.979214803291498 89.18730451009262 85.78574120387265 78.71149871597831 -33.30606769507001 -15.966014471066828 -17.463406514068765 46.09846548297932 55.68170752840501 -93.50264143199367 -5.698683801992317 -26.06963858294658 -47.46796088992815 80.67728084200064 10.391604737981396 57.69189700908527 0.4727105394662061 -34.13714905531063 -32.000657052886666 23.09127579316292 60.67821625211337 83.07729032610081 -10.022396709195974 -34.53793032539956 -67.24530352188576 5.067348830075019 -58.44901113047427 -29.529943420987962 -41.7806247038385 18.090927641579754 -55.772002966287594 -46.63303928862974 33.94816983658865 -98.52099257407043
-10.201129429937723 -94.24309007518437 -2.060050498595814 21.63642793141996 -19.37869169925 -33.6959695065096 -43.577201648318024 -63.20031334727025 64.08319138300163 -14.801807586685342 -52.25740699023467 -91.60741532633347 97.87019164578464 -18.74257769712449 46.13019193453346 -99.49578487340156 -10.737207616499276 54.46232908671226 67.89209894794561 -56.50238738134337 -39.99108520125163 40.294281376049184 90.46597300520261 53.347035154404125 96.46578959010284 -57.7135570729798 28.84440180665848 38.73143235000077 -12.250871146905041 76.88790227847568 -13.138022818074234 21.380043443233433 -1.714475935913498 78.0161907771109 16.488696342779278 -98.6012493189645 92.11116282017201 -7.985296993969854 -60.35897966211537 -35.592751257128015 -69.93888211660395 47.62747443205072 25.425431405648098 41.7679029638885 31.243073019120743 5.55300720389576 -35.35073481884805 -51.78465944837536 34.49518077991701 -36.33733117492901 75.6688817685899 -9.007718400940107 -5.171330882593935 -2.369169794425517 -62.19851569227997 -47.09777396404693 71.9493477681741 62.8667416842961 83.03182251209759 55.27662490897046 -32.5423277960669 -28.301502657338332 -47.030993373628725 -43.71413584119408 -91.93284707138478 21.555068795898237 -37.200583772664245 27.86730635459314 -67.30334366157591 -2.199670946023218 -2.192107652985456 79.40533089203393 -81.92584581803548 -85.1953993457071 -7.19805716397903 9.3060656032969 45.48601882509843 -75.59959295890462 -4.432808718091337 -83.97401137980225 -81.13568670120466 77.72729538309122 61.04892072294297 90.09350219821951 51.512230115423904 12.291402782907895 -72.44475048943669 -51.99912421832762 -42.30237941326629 -67.59049599056416 4.6400412294687925 92.7461031682493 -37.83682094974794 -20.88222852354707 29.160011532182295 -82.24463295084188 -79.65146469300437 24.914679841196246 51.18073093231541 -73.2608815085388 35.313530578190154 -52.53192178613699 -18.46356212974591 -86.15113274220896 -87.25807450110771 73.7509658277003 2.8967679006107545 70.43480250675853 -90.11215999069584 -30.797358409115077 89.15083754130168 59.24457171138627 44.32181080026709 27.031794382462365 44.569656811365945 0.27945440228451446 82.38774743105253 -9.650257832736983 62.98343025190522 97.88286099707392 50.3374336738741 -93.36274772650196 -89.70572600388047 -37.988424947459244 -23.978610447362783 -17.730416891422408 28.567161720206315 65.34360371971985 -97.93291118761186 -27.290570319676718 79.18246912490338 -48.32638790360279 -86.12194568952367 -68.92003286371444 77.73114557679864 -73.62684457602246 74.3686897599178 -51.67198254115735 7.6051945359583755 -72.38474151575956 -38.58686120017587 -45.457270482407175 84.57316655035518 -91.2151007957083 7.803772305144236 -47.85149463113512 -64.56858327905748 58.035768084075244 -55.90995601518793 -57.27518787311083 -83.9766552235657 78.39592812595339 -99.4156233233599 39.241429054187535 -15.924369436770462 51.77085770109093 38.626311555025126 -39.12053661128488 50.38521066268717 4.905843697595884 56.60533324055342 -44.58543137613371 75.8694254779999 90.9853247061238 96.49167518865445 15.390474812600118 26.94569511178348 -58.150007935574855 22.21596119637678 -74.29407975585056 -32.607972840776526 40.11822277575874 -14.199430317306977 49.934343509156434 -7.473810320789781 54.85936654749594 43.278693059061425 73.28762852317439 47.508318419412774 -23.22463249858238 -36.60321385717032 22.784601999561175 22.677066295729404 25.741880531841034 16.789057287835647 -81.52356027336336 37.00071152631256 -19.700577820937923 17.464941063468203 -34.527222069652865 38.21621120185165 -86.99162614014264 37.94625929428517 -94.00592809557638 61.38955807418483 -54.85759288008478 42.4990871012219 0.34133310623238344 49.99961747001214 -64.1216437141035
-26.68804645397256 -45.33700167487136 27.92565004487122 -53.34992847778555 -42.57050966432197 58.914866522379754 -68.35297752709215 66.73734437323634 5.124546547953244 -55.60981091381423 62.70923119300696 -72.50239364039801 78.5221555394408 -52.83652304810331 19.110210797563965 -27.961408555520165 -47.142543721018406 11.470329847419109 -88.52555293577447 94.66391975349856 90.72874589199577 9.009851760240409 -41.235621836441894 -28.591231449513458 58.38986564285423 -2.453160621871845 46.77781765275256 -96.45259648338748 -34.49553678242884 75.37907825006795 20.939974254048494 16.464301613497014 -97.5072240196113 55.4795318827606 -6.436227343497379 -87.02368921444517 9.599582250494649 26.732885759059272 14.298177780522508 -95.88079749848646 70.57414359156863 23.421363771352418 51.06356879594816 -43.63712472889063 22.194302011311436 22.136242792964268 -29.287422268716526 49.02815218392615 -34.88018934670738 -1.311336739285224 -88.90460933322852 -74.26581968234149 -28.179064312589503 91.33781891194283 -91.72061678739422 -90.46443298795582 39.43977785830535 -67.42204914804105 -95.46197469033557 77.46689030457932 97.42636501246028 -37.249880216650276 -34.07578371774878 42.15435900206316 51.52210104431515 -59.03210750778485 -41.901060861602126 46.99816261137207 54.548609929435145 29.67880204327369 -97.05526649942388 55.48352525276218 98.99789733500944 14.122387164686174 -64.79291743761853 34.05781390922195 -21.519987645520615 -38.536953522931185 -77.44635339083466 -6.963876628180259 52.16335552186922 86.3814298553919 84.99972536171623 -72.72367775773418 28.013104853533065 19.653206339746873 29.35826752758979 -35.56427399062372 -36.82233185429533 -31.23704737737671 85.71359476610439 88.78778022946406 -24.594520138848466 47.91011735207874 -3.782567888731876 -64.46519161181041 22.386422202583958 -16.623459221770688 35.918010755701346 -68.82991444234227 -31.851185914272563 -14.293192711349718 -24.916319708918948 40.06298171307276 7.206498413013776 -28.96424414268057 52.60515195418034 -23.549703081335394 -12.112596801417851 51.936984516598216 32.32388173884567 65.7257025095729 -41.05998174429297 -64.59650219467085 1.9660596777085715 4.315548426945043 50.76727387140883 93.83773171385616 86.48625828774465 27.19523833209101 70.27845898574549 7.47501028930364 54.33888689531889 84.06511614212431 91.01381880037965 81.31109489729985 11.649916910096891 -73.05292502445708 -54.74808663630621 46.04890998945581 -9.561509222759469 -92.29210282333935 -4.52676314309393 -1.896490270261154 -82.40031495270091 66.57612392971558 -52.94121402764964 -33.52507848268998 -64.54883343742794 15.24287699075822 -15.532303034886667 -83.82898440632746 42.90621356549457 42.457707214102925 75.59605685855874 -27.339072278388855 -69.88831682974225 -43.920745050995016 -77.66149586209548 63.61044198808861 72.15928450407597 44.04347453016618 -9.761648406175965 38.14584446941868 -27.514022939069022 -85.53370514668865 28.8106851669356 -40.89839466798624 51.80492083582499 82.78519498763558 -27.025921822480242 53.63517321533166 85.93755047364687 33.425363326851 43.60485700666726 19.761591724746253 -3.043993216921166 -29.266653301867663 2.609257606095923 59.061366487466444 -13.086713041468087 -21.350700410437256 42.87396007309573 -97.84357509709436 -78.2464618951072 -93.72647372338486 89.24940283200968 11.991465277403222 80.9509950377591 -90.23465210116464 25.391157544379467 -91.71215562468842 -83.54869628863453 74.45850551686064 70.12519912798186 36.215519056254664 45.78840376531201 -8.75603405155438 13.594760629492768 -20.163110468265273 22.67548191122411 -65.61103895595603 -22.124971890498827 49.15412360699165 -36.20661558201148 -12.00149212074642 28.522645563161205 83.8141003125566 -26.341111510132748 -85.0044311276524
-47.786617258845524 25.59967693692397 70.69600965322715 -91.42834420491761 62.50784822874232 -39.76938101169818 91.32726567273511 -42.782485224250344 9.46459453570219 0.5223754385001484 -19.94087169957035 44.28145636417423 14.506703198249497 -97.94675726311917 41.67663692078051 -33.89355365220716 29.900951805246024 -60.52820797112528 -20.047848704546084 -43.568753651264245 72.31111388246313 -29.613897544924 42.566780261977414 -1.5145436409659965 -41.88372029080478 59.62854982720444 -66.31507576956099 -2.6247174565697122 -12.814429415918724 -36.689637399333755 -45.97363723408427 -90.35272511039074 -36.7964416258149 -97.15575979362383 45.98555690809732 5.651323373822436 1.2900786389178762 15.842206453540626 19.237280445940556 -55.11895264261619 31.172687008677002 -24.169297708295105 -55.05088275279733 -23.493316161999857 16.168766027770303 -89.83500608390534 11.454621345447308 -54.68177307863058 25.844440920250932 -17.604902059234334 47.38415826155435 89.89655938281163 51.44019269595415 -49.66137023079222 84.56107172998134 63.40387771579739 2.8874499717416455 72.30374132097762 45.328898183869455 81.61173861629584 72.32693513876924 84.96799059993793 32.68312988342629 74.02381358865279 -30.223457133815202 -35.72156482084668 -88.5090980788994 5.943088343179454 -71.21698685140909 -4.365673390615285 -96.38175419594448 55.88077520683032 15.081178068353054 -93.62387716285643 -8.75745190236556 66.80231490704293 37.68929643459401 80.87806852587369 -81.99944450359811 -79.49658149774905 10.426565532147151 -59.21568486567281 49.72797853943126 88.90417328572971 -93.0539223659336 -68.17854027846391 0.638897090822212 22.54390439232361 -68.17520812105411 52.980002366967994 49.38447515313442 -11.399812756219305 -30.913534409282576 88.89605715371874 -79.94898059992508 86.37135928874812 88.92145599383642 -41.065662547838166 -57.06034114488227 -71.49749238800871 -13.491957267160231 -68.74922941655868 72.38160967420353 -21.045920780268872 -23.743613821090364 6.69771154216312 55.51640710733622 79.0113554993224 93.74630019983621 -15.218447954415623 -97.71067523445218 -34.70016521713042 -9.674492448695588 22.233927066700517 4.963650152993253 89.5654297732022 19.789912172879824 66.17578726535766 -1.4209263756388424 -43.1434050011855 -73.57069299031964 94.49900680182674 -65.82155691992311 -37.57285297021837 -69.77347279358372 -11.173193422916427 68.83723004156866 18.29506457355869 33.80721352194621 5.228840165581346 -48.759668638807696 -78.9572465357691 40.81228759214167 85.03481958233891 -62.666720188757694 -17.010365990067015 78.13102716060186 95.52994764294434 -70.04721941209218 -68.54318844101843 14.129576890660942 57.76727363817946 55.94716376738384 -67.11397345541776 -43.9359511059 52.483646343344816 -29.350926036967962 82.30114625918475 78.71004009964557 60.07052579156996 -82.55709971183016 90.84358923984428 46.55741974684912 86.72312387557167 -74.56286541988773 65.86853845015102 -20.005927214217394 83.3300527935192 -63.83549099580801 -38.453793480469024 -19.493868466794325 5.760610858807695 -47.37944066864645 -99.32942400900895 -8.783945849144345 31.79945508814461 -12.101794124340472 -34.92106760506641 29.17481448556751 94.98284964943963 0.23036846268718136 88.6622639319086 43.112185253014246 -47.767033782032065 12.013949001717933 -47.55766268928154 36.407109517702196 -69.31642798801192 -22.51523401562028 75.71083660178712 29.978054540249076 16.757749073008426 46.925589305212014 -60.14388354786915 47.975116819651305 30.280789500901307 26.0585920520149 25.2671632378036 -73.11770699342767 -47.43902876741435 95.69684204657332 -68.82823361417192 48.20849817597491 20.8744709319501 -2.5452998019215727 -7.394970872858494 98.56282746422968 75.20885391581669 -83.25479274825689 -6.4508871984491805
-40.5450387790373 77.0597757515188 17.41342248615925 3.591807779023128 -39.985932134818114 5.329835241051654 91.04372613657102 -17.69938750038513 86.3109529141839 23.630413710296196 -15.141044794246966 27.46690477582534 -73.82555581294082 -76.81776201630394 20.27944205032533 86.3721085747656 73.054201075469 54.945576860633764 25.146886898654557 99.02574645627047 -44.73150377141606 11.561341768613346 47.34654390400297 76.43135610396402 -11.856649694703165 33.27587620516428 -60.97632577634933 -7.309206678034201 -51.20009129575376 -88.3858164565231 -4.057598300264573 -96.44848834779987 -18.445741389495723 51.24209292216386 -79.02117207957029 -23.179787392866032 -81.94563100990963 97.61370109354235 -20.74089561981347 -80.67837715474937 -54.43698762050353 -38.763069680164634 13.28804866041142 74.85362898833904 24.455576900311172 77.85620927451353 93.46507291042195 53.067049719499096 59.677657481920676 -75.91137761288871 90.85920330713927 -40.5322445927176 -6.394815804575742 -91.67936645873374 -67.25582416019748 -10.36777810626566 23.563800531803025 39.78404268335544 7.771567380757531 37.41399219269081 48.87371263147796 53.95640512517758 52.109400847988866 -86.05489609309514 71.72400294667 -5.911173842407067 -51.62999220566953 -88.65831521094354 88.05984029798509 -68.0621167611744 -12.96789520400661 46.44145949363511 0.1787628542217874 -12.527442620432396 76.19255351196418 76.60976491119837 61.75674131321168 -60.933567987212726 79.86147614948388 89.33475726558112 -84.82085989893147 -71.98734175093229 -8.45934981648881 68.33590401323295 72.95834166209829 42.172128497403776 76.8635645180668 99.08855155783792 14.031326898633623 -73.31021109116327 11.786579238108374 43.52968277837556 56.14618879663368 29.15605529791324 -82.78609496164471 33.304788107011774 62.845770347995796 -31.98190245450428 -96.4546688922272 74.93251089053797 96.70337244684 -72.2668287159452 21.554822753763105 -97.19717868461524 -43.732575823956175 -28.22536352621772 52.78804110473919 28.44607974146288 16.40167165469235 17.127461210603286 -53.295100614103966 86.44305077729487 95.16079228995477 -80.85329276115223 45.338939276926794 -61.61284525482007 25.730580382434937 -98.38496927136129 -4.513478965270281 62.97383938728194 46.05394030131694 0.6782619696631826 -4.049118606105267 -76.3035810595571 21.967236560842736 -17.704692871744257 -67.75331074052795 94.19352890943361 87.98752889997641 -11.635208018733607 13.293706228798314 94.65744533034456 60.111866192891 0.6812761239665974 -85.0158213452025 27.28503831905134 -74.76085116846633 21.49263041551346 -89.14251217876352 -80.59326013410922 37.44711717492481 33.125839925366705 -35.17707481518539 10.055421433643758 77.01906354318325 -92.96056661653245 70.9063392705273 -50.31467505717975 81.23982296585197 1.344542385069758 49.12910816633317 -27.81403035636994 -3.1819434827121285 -52.72583949303602 5.122147259468207 -96.00765361511702 19.288281064437655 -50.43941190418029 -60.73713451535432 -21.508150597244196 -64.0363724717408 2.8942159964733065 7.324491249474036 -3.0702753030603844 60.88842910430162 49.50001785681556 -69.86547157717919 57.53702062601192 -88.8074253075166 73.4896008315751 68.09273697148953 -82.64376210746957 83.01944020579657 40.4825466856791 86.56024829071228 -48.38710429471038 71.95010060589533 17.505442606044426 96.08901872711812 71.20347678266364 -46.92181935867823 22.235938637731863 18.207499156683866 -19.200968866188035 34.993787747745415 42.68798145191536 89.59127213524192 21.500728113675265 11.135751521166199 86.22283623197373 -57.20693137840238 -27.170306213967606 84.18658855286142 -52.485089803385534 35.775016795492405 76.10402781880023 -6.363504605512048 34.52096957026626 -13.462067485821265 -80.75467422797644
42.078827955281014 -36.785907949854725 -29.953918317979728 -59.54600537197516 -76.76959822781255 -3.6511383522693137 27.715051548631493 22.59507753921551 69.48138376869207 -14.839399940016946 79.86564122065369 15.71743184877974 -91.73247860578577 -50.12153376396906 -61.171511653173226 86.83685545916984 50.72729569985651 -15.042516017335899 -68.34385312448873 -5.366374167896453 18.088098287538145 -44.93389066991078 56.280817645063706 -9.387189024991045 -1.7832801076142175 -55.93437415453921 -46.46530963724915 29.996706107428537 20.366334178801225 -1.4582035051922162 -67.76781378892795 48.614594744548185 41.904589478041544 74.6822211738066 -36.373593758778824 61.64564854391236 87.76551213237641 -64.2019645444893 -54.720093230138374 49.79234119711509 -85.37847212506774 22.236947211698222 79.43307597795206 -39.871456233073154 10.679707748346459 53.023628012683076 83.13220516671339 -5.171294666255434 55.221428546603335 25.678490285256018 80.83965870576597 63.15175910749355 -84.69480441768668 -65.60934208267918 -55.575718096447034 12.81517813132605 10.43289377047492 68.55988860735965 91.44721758097245 -84.37929138867679 -20.978545949074913 45.37012343443527 -64.83195555583237 -56.78181093262631 -75.30251053576211 2.7039850992257612 60.52273078426319 52.578027652942296 -66.06931651566734 -10.027769340124763 -86.34633030178567 -41.2776678127619 3.503288797338058 89.2022617247188 -55.36618661241779 -31.132283903094702 -27.23641495441136 60.31595517041896 30.80582648065743 39.958353149019445 -79.54082756947668 -38.23534789237644 49.3839187920681 61.03002872696953 -74.76373442980997 54.342663484513764 16.3180886050595 34.32090404915476 -66.90443525505646 -18.7661495991249 -34.65234855982024 -38.834386864713764 74.98383717730505 -72.11281214749756 -47.88664421587707 17.489940796543934 58.3067017449049 -22.538398337971515 79.94829478526748 -58.00255731118995 34.05598587947557 -73.1049210123256 -27.504505493436398 -37.22469087320135 78.9733224485272 97.83094777864898 -44.71900761740135 13.934629503011394 83.2114441983905 72.001273894154 73.55361107525906 -51.328265050634855 -91.00862857674063 -96.7882336225258 -83.39896394332054 -59.823266354409576 -63.82535749154721 -72.01012214417443 74.30208474568457 -54.08787560562387 3.447673846558459 31.870869442989658 92.49089530640705 -42.33660827616062 -37.29359100658187 94.05084359776265 69.42303791890981 40.522321372031854 50.54125483637145 20.995800824335717 97.3220983834695 92.48391865214214 76.89700945667644 -12.813417786797743 17.67996882957985 -83.60662990125289 -14.608898845611122 -10.4627032467167 -88.34956438725393 -13.6241790494593 -73.98897634234143 38.48501178533914 -36.63418736645034 -69.7107809124518 26.922756338773283 -49.187062145046625 0.14298616260404629 -44.856053823339195 -81.83092869491392 -71.6760843164638 61.43471053375356 35.10116592723267 -6.0063149932699815 42.11808310283294 99.10267762501718 56.39919714913424 -83.16385256360044 88.80323895013242 63.83705735758494 -95.91738889741912 50.96318607653501 96.69373887850588 71.37217691852274 -11.633776815551911 -97.60695086139812 -83.74742745954933 -76.42944973495358 98.04210955825909 -53.106814902572765 -40.35719062022143 -41.711182267282986 -85.96015429758184 -82.6178854027434 -66.85507562594847 -77.00364079300799 28.162296238545082 -6.39864612873626 99.75257714162373 -82.55857450255564 50.731155293994874 13.242976511831401 -91.54709543626542 59.05767088814986 -30.02220143154733 -62.52027760878003 -86.64102546178066 22.93971239397861 -56.99906375090853 -18.135647062795798 -4.422730108381145 -67.41540599560112 -15.888752658809182 -79.4357048206143 -20.856969392242135 87.53920487072335 -40.001242737349706 -49.79441043836719 64.16454235421585 73.19058138128011 61.591474322966405
-57.66471905195083 26.003395255381605 80.64738722305188 14.929278596494157 43.68310703597774 -62.369830104672545 -85.84601430912942 22.952679826212872 72.58990857796738 61.62519663468544 -59.00332090564557 71.43534226214291 -52.51696603268512 58.54957661409259 49.967139721536654 68.94290339843803 -27.421671047674394 61.48443269918826 39.4491256681203 -91.42310461015057 -1.7214414401050249 37.864447322265846 -58.58359345693147 -41.74956549437967 75.22332418541166 -99.4520228156784 91.9589909091728 -16.962685878429724 -69.0048534370751 -67.61354320755686 -14.757692812804564 -63.002317437531815 -61.70466298191726 -80.88470599635345 21.352167596522136 18.215303940740597 -26.05965219621575 98.03605537221878 -73.66785647433409 -21.03279215010609 -93.54339898205004 69.19506515615731 75.83075942292038 3.5374013547343424 -91.84015330894889 90.17021067468872 52.07385272421479 22.35180448928611 -50.96659040808822 -94.9207585362578 83.88610734636359 -54.557028343630456 -29.946785242324992 22.850353843152334 -4.520680997521993 39.00329892124091 73.25386603599156 99.07232611838973 3.1546449523117417 82.78038811287973 -36.67554339094268 -85.96064730406204 39.00222648580248 -78.16668307127918 14.89993741759426 -2.2310581462674293 60.35259941950281 87.3180220418555 88.00775510708266 24.464227294212122 48.539603440435656 24.217691233882462 91.52833821496938 -73.7271449546209 -34.664360706666656 19.878658797733834 32.56821377885299 -64.76175773493557 -90.3896202862877 -53.19927171304977 -87.64987061739937 -2.004427538624327 2.42959182221783 67.5871484810535 -47.368588518789224 59.37678172642248 19.46077377729108 -59.25507672663821 4.708139864594614 9.889606002325664 79.96091090630941 6.857375965194706 -83.8754878568702 70.18881811729167 12.537499001949385 40.32654913133359 68.17066029098888 -52.06889652397968 -41.56994392345932 -1.0121151420382688 5.733679943088703 -71.3927431836484 84.32182951413282 6.753393142129241 35.06183105270432 73.76129986901375 -53.69597490560854 38.0313994176052 16.244889467321144 68.071932884571 0.6052869084830519 -34.97794878956513 62.531577221384794 -76.05008853709667 58.668154390478435 94.81165764665803 -48.8243720457362 -15.932367807243565 67.13110071564631 85.57925552523048 31.869710251722637 -83.97968714465395 9.383208015273965 -52.079066791885275 -23.77752324100824 99.9074424876018 10.78025837189 26.25358114402448 9.361834696641154 -52.61722845334309 91.35302040898415 90.24077881897333 56.21836194761963 89.68819274349312 -16.876264956842107 37.20340486187689 1.616934620595174 44.2726213096596 -23.2156415717472 43.04387542991998 72.3811715287274 -34.72329902831022 -96.76285899784953 -64.00015607961421 -9.568398040091552 -47.58045597517337 75.94108517376748 -3.50275502066242 -24.109253237149346 -27.744609190812767 94.47600208179855 -94.05637998891095 28.40352077201007 -82.20139186062174 79.36893898291584 9.950282987923458 -89.69854865594465 34.91162509872743 89.50696099967757 -19.479204137297273 48.287192013311255 -84.66935593241773 65.64199326203746 -70.42125824039623 -24.710056791406814 73.48055442458673 -14.788328452785322 75.23417161165278 6.992825147422124 -48.86260954978785 -20.814527155481798 78.72082859233203 5.98800599908364 -41.13352436543531 -51.487218411010915 52.20406971075832 86.54646454382657 -88.09038450504045 -50.95443855888566 -50.59013894877926 -39.536759978570466 -60.77718588800521 23.69437759874478 67.47268884766197 2.0933048303857476 17.335824038072147 -56.68886022336632 -87.7072667875529 46.33946184021164 -58.69511034033281 89.1539507873049 80.21242519900429 -98.73177006521819 46.39354467910397 -52.40412174910149 42.382952640428556 -7.387072911577604 47.53433320671391 39.146081292878876 -73.60010515505525
79.21078027048159 -93.83713938488205 -99.72261481504718 29.85665331921936 -97.56843060303815 -93.83765083772406 87.22859424964889 22.429431825950985 83.70715133954371 43.639805986124 -70.71408713133522 -14.699761497277336 -80.74361218955595 -79.78229289376341 58.04053913918398 57.70121281432475 99.59099002492306 -68.3306277039976 23.411696673778366 -84.8011171234051 17.33677273475513 87.10649055100072 50.30293970818187 98.02055981732687 -65.79397637128613 -15.685599077474961 -66.54412950275565 -48.176037279677544 87.46819861484249 -36.69613466469972 53.36163836815709 -77.61399580125655 0.2199876308878146 -91.2296353842966 11.311117007188628 -92.91884102575281 1.9106232380581503 74.22252782675537 -38.59010429290475 78.09991579842074 35.205632170102604 -60.84884176520471 -86.35496266674987 14.625582303772404 88.11920288483486 82.20063379581441 -78.56628162267505 88.57858729211063 -97.14534785941287 -90.19391691022241 -1.2926583355635302 -27.81243786446143 -61.736408930274855 97.35352733924776 71.0234307957594 -15.774422632684136 41.45358747208786 -23.79030812824159 -27.129727256599082 11.986280299650119 49.739882530088465 8.310283748090328 -67.66009510917168 4.0264524956137535 -4.218020435190283 0.5780420536982689 -17.830013760248534 12.967464493491889 -81.25192518472468 59.65600757112347 -60.24304603427928 -18.178391586977938 64.57060456163023 15.425516515455271 -65.86350134652147 -85.79716240924726 -6.081448845273812 71.51547037133682 37.52315412231687 12.325948689226124 42.07870484566175 34.8324307144035 -51.151701654557556 12.090052872840502 -93.67547021492983 -75.23933142172605 -45.19288847663552 40.3675789564507 11.59145311533112 -77.41963353642629 99.29548060074802 58.77267626194694 82.19335703478913 42.291692882591974 34.277330883994296 28.330388037536295 24.259062192136554 33.938839727491484 -44.7354198382931 -85.64318574224652 5.166254644603498 11.624173739315708 7.840199727681934 87.6656387419253 81.6588304895206 53.647874751506066 -7.235130885066525 -51.25558913811208 77.74500644518122 -53.359496045066 87.7530164176035 -98.07053114889273 -78.6473204547338 -51.65702250961455 -1.8541711767898335 72.03213785618911 -70.571956972333 28.588786058325127 -21.37013375449135 20.960356015635824 -38.3009616667404 -80.89639212786545 -2.7285302199012307 -53.41605216565617 90.42700483996691 86.15608736076098 18.899481665375248 -22.183867556361008 -34.99729315527287 -56.68181934939427 -80.67681237554451 21.70740127174807 34.11867945697287 -92.5835404016772 49.928650345053626 -33.33403154857595 -62.47306247562248 11.152416615145455 60.59706168148392 28.11050484590288 -52.41558582743657 93.9651017666759 -64.55346288136016 53.59945054534106 -52.359677580971756 -65.09270586520881 41.558522371838336 -14.701091893488467 -80.43767982915126 -4.014103373096361 -15.522867308070516 -10.82775845347524 75.61780592603122 -53.97615588252869 53.42198830442538 24.014698279886318 75.94561951065245 51.597009778231694 -17.34912778396007 -39.079755740401744 -16.50914005478073 -58.82411121325162 76.57636446672339 49.0133180238158 -37.26779610479278 83.58472460104718 -35.495639639334996 -3.4610903223477436 24.770489189809155 -26.29698931828483 16.68992912454435 -30.039049674315805 -75.74880688209053 53.53384985145189 -29.67349582355503 28.286132580469314 -52.12401803262141 -52.53031531864036 41.556460303147844 58.332395251452596 -1.4358813372672898 71.83824671394078 68.45634245373654 -92.69110132587186 -31.9695041551811 57.839040090929046 34.762750979536804 8.539167625252261 -12.181778241524682 -19.145582077829886 -1.7321900071556087 59.29442832455288 -53.39905849866897 30.398308794868 6.885197381161916 59.50108377390845 -28.739414605043947 -44.028550418061215 49.36997326769463 -86.00083923826139
-92.72001703594344 -81.20378778572295 24.43259651107175 33.81036870966199 -12.091050748717706 -43.04071097221141 -58.04592027814521 26.971732063045977 34.44620974144371 7.453559569561108 16.695096759921356 -64.87909549220012 -22.532094595500013 -39.66636021630541 52.361443774975044 -72.01625717684088 54.80293337840942 26.80156826241236 66.95935283155436 69.5254907900734 94.01257595938091 58.39454899505512 42.233520460309165 -85.88748782090147 -54.134054291884425 -8.218001766961677 -4.848388604386145 91.4330333839373 -9.217822746626638 -16.84181227595367 -3.1091940067255592 -7.954431627519895 -96.48862568909915 41.52562510997626 -90.45403870472333 -84.20830389896632 -58.4858642794734 -2.5790226797176103 -83.4708480651187 -7.162850151270675 36.019516590328635 12.498111559352338 -46.69723214392538 -53.71439879193942 41.76130451604158 78.81489238534724 0.20112919167772247 -51.60150008175002 21.00760151591379 -20.796975222643255 -95.35138065598917 83.81023710566785 -52.836941052380794 24.907736024946715 -36.021633841658264 70.50886640102533 63.88903359218426 94.7030206841039 85.69275058832972 48.55601084274684 -97.38283539977223 72.65844353847964 72.69443890622566 -37.64985826211 -10.669312230967833 89.63013018588839 43.5461888561085 -10.111481107859689 -0.27019958044552084 -7.3958330401657975 -29.504707372415396 85.71874851694662 -52.106015135019156 46.73821776082926 -64.10602757257087 87.51452755925897 -52.07505690845058 35.667315653947895 -79.0750701400793 12.692704027553916 -26.8825865127787 -78.75804761733957 -35.68974184009663 -90.41181970582417 68.52626114816454 4.988513344259829 -51.04551909232335 -99.74958518221983 20.34719027474729 7.347410248995786 -32.59920789294688 -8.237953731900177 -42.205042351451084 -15.881482732034868 90.70869301031757 14.130777445427327 -93.12438396957381 62.03234737135881 -19.92046039095979 90.13964095466258 -52.02017516324864 -90.49136397847943 -74.61149929618514 -81.32804532198026 52.59674111902035 -61.83175542708443 28.670231139812557 -70.58719760540619 81.40072778599426 -42.53232092960999 83.9192115542674 -95.83884151937794 -29.27250399088723 38.37921112831023 44.782538116865766 37.063513245051524 -80.9686455418022 37.92744884278997 -89.68495802831782 78.83676474827982 7.171979620593859 -58.917011217905554 2.204602150378122 -70.89690249824183 20.718374309490443 -33.334965725687766 79.12633917199105 -72.23533353474367 -36.81216464020258 72.860918690185 21.212212589386283 -77.27283533599075 -16.646079626076144 71.89053796979911 -76.50255553484276 -83.748449362492 -57.38022467606716 62.78031504281452 -94.81464322986226 -30.23103645118678 55.61311194353732 19.378890502364584 6.221535628570479 -66.14139922830277 67.39867447419755 -98.54513124329532 -82.38552809031896 13.999552389488741 -57.65915124265268 -89.14457539560883 -90.15365005339844 -57.53438271849684 79.44494130620313 -75.46471864573682 75.29823775561829 -65.27044501108458 -90.64329367542543 23.800602549540372 30.73954599303036 -59.15108442384221 -31.45813749707891 -5.618855211467434 80.22386194868315 -22.10845151927731 -7.120700075354762 -65.54729287932939 -89.48758457631327 -85.7317131829904 -89.54231732471823 90.84803943154012 -71.23040546801161 44.50470926875383 -30.86629102438434 58.60536847784931 88.18963997341675 -1.9926648418607584 -92.24248740224755 16.453207766046347 -12.103027891062752 36.590604983893996 -67.11922695050984 11.392301351924175 -80.002879839381 95.4290862073272 -41.58696639711186 -52.890711618140784 -72.38249971553834 -72.52572660987369 26.062201630772236 -22.822534473813107 99.15455669042476 -59.00603112371257 -69.33197685096467 -96.81071825713828 57.577682388692466 -75.89475892271429 96.98964106421565 -89.03866965013356 -68.37743748737424 -83.85654957773197
38.350739728551986 29.101535396256338 24.832106240349347 40.107515544252806 -14.839498423020459 -83.90617987766595 96.48624888363094 71.67236014404185 -95.29023284551332 -15.189885333397342 -88.94855899809788 84.92206352364786 36.713476573189126 64.61347516535997 -62.10316152810209 -76.10338423655476 -79.13401604873711 5.179370033044677 -94.83420775626108 -68.76221803600563 -29.892486248963095 -6.618374601411119 -43.608219637979715 25.763180957916745 -78.40548943203372 97.57062711827217 -68.20164637710018 -17.35814397859903 -37.198299435635995 53.671192032048566 86.63911652748195 -73.1145605080294 -24.45004949374463 -54.605369278094116 35.9166866179404 -42.5599449095714 20.256233980098926 85.34745959025537 -45.89105345350271 -78.23791936402529 -91.63820726835421 -62.03740015467536 82.7608077975209 -12.57303593447132 3.778352916159065 -87.10752396157812 16.741148260531432 -15.784494055736516 16.935993822695934 -70.0411000421949 -88.5787277303902 -87.64864027971349 77.07683127898227 49.09486776500117 -50.55474819552541 33.77338610503452 -81.10232502734907 -61.26165953400744 -7.744228379007893 92.85833005749771 -83.92746010374164 2.8252425750762313 89.16021805836095 -97.64562087293491 -54.5307743238983 3.3774317038740804 -79.06531543593871 27.585085158429592 98.87103722124766 92.53940370344634 -12.611995460935248 -68.36966110434886 12.74137937737379 95.81395037965001 -97.67142489819484 -95.60957671369216 35.93407940986418 -30.98608533762824 57.18794134958779 37.83628451881603 90.57554087332133 -52.84108932944813 45.60490026197493 74.18570505684065 -5.490919882503633 45.409624983378365 -26.355340750846707 4.740655618876559 60.01002413020959 -74.4577304512606 -19.59615538164941 55.02856401292951 -95.12649403750378 16.640986313137617 56.90824923620926 9.339216265964083 97.87743762961978 25.43516526937269 51.5844507059621 -84.34041617168235 -57.12926253221284 -2.767408146379367 30.031582893455067 -39.76171983376422 -59.16568719014612 47.0864292814355 87.01286210239186 -4.915475358074218 30.106669125201933 -27.117860519077297 82.11111869092161 -11.543559522153885 37.46677860484843 16.215963378743382 -70.3292776258871 -82.83993783921908 -18.21611494267161 36.88663323776521 -23.316771578710032 -27.653945399558168 -99.37059995425552 -18.42864299643452 24.002256293880848 10.17397412108734 -57.00473746372114 28.76946217714459 39.08575429733759 23.099242271698415 12.859831964503002 40.94884444391619 -26.362909644381034 -36.55140575182572 66.87211221208281 85.59566892681309 9.736236763751307 87.06111068169787 64.6190459478444 43.95126081653572 -75.53411410831012 67.82481397640595 83.62149034538248 -55.7670194771753 74.71039832854689 76.15842139631621 63.379509596199256 -48.295894732744514 -41.17677882917332 -21.63749404742603 -70.19375904295597 58.14576755539272 -8.535350514656656 27.733803984636808 82.59876607717734 -81.8382079162902 64.54576379441306 15.557661391091159 -55.47641540275594 62.599574774474036 16.594372258266148 -63.39015427304842 -67.02222188373477 28.86558988721893 -66.08900127808941 26.869743728576466 73.43825061398084 7.591956474297049 86.96679585130701 -7.5277598791541465 14.542784377284448 -75.40703675349947 -57.93451567847923 -13.748989907458935 15.61122606157734 91.97355386026862 52.29403370233723 -54.510667104515335 -93.76876847890235 -14.130216837659844 -52.620621772816435 -5.34418744066312 -62.25636336089342 -92.7691100039155 39.82800589729945 -82.65706714216736 -85.90261268655752 69.36119065743236 21.795572805698697 28.35222881353542 37.42664344040057 -51.346955246897984 -51.483295397923534 79.92742200394551 -81.99296611286451 -93.86152179413254 -79.10024226342918 75.45973547574988 -81.09924853363326 13.808107713048457 -85.64381136531863 -38.04994840093845
-16.946836588596057 -5.247963778977166 71.20230112572324 -85.77032497508466 19.560483693843736 -23.493720398643433 5.17595467246241 18.28461315851196 -21.247003863153196 -23.64206770402771 -73.35048411681734 67.10457494909298 -99.00142642614456 -58.26153250657582 -61.766025272870365 -15.7757668560903 25.970227878780165 99.21406051112137 34.16325254975439 44.24582677517296 -89.78468273999738 -24.755190939556755 -72.0895119674174 -8.0868918124021 15.7012453116334 -70.39268204022157 -74.7530857095269 -2.819712125824367 16.278001495340646 49.07820402250945 35.07012828816491 -10.543869496061092 33.96152074512759 57.59062543833676 79.95939197586367 32.29322536335616 44.452010801299735 73.25594608377747 -52.46505300434865 63.66623031258979 -97.16061741321298 94.62834925059258 41.4209254267671 -60.60043858423037 -62.78749480426096 -53.40983300703177 9.153769688123731 -72.70312881136331 -16.98745398007837 -1.6911856771053522 -17.352964447176205 -32.28847326244109 70.24885842496019 23.101680756215217 11.570453872165956 -28.449192989046495 -70.5186149703984 36.750768963346076 9.16725884841189 -86.53274016355259 -69.71061082457723 8.395736553092362 58.65845347364251 96.05031131122453 -71.29207090378122 -27.664379491295904 19.390632968041132 -7.466704718150879 83.58490311519247 -1.7481822504922064 21.34392003656751 -79.17481003301083 8.755373789129536 -21.008221600433956 2.1471558565210955 -37.446611692778184 -14.304857476656082 65.16282370006726 56.16198227092352 27.14291659946477 -14.841302194144987 10.190145917311682 -12.933960916790909 -7.463530415080456 50.86738860008481 -64.87012833870475 31.757354988521115 40.37612875037746 -56.78418512601768 85.37707062450579 -85.72251664801689 -84.13689950634682 3.608377203259394 43.92009490082867 42.3752570759186 76.3665861627585 -18.756035173743484 71.80964905732858 -63.2269674759415 81.22408927266522 36.45335106200761 -98.61527385340891 84.1818223068436 17.275856296121916 -26.07002526329987 98.94544006394693 21.16866225805019 42.23359944737658 -12.824468887435245 41.636169718625524 94.15842665267039 -96.45544548668954 37.51377192981667 -92.30071770611555 50.283274110045284 -72.78086386792461 -32.86906267424416 77.6898981278851 -51.62837722657765 24.63919983812704 77.23911965655918 24.17875600617272 27.286747920956316 -17.173218005686138 -5.709249504866975 -12.174113877553808 -2.785918477064925 -97.61101557584504 59.24249331662361 98.5960690632561 -71.80393116124 -92.74497968312797 -5.702984179531285 20.786966577697783 80.89949250514215 75.88943852261508 92.51609335865197 -24.618998046691544 -39.73256965670726 -2.601326241807868 24.53550969356573 -89.36447141104074 70.91366987701494 40.117519265448294 -46.75140019393837 85.49585638883423 -67.2821602243643 87.15302533718781 -56.428842673943706 4.603399079227273 -1.1188811950589468 -14.572440754243644 -8.457396955634408 -90.18457743275951 -44.422778769494165 76.66214118481037 -48.62081211128133 -10.207961555347396 -60.661041569295435 -90.75419137925213 6.278921113503472 49.79722893856194 -12.32278920478052 64.16795609149736 -39.00108597209622 76.31862808758655 29.876219379327466 -55.80485479481319 -82.26000283687871 -93.17392944618167 -88.02988308336073 -82.5772920545466 -64.41108364940771 -47.24379794826066 77.50709503718036 65.41906031763767 -14.195713800819561 -32.43591434463278 79.75236194303045 -26.71366942616018 -5.165753575825008 31.8199332656923 16.32357214598565 -1.7349951188468253 -32.324577086814244 45.85662396687286 11.37316999518734 -78.2318284649349 3.523085022213209 -89.53309972632262 28.704936318941833 56.66599153961181 79.21189844523823 -82.70080222730958 -97.00868871476953 3.9659175786994467 39.96083595536112 35.190092510745956 90.43102586767534 -3.3247616026915097
48.48866135813452 -92.08958895045825 -84.94892813577954 98.1945673676536 16.109792412786632 81.93818359830018 39.82022689846568 -52.45500287296916 -5.443545740437443 66.92452099282605 62.86947725886358 26.833582005508518 -67.81940344672822 -20.296316031149402 -94.69319590896508 -94.43017290172406 -38.48163800706293 -30.37982155322929 65.47049231381001 91.15231845308574 -25.655236111963475 -94.71478473304262 38.84702190861927 12.815559768968427 -0.6269469045590625 -92.5126087808782 3.366357894056904 35.60101409709691 -47.578332785988266 -61.89708128385434 -66.81483447844545 -22.512398106409066 67.13173877635975 60.92955404421693 94.2621204098565 64.1521015117053 -57.61830530130347 -37.852514408196704 76.25882223267445 39.975610276810016 -54.838262705711216 -76.13963783242916 -87.66838766492032 -8.591300322114364 74.08147698269113 -24.746939196651013 -30.525711418302066 18.796274017741553 26.79374016799032 26.59173137561031 -51.43977634153585 -94.29559342032807 22.594002403975736 -17.785999258835034 -67.51774924767966 -13.631776219992986 25.77190371129315 -65.28733740423615 45.401762290322324 68.3228734852764 55.35319389675681 37.78996759209892 16.088825129680487 98.02688020730082 53.99120600670207 95.69443121758397 2.7582448191459292 87.58096962237977 -81.26852339505155 88.72049826237983 -39.834729375668296 26.94052694137939 66.0295042550892 -48.80025696003458 9.742673874181634 -46.857216506496634 -92.02899850350225 -24.155382098098528 -1.015636181758552 71.99745432903342 36.237943225760546 -42.60285928645211 -90.60688101836523 83.10663483118344 81.23430579914069 -28.735697083867805 -49.330619977278126 47.97201630997856 43.619660083700495 79.93444287280269 -86.72600063704064 34.661647224470954 -11.558243286332043 -14.988172537148927 -93.11183520762695 -96.03270668347477 -97.0391729241439 -76.93334721001513 53.61752488269346 47.883496304969384 -96.74601176399118 -70.45492311879431 -72.09709906240296 -82.12244878721728 -38.5229443800988 50.13701560451378 -75.95169476500563 -64.51667932013208 45.521483983105924 59.12067848515491 -45.026068143088516 16.094172922799757 -23.11125646539128 80.63349572713116 -23.934480234784104 -50.64425518846909 -85.34586902955867 -12.127243684828287 30.79591305806767 54.65464458941631 88.11650922599296 61.10764469848638 73.40593400503502 3.5618632496237126 -76.630925225462 -33.995462839600066 64.79585059637799 59.502860348010756 19.75832748449733 99.78866967370598 77.7406115663347 -99.46658046589134 28.081370373959174 -59.48166295477666 -40.53382930263609 -36.10809290862726 -54.37794001022005 -3.2405332247449365 -3.6078738560374433 29.129983698592866 79.15596771713126 16.88191374394721 44.88068221442484 -6.076083179992352 25.616869942221925 26.26061098142516 85.30860304582458 -30.839739923864812 49.17779965909651 79.97676764803529 -78.22703203614037 92.41364529183505 64.88935509554426 82.24205939912304 25.977738903755522 42.753076659872164 82.80373296346005 -1.2375655924547146 81.56578211948852 -58.11731062217555 30.026541142975617 -45.488524278613966 -94.19499171636228 21.925337027893008 86.72844968791108 -74.23474727867621 63.37919996885864 6.958341289306873 -67.7040285062775 58.812272932467096 -39.84268154814452 -40.67898760979991 65.21534533007497 88.17311590869747 91.15706036077486 -90.90945225056146 67.0993516306176 70.16299449635761 94.74354625801121 -8.386347837770742 -72.53837360585734 -42.930807590109474 -21.974714847199905 91.41381382173665 -54.355964934447854 73.23874645576916 41.76705947574325 54.03245446346418 -87.68798159824192 -10.485243308353319 -50.305394095677094 -50.331898583372016 97.25574540035282 -18.459569968463853 88.5656028099846 93.77697311405433 -34.26625918602963 16.984131669693056 -44.054089242044284 18.060476693333243
-95.20980070850923 8.681851080184913 53.14415251707669 -51.85287699250496 -81.14877285829398 -72.76225858695287 67.61338118426218 -36.72568405945238 14.427165581559919 -6.448394720999119 48.037639600468225 92.61719621685037 82.75204868705018 12.356525101097773 89.92511598137023 -72.88427736270347 -26.162680004944747 74.02826224676019 -79.97339773111494 -93.03013819780806 -10.436291913459073 61.200030092024406 23.171063779010254 -54.768778368313356 -79.61244690391655 45.47607177242446 -11.260983837966037 3.0091098867464723 9.397240438438928 -38.64967090732867 63.00009697742621 -17.064284450954673 80.21053580331869 85.77366961554839 36.34843360772646 -60.83490442123009 25.88335449022226 93.90138028571468 50.05683344795983 39.67540688992884 -99.47938302868609 47.803391567001455 18.158913267638283 89.76841463511514 -17.9630183946733 -11.288565813359199 26.813710002985673 -31.87560606630298 -59.309675153108124 57.59595613480897 1.6310871099755104 -59.44767152322963 -34.827227414791054 85.57567201076401 -89.05586614018227 -1.890397535984917 -44.66485107828011 63.660231812490736 -4.6141270226339515 -79.49934968476846 -10.686097428276113 -98.45296064861115 -86.55590701644955 -4.082967338749242 -94.00447856846841 78.45657979506046 51.6525110326408 30.364735684915075 -16.567482486515942 18.345090652766103 31.147962707532287 11.709575700951191 23.122874896405833 80.9549177634947 -16.760956113036656 -2.310834951932634 15.696035679104384 98.987634030284 -28.59332484205561 98.8695121670801 71.583231026596 -99.64409147637019 83.18011879890838 -43.640395946222576 -67.15462301285373 -74.81762915588268 45.24949843287217 -39.794879701881115 69.55317941315451 -48.67479775121528 5.16268098011227 -84.06453441002083 -93.649717923948 86.66616041401198 41.330561178158774 -24.63242619313604 54.54393598141982 11.270982072610664 25.64455296179544 -13.064233928120728 33.54816318102212 52.17331592259785 -54.75376874554387 -47.07636427189827 -66.24337062823173 55.631165440183395 -61.06331927780489 -50.78306969311783 90.22867130384034 -19.674454275865003 25.05687387779618 -29.875432690023572 44.9460668003824 1.7814662820875498 -20.84531356085276 -6.257530852399512 -24.822348049331026 58.308460479653064 -72.90645372244609 74.85849376267754 25.056208265355124 -25.819344660073696 73.44570046726824 -19.93252258225104 88.39137601651814 31.395854736587182 51.81352804560905 1.3652234684015951 -88.81115199434726 33.29561987039256 79.38149526763155 -58.13262013551592 46.94490469262067 -73.497059585073 10.621795639915987 -69.78440784973864 -38.91628134966907 -69.59858718153873 -74.3213840587149 -70.63800550081098 45.07343583890784 -13.900580168369899 95.13797344653284 -39.768762579716025 10.500645178130426 98.89204463765574 -12.308589017602344 -12.325932546606722 55.15839297825059 -20.7498140629246 -10.430734091769779 61.959298886397164 50.90615222295801 44.53910277476771 -57.54190185376902 33.809225966988464 -78.19406279657015 81.9217103946178 56.114030546175684 90.38989704299348 14.188436993166164 -72.70978918611644 87.17523647039488 94.99606525361816 -89.83917433012675 4.452259395859826 42.561781274574855 -44.540546310603155 25.057404545398242 -75.61073200415996 30.26569575687205 31.685665332852324 -0.25896415124304895 91.40454005364612 30.605088906031142 -88.64266599762773 70.3501821783797 -96.48037137989473 -69.89358267148704 -8.344069109054871 -99.26044628495805 33.56505359156628 3.1296011177149694 26.444659883426596 5.592102709310936 -74.09445145692038 69.31161426489993 -95.99100668843015 -33.16600754596513 84.4074235806271 33.71017546260137 29.370779729756265 90.88452938347521 74.03642892273737 27.864742854331908 -65.5746642307991 10.141725447795949 -31.585836803102836 22.53050343014722 5.238206152795712
69.7246881927941 -99.3282168699696 -38.90106189160274 -31.0476012752178 19.18524242106369 -52.36186277310861 -93.0713872366661 -56.065526543607945 -95.24465869793097 -16.877928884233867 -83.23499318217145 -4.408035263661958 -23.083172027734534 -87.89980677575595 -26.74380411937905 92.77157578880664 3.093795897373951 26.389418963850474 66.75104209987421 79.59554919641656 60.31532661194362 86.34093452380688 -95.06573094015907 99.32777532341186 -41.99531783270982 61.940819520789006 59.31164177015333 13.812884368324035 -79.85433831311464 28.635581701696594 -61.65951540174062 -95.01924654232188 -98.8932310691953 -41.96312720877966 -28.484851384755913 54.68569460097558 -43.4751070093282 -3.7866293990028765 -50.67814485153412 96.6403563741635 -23.76247694838372 68.91404285249797 13.872491511009756 19.44173798355044 82.78744867280528 91.79706698694594 -91.04322026725737 -39.382578504425105 19.052703953023126 22.264464760671217 15.843960365286875 30.579402250766776 23.170212159120183 -53.444914511483674 39.695465296038634 19.919540931295046 -42.65577408860464 -98.36156359041664 -3.7543871901672077 -69.64017621547586 -76.65693752527906 -83.68047155072571 82.00585055696868 -33.4669729369802 24.424637382819242 2.48330040622524 -84.79391978490396 29.858436514156637 25.574002038712337 -23.28301278497034 -54.36138108651356 42.60846100791363 53.80527639250255 -32.01422003072898 31.768356579750645 58.62282786749924 7.779460669967108 -74.83824744029587 -55.87444358596525 79.07630315989604 29.821599308894974 85.66113866968342 89.95993806723729 8.370260755552891 -94.04829356760382 48.785823147805814 47.08248049389087 20.373722983528182 -27.81411916753555 -78.00770304362351 50.100516700030425 -40.124411288520065 -86.53791039700427 10.972921961631087 -36.426699351133784 66.76758161473592 -84.33467681063603 -6.77074153280077 37.35726784272157 56.981107302149894 73.64565486549205 -14.3498437829995 -77.35441879844063 70.68933450724273 31.157892672584637 -13.021371207106952 -84.53081869954676 11.543724489326863 65.93548011913722 38.64786312520246 85.14352514031529 -32.90484174062594 -54.519285580495506 55.06762353770705 74.58239489911941 40.18859413550305 16.6402663459522 24.29597189878649 -10.565105485874454 -41.70444031263192 99.65026722182094 -43.721777430431 -41.816558766891674 12.063366738711267 -90.00133582652737 -86.59452511234954 -72.07577801218082 67.1937643269566 28.66802009021339 -98.64447927988547 27.193267469274332 82.24426212692032 45.269678169856036 -53.94592597505146 39.30465655937223 -20.959061977962264 -76.85047858719396 76.75041031552175 -11.327398195386266 66.75934939706534 -31.466106342961695 25.811188241397033 -87.96471675267874 35.33307434222016 -91.68741361066988 28.60013183453455 -68.892195524888 30.69818811243786 -63.367595359879545 2.5449278651600764 64.79906335340891 60.91052729103944 -51.473101727694946 -45.95432272335647 -50.38536781097147 14.901450764060087 -4.8981260186057085 26.48533058198585 -88.40770596748023 54.457233715896194 -40.99187022678981 -86.4830731405693 29.28107307734723 84.00859262015655 15.625277702037607 -11.338147022757326 -16.730116544287156 32.112248719975895 -92.5298325394701 -37.159452192251784 69.825717754572 72.86697890468571 80.30920105434888 -58.265775813454425 65.94884110997486 46.872696735014244 11.854779259541147 95.5849652574268 -5.6950640841233735 -13.808556351836714 -12.931262953241315 -69.11079570499786 -76.91640168005496 76.61477975262551 47.684476600759126 46.262301391620156 95.74737690540499 -52.7573149836621 96.49008988979162 75.5826965964531 -71.10426411757518 -88.76116417235964 71.21582209832445 -93.94676577250884 -96.20838407098714 43.39944370010272 20.568347008094022 -96.35341796428575 1.1633205932851212 50.827941803090425
7.7297977658894865 32.815991273191116 -23.159716075579027 -4.980766609730523 45.05617179675514 -98.69401104850934 94.88216491250589 -57.63658320230252 70.44074123408697 -64.20660571074956 -6.564643256487429 -20.79991692614942 48.61592046580941 71.81872254216592 25.430514067461488 -85.19608464943163 -23.341988691606105 -43.511104572990725 -81.58059254596054 -17.228080835787836 -64.75082263314513 88.17263337377511 36.84745956865626 -66.65887349366307 -60.45491737582611 47.414798093568265 -91.40821825499457 -51.40002374782699 69.10072519782076 27.92371775802276 31.002810335652327 -19.396437949415215 -24.468277856425843 -61.887203337462424 94.65535690878644 98.79498027550028 31.73221741204435 -65.20344309299016 -12.90577218057365 24.125567430989108 -76.89751733013458 -16.09862194406068 35.05333732300571 48.94803843039003 89.96702764044042 -16.224588074602593 80.60183015874546 -98.63675245732321 23.266560811904213 -59.809051495962116 54.63340039462844 4.601948483416891 -61.311228112656345 -64.49111789648057 -66.79351200493429 -84.31953219230806 -17.714873245273694 60.34164365099343 -72.16173203388796 -44.64558030018475 -95.0596512217187 84.52972259978239 86.67434902189947 -23.946638594900833 29.5462995717279 50.38685442802887 -57.26361311050561 -30.46383893447964 -51.34547223495793 95.30146509316455 -27.69598615275595 34.872860094472685 54.19286241707448 63.84685238880223 1.9911418754083456 18.94771615685768 64.02331816993691 33.12241033629107 -56.78283484418414 20.170107052741827 -9.58369117218254 88.96459590101185 78.90848727568346 74.63441904482369 74.4019630309408 -59.648394685171624 36.71765329861444 73.14931760791924 3.577307149351512 54.412383094445715 95.51191152504742 42.635466851260446 -59.609557192773565 92.85792854778404 -6.619963193262436 -54.68272528917064 53.80000980085984 -63.91806254572139 29.303849769243584 -30.264550038588766 0.2793835487809133 47.931157427460334 -90.03167440819092 -55.561787965836686 77.7118170606499 69.1337981580833 -51.60345495575711 69.92519235825708 -37.054515299698096 24.669040660416158 53.018360152339284 34.65933301546494 13.856842089238569 -12.052466782164231 -93.77183907406386 -9.631449747771697 16.258938236737563 65.27780892699758 -43.74353453710695 -46.29666261367913 77.62854802349014 22.48711626373938 -36.58563500795262 -98.89027418922642 69.42054618650815 -13.63580403903886 35.97669934652333 5.944219998155816 15.909193611705149 -20.594758851435913 -79.6766604314194 -29.261140769794466 92.69379597180549 -97.35088209328029 -82.76078101113077 43.62885481363742 -95.79941433831063 50.04889223059857 -36.33554440578084 -23.01484778591177 -28.463919099517 77.2975988092306 -37.7652474106285 -47.27476257482215 86.03263276134777 73.94199968715799 5.875810874682784 78.70946412408469 -28.680686622448135 41.244375378758036 -1.0081066700041674 61.73854834717284 -13.46100275471693 39.181127902379075 65.15804021453181 -11.879905399490553 -78.8331733828227 63.77195346909684 22.476409944940116 16.1917173502123 -17.246491290053115 25.37216084851555 -38.1488684607721 85.12623046663526 9.670123077677147 -29.374466985378092 9.561935393210149 -66.74136571165243 44.95405204680776 -10.035510018912802 53.810528627033364 -73.72685658563412 -52.45364206135228 83.80404121602203 -12.762934666808619 -75.15551072306106 -18.222732174927515 -75.3040144254976 -83.81636225462557 -93.74594682967634 96.72581878911336 13.485757883323473 15.930038845358155 85.65923026167289 96.95103006116946 61.39422183098364 -70.16551643775566 -82.87170354173719 -60.57736473779831 98.2432330461003 85.59227350989681 3.6033546642727003 -28.023517069184663 38.303439263482176 -0.803520077272907 85.37296783460053 93.02080267581988 -3.5526972912135193 -64.63909656171978 30.292893632257034
-35.15561684699881 51.05024905644706 58.52232396531804 49.787008296114976 -3.5363087732800125 19.560760529161243 73.26135612700034 -26.248090735249832 -15.149269047701182 72.12736101296653 -91.49976282319045 -32.07696003015697 97.39754934917198 10.431494348945748 -77.31477446609811 28.149828712992445 20.39926597042853 2.4684967924246024 56.9303348815661 34.38993281774967 25.17825747410525 86.27555198880552 1.2844726060688743 -69.59892907753525 -2.780813393848817 -60.464214150844064 8.036641022984142 68.7064478180657 -25.226245632064774 93.02306551231393 -95.17658194958327 75.8318585454387 43.061517511535186 67.33807082061134 -91.05511427470594 -36.122432156414355 -1.9859353199548622 79.02341122592634 61.55533206894958 -40.66053822150193 38.06197581489545 97.84658092000205 77.33805286578931 -6.171250048438708 -20.82415829573796 77.01948541684621 27.406556015979504 -14.779283385388723 -84.15073860482636 75.04494208275361 -47.76307802025499 -47.571043326885174 -8.665367640852978 -60.990508907536636 9.684923926013724 -46.9199072192225 -23.098887745335944 32.625241275933035 67.94662469532403 -80.83519064318773 -41.357559739837725 -77.42625698414847 56.36324997009089 -3.1332972328356163 75.3962266692543 -8.96507631392096 60.60855536717432 96.50161627523778 -32.49469336018633 31.856022396141213 86.16282927779795 -86.72523700714065 -31.18119715181396 12.999102949892617 95.79941978319192 -69.53444224262441 -33.84846535966261 78.2685731108956 87.76034842112446 41.93168436495719 -55.01677611857143 -14.867375918927706 -53.093531797349634 -72.2079689361597 65.1413400705878 78.16066602422214 13.318598115513296 -60.671387961612936 62.229355432060885 22.41483454198594 -34.82335574182049 97.52948411097861 33.503340197902645 39.789627914326644 -6.354698148200953 -73.74068627076153 -27.616567961445426 78.91619520818577 -19.6009800417807 -4.571485207143411 -42.5218104466202 -53.3586172882418 22.719403981001918 -65.41342001300809 84.67906338489922 -36.383430945004534 20.367278619692627 -30.276522544764433 61.51223589962095 -81.02390709103604 70.05156007273052 -8.179509528447042 -83.36054123296375 25.796833486210886 -15.488305759427945 -17.542493900375746 -16.66015856835253 9.427668048070714 -23.50083902460716 38.25438455428201 -85.06207666151356 -16.57854721868874 55.280209194488805 -73.7102882384716 52.40528156742613 -76.05375661688592 -35.36476628552556 -9.332594764532814 -59.53761148882217 -35.34910582283362 96.54203894949646 70.67141683409665 68.02171246554104 58.543503378565276 -3.011525312566988 40.66768325559843 38.32458330413277 -21.734199992544404 76.81207356321534 -80.50647341346655 13.355251483337696 -2.268865703834905 -32.98847837269092 13.854186219365516 -39.3616868090394 59.32542516997742 84.94949602625553 -45.876622207689024 60.401718386672826 -24.765478132775186 -97.81418358913643 -50.88775573703619 -36.31801504594654 24.561697506583698 -43.17480014226103 4.810296349850532 -40.22732828914326 47.101132833255605 23.208717343612676 8.565617104912036 66.18051559317558 23.52076372373037 -63.1174678284727 -63.42984699751053 14.276933371492945 -96.83085387932447 -64.55762952331905 83.25619361219324 -98.60993964718723 32.5076605416229 25.727841283807365 49.691517397911355 69.4225342282947 38.04241060587435 28.40035550947175 -72.3022357067953 28.091499403018503 29.154771356293907 75.9956823013242 -62.744688999978514 -51.830625882563375 75.50346041114247 44.24405929118541 -81.72483371480743 -50.190032753983886 9.158070381858053 78.93115640366744 18.872888889098974 -74.41646439937688 -90.4440553139857 -13.990261487104135 -73.1353858797998 17.250097684911836 54.93325154157645 -51.532698978892014 -93.99975202444509 31.759418157873142 -40.090992454039935 -70.50670364793339 14.563904705590815
65.10609662834162 -75.11288400354039 71.83846335476275 15.109803706130393 95.53202885469375 65.11918733984018 89.47059126561746 73.65882487277003 99.81194905063953 7.478016093806943 49.839412810674276 -38.31447280442364 -7.075118202615016 -26.110156062270363 46.97409852777025 -69.5151398259287 89.94009960343087 -56.88888168966406 -80.00225357306046 -81.78603921210936 -55.48759474094966 -75.60033218940698 67.0617897940395 -13.180572415740116 62.52559722560045 88.37164652144756 -18.930539562402316 -52.153769499081925 -31.303290915975097 -42.28401109315263 -29.259379972789475 81.3981303137474 62.900315601524284 -78.18966542845499 -19.778682031676837 78.11054126812746 -99.76432256781555 88.76425595240025 72.02666413296413 29.552029992785748 -38.25133048561642 -81.54358152332307 64.25191026722263 -50.5866534919005 -94.5530920247714 91.82312767178641 -23.29876748257162 -55.53307165829173 -87.75618230573238 85.92587716071588 46.55365802295955 -88.4773080948004 -32.22411808699532 -67.89216637313265 -49.80527681726385 84.3715036575139 57.75604066432928 -70.28257916368244 -68.63816884564369 -14.932201257460179 17.982040565152985 -77.98342770028623 -97.39629432728233 37.95973017446872 -42.713324035394386 -38.47058273661248 66.73621186094675 6.3371561256738715 28.312721275579037 -3.0947200673645767 32.97108058095125 80.9499171766027 27.71635461677826 -65.19969172086496 -23.178738538413086 -59.76133412874236 57.35085027216843 -90.55814443104784 -62.15391605670961 -78.4280865091022 -11.086209129291746 55.982179411707364 46.6711086934495 84.83455349513761 -98.66878504639314 9.456943100699206 -26.453918279285233 -34.68730456266931 54.19354565251459 78.99310892586118 72.85918178554033 42.856098523754014 -97.60678988627245 50.838730819565995 -68.83195343211186 -25.418540404970074 1.8307739306899293 81.49920093041055 57.83650756062411 -23.492853047422187 -67.47007139818882 27.812503496970777 -39.10113349395215 76.05385457343718 -36.2778593282661 59.71932376724368 -2.561978903491166 31.001839428221757 3.797553278063944 -56.420985920963474 39.223582784695054 74.46743845021467 61.88858450250393 84.45758288979931 -98.55813850254742 -91.39332358703744 -97.15969955842966 8.941734901033755 4.339423116328888 -31.755964647722564 81.3640431238615 -10.338059627210683 -55.65328812696846 61.646240149175696 40.09445780574765 -62.62105205052146 96.40183589616268 95.7342576571942 -81.67582711232953 -86.18946518463986 27.125793696259976 -48.0797152117183 59.318133675358695 34.86731195919734 35.93341250375144 30.545904893639545 50.365461249532046 -60.95886150565264 -92.55797320058525 -16.827349006055158 96.6736017428681 -20.89079717543673 77.39654729286076 97.93318635066473 87.83679001784117 32.49485745823179 52.994633222459356 59.20311712043937 65.33063526528926 -42.434520055278035 -30.51131095727723 -53.24953350882857 -5.440566931379152 39.77178003022132 50.65146947829123 -83.0166255508729 -21.99176260140179 36.46459406185235 68.53801598704044 68.2364952350041 -26.700247764242064 45.307317595608936 91.32159054325885 -65.18232148170006 59.7767832334016 56.95562497467989 4.560689949363649 54.35726560944306 16.656043133614546 77.88764387219393 -46.570470704839465 -49.52671039958996 -0.9724131386921471 -28.22660019432628 68.36720109284983 31.258391344971074 -40.67088082965975 -53.49186550394902 20.762905695757055 -94.15683170339382 -6.748234672864541 69.31906553155994 97.92571806398328 49.63310216646747 67.18081890480411 25.63759800021792 -24.64792433946434 -41.976383762977164 -7.2447175657556215 99.639800497554 -4.004051401434026 4.137918223462449 52.68375322336513 33.74846975480884 -91.31438995669392 -67.27190181578598 -31.237839126732098 -86.41327969499366 36.75893019297399 -74.8912288857265
82.39494116922728 9.850632743273621 13.785379367737676 61.99312271199028 62.539971193306116 -38.61337907742788 -3.3223173944018356 23.98937922574042 86.1494330193897 -82.98655706230342 -99.92602578864384 27.261193868345913 91.97653515717394 43.22393199047616 -93.97796612582903 -25.164054939230397 -14.367207722451951 -51.75888875524202 -40.38723660601193 47.00127805885589 94.06476917104945 -38.925753770205354 -4.511406334226336 -47.0901824700728 -44.404204289737905 -79.1722504527411 0.7598343879423197 -37.62036954001393 -45.98727047357956 43.26081691762781 -23.033375615917805 26.631846645022023 96.17657073575273 -93.25720567771836 57.290197986589476 69.8910790689969 10.994161585113787 -2.45503453574878 -35.52185399465549 28.913163763561357 4.500902429356586 -50.190991949295814 -38.460680169449276 70.37055535887583 -69.25158752845428 -22.097767910841455 -24.094199652637016 42.74438376703381 -48.93729553251445 -9.983103936785142 33.66322493133134 -11.875188396019468 -43.57920811476741 -43.892483781746506 8.03438900408689 -29.489889722635468 -69.11003119812224 22.8264737655806 -97.85623323677235 -94.63721123228088 69.40894218009183 45.63221586267386 -59.31478627402584 67.62646500664559 -45.28342837637196 64.15171970510397 15.353651545178451 -16.43427876771824 -20.667318858426498 29.42552600767715 89.97967099308133 -36.05817792740416 46.19562641216004 -5.7025832834382015 -38.67173341519135 -35.12960986242955 -78.8943790523679 85.1894661652666 -58.853550689625145 -88.92039459444936 54.53495111776266 75.20368699491343 -77.4764962885949 -34.197569823280986 -11.94700105379836 -0.6883824986936702 25.232493280112095 58.10819412695923 -34.315188603450125 -56.335907841675635 -65.87073168364142 16.108858438162883 86.29774679633707 6.407128784042044 -1.0348027501546113 93.14385897164505 -78.28084953085329 -94.97974013961394 -20.523256606411124 -31.105112011758678 -98.43598355803655 16.06425048725771 29.300922635246735 72.84264405353727 -16.793480412427698 -33.462161190761535 -14.357936090830734 82.48348174663249 58.24887001071704 -47.80067467127023 -40.27985252204795 27.41090989828932 63.67632909294392 -52.37399914191205 49.308745472005114 -58.373648064745986 10.628873299594716 31.609598693092636 9.930398624734664 -99.16324525465114 -81.91550472150854 -23.45233959225095 -64.09795424950653 30.75644647568933 61.25099041138958 30.75810891515391 31.558264644877937 3.72005498431011 -71.12871689373719 -30.72370713856789 23.08599679985373 -76.1374008826727 20.860227320091013 -71.15572186116496 41.468013126801395 -69.77415782961958 12.039809509974475 -3.904724002786736 -75.05197945507652 -71.85307005036665 69.91076369237067 -68.15825517686878 65.47966255396011 37.35143454969466 40.749027373036284 -3.8089671915350323 -29.933036938625406 -96.51298923287463 85.29548815537242 -1.5123200907327146 -29.58386933820445 -16.284081534077586 72.20490140250516 34.2875304243984 2.6926443691843076 70.07565798033863 -8.256689076505921 46.19258318854699 38.88504359451068 -1.057555012013367 17.057124292554505 -99.18689953555896 7.9966779723348935 -10.753619552166782 -23.416508144869354 23.07636318669539 -42.48327045930078 -98.56504593907556 -92.60152068630401 31.134304560765656 85.26156227763096 -65.73551864425693 -41.00815473519637 71.86652840590341 -56.57330605352742 -94.09360874316563 40.161914397456485 -8.076573516984922 35.96655947851963 -50.94414548945991 -57.0802175817696 18.25981608238689 -70.75154478568788 98.90251596884156 -10.045227639763965 65.79615186208451 -0.7947465305857975 54.59682129343537 -59.04692652911303 -8.191746091961889 -68.77720672864957 17.187774068293777 85.349388245449 7.1458756394428065 -85.43124643946945 -55.76690534791058 -49.39499209168081 -81.35919847889636 -87.21982765198801 70.7979172130594
72.92941316353108 92.91028240512048 91.17250516371615 -2.4104026858873198 5.549416478664469 26.51331385528914 44.69831711238152 -56.421331849628565 -94.8738264129675 64.3228330600607 -53.68468137678904 78.61584552005158 86.80644912855732 63.426409558379135 -81.29720511572373 -51.16924264943145 -30.67163872016718 88.55123093325821 -51.35096738747422 74.44511495887267 44.66490608519064 -99.31866109471817 46.37049061154937 58.91733125627897 -74.96099626156412 27.125801412162346 -90.38711429888659 -78.02654972098406 26.897941800747446 -85.23535368185706 -79.20897855939326 -15.582153885845784 -84.25727570144792 62.36946299480934 12.401892194677444 47.61472659505628 -4.886776440013762 74.0366899600568 89.50622526928495 -44.26062212310686 72.18316183539511 -81.98167162584193 -30.311402065983174 40.314022628631676 -70.74114949442495 -3.007345175204506 64.86693185475622 64.48455829550642 -77.97055037072084 -55.57490146248445 -60.67935414646506 -54.23253458133017 14.756385932108103 58.7367906507298 -11.236721192253611 83.89166018753005 91.45659265306193 -89.96388989347042 55.06178547626308 -77.81212143414653 -99.37994533552008 -68.80278978814678 9.234551429508514 -7.716451438964285 -84.12074513835792 -31.24257268020429 34.609013643359646 33.038662998506936 -46.36287722037045 -13.027891498494142 33.614380311589684 26.250593500757205 83.755534595321 78.52893626534325 46.7057453783963 70.85405729012771 72.03648461896196 -70.66183050554527 -78.94772598221076 -68.25690061648994 77.942091680131 -13.91914230863425 62.745963479909335 -7.0961358454561605 37.82010137758752 36.45273487742301 -57.10186817759346 69.28204801738752 -13.479155757045362 48.755161054157895 -99.14161134494009 -46.739899613115284 55.97155046248881 62.437339845557005 -47.14160211376086 -69.1062712804034 -47.14365138233136 99.12564159508207 37.267098871738796 -35.38668094242024 6.253279171936327 29.201402277653045 -9.582042077425612 -29.720649597134255 19.628657392913283 -64.52143856353756 24.784856775159824 19.623488414872853 50.350392280999756 -11.798040936940964 58.958541962511106 -31.224247330860663 -31.058946225260414 26.11985248689963 76.28681051045098 68.57651179992257 31.679285723523805 -58.478305773893034 -42.81683580470235 64.75125252862367 -20.538802415480788 38.130967464944234 -71.73976596475147 -78.70045761652318 -78.18961534739287 -29.743660794072085 -55.516401514323775 93.98086021057148 -87.50492773236225 82.29358093330003 65.24123882200945 -57.43777894636488 -20.87064083549126 76.77338219531137 -57.82037791269672 -23.959339053419086 -46.84308847689274 -23.751217598846992 -62.519025823198504 -11.274281713532304 31.983683114545187 -32.43001116431668 97.07256549245719 91.34254971888481 -71.03389817353367 1.8635939093619953 23.53283572267256 -38.97426117838114 -74.42919080755992 -34.94556369732133 -88.69607601589648 -82.61039861965831 14.73981239171873 67.41150603449839 73.59262387886656 -44.67139901550077 -95.80655883579972 -29.50147734222685 71.38614408852268 -76.71038113222684 -27.896175021442815 -70.07173290709368 -57.72920589423567 11.558219158655177 -3.3340514933937015 -99.16849879462595 7.289662482312437 -2.9317592436126034 -88.93258009044052 -36.678967995095576 -50.47078829470188 -32.79490310593425 -88.18114088557411 -34.18039818982497 -87.83620003390413 -85.76783307950167 -73.38965720746553 -8.928198011978637 73.77542054623925 21.693014791809432 42.6857968274696 22.604608416850837 -72.13157618323582 -56.003915921668444 63.55110755201642 73.65388352277813 -95.09147586954396 89.31513866679919 -54.020953372958246 7.73285739328864 -33.26930811475495 -68.49830508409576 -45.506144889237056 -48.68055831861864 72.22570525845961 0.40552279224709764 -78.22711929436774 -54.21845736430022 -40.19525228676433 -39.46466121210821
27.988060637894336 25.61869049660781 60.658919479378085 -75.86615878991904 -76.63996598937086 6.399241640787821 88.04741876008416 -50.661959255600905 -34.962817322257365 -18.916410530328662 13.702787026660118 -99.06556565645647 -82.430625416885 85.200684733841 85.16462544416362 12.633788649524405 93.2904763873942 -44.70925900808573 -34.05233500495544 -7.363839334249491 40.20805482774932 -47.496102061780434 14.186574569417473 40.26547217666868 -46.289168139018514 73.84077312183635 -22.228455672603147 -72.09452982680034 -36.01311318897202 -63.99865504387945 91.75008973345285 42.71051205684847 -0.6949060939260363 79.37598428523114 -81.31548219391934 -6.256570759435192 24.542518118642988 -89.97313499798898 -73.94116132133071 57.13233422931688 -73.26418771446268 -79.67225341489828 -91.94621257578723 9.57344802935691 32.0623555071474 -27.52468764054217 -44.22228602210963 55.040912839412584 54.046129767101206 -73.34094413626968 -50.90360056930141 94.1393587912521 42.96342274341802 14.43743688265802 65.64337443227964 -12.267043856779082 3.2631357754049617 52.0465494953545 64.65190165808949 -30.60512696107716 12.04294110356821 -14.102025532577755 7.454022385289889 -53.34455275118255 64.2477121635618 74.05759231625615 -96.47822742973318 -31.739281963555584 -74.21173006277719 -84.10532831207237 -87.49594844320339 -39.13693115645429 30.87745501039126 -34.09412790430537 49.695278005525495 40.26286018629466 -13.52555623706138 -51.83370701950296 -41.19822084741489 20.37615078238953 -64.26362744053331 -3.53894472031358 -1.8882762529212016 53.87016056478507 -1.7710546390606368 34.77998257006155 73.71469185929965 -24.9019994649353 -45.086288661359596 40.380537892536495 -42.472709136675334 -66.11579849989036 69.61870023661658 -59.067556047494165 26.977289168290582 -9.18698648259732 8.800501872919966 53.938825849249525 85.40224403073236 -74.17437872816134 -3.8098696714924785 21.46024250359349 81.00150994672589 -84.68064496380761 -74.48335323308618 -37.41779145970832 -70.69809633236157 -63.71315431612694 -68.54981135550413 -88.247502595766 -39.010501277254605 75.98764299179129 -0.22889099440024552 84.42652808787054 68.26633888133824 41.709209221423066 21.095860400474308 -47.84000571118856 -36.13220243883119 -11.098868925090045 66.23386777919919 -88.71196484437979 25.064162599734303 51.64415270928433 75.79064549731649 -21.955693831709766 -29.992701545748687 -70.12057646210212 54.21320325517053 56.42646447142036 28.665885157107056 -63.30843215876145 -80.99541353959832 -49.80911543600186 -40.43923258070763 38.56335630940697 -49.82414897813163 36.6996887735653 -67.33715714554553 -40.277247850730745 36.50571125303614 20.784165290529515 26.57468658345013 -74.80281958103001 90.8728990503102 40.03451424437509 86.11664285912101 -98.03054410000809 -14.819426960614095 41.08366268224634 3.335674777004897 -19.091433118746707 -83.89411802228861 -82.13416253234465 54.6674534570586 -61.705126102596175 72.58133493070423 -10.564541450161414 -96.57785721347673 76.49395516641357 -11.072552714197869 -89.35071751382995 -23.90051222083838 -87.20875975959575 72.41433183768814 8.991655061008672 86.99403397609174 54.26694818659368 -3.162609091735618 71.20268246533189 -56.400436917701825 57.71872653883676 -21.757230715552694 -16.843803431633987 5.2500723093179715 -53.133018212144265 23.05038186164579 38.40016832772483 -44.50408404262283 -27.071568101568502 19.06835232548704 -98.60977588876212 39.03680031591884 75.38920772156919 -98.64218332884518 -82.95148647680948 54.806234840289676 45.513910155089064 -81.7012272300471 -52.50436764019393 -13.245503137065342 62.287855048817676 -10.907256922262704 89.96453172511877 78.2467114794014 -15.665168151540726 33.6457496807642 -70.52303788804358 37.44059012976385 33.14169629877074
71.95895837350793 -9.149339400853052 88.63702792370444 -93.50723107768385 -53.11220619236066 67.62055257794049 -60.51100150848781 -23.617235190529115 -76.60574210158671 88.93215654223187 -42.61095427665003 -82.01444074739837 22.05130766003873 -47.40261906015986 52.11474854797871 -15.168005463441347 88.11347102520892 -49.787705859053276 69.84287781766966 -2.7522039869450197 -51.54708983792846 55.52049901786498 -5.835946591878667 -6.010124063354553 -2.0879604386216073 -56.387259910059925 23.425205126950615 -44.15271116576378 16.631714020943917 17.009586531825178 8.604975782762779 85.32988491716483 1.0788019213117508 51.93476420299791 -49.567676019067044 -13.89387104118218 84.40311503179856 82.49858557544039 -56.84596553033134 78.93607987600046 -85.63738372593915 51.619936206861865 -47.57487904056976 -35.25747199790446 -57.70932296637963 60.8427531807599 -17.337011106749884 -78.99246597045689 -6.867030885485548 49.07409372388821 78.7379175784283 88.9271639555661 -37.81983515426421 44.94794533986692 -74.57743753690758 27.787952189266065 36.61652705412746 80.82429822920062 18.00724865007072 -23.00299502526326 92.81540635958495 -64.10139268898465 -42.510193591707115 -68.7444605041785 -55.56381625230813 18.65094007336367 82.95466680303105 -16.51796596489625 -37.36130516376417 -76.60701333100282 -98.2080181719428 9.572277370852163 -56.307628262717515 -60.95858155669962 -49.48869391931028 88.68934355133595 -43.61204640588519 -54.9863038337975 -59.448807649740274 -6.40589644140681 -27.23582236424224 -83.95720934016526 22.932940095415958 30.305302348118573 49.28959249536723 -84.97187814533274 29.636583697658978 -49.60946649107116 -9.957005145383519 67.53317559968929 -38.25033666881783 -72.73589267903897 -43.105285339212514 -3.083312038197633 63.93448430049844 2.511481235319593 40.829969514428 -64.09818136281417 -67.82552254833594 -24.283613258525833 -66.63089255406432 72.36489679552284 -11.42420855144482 44.23986309940932 -65.65835612410197 7.6192478199421885 75.21985108873392 88.83268024164636 -75.36892060070603 12.97081822420813 62.43087013732378 53.84800263723136 85.02066526628025 20.934462118257684 -95.58798445597836 -43.116686412800995 24.98207656693681 34.3514940843591 76.63504170950583 49.86226199481115 -55.02854409849394 -85.85917914323262 -94.96147887515191 92.7375440839472 -0.8003653483702493 -69.38103614236863 30.486073635861743 87.97518680018788 -99.0074587501441 62.21944768246405 26.891081026263052 40.964625996580025 -66.78590349160802 -2.742193490539165 -37.243868516720305 -12.422101579986645 97.41507548243652 -65.91563090567757 78.17960505853927 -68.80621539298816 -68.01924377474236 -30.38404884981489 64.76689431706336 -69.09027249217716 -58.697462679908426 -32.35199486386169 15.296935873210103 -81.90602973838124 37.42255186073581 42.61561299349549 -34.961565566751034 51.33650885229568 -9.471512174457104 -35.61549597463822 -36.721239793936114 -91.73585951905152 57.64584872451084 -58.96507270025582 29.780483397266863 -62.10415624052603 69.99972816476853 -1.6617378243052343 88.59609754815426 -54.166148813826794 2.301749783924876 -88.62395421101948 34.485653752058084 -22.699789603161392 -89.31347060105227 -55.797590554579116 90.27498707959433 -87.36673429897026 -70.01879794903694 -37.80464255193301 -12.662297508008407 27.00987033704432 -48.002136844447804 82.76702750767782 4.9420443869640565 -69.69895887699253 43.81560763737383 73.2370007220326 26.240898611630698 -69.55996020131502 15.977023897916524 57.96050814872851 -52.197553785118345 46.939679823067195 -76.84708237866138 15.527913652479896 -97.29341404267595 -53.142240562157724 92.33169084744668 -58.504588928169674 95.2967594107235 55.88397145125711 65.87646845553664 95.5315828749456 50.371604062356 -8.218920383304365
91.29310614158405 -80.28256373050135 62.11568131709032 21.081696702793806 -77.84346165059912 -13.662971199552246 -15.226222830112945 -4.825732016903615 64.08826797518853 -21.06902805491373 -39.72580908835299 -39.980266750491175 -86.78936383041736 40.81784158320821 -8.626286238370739 27.01516991182227 78.18248787585242 98.94000386356768 79.68497761222667 52.659091000183906 35.448596883469264 35.70880338134651 -49.26952967148366 -0.405768249019161 -29.888182431662898 16.440780957653644 36.79084611288127 37.29340999812817 -32.73536536883417 -75.92003716683233 7.001527202632829 18.6164100125348 -3.226896644821636 -95.72236189689053 -80.5465784422627 99.9443449993006 98.36010867872596 98.90262447147663 35.8864271273828 59.85619660211293 -93.5779808579723 37.10609805124943 69.03108396267368 -60.58172520969865 -42.20794622883135 -60.04158507142097 18.487599166917647 -49.2067446874076 63.71421518835123 -44.07187225719915 -94.86982290488342 -85.64619072573983 -69.86733146501948 28.626335717551058 -39.84961131710423 -96.35781712073586 -52.191913683392485 -29.07106508074513 -49.54065183779257 -65.02577457768044 -57.43007078877132 45.05938922615255 -50.81580999955826 32.64265982204424 -24.699089533739624 69.57367240255908 -5.823585786803704 62.78262299534353 -50.42872014593791 -55.069518354674685 -93.2417741857625 39.2046352277182 -84.9446219071755 28.516394401227387 28.360780891224834 81.48691549731157 -23.507416449407017 -29.844517013713173 -31.509702457409333 66.87477016555758 3.121884030407955 -93.81252376474154 -85.16590534559576 11.872110518020818 48.218419336113584 -85.91907277189 -61.425914810364056 9.736842211097724 83.47831716854984 -38.33118915971645 -53.637661380024326 -51.41687345672192 8.941757370735786 86.9853994867417 33.33654541606933 61.55880461156593 -35.36845159121553 33.2142570093844 -13.353431671614018 20.298941632208823 -68.28477837564046 30.215907033286214 -74.24653485806641 93.17253688807216 -7.459590691293101 37.17824326725025 82.44536865066272 92.4073573467845 -34.8905412530911 71.62094326887325 36.6210832133913 37.94469401894867 -56.20052613064153 -86.88513818527355 91.97694239042318 53.0292021189081 -52.018168628638946 66.96213269790513 -28.303674846749047 -31.617139504144887 48.6231326784106 57.20873042296702 64.69934978552595 5.215289809838254 45.128148935946484 -88.58899892493159 19.88018978202031 66.53280689921951 63.796770227296776 57.220065217792325 -75.15720322676663 -36.903508607315814 -54.11128652510908 56.53674869362587 52.41618967660881 -89.11372938611308 25.20519690484599 -45.309092955232174 51.67583248307551 43.11902730176894 -14.561233549892293 41.73854369219589 13.167763357381673 -17.0749450655524 99.82447196581049 74.4728783815622 -9.753015827118674 69.5251051742523 78.57195382160961 -74.86464077204255 17.202180313712617 -39.09304736100403 -76.30197353539569 81.34664634288745 94.50235597172852 22.591718250308745 35.701145261634025 84.2282774034579 -91.09578168310652 -81.0470201639694 -51.8191786527799 36.81475350959491 -44.13711611065896 -87.58999424642029 72.59580145087023 -28.44558650334585 82.46067474045239 38.01156665396866 37.80930321063266 -25.92250933637959 0.4879590518417558 -97.52249283897277 -21.430261048133573 -21.684132180654586 -82.6743309566198 94.53506400842772 -75.03682643621082 80.75596769507348 95.04530743253252 68.80239636314386 90.53594172478614 32.36671763665893 30.6899416099684 22.215351436327154 -82.07571248515958 -74.48718379493819 -88.67969473558304 18.702271978416846 65.85162232771651 93.82105798381315 -93.00880746501927 35.268529449796176 86.13526413688516 -39.67786249302534 96.62218875006064 -48.48188256065053 84.04310163346881 0.8885434622931427 27.958332284535842 43.97201249489083
-86.27810022060652 -87.67961621808331 18.02022255028872 -72.68854761427075 95.98476023826527 -84.15412362181458 55.564908821969624 10.439813923365591 40.46241651856474 26.91519157781441 -70.48434377541545 65.63960091562481 -86.19190948129867 87.65597521204299 -0.3766631918173573 -85.4742240246681 -4.700110196957752 42.05380445076722 -45.01812500266767 58.96015211963922 91.74176115972315 70.17661757394671 -61.98601592763522 69.48597492483432 -77.76075691358935 -7.936039499405155 81.21003008781685 18.058901846179353 55.97696305189089 32.023670323015125 -0.46339435515854177 27.2764569021044 -7.682910888515977 -32.357974953843055 -70.7889145251158 -30.30973182921619 36.930135280975264 -48.81648228750881 -89.36182631867602 -22.982477429558145 56.865248402557455 21.916247031468814 36.03475617661104 90.65415810624592 48.7677551595074 93.9585202869612 99.32027295033274 26.49307149767172 -72.2429801784827 5.830272211767664 -45.94314254962419 50.31521906672609 -10.198631726704548 43.04783566213118 4.257990773157033 76.80508498076284 -34.114163508059136 -58.953611517562265 -33.98398370947314 -17.009429823393347 -30.546239032002447 14.303250715811373 61.53807577074008 86.31846317268028 -9.838155416978836 43.88520613951121 -30.007024358938523 -57.66050048649092 -94.33143189578101 -75.39228701755096 -20.922093488578412 -70.48667895786735 2.9895021253683325 -61.052667787315954 23.147323401891413 -63.632537992406846 -43.1575578491062 81.74732179167484 -25.58679831083124 60.94864672157715 11.712359983395174 50.72998863005898 -63.29906988110003 -71.55964404228597 -38.01224087227511 61.54122429979688 33.360844000613554 34.30328695604098 -24.04272229812274 -73.40268757952661 -24.35510701096895 4.086118145399055 -71.13796116376176 -51.359044931980065 -51.52397575465002 18.96297376397493 30.535725473466982 -90.26937182266583 -46.20622781899946 -57.912628270445296 31.283942121314027 76.38945035353683 -70.33786774886728 34.51271438322098 -5.587582624989068 89.21593299828237 -56.14558600330959 45.46995625648029 80.23615834580721 39.01761402846421 -74.73099721967189 51.19152537882519 -3.0236546731612606 -61.23315936875897 89.73335970486463 -32.38680049282851 33.58970827124264 36.049131102416254 -73.39390767881807 23.69504548414409 90.1817596165034 17.09990128497769 65.15250185085947 50.12355610386297 -7.072071395485196 24.311235018185997 74.6045131625776 -4.4640369936225 -29.60530106060328 71.2597571290691 -70.42779040556613 -86.7779684149286 53.04574885695396 27.239730370918508 -93.8512340595534 1.7929776311848684 -26.679210665901337 -26.56560840063584 99.4969815354888 14.498526950117352 -11.298197434784967 65.42154648173991 -35.17946529135159 -34.76848896045081 49.41792955438868 41.03956315382581 1.3866785109740647 -55.165212375380435 -22.281047219921163 -21.524277214433624 -19.86849262564641 -66.1634763294108 -51.58907499188486 -54.0611790483535 -96.51934975943601 -19.30372030127596 -72.35942693433705 74.61163887692885 25.542685505299517 67.19441521367571 -76.03542107896087 -43.80437344669414 -82.75035577469718 9.20025058818365 66.83002146277454 -92.335675558762 -58.059896170449065 -78.48179380005654 44.06086672678006 -4.931442345860447 61.264114580996306 21.774437201585357 21.29748907789846 6.166996364064033 -2.3971194412350627 44.854870553794655 92.41558283634222 67.3091761668529 -34.50344532375205 52.06668469124992 -34.59829135860983 25.81197374474212 -89.86794803234994 93.51257174865347 33.44367347846594 -80.01330133523948 23.16196066512795 2.8271594549919286 -6.00497302772105 38.527198262070016 -80.55716369707275 -10.986563077522703 17.989229796110862 -91.62696762340816 97.70727831275173 94.27691384897997 -20.03859545543905 -17.95331716180057 -33.417210769210755 -6.028908160708696
-74.21132919478184 73.43603085221878 61.03961874073619 -49.31031246296005 -13.140042449616203 25.532105750943046 86.46643595182476 -92.91519783478373 -40.79567068125527 -53.711216869706504 -75.23479240606719 26.918991986537904 -69.34424166193998 11.560688304737937 -39.25114007218966 -19.657536297629036 49.05975845173839 -60.19772833801844 58.48834662497549 -38.778048822452945 -58.04965520078647 -98.5000868947936 40.06182499235979 90.25601217886111 -34.4804703447863 31.2569745070424 -41.36205564984945 73.61222366154036 10.175023136157051 48.31439944015506 61.512196114239515 83.19008957298473 11.456616290468062 49.06174880099411 29.61229300511542 59.03936351129616 8.32544934143354 77.65781377677524 -67.3816714666951 65.10860020589874 16.88659760761317 -12.596778180581495 65.17394695159601 -94.7479222506606 -79.35576559022232 -14.153182399758734 -7.169140909697205 63.454651634150366 -88.37329956086764 98.90515924160255 -49.103460067704184 74.67897446087218 -91.46438609656799 24.849969074551595 60.626174640524994 25.793228444529248 67.80988752776818 -39.41859993755974 -79.37678960504677 -51.62689480911595 -59.42396052393406 -63.62438896482525 -50.35262470132138 93.317505402541 9.162931944019562 -50.22190490420202 6.235553620466618 -98.23885699730042 14.237758429579415 82.23814572522286 86.87027037275269 8.294203554562557 38.39699103075574 67.09437298298462 -97.7883819743024 50.216182574202236 -4.525954969957439 14.399405517056493 -6.054670407983664 -97.0292741340606 87.06775557069236 13.280218178825208 -91.59164126935899 12.187155340715023 4.6484434391398395 -38.38501271714168 77.01597654265495 33.953304743798356 24.892503541856698 66.40774215840324 -13.64989420114702 84.24688717023054 85.08987802179655 80.11056983126306 -8.623824656308983 -39.710595789415116 -8.791513575534381 79.46512112721723 -59.68316173470492 -62.58412239532758 29.031766167576052 28.036594310667994 -80.28604610229387 85.26171726222029 61.156577094904264 -89.96251613359408 81.88694908560302 -90.01293647018542 -42.01875925250498 -5.128692161013859 -38.80170118524833 -42.04968328597207 79.95316490672212 7.976490578885148 -84.71884055324995 -71.80193666341019 35.7665891395651 71.59856341854947 -79.65554123959366 83.37983482332652 64.94704474915136 -17.91628036073014 -74.89301965115268 66.05036966319662 18.1900324789149 -27.360469141263664 -82.22645378093497 81.6942263471 -47.15575441605211 13.109086274859266 -51.78775739488335 -45.591504559273965 35.95205210258359 -5.621597092327619 34.158167990134814 55.304438274646316 38.280470805338354 -30.72177916942205 3.907981327732159 -4.847952931448134 -39.30480528546292 -74.6841216839379 14.81457854381891 -80.84104389765719 8.797096272662614 60.6267435952314 -22.97643601889247 24.838108138476173 -87.04020693087398 -96.92109724045169 -47.80045296483051 -70.92501082003501 -18.841757549882203 32.33566417647691 68.49911403052175 22.75963859055578 26.044267336866426 -92.83979751857505 90.10778868341012 -19.929906234001592 70.97715178100177 58.87528461386174 49.5488742277646 -66.69587955816895 -57.78471727793606 -1.6693143795514231 39.63511429571963 34.08805782558292 1.5431321645853444 34.11821695005278 -66.37868327802619 -41.5394584382567 94.9640634406503 25.73034924540889 -83.60793319409919 -67.41823822885395 -19.441134933005458 -80.36446391053751 94.8640166627485 42.587733338810295 -97.63571556416599 -67.40845880522733 -15.419224647466876 -3.939876936987247 78.74601292966608 -0.611226654472091 61.16476942713197 -26.318478633697566 99.68989332959515 42.80130620616575 -93.19620295612594 -42.911947800526676 72.60829663172251 -69.16767812819182 96.3985322099908 -30.10586433479716 -57.769761486478544 -38.22095537219015 -27.97980506653812 61.039671093323875
-56.783568895289264 30.268535904319037 -92.30809121139076 44.634114802964234 36.81420723818684 -19.399680285891364 26.067465406910628 -36.54611558339427 70.99403545868333 4.384973295443146 85.8097603180743 -39.70789428084933 58.86421103733193 -94.7718273469694 -5.905868330229964 20.946477751821902 -99.57511498392775 88.61547036436167 2.0845852792481026 37.36536154312978 25.456934831805242 -39.462305525671894 -47.915099133450354 14.473328299112836 -43.238771228458425 -78.37722453546934 -0.27408899585203983 -89.77901734148901 -9.390829913444662 73.33030268544206 -12.342818578004412 -16.377782109199913 41.94518397560802 -95.41591698880043 17.01779729130027 97.89586320479717 64.21816239267119 51.16176153828988 72.4313009261212 -77.08530374068073 -5.801510430655384 -24.27609222807847 -49.929770115044846 -80.80910540232617 76.97542122479291 19.617922848798244 -75.24599216495218 -15.485877707422134 69.03321956357095 8.049952765828976 -87.22233847462341 58.622219341245 -70.54964570469176 -73.77713497111566 98.51790332217027 36.865563752652605 -42.21201021315017 -75.79899932950525 63.44235245837143 -61.81018418880382 -20.854530636547764 -49.35543620875427 14.75425926049678 9.00680929661064 25.264029948524907 -4.2539639937342315 96.57880387519208 13.365767604429067 10.723424010878446 24.01859472760208 59.999856655890085 -84.6693943056212 59.508626941687254 -4.937530800929309 70.35765782099915 -68.6723503711437 29.773441795448207 80.32116480197143 53.3473300696605 8.179138680407874 -18.063981026289653 -43.469347461456366 37.97351849867218 9.99359427247606 63.67324458233648 -36.20989309661875 -95.09440103982286 89.52483954152146 25.371859537171844 -26.21140103795159 73.36242209899717 22.49882143682376 -84.87557105766865 -12.213111009989746 4.842669609036875 78.29107933701405 -39.984206165377344 -32.05466454242274 -84.11225883162663 -52.33664179444604 86.21464460380153 -94.2678648252106 -94.886576430231 -65.95807331854893 -56.70798651716389 -29.27278600269905 -84.53687944926835 -27.901511038717715 -23.86000484633233 -16.020375858695715 -3.1586785974057108 -74.07981185780122 -75.91770621193494 -98.10797314592072 90.29814946229865 -10.738499460182638 69.96739877457992 89.38977536555271 -51.37923637628503 -81.8767025061919 73.0791838450931 76.97690250573712 93.2438952837793 87.47668304653092 98.22511233833416 74.10683345406909 20.696702001764564 28.30765613547399 -44.560136574736205 -33.21767851431751 39.47145294946037 67.43731068879907 -18.20176964920894 -29.444969496134505 53.7386763538959 23.155670131603358 75.3855448047689 -53.46772188631292 30.54165472205142 70.2726665245691 63.479510552864156 -39.97420207092668 39.51705697015737 58.57644731715814 85.95576047724154 -71.30410842926314 9.522584324213781 -84.6684956518151 78.24508866371309 -23.33660984324122 -62.37924080016326 -8.086093738268787 16.060785797449 -79.68810978814038 -8.742632247916646 -94.24240587496216 -52.54497658964736 20.897295750081852 -27.939355890892998 -50.232703434788384 -81.36217393606218 54.815476359923 12.212210982714808 63.91331230220504 -83.47494413825174 16.934936502866947 -73.09868180273808 -67.08592187313984 94.77589284459137 -11.781856212297185 -6.666870952423238 99.95795149415841 -15.218101854089255 1.1691461189765135 7.8179892458084765 -57.33296083201837 -24.973783384960896 6.301653130739197 -92.33569824791996 -8.31045321656137 -64.58787721080579 80.97759640209824 43.74413280719904 25.108356499834557 34.5448425931001 83.13998807975656 -56.10910991357383 62.101300028895906 -44.32721729439866 64.49513154040326 68.1908497594167 -85.1751434532938 98.32131118269899 -95.03189408921311 6.559133217319157 -24.367594688003408 74.27192096282346 34.520601917797734 -85.78639831464758 -0.2811486656668478
85.84934588919697 -74.58324122332365 90.34960202103531 16.157714335828928 4.328804566420061 32.01850810094305 38.18536057235886 -76.27892995829424 64.04266326059849 77.59256143057789 -72.75118659225367 6.90655006093796 62.114789822720354 -1.2528159648070698 -22.921493574404067 28.00025592631019 -63.522170075847995 -26.838871761627516 41.899757297557414 -2.3430372248749194 -51.928862399807294 57.982673367904596 -60.65419137164061 -3.6299956176509625 -74.59018027412847 36.06970787673188 98.02148188278531 -40.63048450369169 70.31671448243603 -42.39942695969305 50.544280656033834 79.29302370785513 75.1619379396179 -98.20095928518839 -39.93166285103531 -10.52769279165247 21.372334482995086 45.51557757357938 97.48712950778452 -99.8349837411293 -60.309801176266696 -54.02138422944478 -86.45703872586073 -4.751429861565384 -32.01853696461991 25.57848258034157 73.41375022445158 -58.518871067459784 -27.01244172212482 -44.85149475151034 -72.02973102307621 -20.70348386582019 46.38293552428968 6.897792081601594 -63.95302421007787 78.9305810030985 -57.6682351351661 -99.68647907470726 -36.66662628123958 83.66106308267399 5.535425834745311 -93.16948108022896 -99.77897716743804 -95.44138004143883 53.017774060790856 -77.21780739610158 -23.083215125694934 -70.73770846348752 58.92446830303314 -29.825406698384782 62.67564534012854 -58.79146725900335 76.97129722697221 -21.039066113338706 -16.75381515745859 -0.08347178575920111 -10.519131363698577 88.05262695186212 58.37439222981851 -68.99391349187924 -54.3251837229733 -5.974172036930895 -4.953917180996186 83.36637469092273 -67.2283446616255 16.699052566680066 -13.557592865940975 -45.537913686073914 -7.800383874150029 -6.335435830238524 4.050270982449874 -81.45404040708036 -80.44014124432393 -93.41472464100957 -15.538883812535786 59.64415606334131 6.052900804529955 -99.22619848043739 97.54048962442084 -25.575321390112563 19.02558773480834 -73.64560686458128 -72.13337030806778 -16.658967381798973 93.67338562599826 -2.211790250866642 68.87340464509617 6.3801519242283575 -63.882187122702575 -87.63980839404377 -55.77248964285473 -71.7240649504963 -11.055194722087961 47.18107814885144 -12.22398402736762 44.89795273626751 -96.03601242562432 -73.3253724607921 -20.556211889862652 -91.24670687795886 -20.158565907559378 -61.56423227027934 61.182933099220776 -85.38366893672342 -63.12776157667472 -99.10286487790432 -23.030849111778593 65.62376743601888 80.48245495592971 -53.21464575750014 -70.7134045500493 23.08113176278887 -95.4897787325238 -39.81799294466952 -2.608076439021062 -49.01626996836504 16.390336283363922 -52.119104377204685 -94.9719265735788 49.9367212489455 46.6063346148851 -75.98623888961862 -94.42222336156507 42.0282280232814 22.43550646962605 -17.79470415734528 87.34762361742264 -59.362781027632664 -28.262633446398524 -17.539701700127907 73.64757176159691 -49.41113494059708 75.42042819802623 59.02769120169887 7.533800542125249 -96.78010886187846 -25.121105067343436 -55.11141766312586 95.61349226034991 44.8150385253841 -29.935188877887597 63.84305452007882 -45.14639244047118 -37.20534694927584 23.556006921241462 81.2582797985568 93.39569864565772 -17.069679201443023 -11.930266218539415 99.07208566639662 -79.0545135202311 -4.039952741482793 45.47750751680695 -20.941313991723717 30.99312417598844 67.2800350645926 -4.172402023223711 45.77886442195481 96.11293503946987 40.013419228729504 16.522250750483153 -18.955052480707607 -62.01560270558038 -36.22153191949149 1.9964597689584878 -10.108735064334013 -88.69291411854347 -76.41869874857865 -80.37606160715862 -95.39033763508466 64.2753943123038 -14.920473231654952 -16.371677343936426 50.22708263464543 -3.4001817969095924 -72.35720916318616 66.80375452627001 71.34394760195883 -82.06782253964637 -5.706173261156096
